event_id,occurred_at,tag,alarm_code,severity,message,value
EVT-00000001,2026-09-01T06:00:00-05:00,TANK_IN_01_LEVEL,LOW_LEVEL,HIGH,Low level,6.48
EVT-00000002,2026-09-01T06:01:00-05:00,TANK_IN_01_LEVEL,HIGH_LEVEL,MEDIUM,High level,91.67
EVT-00000003,2026-09-01T06:02:00-05:00,PUMP_01_FLOW,LOW_FLOW,HIGH,Low flow,5.32
EVT-00000004,2026-09-01T06:03:00-05:00,PUMP_01_MOTOR_FAULT,MOTOR_FAULT,CRITICAL,Motor fault,1.00
EVT-00000005,2026-09-01T06:04:00-05:00,FILTER_01_DIFF_PRESSURE,HIGH_DIFF_PRESSURE,MEDIUM,High diff pressure,2.14
EVT-00000006,2026-09-01T06:05:00-05:00,FILTER_01_PRESSURE,HIGH_PRESSURE,HIGH,High pressure,8.65
EVT-00000007,2026-09-01T06:06:00-05:00,TANK_OUT_01_LEVEL,LOW_LEVEL,HIGH,Low level,9.10
EVT-00000008,2026-09-01T06:07:00-05:00,TANK_OUT_01_LEVEL,HIGH_LEVEL,MEDIUM,High level,97.58
EVT-00000009,2026-09-01T06:08:00-05:00,FILLER_01_PRESSURE,LOW_PRESSURE,HIGH,Low pressure,1.27
EVT-00000010,2026-09-01T06:09:00-05:00,FILLER_01_CYCLE_FAULT,CYCLE_FAULT,HIGH,Cycle fault,1.00
EVT-00000011,2026-09-01T06:10:00-05:00,CONVEYOR_01_JAM,JAM,MEDIUM,Jam,1.00
EVT-00000012,2026-09-01T06:11:00-05:00,CONVEYOR_01_MOTOR_TEMP,HIGH_TEMPERATURE,LOW,High temperature,73.85
EVT-00000013,2026-09-01T06:12:00-05:00,COMPRESSOR_01_PRESSURE,LOW_PRESSURE,HIGH,Low pressure,2.26
EVT-00000014,2026-09-01T06:13:00-05:00,COMPRESSOR_01_TEMP,HIGH_TEMPERATURE,HIGH,High temperature,118.99
EVT-00000015,2026-09-21T08:00:00-05:00,TANK_IN_01_LEVEL,LOW_LEVEL,HIGH,Low level,12.03
EVT-00000016,2026-09-21T08:01:00-05:00,PUMP_01_FLOW,LOW_FLOW,HIGH,Low flow,6.38
EVT-00000017,2026-09-21T08:15:00-05:00,TANK_OUT_01_LEVEL,LOW_LEVEL,HIGH,Low level,12.97
EVT-00000018,2026-09-21T08:17:00-05:00,FILLER_01_PRESSURE,LOW_PRESSURE,HIGH,Low pressure,1.19
EVT-00000019,2026-09-21T08:40:00-05:00,COMPRESSOR_01_PRESSURE,LOW_PRESSURE,HIGH,Low pressure,3.98
EVT-00000020,2026-09-21T08:41:00-05:00,FILLER_01_CYCLE_FAULT,CYCLE_FAULT,HIGH,Cycle fault,1.00
EVT-00000021,2026-09-05T08:00:00-05:00,TANK_IN_01_LEVEL,LOW_LEVEL,HIGH,Low level,8.41
EVT-00000022,2026-09-05T08:03:00-05:00,PUMP_01_FLOW,LOW_FLOW,HIGH,Low flow,5.49
EVT-00000023,2026-09-05T08:21:00-05:00,TANK_OUT_01_LEVEL,LOW_LEVEL,HIGH,Low level,3.83
EVT-00000024,2026-09-05T08:22:00-05:00,FILLER_01_PRESSURE,LOW_PRESSURE,HIGH,Low pressure,1.40
EVT-00000025,2026-09-05T08:40:00-05:00,COMPRESSOR_01_PRESSURE,LOW_PRESSURE,HIGH,Low pressure,3.52
EVT-00000026,2026-09-05T08:43:00-05:00,FILLER_01_CYCLE_FAULT,CYCLE_FAULT,HIGH,Cycle fault,1.00
EVT-00000027,2026-09-14T07:00:00-05:00,TANK_IN_01_LEVEL,LOW_LEVEL,HIGH,Low level,1.96
EVT-00000028,2026-09-14T07:01:00-05:00,PUMP_01_FLOW,LOW_FLOW,HIGH,Low flow,18.63
EVT-00000029,2026-09-14T07:12:00-05:00,TANK_OUT_01_LEVEL,LOW_LEVEL,HIGH,Low level,3.24
EVT-00000030,2026-09-14T07:14:00-05:00,FILLER_01_PRESSURE,LOW_PRESSURE,HIGH,Low pressure,0.49
EVT-00000031,2026-09-14T07:40:00-05:00,COMPRESSOR_01_PRESSURE,LOW_PRESSURE,HIGH,Low pressure,4.21
EVT-00000032,2026-09-14T07:41:00-05:00,FILLER_01_CYCLE_FAULT,CYCLE_FAULT,HIGH,Cycle fault,1.00
EVT-00000033,2026-09-17T16:00:00-05:00,TANK_IN_01_LEVEL,LOW_LEVEL,HIGH,Low level,9.64
EVT-00000034,2026-09-17T16:01:00-05:00,PUMP_01_FLOW,LOW_FLOW,HIGH,Low flow,13.21
EVT-00000035,2026-09-17T16:19:00-05:00,TANK_OUT_01_LEVEL,LOW_LEVEL,HIGH,Low level,2.30
EVT-00000036,2026-09-17T16:21:00-05:00,FILLER_01_PRESSURE,LOW_PRESSURE,HIGH,Low pressure,1.08
EVT-00000037,2026-09-17T16:40:00-05:00,COMPRESSOR_01_PRESSURE,LOW_PRESSURE,HIGH,Low pressure,2.95
EVT-00000038,2026-09-17T16:43:00-05:00,FILLER_01_CYCLE_FAULT,CYCLE_FAULT,HIGH,Cycle fault,1.00
EVT-00000039,2026-09-21T15:00:00-05:00,TANK_IN_01_LEVEL,LOW_LEVEL,HIGH,Low level,11.83
EVT-00000040,2026-09-21T15:02:00-05:00,PUMP_01_FLOW,LOW_FLOW,HIGH,Low flow,6.14
EVT-00000041,2026-09-21T15:15:00-05:00,TANK_OUT_01_LEVEL,LOW_LEVEL,HIGH,Low level,12.33
EVT-00000042,2026-09-21T15:19:00-05:00,FILLER_01_PRESSURE,LOW_PRESSURE,HIGH,Low pressure,0.12
EVT-00000043,2026-09-21T15:40:00-05:00,COMPRESSOR_01_PRESSURE,LOW_PRESSURE,HIGH,Low pressure,4.48
EVT-00000044,2026-09-21T15:43:00-05:00,FILLER_01_CYCLE_FAULT,CYCLE_FAULT,HIGH,Cycle fault,1.00
EVT-00000045,2026-09-09T07:00:00-05:00,TANK_IN_01_LEVEL,LOW_LEVEL,HIGH,Low level,11.99
EVT-00000046,2026-09-09T07:01:00-05:00,PUMP_01_FLOW,LOW_FLOW,HIGH,Low flow,16.37
EVT-00000047,2026-09-09T07:17:00-05:00,TANK_OUT_01_LEVEL,LOW_LEVEL,HIGH,Low level,6.46
EVT-00000048,2026-09-09T07:20:00-05:00,FILLER_01_PRESSURE,LOW_PRESSURE,HIGH,Low pressure,1.74
EVT-00000049,2026-09-09T07:40:00-05:00,COMPRESSOR_01_PRESSURE,LOW_PRESSURE,HIGH,Low pressure,2.74
EVT-00000050,2026-09-09T07:42:00-05:00,FILLER_01_CYCLE_FAULT,CYCLE_FAULT,HIGH,Cycle fault,1.00
EVT-00000051,2026-09-05T10:00:00-05:00,TANK_IN_01_LEVEL,LOW_LEVEL,HIGH,Low level,7.01
EVT-00000052,2026-09-05T10:02:00-05:00,PUMP_01_FLOW,LOW_FLOW,HIGH,Low flow,9.90
EVT-00000053,2026-09-05T10:13:00-05:00,TANK_OUT_01_LEVEL,LOW_LEVEL,HIGH,Low level,4.23
EVT-00000054,2026-09-05T10:14:00-05:00,FILLER_01_PRESSURE,LOW_PRESSURE,HIGH,Low pressure,1.26
EVT-00000055,2026-09-05T10:40:00-05:00,COMPRESSOR_01_PRESSURE,LOW_PRESSURE,HIGH,Low pressure,1.01
EVT-00000056,2026-09-05T10:42:00-05:00,FILLER_01_CYCLE_FAULT,CYCLE_FAULT,HIGH,Cycle fault,1.00
EVT-00000057,2026-09-04T12:00:00-05:00,TANK_IN_01_LEVEL,LOW_LEVEL,HIGH,Low level,11.25
EVT-00000058,2026-09-04T12:02:00-05:00,PUMP_01_FLOW,LOW_FLOW,HIGH,Low flow,16.60
EVT-00000059,2026-09-04T12:21:00-05:00,TANK_OUT_01_LEVEL,LOW_LEVEL,HIGH,Low level,4.65
EVT-00000060,2026-09-04T12:24:00-05:00,FILLER_01_PRESSURE,LOW_PRESSURE,HIGH,Low pressure,1.39
EVT-00000061,2026-09-04T12:40:00-05:00,COMPRESSOR_01_PRESSURE,LOW_PRESSURE,HIGH,Low pressure,1.54
EVT-00000062,2026-09-04T12:41:00-05:00,FILLER_01_CYCLE_FAULT,CYCLE_FAULT,HIGH,Cycle fault,1.00
EVT-00000063,2026-09-24T14:00:00-05:00,TANK_IN_01_LEVEL,LOW_LEVEL,HIGH,Low level,11.39
EVT-00000064,2026-09-24T14:03:00-05:00,PUMP_01_FLOW,LOW_FLOW,HIGH,Low flow,13.47
EVT-00000065,2026-09-24T14:14:00-05:00,TANK_OUT_01_LEVEL,LOW_LEVEL,HIGH,Low level,5.07
EVT-00000066,2026-09-24T14:18:00-05:00,FILLER_01_PRESSURE,LOW_PRESSURE,HIGH,Low pressure,0.49
EVT-00000067,2026-09-24T14:40:00-05:00,COMPRESSOR_01_PRESSURE,LOW_PRESSURE,HIGH,Low pressure,2.91
EVT-00000068,2026-09-24T14:41:00-05:00,FILLER_01_CYCLE_FAULT,CYCLE_FAULT,HIGH,Cycle fault,1.00
EVT-00000069,2026-09-18T11:00:00-05:00,TANK_IN_01_LEVEL,LOW_LEVEL,HIGH,Low level,12.04
EVT-00000070,2026-09-18T11:03:00-05:00,PUMP_01_FLOW,LOW_FLOW,HIGH,Low flow,16.94
EVT-00000071,2026-09-18T11:22:00-05:00,TANK_OUT_01_LEVEL,LOW_LEVEL,HIGH,Low level,11.86
EVT-00000072,2026-09-18T11:25:00-05:00,FILLER_01_PRESSURE,LOW_PRESSURE,HIGH,Low pressure,0.10
EVT-00000073,2026-09-18T11:40:00-05:00,COMPRESSOR_01_PRESSURE,LOW_PRESSURE,HIGH,Low pressure,4.06
EVT-00000074,2026-09-18T11:43:00-05:00,FILLER_01_CYCLE_FAULT,CYCLE_FAULT,HIGH,Cycle fault,1.00
EVT-00000075,2026-09-07T08:00:00-05:00,TANK_IN_01_LEVEL,LOW_LEVEL,HIGH,Low level,11.00
EVT-00000076,2026-09-07T08:01:00-05:00,PUMP_01_FLOW,LOW_FLOW,HIGH,Low flow,1.39
EVT-00000077,2026-09-07T08:21:00-05:00,TANK_OUT_01_LEVEL,LOW_LEVEL,HIGH,Low level,3.29
EVT-00000078,2026-09-07T08:23:00-05:00,FILLER_01_PRESSURE,LOW_PRESSURE,HIGH,Low pressure,1.02
EVT-00000079,2026-09-07T08:40:00-05:00,COMPRESSOR_01_PRESSURE,LOW_PRESSURE,HIGH,Low pressure,2.57
EVT-00000080,2026-09-07T08:42:00-05:00,FILLER_01_CYCLE_FAULT,CYCLE_FAULT,HIGH,Cycle fault,1.00
EVT-00000081,2026-09-03T10:00:00-05:00,TANK_IN_01_LEVEL,LOW_LEVEL,HIGH,Low level,2.18
EVT-00000082,2026-09-03T10:01:00-05:00,PUMP_01_FLOW,LOW_FLOW,HIGH,Low flow,5.93
EVT-00000083,2026-09-03T10:17:00-05:00,TANK_OUT_01_LEVEL,LOW_LEVEL,HIGH,Low level,12.61
EVT-00000084,2026-09-03T10:20:00-05:00,FILLER_01_PRESSURE,LOW_PRESSURE,HIGH,Low pressure,0.30
EVT-00000085,2026-09-03T10:40:00-05:00,COMPRESSOR_01_PRESSURE,LOW_PRESSURE,HIGH,Low pressure,1.43
EVT-00000086,2026-09-03T10:42:00-05:00,FILLER_01_CYCLE_FAULT,CYCLE_FAULT,HIGH,Cycle fault,1.00
EVT-00000087,2026-09-21T12:00:00-05:00,TANK_IN_01_LEVEL,LOW_LEVEL,HIGH,Low level,2.41
EVT-00000088,2026-09-21T12:01:00-05:00,PUMP_01_FLOW,LOW_FLOW,HIGH,Low flow,16.57
EVT-00000089,2026-09-21T12:16:00-05:00,TANK_OUT_01_LEVEL,LOW_LEVEL,HIGH,Low level,11.90
EVT-00000090,2026-09-21T12:19:00-05:00,FILLER_01_PRESSURE,LOW_PRESSURE,HIGH,Low pressure,0.42
EVT-00000091,2026-09-21T12:40:00-05:00,COMPRESSOR_01_PRESSURE,LOW_PRESSURE,HIGH,Low pressure,1.65
EVT-00000092,2026-09-21T12:41:00-05:00,FILLER_01_CYCLE_FAULT,CYCLE_FAULT,HIGH,Cycle fault,1.00
EVT-00000093,2026-09-22T11:00:00-05:00,TANK_IN_01_LEVEL,LOW_LEVEL,HIGH,Low level,12.25
EVT-00000094,2026-09-22T11:03:00-05:00,PUMP_01_FLOW,LOW_FLOW,HIGH,Low flow,4.38
EVT-00000095,2026-09-22T11:23:00-05:00,TANK_OUT_01_LEVEL,LOW_LEVEL,HIGH,Low level,6.42
EVT-00000096,2026-09-22T11:24:00-05:00,FILLER_01_PRESSURE,LOW_PRESSURE,HIGH,Low pressure,1.45
EVT-00000097,2026-09-22T11:40:00-05:00,COMPRESSOR_01_PRESSURE,LOW_PRESSURE,HIGH,Low pressure,4.10
EVT-00000098,2026-09-22T11:43:00-05:00,FILLER_01_CYCLE_FAULT,CYCLE_FAULT,HIGH,Cycle fault,1.00
EVT-00000099,2026-09-21T09:00:00-05:00,TANK_IN_01_LEVEL,LOW_LEVEL,HIGH,Low level,5.33
EVT-00000100,2026-09-21T09:03:00-05:00,PUMP_01_FLOW,LOW_FLOW,HIGH,Low flow,12.04
EVT-00000101,2026-09-21T09:16:00-05:00,TANK_OUT_01_LEVEL,LOW_LEVEL,HIGH,Low level,5.11
EVT-00000102,2026-09-21T09:18:00-05:00,FILLER_01_PRESSURE,LOW_PRESSURE,HIGH,Low pressure,0.89
EVT-00000103,2026-09-21T09:40:00-05:00,COMPRESSOR_01_PRESSURE,LOW_PRESSURE,HIGH,Low pressure,3.04
EVT-00000104,2026-09-21T09:42:00-05:00,FILLER_01_CYCLE_FAULT,CYCLE_FAULT,HIGH,Cycle fault,1.00
EVT-00000105,2026-09-13T11:00:00-05:00,TANK_IN_01_LEVEL,LOW_LEVEL,HIGH,Low level,9.97
EVT-00000106,2026-09-13T11:03:00-05:00,PUMP_01_FLOW,LOW_FLOW,HIGH,Low flow,11.59
EVT-00000107,2026-09-13T11:21:00-05:00,TANK_OUT_01_LEVEL,LOW_LEVEL,HIGH,Low level,10.24
EVT-00000108,2026-09-13T11:23:00-05:00,FILLER_01_PRESSURE,LOW_PRESSURE,HIGH,Low pressure,0.40
EVT-00000109,2026-09-13T11:40:00-05:00,COMPRESSOR_01_PRESSURE,LOW_PRESSURE,HIGH,Low pressure,2.26
EVT-00000110,2026-09-13T11:43:00-05:00,FILLER_01_CYCLE_FAULT,CYCLE_FAULT,HIGH,Cycle fault,1.00
EVT-00000111,2026-09-11T07:00:00-05:00,TANK_IN_01_LEVEL,LOW_LEVEL,HIGH,Low level,2.31
EVT-00000112,2026-09-11T07:01:00-05:00,PUMP_01_FLOW,LOW_FLOW,HIGH,Low flow,7.92
EVT-00000113,2026-09-11T07:11:00-05:00,TANK_OUT_01_LEVEL,LOW_LEVEL,HIGH,Low level,1.43
EVT-00000114,2026-09-11T07:14:00-05:00,FILLER_01_PRESSURE,LOW_PRESSURE,HIGH,Low pressure,1.60
EVT-00000115,2026-09-11T07:40:00-05:00,COMPRESSOR_01_PRESSURE,LOW_PRESSURE,HIGH,Low pressure,3.83
EVT-00000116,2026-09-11T07:42:00-05:00,FILLER_01_CYCLE_FAULT,CYCLE_FAULT,HIGH,Cycle fault,1.00
EVT-00000117,2026-09-01T07:17:32-05:00,TANK_OUT_01_LEVEL,HIGH_LEVEL,MEDIUM,High level,98.24
EVT-00000118,2026-09-08T07:13:37-05:00,FILLER_01_PRESSURE,LOW_PRESSURE,HIGH,Low pressure,0.18
EVT-00000119,2026-09-03T15:21:35-05:00,CONVEYOR_01_MOTOR_TEMP,HIGH_TEMPERATURE,LOW,High temperature,75.87
EVT-00000120,2026-09-22T09:54:00-05:00,FILTER_01_DIFF_PRESSURE,HIGH_DIFF_PRESSURE,MEDIUM,High diff pressure,2.98
EVT-00000121,2026-09-30T16:23:43-05:00,PUMP_01_FLOW,LOW_FLOW,HIGH,Low flow,12.80
EVT-00000122,2026-09-26T14:36:36-05:00,FILTER_01_PRESSURE,HIGH_PRESSURE,HIGH,High pressure,8.18
EVT-00000123,2026-09-04T17:59:47-05:00,PUMP_01_FLOW,LOW_FLOW,HIGH,Low flow,9.82
EVT-00000124,2026-09-22T14:30:06-05:00,FILTER_01_DIFF_PRESSURE,HIGH_DIFF_PRESSURE,MEDIUM,High diff pressure,1.73
EVT-00000125,2026-09-21T07:47:29-05:00,FILLER_01_PRESSURE,LOW_PRESSURE,HIGH,Low pressure,0.25
EVT-00000126,2026-09-15T20:34:27-05:00,FILTER_01_DIFF_PRESSURE,HIGH_DIFF_PRESSURE,MEDIUM,High diff pressure,1.87
EVT-00000127,2026-09-07T15:45:46-05:00,PUMP_01_MOTOR_FAULT,MOTOR_FAULT,CRITICAL,Motor fault,1.00
EVT-00000128,2026-09-06T11:04:14-05:00,PUMP_01_FLOW,LOW_FLOW,HIGH,Low flow,10.47
EVT-00000129,2026-09-30T07:22:20-05:00,PUMP_01_MOTOR_FAULT,MOTOR_FAULT,CRITICAL,Motor fault,1.00
EVT-00000130,2026-09-28T16:01:06-05:00,CONVEYOR_01_JAM,JAM,MEDIUM,Jam,1.00
EVT-00000131,2026-09-18T21:13:09-05:00,TANK_IN_01_LEVEL,LOW_LEVEL,HIGH,Low level,1.30
EVT-00000132,2026-09-30T19:43:05-05:00,COMPRESSOR_01_PRESSURE,LOW_PRESSURE,HIGH,Low pressure,2.21
EVT-00000133,2026-09-16T14:45:46-05:00,PUMP_01_FLOW,LOW_FLOW,HIGH,Low flow,5.37
EVT-00000134,2026-09-29T07:04:02-05:00,CONVEYOR_01_MOTOR_TEMP,HIGH_TEMPERATURE,LOW,High temperature,74.37
EVT-00000135,2026-09-22T10:49:40-05:00,FILTER_01_DIFF_PRESSURE,HIGH_DIFF_PRESSURE,MEDIUM,High diff pressure,2.76
EVT-00000136,2026-09-29T18:02:56-05:00,FILTER_01_DIFF_PRESSURE,HIGH_DIFF_PRESSURE,MEDIUM,High diff pressure,2.84
EVT-00000137,2026-09-10T09:57:47-05:00,PUMP_01_FLOW,LOW_FLOW,HIGH,Low flow,2.19
EVT-00000138,2026-09-18T07:06:34-05:00,TANK_OUT_01_LEVEL,HIGH_LEVEL,MEDIUM,High level,98.65
EVT-00000139,2026-09-01T16:38:04-05:00,FILTER_01_DIFF_PRESSURE,HIGH_DIFF_PRESSURE,MEDIUM,High diff pressure,2.82
EVT-00000140,2026-09-28T15:40:07-05:00,TANK_OUT_01_LEVEL,LOW_LEVEL,HIGH,Low level,4.22
EVT-00000141,2026-09-17T07:27:30-05:00,TANK_IN_01_LEVEL,LOW_LEVEL,HIGH,Low level,4.80
EVT-00000142,2026-09-03T18:17:30-05:00,TANK_IN_01_LEVEL,LOW_LEVEL,HIGH,Low level,5.81
EVT-00000143,2026-09-29T10:28:55-05:00,FILTER_01_DIFF_PRESSURE,HIGH_DIFF_PRESSURE,MEDIUM,High diff pressure,1.70
EVT-00000144,2026-09-14T17:58:01-05:00,FILLER_01_PRESSURE,LOW_PRESSURE,HIGH,Low pressure,1.59
EVT-00000145,2026-09-11T10:44:49-05:00,TANK_OUT_01_LEVEL,LOW_LEVEL,HIGH,Low level,5.18
EVT-00000146,2026-09-11T10:20:42-05:00,FILLER_01_PRESSURE,LOW_PRESSURE,HIGH,Low pressure,0.77
EVT-00000147,2026-09-15T14:19:24-05:00,FILTER_01_DIFF_PRESSURE,HIGH_DIFF_PRESSURE,MEDIUM,High diff pressure,2.40
EVT-00000148,2026-09-30T07:19:14-05:00,COMPRESSOR_01_PRESSURE,LOW_PRESSURE,HIGH,Low pressure,1.04
EVT-00000149,2026-09-19T07:49:12-05:00,FILTER_01_PRESSURE,HIGH_PRESSURE,HIGH,High pressure,6.47
EVT-00000150,2026-09-17T10:49:40-05:00,TANK_OUT_01_LEVEL,LOW_LEVEL,HIGH,Low level,3.71
EVT-00000151,2026-09-29T07:15:08-05:00,COMPRESSOR_01_PRESSURE,LOW_PRESSURE,CRITICAL,Low pressure,2.25
EVT-00000152,2026-09-08T13:58:36-05:00,FILTER_01_DIFF_PRESSURE,HIGH_DIFF_PRESSURE,MEDIUM,High diff pressure,2.99
EVT-00000153,2026-09-20T20:41:34-05:00,FILLER_01_PRESSURE,LOW_PRESSURE,HIGH,Low pressure,1.77
EVT-00000154,2026-09-22T20:52:29-05:00,TANK_OUT_01_LEVEL,LOW_LEVEL,HIGH,Low level,12.35
EVT-00000155,2026-09-01T21:59:08-05:00,FILTER_01_DIFF_PRESSURE,HIGH_DIFF_PRESSURE,MEDIUM,High diff pressure,1.94
EVT-00000156,2026-09-29T07:56:54-05:00,PUMP_01_MOTOR_FAULT,MOTOR_FAULT,CRITICAL,Motor fault,1.00
EVT-00000157,2026-09-20T09:50:03-05:00,PUMP_01_MOTOR_FAULT,MOTOR_FAULT,CRITICAL,Motor fault,1.00
EVT-00000158,2026-09-21T21:31:36-05:00,PUMP_01_FLOW,LOW_FLOW,HIGH,Low flow,6.40
EVT-00000159,2026-09-09T21:24:10-05:00,TANK_OUT_01_LEVEL,LOW_LEVEL,HIGH,Low level,2.04
EVT-00000160,2026-09-14T21:05:52-05:00,TANK_IN_01_LEVEL,HIGH_LEVEL,MEDIUM,High level,93.83
EVT-00000161,2026-09-11T20:02:16-05:00,TANK_IN_01_LEVEL,LOW_LEVEL,HIGH,Low level,3.67
EVT-00000162,2026-09-09T08:56:29-05:00,FILLER_01_PRESSURE,LOW_PRESSURE,HIGH,Low pressure,1.23
EVT-00000163,2026-09-14T16:12:39-05:00,TANK_OUT_01_LEVEL,LOW_LEVEL,HIGH,Low level,1.19
EVT-00000164,2026-09-29T18:34:46-05:00,TANK_IN_01_LEVEL,HIGH_LEVEL,MEDIUM,High level,92.52
EVT-00000165,2026-09-27T12:43:16-05:00,TANK_OUT_01_LEVEL,LOW_LEVEL,HIGH,Low level,12.92
EVT-00000166,2026-09-14T08:19:12-05:00,TANK_OUT_01_LEVEL,LOW_LEVEL,HIGH,Low level,1.85
EVT-00000167,2026-09-01T12:30:49-05:00,FILTER_01_DIFF_PRESSURE,HIGH_DIFF_PRESSURE,MEDIUM,High diff pressure,2.13
EVT-00000168,2026-09-22T07:52:16-05:00,FILLER_01_PRESSURE,LOW_PRESSURE,HIGH,Low pressure,1.00
EVT-00000169,2026-09-29T21:55:25-05:00,FILLER_01_CYCLE_FAULT,CYCLE_FAULT,HIGH,Cycle fault,1.00
EVT-00000170,2026-09-24T08:48:48-05:00,COMPRESSOR_01_TEMP,HIGH_TEMPERATURE,HIGH,High temperature,105.69
EVT-00000171,2026-09-26T20:45:34-05:00,CONVEYOR_01_MOTOR_TEMP,HIGH_TEMPERATURE,LOW,High temperature,74.62
EVT-00000172,2026-09-01T09:15:54-05:00,COMPRESSOR_01_PRESSURE,LOW_PRESSURE,HIGH,Low pressure,4.77
EVT-00000173,2026-09-26T13:29:42-05:00,COMPRESSOR_01_PRESSURE,LOW_PRESSURE,HIGH,Low pressure,4.42
EVT-00000174,2026-09-26T10:31:03-05:00,CONVEYOR_01_MOTOR_TEMP,HIGH_TEMPERATURE,LOW,High temperature,76.46
EVT-00000175,2026-09-23T07:58:04-05:00,PUMP_01_FLOW,LOW_FLOW,HIGH,Low flow,8.83
EVT-00000176,2026-09-28T14:34:07-05:00,CONVEYOR_01_MOTOR_TEMP,HIGH_TEMPERATURE,LOW,High temperature,75.55
EVT-00000177,2026-09-30T14:22:46-05:00,PUMP_01_FLOW,LOW_FLOW,HIGH,Low flow,8.16
EVT-00000178,2026-09-08T10:03:29-05:00,FILTER_01_DIFF_PRESSURE,HIGH_DIFF_PRESSURE,MEDIUM,High diff pressure,1.66
EVT-00000179,2026-09-13T11:58:32-05:00,FILLER_01_PRESSURE,LOW_PRESSURE,HIGH,Low pressure,0.81
EVT-00000180,2026-09-25T11:04:52-05:00,CONVEYOR_01_MOTOR_TEMP,HIGH_TEMPERATURE,LOW,High temperature,78.19
EVT-00000181,2026-09-13T18:22:12-05:00,FILLER_01_PRESSURE,LOW_PRESSURE,HIGH,Low pressure,1.47
EVT-00000182,2026-09-01T08:05:59-05:00,FILTER_01_DIFF_PRESSURE,HIGH_DIFF_PRESSURE,MEDIUM,High diff pressure,2.26
EVT-00000183,2026-09-09T06:41:47-05:00,PUMP_01_FLOW,LOW_FLOW,HIGH,Low flow,3.22
EVT-00000184,2026-09-12T19:15:45-05:00,TANK_OUT_01_LEVEL,HIGH_LEVEL,MEDIUM,High level,94.21
EVT-00000185,2026-09-29T08:06:18-05:00,FILTER_01_DIFF_PRESSURE,HIGH_DIFF_PRESSURE,MEDIUM,High diff pressure,2.58
EVT-00000186,2026-09-07T10:38:13-05:00,COMPRESSOR_01_PRESSURE,LOW_PRESSURE,HIGH,Low pressure,1.22
EVT-00000187,2026-09-01T15:27:53-05:00,FILLER_01_PRESSURE,LOW_PRESSURE,HIGH,Low pressure,1.47
EVT-00000188,2026-09-24T19:25:02-05:00,FILLER_01_PRESSURE,LOW_PRESSURE,HIGH,Low pressure,1.81
EVT-00000189,2026-09-14T07:16:25-05:00,PUMP_01_FLOW,LOW_FLOW,HIGH,Low flow,14.60
EVT-00000190,2026-09-20T11:42:52-05:00,COMPRESSOR_01_PRESSURE,LOW_PRESSURE,HIGH,Low pressure,4.39
EVT-00000191,2026-09-24T11:28:01-05:00,CONVEYOR_01_JAM,JAM,MEDIUM,Jam,1.00
EVT-00000192,2026-09-11T13:19:31-05:00,FILLER_01_PRESSURE,LOW_PRESSURE,HIGH,Low pressure,1.88
EVT-00000193,2026-09-08T09:29:32-05:00,FILTER_01_DIFF_PRESSURE,HIGH_DIFF_PRESSURE,MEDIUM,High diff pressure,2.67
EVT-00000194,2026-09-13T18:19:48-05:00,FILLER_01_PRESSURE,LOW_PRESSURE,HIGH,Low pressure,0.54
EVT-00000195,2026-09-10T13:23:32-05:00,FILLER_01_PRESSURE,LOW_PRESSURE,HIGH,Low pressure,1.50
EVT-00000196,2026-09-10T11:13:23-05:00,CONVEYOR_01_JAM,JAM,MEDIUM,Jam,1.00
EVT-00000197,2026-09-29T17:02:38-05:00,FILTER_01_DIFF_PRESSURE,HIGH_DIFF_PRESSURE,MEDIUM,High diff pressure,2.42
EVT-00000198,2026-09-15T18:17:57-05:00,FILTER_01_PRESSURE,HIGH_PRESSURE,HIGH,High pressure,7.19
EVT-00000199,2026-09-26T20:29:28-05:00,TANK_OUT_01_LEVEL,LOW_LEVEL,HIGH,Low level,4.47
EVT-00000200,2026-09-10T15:23:00-05:00,FILLER_01_PRESSURE,LOW_PRESSURE,HIGH,Low pressure,1.79
EVT-00000201,2026-09-11T07:42:00-05:00,FILLER_01_PRESSURE,LOW_PRESSURE,HIGH,Low pressure,3
EVT-00000202,2026-09-08T20:40:58-05:00,FILLER_01_PRESSURE,LOW_PRESSURE,HIGH,Low pressure,0.60
EVT-00000203,2026-09-02T10:27:26-05:00,PUMP_01_FLOW,LOW_FLOW,HIGH,Low flow,10.73
EVT-00000204,2026-09-25T07:19:32-05:00,FILLER_01_PRESSURE,LOW_PRESSURE,HIGH,Low pressure,1.26
EVT-00000205,2026-09-29T09:32:22-05:00,FILTER_01_DIFF_PRESSURE,HIGH_DIFF_PRESSURE,MEDIUM,High diff pressure,2.58
EVT-00000206,2026-09-08T08:41:11-05:00,TANK_OUT_01_LEVEL,LOW_LEVEL,HIGH,Low level,1.11
EVT-00000207,2026-09-28T20:01:05-05:00,COMPRESSOR_01_PRESSURE,LOW_PRESSURE,HIGH,Low pressure,1.54
EVT-00000208,2026-09-08T09:12:06-05:00,FILLER_01_CYCLE_FAULT,CYCLE_FAULT,HIGH,Cycle fault,1.00
EVT-00000209,2026-09-08T21:26:36-05:00,TANK_IN_01_LEVEL,LOW_LEVEL,HIGH,Low level,3.48
EVT-00000210,2026-09-26T14:27:30-05:00,FILTER_01_PRESSURE,HIGH_PRESSURE,HIGH,High pressure,8.81
EVT-00000211,2026-09-20T11:46:34-05:00,COMPRESSOR_01_TEMP,HIGH_TEMPERATURE,HIGH,High temperature,114.12
EVT-00000212,2026-09-24T15:11:21-05:00,FILLER_01_PRESSURE,LOW_PRESSURE,HIGH,Low pressure,1.19
EVT-00000213,2026-09-18T14:07:03-05:00,CONVEYOR_01_JAM,JAM,MEDIUM,Jam,1.00
EVT-00000214,2026-09-16T14:11:35-05:00,FILLER_01_CYCLE_FAULT,CYCLE_FAULT,HIGH,Cycle fault,1.00
EVT-00000215,2026-09-27T17:36:29-05:00,FILLER_01_CYCLE_FAULT,CYCLE_FAULT,HIGH,Cycle fault,1.00
EVT-00000216,2026-09-17T14:49:18-05:00,FILLER_01_CYCLE_FAULT,CYCLE_FAULT,HIGH,Cycle fault,1.00
EVT-00000217,2026-09-01T18:59:22-05:00,FILTER_01_DIFF_PRESSURE,HIGH_DIFF_PRESSURE,MEDIUM,High diff pressure,2.33
EVT-00000218,2026-09-11T11:49:12-05:00,PUMP_01_FLOW,LOW_FLOW,HIGH,Low flow,12.06
EVT-00000219,2026-09-05T10:12:35-05:00,TANK_IN_01_LEVEL,LOW_LEVEL,HIGH,Low level,8.84
EVT-00000220,2026-09-23T09:53:41-05:00,FILLER_01_PRESSURE,LOW_PRESSURE,HIGH,Low pressure,0.26
EVT-00000221,2026-09-15T15:52:40-05:00,FILTER_01_DIFF_PRESSURE,HIGH_DIFF_PRESSURE,MEDIUM,High diff pressure,2.79
EVT-00000222,2026-09-08T21:09:44-05:00,FILTER_01_DIFF_PRESSURE,HIGH_DIFF_PRESSURE,MEDIUM,High diff pressure,2.67
EVT-00000223,2026-09-29T18:39:41-05:00,FILTER_01_DIFF_PRESSURE,HIGH_DIFF_PRESSURE,MEDIUM,High diff pressure,1.65
EVT-00000224,2026-09-25T16:28:48-05:00,CONVEYOR_01_MOTOR_TEMP,HIGH_TEMPERATURE,LOW,High temperature,78.79
EVT-00000225,2026-09-12T11:26:09-05:00,FILTER_01_PRESSURE,HIGH_PRESSURE,HIGH,High pressure,8.09
EVT-00000226,2026-09-27T13:37:40-05:00,CONVEYOR_01_MOTOR_TEMP,HIGH_TEMPERATURE,LOW,High temperature,82.02
EVT-00000227,2026-09-18T20:33:40-05:00,FILLER_01_CYCLE_FAULT,CYCLE_FAULT,HIGH,Cycle fault,1.00
EVT-00000228,2026-09-09T13:56:02-05:00,TANK_OUT_01_LEVEL,LOW_LEVEL,HIGH,Low level,10.94
EVT-00000229,2026-09-11T18:10:35-05:00,TANK_IN_01_LEVEL,LOW_LEVEL,HIGH,Low level,9.28
EVT-00000230,2026-09-27T14:30:30-05:00,FILLER_01_PRESSURE,LOW_PRESSURE,HIGH,Low pressure,0.42
EVT-00000231,2026-09-18T06:29:27-05:00,COMPRESSOR_01_TEMP,HIGH_TEMPERATURE,HIGH,High temperature,112.13
EVT-00000232,2026-09-22T06:29:36-05:00,TANK_OUT_01_LEVEL,HIGH_LEVEL,MEDIUM,High level,91.85
EVT-00000233,2026-09-05T21:46:49-05:00,FILLER_01_PRESSURE,LOW_PRESSURE,HIGH,Low pressure,1.28
EVT-00000234,2026-09-09T12:54:04-05:00,PUMP_01_FLOW,LOW_FLOW,HIGH,Low flow,7.70
EVT-00000235,2026-09-11T12:08:38-05:00,PUMP_01_FLOW,LOW_FLOW,HIGH,Low flow,16.58
EVT-00000236,2026-09-09T19:41:23-05:00,COMPRESSOR_01_PRESSURE,LOW_PRESSURE,HIGH,Low pressure,3.15
EVT-00000237,2026-09-03T14:33:42-05:00,PUMP_01_MOTOR_FAULT,MOTOR_FAULT,CRITICAL,Motor fault,1.00
EVT-00000238,2026-09-02T12:22:15-05:00,FILLER_01_CYCLE_FAULT,CYCLE_FAULT,HIGH,Cycle fault,1.00
EVT-00000239,2026-09-25T17:51:53-05:00,FILLER_01_PRESSURE,LOW_PRESSURE,HIGH,Low pressure,0.20
EVT-00000240,2026-09-08T09:37:45-05:00,FILLER_01_CYCLE_FAULT,CYCLE_FAULT,HIGH,Cycle fault,1.00
EVT-00000241,2026-09-08T08:17:52-05:00,FILLER_01_PRESSURE,LOW_PRESSURE,HIGH,Low pressure,1.31
EVT-00000242,2026-09-19T09:58:04-05:00,FILLER_01_PRESSURE,LOW_PRESSURE,HIGH,Low pressure,1.29
EVT-00000243,2026-09-25T12:42:55-05:00,FILLER_01_PRESSURE,LOW_PRESSURE,HIGH,Low pressure,0.52
EVT-00000244,2026-09-24T19:04:38-05:00,TANK_OUT_01_LEVEL,HIGH_LEVEL,MEDIUM,High level,92.17
EVT-00000245,2026-09-06T11:39:44-05:00,FILLER_01_CYCLE_FAULT,CYCLE_FAULT,HIGH,Cycle fault,1.00
EVT-00000246,2026-09-30T11:40:44-05:00,TANK_OUT_01_LEVEL,HIGH_LEVEL,MEDIUM,High level,96.89
EVT-00000247,2026-09-13T13:13:15-05:00,FILLER_01_PRESSURE,LOW_PRESSURE,HIGH,Low pressure,0.60
EVT-00000248,2026-09-23T21:07:12-05:00,TANK_IN_01_LEVEL,LOW_LEVEL,HIGH,Low level,13.84
EVT-00000249,2026-09-23T20:03:45-05:00,PUMP_01_MOTOR_FAULT,MOTOR_FAULT,CRITICAL,Motor fault,1.00
EVT-00000250,2026-09-20T20:39:51-05:00,CONVEYOR_01_MOTOR_TEMP,HIGH_TEMPERATURE,LOW,High temperature,73.47
EVT-00000251,2026-09-19T20:14:50-05:00,CONVEYOR_01_JAM,JAM,HIGH,Jam,1.00
EVT-00000252,2026-09-22T18:02:33-05:00,FILTER_01_DIFF_PRESSURE,HIGH_DIFF_PRESSURE,MEDIUM,High diff pressure,2.54
EVT-00000253,2026-09-21T12:12:42-05:00,TANK_IN_01_LEVEL,LOW_LEVEL,HIGH,Low level,1.25
EVT-00000254,2026-09-27T14:55:25-05:00,CONVEYOR_01_MOTOR_TEMP,HIGH_TEMPERATURE,LOW,High temperature,73.16
EVT-00000255,2026-09-15T17:34:13-05:00,FILTER_01_DIFF_PRESSURE,HIGH_DIFF_PRESSURE,MEDIUM,High diff pressure,2.77
EVT-00000256,2026-09-14T09:12:23-05:00,FILLER_01_PRESSURE,LOW_PRESSURE,HIGH,Low pressure,1.43
EVT-00000257,2026-09-09T17:12:44-05:00,COMPRESSOR_01_PRESSURE,LOW_PRESSURE,HIGH,Low pressure,3.75
EVT-00000258,2026-09-15T13:55:45-05:00,FILLER_01_CYCLE_FAULT,CYCLE_FAULT,HIGH,Cycle fault,1.00
EVT-00000259,2026-09-08T21:07:22-05:00,FILTER_01_DIFF_PRESSURE,HIGH_DIFF_PRESSURE,MEDIUM,High diff pressure,1.82
EVT-00000260,2026-09-22T10:26:21-05:00,FILTER_01_DIFF_PRESSURE,HIGH_DIFF_PRESSURE,MEDIUM,High diff pressure,2.78
EVT-00000261,2026-09-22T12:53:57-05:00,TANK_OUT_01_LEVEL,LOW_LEVEL,HIGH,Low level,7.88
EVT-00000262,2026-09-28T11:55:00-05:00,TANK_IN_01_LEVEL,LOW_LEVEL,HIGH,Low level,4.72
EVT-00000263,2026-09-12T20:31:26-05:00,TANK_OUT_01_LEVEL,LOW_LEVEL,HIGH,Low level,6.29
EVT-00000264,2026-09-29T18:45:52-05:00,FILTER_01_DIFF_PRESSURE,HIGH_DIFF_PRESSURE,MEDIUM,High diff pressure,2.30
EVT-00000265,2026-09-17T09:28:41-05:00,TANK_OUT_01_LEVEL,LOW_LEVEL,HIGH,Low level,2.75
EVT-00000266,2026-09-14T14:53:39-05:00,PUMP_01_FLOW,LOW_FLOW,HIGH,Low flow,12.37
EVT-00000267,2026-09-23T14:40:01-05:00,FILLER_01_CYCLE_FAULT,CYCLE_FAULT,HIGH,Cycle fault,1.00
EVT-00000268,2026-09-01T07:41:38-05:00,FILTER_01_DIFF_PRESSURE,HIGH_DIFF_PRESSURE,MEDIUM,High diff pressure,2.35
EVT-00000269,2026-09-23T10:25:45-05:00,PUMP_01_FLOW,LOW_FLOW,HIGH,Low flow,7.27
EVT-00000270,2026-09-12T14:36:55-05:00,FILLER_01_PRESSURE,LOW_PRESSURE,HIGH,Low pressure,1.51
EVT-00000271,2026-09-14T19:34:45-05:00,TANK_OUT_01_LEVEL,LOW_LEVEL,HIGH,Low level,12.27
EVT-00000272,2026-09-22T10:55:54-05:00,FILTER_01_DIFF_PRESSURE,HIGH_DIFF_PRESSURE,MEDIUM,High diff pressure,2.38
EVT-00000273,2026-09-04T19:07:50-05:00,PUMP_01_MOTOR_FAULT,MOTOR_FAULT,CRITICAL,Motor fault,1.00
EVT-00000274,2026-09-29T19:52:30-05:00,FILTER_01_DIFF_PRESSURE,HIGH_DIFF_PRESSURE,MEDIUM,High diff pressure,2.07
EVT-00000275,2026-09-24T14:48:52-05:00,PUMP_01_FLOW,LOW_FLOW,HIGH,Low flow,6.66
EVT-00000276,2026-09-25T15:33:02-05:00,FILLER_01_PRESSURE,LOW_PRESSURE,HIGH,Low pressure,1.62
EVT-00000277,2026-09-01T21:09:27-05:00,FILTER_01_DIFF_PRESSURE,HIGH_DIFF_PRESSURE,MEDIUM,High diff pressure,2.09
EVT-00000278,2026-09-15T09:15:59-05:00,FILTER_01_DIFF_PRESSURE,HIGH_DIFF_PRESSURE,MEDIUM,High diff pressure,2.37
EVT-00000279,2026-09-18T08:18:15-05:00,TANK_IN_01_LEVEL,LOW_LEVEL,HIGH,Low level,6.61
EVT-00000280,2026-09-02T16:04:24-05:00,TANK_IN_01_LEVEL,LOW_LEVEL,HIGH,Low level,6.98
EVT-00000281,2026-09-05T17:36:43-05:00,FILLER_01_PRESSURE,LOW_PRESSURE,HIGH,Low pressure,1.35
EVT-00000282,2026-09-01T16:27:01-05:00,TANK_IN_01_LEVEL,HIGH_LEVEL,MEDIUM,High level,93.91
EVT-00000283,2026-09-15T12:12:08-05:00,FILTER_01_PRESSURE,HIGH_PRESSURE,HIGH,High pressure,7.04
EVT-00000284,2026-09-09T21:41:13-05:00,COMPRESSOR_01_PRESSURE,LOW_PRESSURE,HIGH,Low pressure,3.44
EVT-00000285,2026-09-03T13:17:40-05:00,TANK_IN_01_LEVEL,HIGH_LEVEL,MEDIUM,High level,96.03
EVT-00000286,2026-09-21T18:29:47-05:00,TANK_IN_01_LEVEL,LOW_LEVEL,HIGH,Low level,2.09
EVT-00000287,2026-09-26T16:14:46-05:00,PUMP_01_FLOW,LOW_FLOW,HIGH,Low flow,7.22
EVT-00000288,2026-09-08T08:09:22-05:00,TANK_IN_01_LEVEL,LOW_LEVEL,HIGH,Low level,12.42
EVT-00000289,2026-09-20T16:51:07-05:00,FILLER_01_CYCLE_FAULT,CYCLE_FAULT,HIGH,Cycle fault,1.00
EVT-00000290,2026-09-13T14:12:04-05:00,FILLER_01_CYCLE_FAULT,CYCLE_FAULT,HIGH,Cycle fault,1.00
EVT-00000291,2026-09-29T13:48:23-05:00,FILTER_01_DIFF_PRESSURE,HIGH_DIFF_PRESSURE,MEDIUM,High diff pressure,2.38
EVT-00000292,2026-09-02T17:05:52-05:00,TANK_OUT_01_LEVEL,LOW_LEVEL,HIGH,Low level,3.03
EVT-00000293,2026-09-07T17:23:13-05:00,COMPRESSOR_01_PRESSURE,LOW_PRESSURE,HIGH,Low pressure,2.08
EVT-00000294,2026-09-03T08:51:32-05:00,PUMP_01_MOTOR_FAULT,MOTOR_FAULT,CRITICAL,Motor fault,1.00
EVT-00000295,2026-09-03T08:50:58-05:00,PUMP_01_FLOW,LOW_FLOW,HIGH,Low flow,1.05
EVT-00000296,2026-09-29T14:33:16-05:00,FILTER_01_DIFF_PRESSURE,HIGH_DIFF_PRESSURE,MEDIUM,High diff pressure,2.34
EVT-00000297,2026-09-10T18:52:11-05:00,TANK_IN_01_LEVEL,LOW_LEVEL,HIGH,Low level,6.79
EVT-00000298,2026-09-15T07:17:44-05:00,FILLER_01_PRESSURE,LOW_PRESSURE,HIGH,Low pressure,1.85
EVT-00000299,2026-09-09T20:20:31-05:00,PUMP_01_FLOW,LOW_FLOW,HIGH,Low flow,17.20
EVT-00000300,2026-09-22T20:38:04-05:00,FILLER_01_PRESSURE,LOW_PRESSURE,HIGH,Low pressure,0.60
EVT-00000301,2026-09-29T10:05:33-05:00,FILTER_01_DIFF_PRESSURE,HIGH_DIFF_PRESSURE,MEDIUM,High diff pressure,0.5
EVT-00000302,2026-09-27T08:35:21-05:00,COMPRESSOR_01_PRESSURE,LOW_PRESSURE,HIGH,Low pressure,1.36
EVT-00000303,2026-09-26T11:35:59-05:00,TANK_IN_01_LEVEL,LOW_LEVEL,HIGH,Low level,13.18
EVT-00000304,2026-09-19T11:15:14-05:00,FILLER_01_CYCLE_FAULT,CYCLE_FAULT,HIGH,Cycle fault,1.00
EVT-00000305,2026-09-23T11:32:08-05:00,PUMP_01_FLOW,LOW_FLOW,HIGH,Low flow,15.33
EVT-00000306,2026-09-15T15:06:38-05:00,FILTER_01_DIFF_PRESSURE,HIGH_DIFF_PRESSURE,MEDIUM,High diff pressure,2.98
EVT-00000307,2026-09-03T16:53:12-05:00,TANK_OUT_01_LEVEL,LOW_LEVEL,HIGH,Low level,1.81
EVT-00000308,2026-09-24T11:52:03-05:00,COMPRESSOR_01_PRESSURE,LOW_PRESSURE,HIGH,Low pressure,4.09
EVT-00000309,2026-09-03T10:10:02-05:00,PUMP_01_MOTOR_FAULT,MOTOR_FAULT,CRITICAL,Motor fault,1.00
EVT-00000310,2026-09-22T20:57:12-05:00,COMPRESSOR_01_TEMP,HIGH_TEMPERATURE,HIGH,High temperature,107.03
EVT-00000311,2026-09-25T19:46:02-05:00,TANK_OUT_01_LEVEL,HIGH_LEVEL,MEDIUM,High level,92.79
EVT-00000312,2026-09-21T14:03:01-05:00,FILTER_01_PRESSURE,HIGH_PRESSURE,HIGH,High pressure,7.52
EVT-00000313,2026-09-19T13:56:06-05:00,PUMP_01_FLOW,LOW_FLOW,HIGH,Low flow,14.00
EVT-00000314,2026-09-03T14:33:22-05:00,CONVEYOR_01_JAM,JAM,MEDIUM,Jam,1.00
EVT-00000315,2026-09-15T18:11:57-05:00,FILTER_01_DIFF_PRESSURE,HIGH_DIFF_PRESSURE,MEDIUM,High diff pressure,1.86
EVT-00000316,2026-09-11T13:29:37-05:00,CONVEYOR_01_MOTOR_TEMP,HIGH_TEMPERATURE,LOW,High temperature,85.20
EVT-00000317,2026-09-22T13:17:24-05:00,TANK_OUT_01_LEVEL,LOW_LEVEL,HIGH,Low level,12.26
EVT-00000318,2026-09-03T11:43:32-05:00,TANK_IN_01_LEVEL,LOW_LEVEL,HIGH,Low level,6.16
EVT-00000319,2026-09-22T21:44:42-05:00,FILTER_01_DIFF_PRESSURE,HIGH_DIFF_PRESSURE,MEDIUM,High diff pressure,2.91
EVT-00000320,2026-09-01T17:58:20-05:00,CONVEYOR_01_JAM,JAM,MEDIUM,Jam,1.00
EVT-00000321,2026-09-08T15:26:16-05:00,FILTER_01_DIFF_PRESSURE,HIGH_DIFF_PRESSURE,MEDIUM,High diff pressure,2.52
EVT-00000322,2026-09-16T17:23:06-05:00,FILLER_01_PRESSURE,LOW_PRESSURE,HIGH,Low pressure,1.23
EVT-00000323,2026-09-07T10:51:41-05:00,FILLER_01_CYCLE_FAULT,CYCLE_FAULT,HIGH,Cycle fault,1.00
EVT-00000324,2026-09-15T18:42:40-05:00,COMPRESSOR_01_PRESSURE,LOW_PRESSURE,HIGH,Low pressure,3.48
EVT-00000325,2026-09-21T17:05:03-05:00,PUMP_01_FLOW,LOW_FLOW,HIGH,Low flow,17.36
EVT-00000326,2026-09-06T11:39:25-05:00,PUMP_01_FLOW,LOW_FLOW,HIGH,Low flow,12.28
EVT-00000327,2026-09-14T07:41:48-05:00,TANK_IN_01_LEVEL,LOW_LEVEL,HIGH,Low level,5.60
EVT-00000328,2026-09-30T08:03:55-05:00,COMPRESSOR_01_TEMP,HIGH_TEMPERATURE,HIGH,High temperature,114.90
EVT-00000329,2026-09-21T21:08:55-05:00,COMPRESSOR_01_PRESSURE,LOW_PRESSURE,HIGH,Low pressure,1.78
EVT-00000330,2026-09-23T11:18:47-05:00,TANK_OUT_01_LEVEL,LOW_LEVEL,HIGH,Low level,11.42
EVT-00000331,2026-09-14T21:11:44-05:00,FILLER_01_PRESSURE,LOW_PRESSURE,HIGH,Low pressure,1.33
EVT-00000332,2026-09-08T14:18:55-05:00,COMPRESSOR_01_TEMP,HIGH_TEMPERATURE,HIGH,High temperature,118.57
EVT-00000333,2026-09-07T16:54:40-05:00,PUMP_01_FLOW,LOW_FLOW,HIGH,Low flow,11.40
EVT-00000334,2026-09-05T21:43:44-05:00,FILLER_01_CYCLE_FAULT,CYCLE_FAULT,HIGH,Cycle fault,1.00
EVT-00000335,2026-09-22T12:11:14-05:00,FILTER_01_DIFF_PRESSURE,HIGH_DIFF_PRESSURE,MEDIUM,High diff pressure,2.89
EVT-00000336,2026-09-01T11:08:56-05:00,PUMP_01_MOTOR_FAULT,MOTOR_FAULT,CRITICAL,Motor fault,1.00
EVT-00000337,2026-09-19T18:00:49-05:00,CONVEYOR_01_JAM,JAM,MEDIUM,Jam,1.00
EVT-00000338,2026-09-15T15:48:16-05:00,CONVEYOR_01_MOTOR_TEMP,HIGH_TEMPERATURE,LOW,High temperature,80.91
EVT-00000339,2026-09-29T19:53:15-05:00,FILTER_01_DIFF_PRESSURE,HIGH_DIFF_PRESSURE,MEDIUM,High diff pressure,2.99
EVT-00000340,2026-09-15T21:49:50-05:00,FILTER_01_DIFF_PRESSURE,HIGH_DIFF_PRESSURE,MEDIUM,High diff pressure,2.08
EVT-00000341,2026-09-08T16:24:33-05:00,COMPRESSOR_01_TEMP,HIGH_TEMPERATURE,HIGH,High temperature,111.68
EVT-00000342,2026-09-25T13:28:40-05:00,PUMP_01_FLOW,LOW_FLOW,HIGH,Low flow,1.89
EVT-00000343,2026-09-22T18:50:17-05:00,FILTER_01_DIFF_PRESSURE,HIGH_DIFF_PRESSURE,MEDIUM,High diff pressure,2.57
EVT-00000344,2026-09-08T15:01:01-05:00,FILTER_01_DIFF_PRESSURE,HIGH_DIFF_PRESSURE,MEDIUM,High diff pressure,1.69
EVT-00000345,2026-09-19T12:02:37-05:00,PUMP_01_FLOW,LOW_FLOW,HIGH,Low flow,18.81
EVT-00000346,2026-09-28T14:00:55-05:00,TANK_IN_01_LEVEL,HIGH_LEVEL,MEDIUM,High level,92.02
EVT-00000347,2026-09-15T06:16:45-05:00,TANK_OUT_01_LEVEL,LOW_LEVEL,HIGH,Low level,3.95
EVT-00000348,2026-09-08T07:21:43-05:00,FILTER_01_DIFF_PRESSURE,HIGH_DIFF_PRESSURE,MEDIUM,High diff pressure,2.80
EVT-00000349,2026-09-09T12:09:47-05:00,FILLER_01_CYCLE_FAULT,CYCLE_FAULT,HIGH,Cycle fault,1.00
EVT-00000350,2026-09-28T11:58:52-05:00,FILLER_01_PRESSURE,LOW_PRESSURE,HIGH,Low pressure,1.82
EVT-00000351,2026-09-13T11:45:52-05:00,CONVEYOR_01_MOTOR_TEMP,HIGH_TEMPERATURE,MEDIUM,High temperature,83.83
EVT-00000352,2026-09-25T14:52:58-05:00,FILLER_01_PRESSURE,LOW_PRESSURE,HIGH,Low pressure,1.48
EVT-00000353,2026-09-03T10:16:25-05:00,TANK_IN_01_LEVEL,LOW_LEVEL,HIGH,Low level,13.92
EVT-00000354,2026-09-10T10:08:28-05:00,FILLER_01_PRESSURE,LOW_PRESSURE,HIGH,Low pressure,0.33
EVT-00000355,2026-09-01T19:50:31-05:00,FILTER_01_DIFF_PRESSURE,HIGH_DIFF_PRESSURE,MEDIUM,High diff pressure,1.85
EVT-00000356,2026-09-15T06:31:37-05:00,FILTER_01_DIFF_PRESSURE,HIGH_DIFF_PRESSURE,MEDIUM,High diff pressure,1.71
EVT-00000357,2026-09-01T11:20:26-05:00,FILTER_01_DIFF_PRESSURE,HIGH_DIFF_PRESSURE,MEDIUM,High diff pressure,2.51
EVT-00000358,2026-09-08T10:26:43-05:00,FILTER_01_DIFF_PRESSURE,HIGH_DIFF_PRESSURE,MEDIUM,High diff pressure,2.95
EVT-00000359,2026-09-08T09:05:40-05:00,FILTER_01_DIFF_PRESSURE,HIGH_DIFF_PRESSURE,MEDIUM,High diff pressure,2.04
EVT-00000360,2026-09-28T12:57:50-05:00,TANK_IN_01_LEVEL,LOW_LEVEL,HIGH,Low level,13.69
EVT-00000361,2026-09-16T16:36:57-05:00,FILLER_01_PRESSURE,LOW_PRESSURE,HIGH,Low pressure,0.46
EVT-00000362,2026-09-21T10:37:24-05:00,PUMP_01_FLOW,LOW_FLOW,HIGH,Low flow,10.41
EVT-00000363,2026-09-01T20:38:52-05:00,PUMP_01_MOTOR_FAULT,MOTOR_FAULT,CRITICAL,Motor fault,1.00
EVT-00000364,2026-09-22T15:57:01-05:00,COMPRESSOR_01_PRESSURE,LOW_PRESSURE,HIGH,Low pressure,1.80
EVT-00000365,2026-09-12T16:41:47-05:00,TANK_IN_01_LEVEL,LOW_LEVEL,HIGH,Low level,7.12
EVT-00000366,2026-09-14T18:34:00-05:00,FILLER_01_PRESSURE,LOW_PRESSURE,HIGH,Low pressure,0.74
EVT-00000367,2026-09-10T09:37:35-05:00,FILTER_01_PRESSURE,HIGH_PRESSURE,HIGH,High pressure,8.06
EVT-00000368,2026-09-04T10:19:05-05:00,CONVEYOR_01_MOTOR_TEMP,HIGH_TEMPERATURE,LOW,High temperature,78.81
EVT-00000369,2026-09-19T11:23:10-05:00,TANK_OUT_01_LEVEL,LOW_LEVEL,HIGH,Low level,7.04
EVT-00000370,2026-09-27T17:58:57-05:00,TANK_IN_01_LEVEL,LOW_LEVEL,HIGH,Low level,9.10
EVT-00000371,2026-09-29T21:44:53-05:00,FILTER_01_DIFF_PRESSURE,HIGH_DIFF_PRESSURE,MEDIUM,High diff pressure,1.72
EVT-00000372,2026-09-24T15:02:33-05:00,COMPRESSOR_01_PRESSURE,LOW_PRESSURE,HIGH,Low pressure,2.46
EVT-00000373,2026-09-08T17:03:04-05:00,FILLER_01_CYCLE_FAULT,CYCLE_FAULT,HIGH,Cycle fault,1.00
EVT-00000374,2026-09-07T17:18:10-05:00,PUMP_01_FLOW,LOW_FLOW,HIGH,Low flow,6.13
EVT-00000375,2026-09-24T19:58:16-05:00,FILLER_01_PRESSURE,LOW_PRESSURE,HIGH,Low pressure,1.78
EVT-00000376,2026-09-05T17:26:12-05:00,FILLER_01_PRESSURE,LOW_PRESSURE,HIGH,Low pressure,0.34
EVT-00000377,2026-09-21T06:43:03-05:00,COMPRESSOR_01_PRESSURE,LOW_PRESSURE,HIGH,Low pressure,2.58
EVT-00000378,2026-09-02T16:33:02-05:00,CONVEYOR_01_JAM,JAM,MEDIUM,Jam,1.00
EVT-00000379,2026-09-03T11:22:20-05:00,FILLER_01_CYCLE_FAULT,CYCLE_FAULT,HIGH,Cycle fault,1.00
EVT-00000380,2026-09-06T09:39:19-05:00,FILLER_01_CYCLE_FAULT,CYCLE_FAULT,HIGH,Cycle fault,1.00
EVT-00000381,2026-09-29T12:39:36-05:00,FILLER_01_CYCLE_FAULT,CYCLE_FAULT,HIGH,Cycle fault,1.00
EVT-00000382,2026-09-09T21:00:46-05:00,CONVEYOR_01_JAM,JAM,MEDIUM,Jam,1.00
EVT-00000383,2026-09-10T19:35:26-05:00,COMPRESSOR_01_PRESSURE,LOW_PRESSURE,HIGH,Low pressure,2.73
EVT-00000384,2026-09-15T07:22:14-05:00,CONVEYOR_01_JAM,JAM,MEDIUM,Jam,1.00
EVT-00000385,2026-09-08T21:39:30-05:00,FILLER_01_CYCLE_FAULT,CYCLE_FAULT,HIGH,Cycle fault,1.00
EVT-00000386,2026-09-26T16:08:44-05:00,COMPRESSOR_01_PRESSURE,LOW_PRESSURE,HIGH,Low pressure,2.87
EVT-00000387,2026-09-13T06:15:12-05:00,TANK_IN_01_LEVEL,LOW_LEVEL,HIGH,Low level,6.41
EVT-00000388,2026-09-15T12:42:35-05:00,TANK_OUT_01_LEVEL,LOW_LEVEL,HIGH,Low level,6.36
EVT-00000389,2026-09-27T17:37:27-05:00,TANK_OUT_01_LEVEL,HIGH_LEVEL,MEDIUM,High level,94.80
EVT-00000390,2026-09-08T14:34:58-05:00,TANK_IN_01_LEVEL,HIGH_LEVEL,MEDIUM,High level,91.25
EVT-00000391,2026-09-18T11:58:16-05:00,FILLER_01_PRESSURE,LOW_PRESSURE,HIGH,Low pressure,1.66
EVT-00000392,2026-09-03T17:34:01-05:00,PUMP_01_FLOW,LOW_FLOW,HIGH,Low flow,17.87
EVT-00000393,2026-09-23T11:30:04-05:00,FILTER_01_PRESSURE,HIGH_PRESSURE,HIGH,High pressure,8.19
EVT-00000394,2026-09-02T06:40:38-05:00,TANK_IN_01_LEVEL,HIGH_LEVEL,MEDIUM,High level,94.11
EVT-00000395,2026-09-04T07:46:09-05:00,COMPRESSOR_01_TEMP,HIGH_TEMPERATURE,HIGH,High temperature,105.61
EVT-00000396,2026-09-05T13:04:30-05:00,COMPRESSOR_01_PRESSURE,LOW_PRESSURE,HIGH,Low pressure,3.32
EVT-00000397,2026-09-29T13:37:47-05:00,FILTER_01_DIFF_PRESSURE,HIGH_DIFF_PRESSURE,MEDIUM,High diff pressure,1.99
EVT-00000398,2026-09-21T07:48:09-05:00,COMPRESSOR_01_PRESSURE,LOW_PRESSURE,HIGH,Low pressure,3.50
EVT-00000399,2026-09-09T06:35:44-05:00,FILLER_01_PRESSURE,LOW_PRESSURE,HIGH,Low pressure,1.86
EVT-00000400,2026-09-22T14:05:43-05:00,FILTER_01_DIFF_PRESSURE,HIGH_DIFF_PRESSURE,MEDIUM,High diff pressure,2.20
EVT-00000401,2026-09-04T18:28:56-05:00,CONVEYOR_01_MOTOR_TEMP,HIGH_TEMPERATURE,LOW,High temperature,69
EVT-00000402,2026-09-21T12:31:46-05:00,TANK_OUT_01_LEVEL,LOW_LEVEL,HIGH,Low level,2.24
EVT-00000403,2026-09-08T08:13:25-05:00,FILTER_01_DIFF_PRESSURE,HIGH_DIFF_PRESSURE,MEDIUM,High diff pressure,2.76
EVT-00000404,2026-09-07T17:40:54-05:00,TANK_IN_01_LEVEL,HIGH_LEVEL,MEDIUM,High level,97.54
EVT-00000405,2026-09-01T06:55:14-05:00,TANK_OUT_01_LEVEL,HIGH_LEVEL,MEDIUM,High level,94.41
EVT-00000406,2026-09-05T20:19:35-05:00,PUMP_01_MOTOR_FAULT,MOTOR_FAULT,CRITICAL,Motor fault,1.00
EVT-00000407,2026-09-25T16:05:20-05:00,TANK_IN_01_LEVEL,LOW_LEVEL,HIGH,Low level,5.24
EVT-00000408,2026-09-27T21:49:56-05:00,TANK_OUT_01_LEVEL,HIGH_LEVEL,MEDIUM,High level,93.38
EVT-00000409,2026-09-08T20:21:24-05:00,FILTER_01_DIFF_PRESSURE,HIGH_DIFF_PRESSURE,MEDIUM,High diff pressure,1.60
EVT-00000410,2026-09-08T08:21:59-05:00,FILTER_01_DIFF_PRESSURE,HIGH_DIFF_PRESSURE,MEDIUM,High diff pressure,2.98
EVT-00000411,2026-09-06T08:00:04-05:00,PUMP_01_MOTOR_FAULT,MOTOR_FAULT,CRITICAL,Motor fault,1.00
EVT-00000412,2026-09-12T20:22:52-05:00,PUMP_01_FLOW,LOW_FLOW,HIGH,Low flow,17.14
EVT-00000413,2026-09-11T06:17:14-05:00,PUMP_01_FLOW,LOW_FLOW,HIGH,Low flow,4.56
EVT-00000414,2026-09-05T19:30:09-05:00,PUMP_01_MOTOR_FAULT,MOTOR_FAULT,CRITICAL,Motor fault,1.00
EVT-00000415,2026-09-24T07:09:25-05:00,TANK_OUT_01_LEVEL,LOW_LEVEL,HIGH,Low level,10.75
EVT-00000416,2026-09-15T15:20:35-05:00,FILTER_01_DIFF_PRESSURE,HIGH_DIFF_PRESSURE,MEDIUM,High diff pressure,1.87
EVT-00000417,2026-09-08T17:11:51-05:00,FILTER_01_DIFF_PRESSURE,HIGH_DIFF_PRESSURE,MEDIUM,High diff pressure,1.71
EVT-00000418,2026-09-30T21:46:58-05:00,FILLER_01_PRESSURE,LOW_PRESSURE,HIGH,Low pressure,1.78
EVT-00000419,2026-09-15T17:42:41-05:00,TANK_OUT_01_LEVEL,LOW_LEVEL,HIGH,Low level,1.63
EVT-00000420,2026-09-16T21:25:28-05:00,TANK_IN_01_LEVEL,LOW_LEVEL,HIGH,Low level,9.22
EVT-00000421,2026-09-01T14:55:30-05:00,FILTER_01_DIFF_PRESSURE,HIGH_DIFF_PRESSURE,MEDIUM,High diff pressure,2.73
EVT-00000422,2026-09-03T11:51:49-05:00,TANK_IN_01_LEVEL,LOW_LEVEL,HIGH,Low level,13.45
EVT-00000423,2026-09-05T11:00:23-05:00,PUMP_01_FLOW,LOW_FLOW,HIGH,Low flow,13.78
EVT-00000424,2026-09-18T18:57:51-05:00,FILLER_01_PRESSURE,LOW_PRESSURE,HIGH,Low pressure,0.93
EVT-00000425,2026-09-29T15:39:30-05:00,FILTER_01_DIFF_PRESSURE,HIGH_DIFF_PRESSURE,MEDIUM,High diff pressure,2.35
EVT-00000426,2026-09-29T13:49:53-05:00,FILTER_01_DIFF_PRESSURE,HIGH_DIFF_PRESSURE,MEDIUM,High diff pressure,1.85
EVT-00000427,2026-09-04T21:31:28-05:00,CONVEYOR_01_JAM,JAM,MEDIUM,Jam,1.00
EVT-00000428,2026-09-08T13:31:59-05:00,FILTER_01_DIFF_PRESSURE,HIGH_DIFF_PRESSURE,MEDIUM,High diff pressure,2.46
EVT-00000429,2026-09-13T13:34:22-05:00,CONVEYOR_01_JAM,JAM,MEDIUM,Jam,1.00
EVT-00000430,2026-09-15T18:06:28-05:00,FILTER_01_DIFF_PRESSURE,HIGH_DIFF_PRESSURE,MEDIUM,High diff pressure,2.25
EVT-00000431,2026-09-08T18:30:11-05:00,FILTER_01_DIFF_PRESSURE,HIGH_DIFF_PRESSURE,MEDIUM,High diff pressure,2.81
EVT-00000432,2026-09-27T07:33:14-05:00,TANK_IN_01_LEVEL,LOW_LEVEL,HIGH,Low level,2.90
EVT-00000433,2026-09-15T20:46:40-05:00,FILTER_01_DIFF_PRESSURE,HIGH_DIFF_PRESSURE,MEDIUM,High diff pressure,1.93
EVT-00000434,2026-09-19T16:13:24-05:00,TANK_OUT_01_LEVEL,LOW_LEVEL,HIGH,Low level,12.50
EVT-00000435,2026-09-01T13:28:42-05:00,FILTER_01_DIFF_PRESSURE,HIGH_DIFF_PRESSURE,MEDIUM,High diff pressure,2.50
EVT-00000436,2026-09-25T13:41:57-05:00,CONVEYOR_01_MOTOR_TEMP,HIGH_TEMPERATURE,LOW,High temperature,88.77
EVT-00000437,2026-09-02T11:14:10-05:00,COMPRESSOR_01_PRESSURE,LOW_PRESSURE,HIGH,Low pressure,4.07
EVT-00000438,2026-09-01T16:31:14-05:00,FILTER_01_DIFF_PRESSURE,HIGH_DIFF_PRESSURE,MEDIUM,High diff pressure,2.89
EVT-00000439,2026-09-22T14:46:40-05:00,PUMP_01_FLOW,LOW_FLOW,HIGH,Low flow,5.59
EVT-00000440,2026-09-12T21:23:22-05:00,CONVEYOR_01_JAM,JAM,MEDIUM,Jam,1.00
EVT-00000441,2026-09-09T16:27:04-05:00,TANK_IN_01_LEVEL,HIGH_LEVEL,MEDIUM,High level,93.31
EVT-00000442,2026-09-28T16:12:43-05:00,CONVEYOR_01_JAM,JAM,MEDIUM,Jam,1.00
EVT-00000443,2026-09-22T21:05:59-05:00,FILLER_01_PRESSURE,LOW_PRESSURE,HIGH,Low pressure,1.87
EVT-00000444,2026-09-06T10:58:29-05:00,PUMP_01_MOTOR_FAULT,MOTOR_FAULT,CRITICAL,Motor fault,1.00
EVT-00000445,2026-09-12T06:06:40-05:00,COMPRESSOR_01_PRESSURE,LOW_PRESSURE,HIGH,Low pressure,1.92
EVT-00000446,2026-09-19T17:57:59-05:00,CONVEYOR_01_MOTOR_TEMP,HIGH_TEMPERATURE,LOW,High temperature,79.20
EVT-00000447,2026-09-24T17:31:35-05:00,TANK_IN_01_LEVEL,LOW_LEVEL,HIGH,Low level,1.62
EVT-00000448,2026-09-17T09:54:58-05:00,TANK_IN_01_LEVEL,HIGH_LEVEL,MEDIUM,High level,94.85
EVT-00000449,2026-09-15T08:51:55-05:00,FILTER_01_DIFF_PRESSURE,HIGH_DIFF_PRESSURE,MEDIUM,High diff pressure,2.54
EVT-00000450,2026-09-15T20:08:30-05:00,FILTER_01_DIFF_PRESSURE,HIGH_DIFF_PRESSURE,MEDIUM,High diff pressure,1.81
EVT-00000451,2026-09-05T08:51:56-05:00,COMPRESSOR_01_PRESSURE,LOW_PRESSURE,CRITICAL,Low pressure,4.86
EVT-00000452,2026-09-22T07:29:06-05:00,FILLER_01_PRESSURE,LOW_PRESSURE,HIGH,Low pressure,0.79
EVT-00000453,2026-09-22T14:50:28-05:00,FILTER_01_DIFF_PRESSURE,HIGH_DIFF_PRESSURE,MEDIUM,High diff pressure,2.73
EVT-00000454,2026-09-08T19:44:35-05:00,FILTER_01_DIFF_PRESSURE,HIGH_DIFF_PRESSURE,MEDIUM,High diff pressure,2.91
EVT-00000455,2026-09-14T08:01:07-05:00,TANK_IN_01_LEVEL,HIGH_LEVEL,MEDIUM,High level,93.90
EVT-00000456,2026-09-19T14:51:31-05:00,FILLER_01_PRESSURE,LOW_PRESSURE,HIGH,Low pressure,1.44
EVT-00000457,2026-09-02T10:00:51-05:00,FILLER_01_PRESSURE,LOW_PRESSURE,HIGH,Low pressure,1.11
EVT-00000458,2026-09-02T06:08:23-05:00,COMPRESSOR_01_TEMP,HIGH_TEMPERATURE,HIGH,High temperature,104.37
EVT-00000459,2026-09-08T19:58:09-05:00,FILTER_01_DIFF_PRESSURE,HIGH_DIFF_PRESSURE,MEDIUM,High diff pressure,1.95
EVT-00000460,2026-09-10T11:58:23-05:00,FILLER_01_CYCLE_FAULT,CYCLE_FAULT,HIGH,Cycle fault,1.00
EVT-00000461,2026-09-24T13:50:23-05:00,TANK_IN_01_LEVEL,LOW_LEVEL,HIGH,Low level,4.59
EVT-00000462,2026-09-18T18:48:35-05:00,PUMP_01_FLOW,LOW_FLOW,HIGH,Low flow,5.71
EVT-00000463,2026-09-27T18:09:41-05:00,TANK_OUT_01_LEVEL,LOW_LEVEL,HIGH,Low level,8.25
EVT-00000464,2026-09-28T19:30:30-05:00,TANK_IN_01_LEVEL,LOW_LEVEL,HIGH,Low level,1.86
EVT-00000465,2026-09-22T07:25:02-05:00,FILTER_01_DIFF_PRESSURE,HIGH_DIFF_PRESSURE,MEDIUM,High diff pressure,2.40
EVT-00000466,2026-09-19T13:21:44-05:00,TANK_OUT_01_LEVEL,HIGH_LEVEL,MEDIUM,High level,98.26
EVT-00000467,2026-09-10T08:05:48-05:00,FILLER_01_PRESSURE,LOW_PRESSURE,HIGH,Low pressure,1.13
EVT-00000468,2026-09-11T09:07:43-05:00,TANK_IN_01_LEVEL,LOW_LEVEL,HIGH,Low level,13.65
EVT-00000469,2026-09-23T12:35:14-05:00,FILTER_01_PRESSURE,HIGH_PRESSURE,HIGH,High pressure,6.55
EVT-00000470,2026-09-01T10:25:45-05:00,FILTER_01_DIFF_PRESSURE,HIGH_DIFF_PRESSURE,MEDIUM,High diff pressure,2.71
EVT-00000471,2026-09-17T07:25:54-05:00,TANK_OUT_01_LEVEL,HIGH_LEVEL,MEDIUM,High level,95.05
EVT-00000472,2026-09-24T12:10:50-05:00,CONVEYOR_01_MOTOR_TEMP,HIGH_TEMPERATURE,LOW,High temperature,75.53
EVT-00000473,2026-09-08T07:23:25-05:00,FILTER_01_DIFF_PRESSURE,HIGH_DIFF_PRESSURE,MEDIUM,High diff pressure,2.90
EVT-00000474,2026-09-17T15:17:00-05:00,FILLER_01_PRESSURE,LOW_PRESSURE,HIGH,Low pressure,0.59
EVT-00000475,2026-09-12T12:23:29-05:00,COMPRESSOR_01_PRESSURE,LOW_PRESSURE,HIGH,Low pressure,4.72
EVT-00000476,2026-09-21T20:50:14-05:00,COMPRESSOR_01_PRESSURE,LOW_PRESSURE,HIGH,Low pressure,1.75
EVT-00000477,2026-09-05T10:39:35-05:00,PUMP_01_FLOW,LOW_FLOW,HIGH,Low flow,5.04
EVT-00000478,2026-09-05T19:50:21-05:00,PUMP_01_FLOW,LOW_FLOW,HIGH,Low flow,16.54
EVT-00000479,2026-09-06T20:04:09-05:00,FILLER_01_PRESSURE,LOW_PRESSURE,HIGH,Low pressure,1.70
EVT-00000480,2026-09-25T16:15:44-05:00,TANK_OUT_01_LEVEL,LOW_LEVEL,HIGH,Low level,12.86
EVT-00000481,2026-09-29T17:42:19-05:00,FILTER_01_DIFF_PRESSURE,HIGH_DIFF_PRESSURE,MEDIUM,High diff pressure,2.42
EVT-00000482,2026-09-21T11:45:18-05:00,CONVEYOR_01_MOTOR_TEMP,HIGH_TEMPERATURE,LOW,High temperature,74.09
EVT-00000483,2026-09-22T14:03:00-05:00,FILTER_01_DIFF_PRESSURE,HIGH_DIFF_PRESSURE,MEDIUM,High diff pressure,2.37
EVT-00000484,2026-09-19T07:01:21-05:00,CONVEYOR_01_JAM,JAM,MEDIUM,Jam,1.00
EVT-00000485,2026-09-10T14:24:20-05:00,TANK_OUT_01_LEVEL,LOW_LEVEL,HIGH,Low level,10.25
EVT-00000486,2026-09-12T21:08:26-05:00,TANK_IN_01_LEVEL,LOW_LEVEL,HIGH,Low level,6.87
EVT-00000487,2026-09-28T21:34:12-05:00,TANK_IN_01_LEVEL,LOW_LEVEL,HIGH,Low level,2.84
EVT-00000488,2026-09-17T12:59:57-05:00,FILLER_01_PRESSURE,LOW_PRESSURE,HIGH,Low pressure,1.28
EVT-00000489,2026-09-26T19:27:05-05:00,TANK_OUT_01_LEVEL,HIGH_LEVEL,MEDIUM,High level,91.42
EVT-00000490,2026-09-29T17:51:58-05:00,FILTER_01_DIFF_PRESSURE,HIGH_DIFF_PRESSURE,MEDIUM,High diff pressure,2.08
EVT-00000491,2026-09-22T15:07:37-05:00,FILTER_01_DIFF_PRESSURE,HIGH_DIFF_PRESSURE,MEDIUM,High diff pressure,1.98
EVT-00000492,2026-09-15T07:53:03-05:00,COMPRESSOR_01_PRESSURE,LOW_PRESSURE,HIGH,Low pressure,2.75
EVT-00000493,2026-09-03T15:11:06-05:00,COMPRESSOR_01_TEMP,HIGH_TEMPERATURE,HIGH,High temperature,103.06
EVT-00000494,2026-09-23T13:58:08-05:00,TANK_IN_01_LEVEL,LOW_LEVEL,HIGH,Low level,9.99
EVT-00000495,2026-09-20T08:53:23-05:00,TANK_OUT_01_LEVEL,LOW_LEVEL,HIGH,Low level,8.45
EVT-00000496,2026-09-15T13:03:09-05:00,FILTER_01_DIFF_PRESSURE,HIGH_DIFF_PRESSURE,MEDIUM,High diff pressure,2.64
EVT-00000497,2026-09-22T16:53:03-05:00,FILLER_01_CYCLE_FAULT,CYCLE_FAULT,HIGH,Cycle fault,1.00
EVT-00000498,2026-09-21T12:05:31-05:00,CONVEYOR_01_JAM,JAM,MEDIUM,Jam,1.00
EVT-00000499,2026-09-29T18:20:58-05:00,FILTER_01_DIFF_PRESSURE,HIGH_DIFF_PRESSURE,MEDIUM,High diff pressure,2.58
EVT-00000500,2026-09-29T21:53:51-05:00,FILTER_01_DIFF_PRESSURE,HIGH_DIFF_PRESSURE,MEDIUM,High diff pressure,1.98
EVT-00000501,2026-09-29T18:04:50-05:00,FILTER_01_DIFF_PRESSURE,HIGH_DIFF_PRESSURE,MEDIUM,High diff pressure,0.5
EVT-00000502,2026-09-10T17:56:35-05:00,COMPRESSOR_01_PRESSURE,LOW_PRESSURE,HIGH,Low pressure,4.57
EVT-00000503,2026-09-05T16:49:56-05:00,FILLER_01_PRESSURE,LOW_PRESSURE,HIGH,Low pressure,0.31
EVT-00000504,2026-09-22T17:42:51-05:00,FILTER_01_DIFF_PRESSURE,HIGH_DIFF_PRESSURE,MEDIUM,High diff pressure,2.44
EVT-00000505,2026-09-22T18:47:40-05:00,CONVEYOR_01_JAM,JAM,MEDIUM,Jam,1.00
EVT-00000506,2026-09-14T15:15:24-05:00,FILLER_01_PRESSURE,LOW_PRESSURE,HIGH,Low pressure,1.02
EVT-00000507,2026-09-10T09:16:53-05:00,TANK_IN_01_LEVEL,LOW_LEVEL,HIGH,Low level,5.38
EVT-00000508,2026-09-22T09:29:43-05:00,FILTER_01_DIFF_PRESSURE,HIGH_DIFF_PRESSURE,MEDIUM,High diff pressure,2.17
EVT-00000509,2026-09-05T07:24:17-05:00,COMPRESSOR_01_TEMP,HIGH_TEMPERATURE,HIGH,High temperature,108.11
EVT-00000510,2026-09-04T15:14:31-05:00,CONVEYOR_01_JAM,JAM,MEDIUM,Jam,1.00
EVT-00000511,2026-09-29T19:57:00-05:00,FILLER_01_PRESSURE,LOW_PRESSURE,HIGH,Low pressure,1.68
EVT-00000512,2026-09-13T08:48:29-05:00,PUMP_01_FLOW,LOW_FLOW,HIGH,Low flow,4.32
EVT-00000513,2026-09-23T20:02:14-05:00,PUMP_01_FLOW,LOW_FLOW,HIGH,Low flow,13.79
EVT-00000514,2026-09-06T19:07:43-05:00,CONVEYOR_01_JAM,JAM,MEDIUM,Jam,1.00
EVT-00000515,2026-09-12T18:18:46-05:00,TANK_IN_01_LEVEL,LOW_LEVEL,HIGH,Low level,5.86
EVT-00000516,2026-09-20T11:11:13-05:00,COMPRESSOR_01_PRESSURE,LOW_PRESSURE,HIGH,Low pressure,4.85
EVT-00000517,2026-09-15T10:15:35-05:00,FILLER_01_CYCLE_FAULT,CYCLE_FAULT,HIGH,Cycle fault,1.00
EVT-00000518,2026-09-22T21:12:09-05:00,FILTER_01_DIFF_PRESSURE,HIGH_DIFF_PRESSURE,MEDIUM,High diff pressure,2.09
EVT-00000519,2026-09-29T14:01:14-05:00,FILTER_01_DIFF_PRESSURE,HIGH_DIFF_PRESSURE,MEDIUM,High diff pressure,2.78
EVT-00000520,2026-09-25T12:57:06-05:00,FILLER_01_CYCLE_FAULT,CYCLE_FAULT,HIGH,Cycle fault,1.00
EVT-00000521,2026-09-27T09:38:07-05:00,COMPRESSOR_01_PRESSURE,LOW_PRESSURE,HIGH,Low pressure,4.09
EVT-00000522,2026-09-09T06:56:59-05:00,PUMP_01_FLOW,LOW_FLOW,HIGH,Low flow,14.13
EVT-00000523,2026-09-12T16:05:42-05:00,FILTER_01_PRESSURE,HIGH_PRESSURE,HIGH,High pressure,6.62
EVT-00000524,2026-09-17T21:29:42-05:00,FILLER_01_PRESSURE,LOW_PRESSURE,HIGH,Low pressure,0.41
EVT-00000525,2026-09-08T10:57:57-05:00,FILTER_01_DIFF_PRESSURE,HIGH_DIFF_PRESSURE,MEDIUM,High diff pressure,2.75
EVT-00000526,2026-09-05T21:07:43-05:00,COMPRESSOR_01_PRESSURE,LOW_PRESSURE,HIGH,Low pressure,3.23
EVT-00000527,2026-09-30T10:02:31-05:00,TANK_IN_01_LEVEL,HIGH_LEVEL,MEDIUM,High level,95.61
EVT-00000528,2026-09-30T06:29:07-05:00,COMPRESSOR_01_PRESSURE,LOW_PRESSURE,HIGH,Low pressure,3.12
EVT-00000529,2026-09-17T12:48:27-05:00,TANK_IN_01_LEVEL,LOW_LEVEL,HIGH,Low level,5.82
EVT-00000530,2026-09-01T12:49:30-05:00,FILTER_01_DIFF_PRESSURE,HIGH_DIFF_PRESSURE,MEDIUM,High diff pressure,2.17
EVT-00000531,2026-09-30T07:48:13-05:00,TANK_IN_01_LEVEL,LOW_LEVEL,HIGH,Low level,7.86
EVT-00000532,2026-09-05T06:41:50-05:00,CONVEYOR_01_JAM,JAM,MEDIUM,Jam,1.00
EVT-00000533,2026-09-16T18:40:17-05:00,COMPRESSOR_01_PRESSURE,LOW_PRESSURE,HIGH,Low pressure,1.71
EVT-00000534,2026-09-16T14:09:59-05:00,FILLER_01_CYCLE_FAULT,CYCLE_FAULT,HIGH,Cycle fault,1.00
EVT-00000535,2026-09-01T10:39:32-05:00,COMPRESSOR_01_PRESSURE,LOW_PRESSURE,HIGH,Low pressure,2.10
EVT-00000536,2026-09-18T19:14:20-05:00,CONVEYOR_01_JAM,JAM,MEDIUM,Jam,1.00
EVT-00000537,2026-09-10T10:19:33-05:00,TANK_IN_01_LEVEL,HIGH_LEVEL,MEDIUM,High level,94.08
EVT-00000538,2026-09-08T13:38:33-05:00,PUMP_01_FLOW,LOW_FLOW,HIGH,Low flow,14.08
EVT-00000539,2026-09-15T07:08:36-05:00,CONVEYOR_01_JAM,JAM,MEDIUM,Jam,1.00
EVT-00000540,2026-09-16T16:51:47-05:00,CONVEYOR_01_JAM,JAM,MEDIUM,Jam,1.00
EVT-00000541,2026-09-19T10:24:15-05:00,FILLER_01_PRESSURE,LOW_PRESSURE,HIGH,Low pressure,0.46
EVT-00000542,2026-09-01T17:11:32-05:00,FILTER_01_DIFF_PRESSURE,HIGH_DIFF_PRESSURE,MEDIUM,High diff pressure,2.50
EVT-00000543,2026-09-14T09:24:35-05:00,PUMP_01_FLOW,LOW_FLOW,HIGH,Low flow,14.60
EVT-00000544,2026-09-17T12:33:52-05:00,FILLER_01_PRESSURE,LOW_PRESSURE,HIGH,Low pressure,0.27
EVT-00000545,2026-09-18T15:14:08-05:00,COMPRESSOR_01_PRESSURE,LOW_PRESSURE,HIGH,Low pressure,3.59
EVT-00000546,2026-09-13T21:53:54-05:00,TANK_OUT_01_LEVEL,LOW_LEVEL,HIGH,Low level,10.62
EVT-00000547,2026-09-13T12:47:44-05:00,TANK_IN_01_LEVEL,LOW_LEVEL,HIGH,Low level,6.19
EVT-00000548,2026-09-12T20:21:16-05:00,FILLER_01_CYCLE_FAULT,CYCLE_FAULT,HIGH,Cycle fault,1.00
EVT-00000549,2026-09-01T20:02:41-05:00,FILTER_01_DIFF_PRESSURE,HIGH_DIFF_PRESSURE,MEDIUM,High diff pressure,2.45
EVT-00000550,2026-09-12T15:56:23-05:00,PUMP_01_FLOW,LOW_FLOW,HIGH,Low flow,7.93
EVT-00000551,2026-09-06T21:07:00-05:00,CONVEYOR_01_JAM,JAM,HIGH,Jam,1.00
EVT-00000552,2026-09-16T17:30:01-05:00,COMPRESSOR_01_TEMP,HIGH_TEMPERATURE,HIGH,High temperature,103.46
EVT-00000553,2026-09-03T19:02:06-05:00,CONVEYOR_01_JAM,JAM,MEDIUM,Jam,1.00
EVT-00000554,2026-09-07T06:47:50-05:00,TANK_IN_01_LEVEL,LOW_LEVEL,HIGH,Low level,5.08
EVT-00000555,2026-09-11T11:38:41-05:00,COMPRESSOR_01_PRESSURE,LOW_PRESSURE,HIGH,Low pressure,3.63
EVT-00000556,2026-09-29T14:37:04-05:00,FILTER_01_DIFF_PRESSURE,HIGH_DIFF_PRESSURE,MEDIUM,High diff pressure,2.24
EVT-00000557,2026-09-21T09:28:44-05:00,TANK_IN_01_LEVEL,LOW_LEVEL,HIGH,Low level,6.85
EVT-00000558,2026-09-01T21:45:40-05:00,FILTER_01_DIFF_PRESSURE,HIGH_DIFF_PRESSURE,MEDIUM,High diff pressure,2.44
EVT-00000559,2026-09-15T13:57:16-05:00,FILTER_01_DIFF_PRESSURE,HIGH_DIFF_PRESSURE,MEDIUM,High diff pressure,2.62
EVT-00000560,2026-09-29T13:02:19-05:00,FILLER_01_CYCLE_FAULT,CYCLE_FAULT,HIGH,Cycle fault,1.00
EVT-00000561,2026-09-16T18:35:55-05:00,COMPRESSOR_01_TEMP,HIGH_TEMPERATURE,HIGH,High temperature,116.37
EVT-00000562,2026-09-29T10:51:19-05:00,FILTER_01_DIFF_PRESSURE,HIGH_DIFF_PRESSURE,MEDIUM,High diff pressure,1.81
EVT-00000563,2026-09-03T13:50:20-05:00,FILLER_01_PRESSURE,LOW_PRESSURE,HIGH,Low pressure,1.64
EVT-00000564,2026-09-06T15:55:48-05:00,COMPRESSOR_01_TEMP,HIGH_TEMPERATURE,HIGH,High temperature,108.03
EVT-00000565,2026-09-01T11:58:10-05:00,FILTER_01_DIFF_PRESSURE,HIGH_DIFF_PRESSURE,MEDIUM,High diff pressure,2.35
EVT-00000566,2026-09-29T19:03:52-05:00,FILTER_01_DIFF_PRESSURE,HIGH_DIFF_PRESSURE,MEDIUM,High diff pressure,2.69
EVT-00000567,2026-09-15T12:23:58-05:00,PUMP_01_FLOW,LOW_FLOW,HIGH,Low flow,10.15
EVT-00000568,2026-09-28T12:25:05-05:00,TANK_IN_01_LEVEL,LOW_LEVEL,HIGH,Low level,13.59
EVT-00000569,2026-09-09T17:38:28-05:00,COMPRESSOR_01_TEMP,HIGH_TEMPERATURE,HIGH,High temperature,98.34
EVT-00000570,2026-09-21T13:23:41-05:00,TANK_IN_01_LEVEL,LOW_LEVEL,HIGH,Low level,8.44
EVT-00000571,2026-09-24T18:22:05-05:00,TANK_OUT_01_LEVEL,LOW_LEVEL,HIGH,Low level,4.27
EVT-00000572,2026-09-05T21:26:58-05:00,COMPRESSOR_01_PRESSURE,LOW_PRESSURE,HIGH,Low pressure,4.11
EVT-00000573,2026-09-15T06:38:00-05:00,FILLER_01_PRESSURE,LOW_PRESSURE,HIGH,Low pressure,0.42
EVT-00000574,2026-09-25T17:44:41-05:00,TANK_IN_01_LEVEL,LOW_LEVEL,HIGH,Low level,8.50
EVT-00000575,2026-09-29T06:35:22-05:00,FILTER_01_DIFF_PRESSURE,HIGH_DIFF_PRESSURE,MEDIUM,High diff pressure,1.99
EVT-00000576,2026-09-12T12:46:20-05:00,FILLER_01_PRESSURE,LOW_PRESSURE,HIGH,Low pressure,1.23
EVT-00000577,2026-09-19T08:30:23-05:00,FILLER_01_CYCLE_FAULT,CYCLE_FAULT,HIGH,Cycle fault,1.00
EVT-00000578,2026-09-15T10:32:38-05:00,FILTER_01_DIFF_PRESSURE,HIGH_DIFF_PRESSURE,MEDIUM,High diff pressure,1.89
EVT-00000579,2026-09-06T15:05:05-05:00,TANK_IN_01_LEVEL,LOW_LEVEL,HIGH,Low level,11.60
EVT-00000580,2026-09-29T08:08:37-05:00,FILTER_01_DIFF_PRESSURE,HIGH_DIFF_PRESSURE,MEDIUM,High diff pressure,2.27
EVT-00000581,2026-09-23T14:07:26-05:00,FILLER_01_CYCLE_FAULT,CYCLE_FAULT,HIGH,Cycle fault,1.00
EVT-00000582,2026-09-10T18:38:00-05:00,COMPRESSOR_01_TEMP,HIGH_TEMPERATURE,HIGH,High temperature,116.11
EVT-00000583,2026-09-05T21:31:30-05:00,PUMP_01_FLOW,LOW_FLOW,HIGH,Low flow,2.51
EVT-00000584,2026-09-22T07:35:53-05:00,FILTER_01_DIFF_PRESSURE,HIGH_DIFF_PRESSURE,MEDIUM,High diff pressure,2.41
EVT-00000585,2026-09-23T07:10:55-05:00,FILLER_01_PRESSURE,LOW_PRESSURE,HIGH,Low pressure,1.50
EVT-00000586,2026-09-29T11:27:37-05:00,TANK_OUT_01_LEVEL,LOW_LEVEL,HIGH,Low level,4.22
EVT-00000587,2026-09-30T18:44:49-05:00,FILLER_01_PRESSURE,LOW_PRESSURE,HIGH,Low pressure,1.73
EVT-00000588,2026-09-12T15:15:41-05:00,PUMP_01_FLOW,LOW_FLOW,HIGH,Low flow,5.59
EVT-00000589,2026-09-07T20:25:08-05:00,PUMP_01_FLOW,LOW_FLOW,HIGH,Low flow,3.84
EVT-00000590,2026-09-16T06:28:42-05:00,PUMP_01_FLOW,LOW_FLOW,HIGH,Low flow,8.39
EVT-00000591,2026-09-12T14:30:31-05:00,TANK_OUT_01_LEVEL,LOW_LEVEL,HIGH,Low level,12.29
EVT-00000592,2026-09-29T07:34:10-05:00,PUMP_01_FLOW,LOW_FLOW,HIGH,Low flow,2.34
EVT-00000593,2026-09-22T15:34:11-05:00,FILTER_01_DIFF_PRESSURE,HIGH_DIFF_PRESSURE,MEDIUM,High diff pressure,2.65
EVT-00000594,2026-09-27T16:27:56-05:00,FILLER_01_CYCLE_FAULT,CYCLE_FAULT,HIGH,Cycle fault,1.00
EVT-00000595,2026-09-11T17:41:36-05:00,PUMP_01_FLOW,LOW_FLOW,HIGH,Low flow,2.51
EVT-00000596,2026-09-29T12:16:18-05:00,FILTER_01_DIFF_PRESSURE,HIGH_DIFF_PRESSURE,MEDIUM,High diff pressure,1.92
EVT-00000597,2026-09-25T16:02:10-05:00,CONVEYOR_01_MOTOR_TEMP,HIGH_TEMPERATURE,LOW,High temperature,84.10
EVT-00000598,2026-09-25T08:20:56-05:00,TANK_OUT_01_LEVEL,HIGH_LEVEL,MEDIUM,High level,95.43
EVT-00000599,2026-09-28T07:00:31-05:00,TANK_OUT_01_LEVEL,LOW_LEVEL,HIGH,Low level,3.54
EVT-00000600,2026-09-10T08:59:50-05:00,TANK_OUT_01_LEVEL,LOW_LEVEL,HIGH,Low level,4.31
EVT-00000601,2026-09-08T12:17:56-05:00,FILTER_01_DIFF_PRESSURE,HIGH_DIFF_PRESSURE,MEDIUM,High diff pressure,0.5
EVT-00000602,2026-09-28T07:26:08-05:00,COMPRESSOR_01_PRESSURE,LOW_PRESSURE,HIGH,Low pressure,2.28
EVT-00000603,2026-09-18T10:59:46-05:00,PUMP_01_FLOW,LOW_FLOW,HIGH,Low flow,3.56
EVT-00000604,2026-09-20T15:42:42-05:00,FILLER_01_PRESSURE,LOW_PRESSURE,HIGH,Low pressure,0.33
EVT-00000605,2026-09-06T16:46:24-05:00,TANK_OUT_01_LEVEL,LOW_LEVEL,HIGH,Low level,12.89
EVT-00000606,2026-09-22T17:22:05-05:00,PUMP_01_FLOW,LOW_FLOW,HIGH,Low flow,15.75
EVT-00000607,2026-09-11T21:20:16-05:00,COMPRESSOR_01_PRESSURE,LOW_PRESSURE,HIGH,Low pressure,3.88
EVT-00000608,2026-09-28T06:30:59-05:00,TANK_IN_01_LEVEL,LOW_LEVEL,HIGH,Low level,2.66
EVT-00000609,2026-09-21T20:02:09-05:00,TANK_IN_01_LEVEL,LOW_LEVEL,HIGH,Low level,12.81
EVT-00000610,2026-09-07T19:57:43-05:00,PUMP_01_MOTOR_FAULT,MOTOR_FAULT,CRITICAL,Motor fault,1.00
EVT-00000611,2026-09-01T15:03:59-05:00,FILLER_01_PRESSURE,LOW_PRESSURE,HIGH,Low pressure,1.70
EVT-00000612,2026-09-21T11:29:58-05:00,TANK_OUT_01_LEVEL,LOW_LEVEL,HIGH,Low level,10.89
EVT-00000613,2026-09-26T18:28:11-05:00,PUMP_01_MOTOR_FAULT,MOTOR_FAULT,CRITICAL,Motor fault,1.00
EVT-00000614,2026-09-01T18:32:08-05:00,FILTER_01_DIFF_PRESSURE,HIGH_DIFF_PRESSURE,MEDIUM,High diff pressure,1.75
EVT-00000615,2026-09-14T14:48:55-05:00,PUMP_01_FLOW,LOW_FLOW,HIGH,Low flow,10.51
EVT-00000616,2026-09-20T08:36:55-05:00,PUMP_01_FLOW,LOW_FLOW,HIGH,Low flow,7.40
EVT-00000617,2026-09-11T19:21:56-05:00,CONVEYOR_01_MOTOR_TEMP,HIGH_TEMPERATURE,LOW,High temperature,88.62
EVT-00000618,2026-09-22T08:22:49-05:00,FILTER_01_DIFF_PRESSURE,HIGH_DIFF_PRESSURE,MEDIUM,High diff pressure,2.54
EVT-00000619,2026-09-04T11:48:33-05:00,TANK_OUT_01_LEVEL,LOW_LEVEL,HIGH,Low level,5.95
EVT-00000620,2026-09-09T14:11:04-05:00,FILTER_01_PRESSURE,HIGH_PRESSURE,HIGH,High pressure,7.36
EVT-00000621,2026-09-02T11:16:59-05:00,PUMP_01_FLOW,LOW_FLOW,HIGH,Low flow,8.86
EVT-00000622,2026-09-14T10:31:10-05:00,CONVEYOR_01_MOTOR_TEMP,HIGH_TEMPERATURE,LOW,High temperature,88.72
EVT-00000623,2026-09-27T11:57:38-05:00,COMPRESSOR_01_PRESSURE,LOW_PRESSURE,HIGH,Low pressure,3.95
EVT-00000624,2026-09-07T19:53:31-05:00,FILLER_01_PRESSURE,LOW_PRESSURE,HIGH,Low pressure,0.50
EVT-00000625,2026-09-17T14:29:53-05:00,TANK_OUT_01_LEVEL,LOW_LEVEL,HIGH,Low level,11.21
EVT-00000626,2026-09-16T06:25:18-05:00,COMPRESSOR_01_PRESSURE,LOW_PRESSURE,HIGH,Low pressure,1.46
EVT-00000627,2026-09-17T14:19:25-05:00,COMPRESSOR_01_PRESSURE,LOW_PRESSURE,HIGH,Low pressure,2.23
EVT-00000628,2026-09-12T06:53:08-05:00,PUMP_01_FLOW,LOW_FLOW,HIGH,Low flow,2.03
EVT-00000629,2026-09-29T21:20:36-05:00,FILTER_01_DIFF_PRESSURE,HIGH_DIFF_PRESSURE,MEDIUM,High diff pressure,2.80
EVT-00000630,2026-09-01T21:25:20-05:00,FILTER_01_DIFF_PRESSURE,HIGH_DIFF_PRESSURE,MEDIUM,High diff pressure,1.87
EVT-00000631,2026-09-15T19:14:37-05:00,FILTER_01_DIFF_PRESSURE,HIGH_DIFF_PRESSURE,MEDIUM,High diff pressure,2.53
EVT-00000632,2026-09-12T06:49:25-05:00,FILLER_01_CYCLE_FAULT,CYCLE_FAULT,HIGH,Cycle fault,1.00
EVT-00000633,2026-09-18T09:32:36-05:00,TANK_IN_01_LEVEL,LOW_LEVEL,HIGH,Low level,8.42
EVT-00000634,2026-09-03T13:01:59-05:00,TANK_OUT_01_LEVEL,LOW_LEVEL,HIGH,Low level,11.32
EVT-00000635,2026-09-29T11:05:31-05:00,FILTER_01_DIFF_PRESSURE,HIGH_DIFF_PRESSURE,MEDIUM,High diff pressure,1.90
EVT-00000636,2026-09-04T13:10:14-05:00,PUMP_01_FLOW,LOW_FLOW,HIGH,Low flow,8.64
EVT-00000637,2026-09-11T16:09:18-05:00,CONVEYOR_01_JAM,JAM,MEDIUM,Jam,1.00
EVT-00000638,2026-09-07T16:58:03-05:00,FILLER_01_CYCLE_FAULT,CYCLE_FAULT,HIGH,Cycle fault,1.00
EVT-00000639,2026-09-02T06:42:30-05:00,TANK_OUT_01_LEVEL,LOW_LEVEL,HIGH,Low level,3.80
EVT-00000640,2026-09-26T14:37:27-05:00,FILLER_01_PRESSURE,LOW_PRESSURE,HIGH,Low pressure,1.42
EVT-00000641,2026-09-20T15:23:04-05:00,FILTER_01_PRESSURE,HIGH_PRESSURE,HIGH,High pressure,6.81
EVT-00000642,2026-09-29T11:47:55-05:00,FILTER_01_DIFF_PRESSURE,HIGH_DIFF_PRESSURE,MEDIUM,High diff pressure,2.01
EVT-00000643,2026-09-29T19:27:32-05:00,FILTER_01_DIFF_PRESSURE,HIGH_DIFF_PRESSURE,MEDIUM,High diff pressure,2.36
EVT-00000644,2026-09-17T21:04:42-05:00,TANK_OUT_01_LEVEL,HIGH_LEVEL,MEDIUM,High level,96.21
EVT-00000645,2026-09-23T16:14:51-05:00,TANK_OUT_01_LEVEL,LOW_LEVEL,HIGH,Low level,7.13
EVT-00000646,2026-09-01T12:42:20-05:00,FILTER_01_PRESSURE,HIGH_PRESSURE,HIGH,High pressure,7.79
EVT-00000647,2026-09-14T16:37:33-05:00,FILLER_01_PRESSURE,LOW_PRESSURE,HIGH,Low pressure,0.88
EVT-00000648,2026-09-24T21:52:33-05:00,CONVEYOR_01_JAM,JAM,MEDIUM,Jam,1.00
EVT-00000649,2026-09-09T17:56:04-05:00,TANK_OUT_01_LEVEL,HIGH_LEVEL,MEDIUM,High level,98.94
EVT-00000650,2026-09-08T19:07:57-05:00,TANK_OUT_01_LEVEL,HIGH_LEVEL,MEDIUM,High level,91.52
EVT-00000651,2026-09-06T15:32:36-05:00,TANK_OUT_01_LEVEL,HIGH_LEVEL,HIGH,High level,97.44
EVT-00000652,2026-09-25T21:18:46-05:00,FILLER_01_PRESSURE,LOW_PRESSURE,HIGH,Low pressure,1.07
EVT-00000653,2026-09-22T10:24:32-05:00,PUMP_01_FLOW,LOW_FLOW,HIGH,Low flow,1.64
EVT-00000654,2026-09-23T08:00:02-05:00,TANK_OUT_01_LEVEL,LOW_LEVEL,HIGH,Low level,4.90
EVT-00000655,2026-09-11T13:37:25-05:00,TANK_IN_01_LEVEL,LOW_LEVEL,HIGH,Low level,4.10
EVT-00000656,2026-09-08T13:28:14-05:00,FILTER_01_DIFF_PRESSURE,HIGH_DIFF_PRESSURE,MEDIUM,High diff pressure,2.88
EVT-00000657,2026-09-30T14:35:07-05:00,FILLER_01_CYCLE_FAULT,CYCLE_FAULT,HIGH,Cycle fault,1.00
EVT-00000658,2026-09-17T09:46:28-05:00,FILLER_01_PRESSURE,LOW_PRESSURE,HIGH,Low pressure,1.53
EVT-00000659,2026-09-22T15:33:57-05:00,FILTER_01_DIFF_PRESSURE,HIGH_DIFF_PRESSURE,MEDIUM,High diff pressure,2.56
EVT-00000660,2026-09-08T14:22:04-05:00,FILTER_01_DIFF_PRESSURE,HIGH_DIFF_PRESSURE,MEDIUM,High diff pressure,2.96
EVT-00000661,2026-09-15T18:18:13-05:00,FILTER_01_DIFF_PRESSURE,HIGH_DIFF_PRESSURE,MEDIUM,High diff pressure,2.27
EVT-00000662,2026-09-07T10:29:15-05:00,FILLER_01_PRESSURE,LOW_PRESSURE,HIGH,Low pressure,0.81
EVT-00000663,2026-09-08T11:25:04-05:00,TANK_OUT_01_LEVEL,LOW_LEVEL,HIGH,Low level,6.91
EVT-00000664,2026-09-23T18:50:02-05:00,FILLER_01_PRESSURE,LOW_PRESSURE,HIGH,Low pressure,1.35
EVT-00000665,2026-09-15T16:12:12-05:00,FILTER_01_DIFF_PRESSURE,HIGH_DIFF_PRESSURE,MEDIUM,High diff pressure,2.30
EVT-00000666,2026-09-29T18:19:03-05:00,FILTER_01_DIFF_PRESSURE,HIGH_DIFF_PRESSURE,MEDIUM,High diff pressure,2.99
EVT-00000667,2026-09-22T20:53:53-05:00,FILTER_01_DIFF_PRESSURE,HIGH_DIFF_PRESSURE,MEDIUM,High diff pressure,2.48
EVT-00000668,2026-09-26T08:39:59-05:00,COMPRESSOR_01_PRESSURE,LOW_PRESSURE,HIGH,Low pressure,2.48
EVT-00000669,2026-09-23T07:26:19-05:00,TANK_IN_01_LEVEL,LOW_LEVEL,HIGH,Low level,8.09
EVT-00000670,2026-09-21T10:40:06-05:00,COMPRESSOR_01_PRESSURE,LOW_PRESSURE,HIGH,Low pressure,4.82
EVT-00000671,2026-09-07T21:04:20-05:00,FILTER_01_PRESSURE,HIGH_PRESSURE,HIGH,High pressure,8.85
EVT-00000672,2026-09-18T18:40:24-05:00,PUMP_01_MOTOR_FAULT,MOTOR_FAULT,CRITICAL,Motor fault,1.00
EVT-00000673,2026-09-20T19:29:15-05:00,PUMP_01_FLOW,LOW_FLOW,HIGH,Low flow,13.01
EVT-00000674,2026-09-02T18:11:38-05:00,PUMP_01_FLOW,LOW_FLOW,HIGH,Low flow,11.87
EVT-00000675,2026-09-08T06:57:20-05:00,PUMP_01_FLOW,LOW_FLOW,HIGH,Low flow,3.05
EVT-00000676,2026-09-22T07:49:49-05:00,FILTER_01_DIFF_PRESSURE,HIGH_DIFF_PRESSURE,MEDIUM,High diff pressure,1.95
EVT-00000677,2026-09-18T08:52:30-05:00,TANK_IN_01_LEVEL,LOW_LEVEL,HIGH,Low level,9.33
EVT-00000678,2026-09-29T21:59:26-05:00,FILLER_01_PRESSURE,LOW_PRESSURE,HIGH,Low pressure,1.31
EVT-00000679,2026-09-07T19:45:39-05:00,FILTER_01_PRESSURE,HIGH_PRESSURE,HIGH,High pressure,7.57
EVT-00000680,2026-09-01T19:59:39-05:00,FILTER_01_DIFF_PRESSURE,HIGH_DIFF_PRESSURE,MEDIUM,High diff pressure,1.82
EVT-00000681,2026-09-08T15:44:31-05:00,FILLER_01_PRESSURE,LOW_PRESSURE,HIGH,Low pressure,0.19
EVT-00000682,2026-09-06T13:36:26-05:00,COMPRESSOR_01_PRESSURE,LOW_PRESSURE,HIGH,Low pressure,1.90
EVT-00000683,2026-09-02T21:13:21-05:00,COMPRESSOR_01_PRESSURE,LOW_PRESSURE,HIGH,Low pressure,3.03
EVT-00000684,2026-09-06T19:38:06-05:00,CONVEYOR_01_JAM,JAM,MEDIUM,Jam,1.00
EVT-00000685,2026-09-01T11:25:55-05:00,CONVEYOR_01_MOTOR_TEMP,HIGH_TEMPERATURE,LOW,High temperature,82.63
EVT-00000686,2026-09-30T12:05:57-05:00,TANK_OUT_01_LEVEL,HIGH_LEVEL,MEDIUM,High level,93.91
EVT-00000687,2026-09-29T15:32:41-05:00,FILTER_01_DIFF_PRESSURE,HIGH_DIFF_PRESSURE,MEDIUM,High diff pressure,2.86
EVT-00000688,2026-09-05T21:29:35-05:00,COMPRESSOR_01_PRESSURE,LOW_PRESSURE,HIGH,Low pressure,3.58
EVT-00000689,2026-09-07T20:43:26-05:00,FILTER_01_PRESSURE,HIGH_PRESSURE,HIGH,High pressure,6.67
EVT-00000690,2026-09-22T17:48:06-05:00,FILTER_01_DIFF_PRESSURE,HIGH_DIFF_PRESSURE,MEDIUM,High diff pressure,2.25
EVT-00000691,2026-09-01T19:24:34-05:00,FILLER_01_PRESSURE,LOW_PRESSURE,HIGH,Low pressure,0.96
EVT-00000692,2026-09-19T18:16:37-05:00,CONVEYOR_01_JAM,JAM,MEDIUM,Jam,1.00
EVT-00000693,2026-09-28T17:37:39-05:00,PUMP_01_FLOW,LOW_FLOW,HIGH,Low flow,9.30
EVT-00000694,2026-09-17T11:58:11-05:00,CONVEYOR_01_JAM,JAM,MEDIUM,Jam,1.00
EVT-00000695,2026-09-01T09:21:49-05:00,FILTER_01_DIFF_PRESSURE,HIGH_DIFF_PRESSURE,MEDIUM,High diff pressure,1.95
EVT-00000696,2026-09-30T10:30:56-05:00,FILTER_01_PRESSURE,HIGH_PRESSURE,HIGH,High pressure,6.13
EVT-00000697,2026-09-08T14:07:57-05:00,PUMP_01_MOTOR_FAULT,MOTOR_FAULT,CRITICAL,Motor fault,1.00
EVT-00000698,2026-09-10T16:36:12-05:00,COMPRESSOR_01_PRESSURE,LOW_PRESSURE,HIGH,Low pressure,4.70
EVT-00000699,2026-09-09T17:53:59-05:00,TANK_OUT_01_LEVEL,LOW_LEVEL,HIGH,Low level,8.36
EVT-00000700,2026-09-02T18:09:24-05:00,FILLER_01_PRESSURE,LOW_PRESSURE,HIGH,Low pressure,0.40
EVT-00000701,2026-09-06T13:22:49-05:00,FILTER_01_PRESSURE,HIGH_PRESSURE,HIGH,High pressure,5
EVT-00000702,2026-09-29T18:48:28-05:00,COMPRESSOR_01_PRESSURE,LOW_PRESSURE,HIGH,Low pressure,2.59
EVT-00000703,2026-09-21T11:22:15-05:00,FILLER_01_PRESSURE,LOW_PRESSURE,HIGH,Low pressure,1.04
EVT-00000704,2026-09-08T08:25:53-05:00,FILLER_01_PRESSURE,LOW_PRESSURE,HIGH,Low pressure,1.32
EVT-00000705,2026-09-24T17:01:37-05:00,PUMP_01_FLOW,LOW_FLOW,HIGH,Low flow,8.65
EVT-00000706,2026-09-29T14:34:16-05:00,FILTER_01_DIFF_PRESSURE,HIGH_DIFF_PRESSURE,MEDIUM,High diff pressure,2.97
EVT-00000707,2026-09-27T09:58:33-05:00,CONVEYOR_01_JAM,JAM,MEDIUM,Jam,1.00
EVT-00000708,2026-09-20T21:53:41-05:00,FILLER_01_PRESSURE,LOW_PRESSURE,HIGH,Low pressure,0.30
EVT-00000709,2026-09-17T18:48:42-05:00,TANK_OUT_01_LEVEL,LOW_LEVEL,HIGH,Low level,8.40
EVT-00000710,2026-09-19T08:02:33-05:00,TANK_IN_01_LEVEL,LOW_LEVEL,HIGH,Low level,2.26
EVT-00000711,2026-09-29T15:12:07-05:00,CONVEYOR_01_JAM,JAM,MEDIUM,Jam,1.00
EVT-00000712,2026-09-05T08:59:43-05:00,TANK_OUT_01_LEVEL,LOW_LEVEL,HIGH,Low level,7.71
EVT-00000713,2026-09-15T08:06:57-05:00,CONVEYOR_01_MOTOR_TEMP,HIGH_TEMPERATURE,LOW,High temperature,84.93
EVT-00000714,2026-09-19T14:53:55-05:00,PUMP_01_FLOW,LOW_FLOW,HIGH,Low flow,2.86
EVT-00000715,2026-09-15T20:43:18-05:00,COMPRESSOR_01_PRESSURE,LOW_PRESSURE,HIGH,Low pressure,1.28
EVT-00000716,2026-09-29T13:33:45-05:00,FILTER_01_DIFF_PRESSURE,HIGH_DIFF_PRESSURE,MEDIUM,High diff pressure,2.76
EVT-00000717,2026-09-18T14:25:02-05:00,TANK_OUT_01_LEVEL,LOW_LEVEL,HIGH,Low level,7.31
EVT-00000718,2026-09-13T10:37:56-05:00,FILLER_01_PRESSURE,LOW_PRESSURE,HIGH,Low pressure,0.10
EVT-00000719,2026-09-19T07:19:46-05:00,FILLER_01_CYCLE_FAULT,CYCLE_FAULT,HIGH,Cycle fault,1.00
EVT-00000720,2026-09-01T15:51:05-05:00,FILTER_01_DIFF_PRESSURE,HIGH_DIFF_PRESSURE,MEDIUM,High diff pressure,1.75
EVT-00000721,2026-09-03T14:35:37-05:00,COMPRESSOR_01_PRESSURE,LOW_PRESSURE,HIGH,Low pressure,1.16
EVT-00000722,2026-09-08T19:59:55-05:00,FILTER_01_DIFF_PRESSURE,HIGH_DIFF_PRESSURE,MEDIUM,High diff pressure,1.94
EVT-00000723,2026-09-24T17:45:28-05:00,FILLER_01_CYCLE_FAULT,CYCLE_FAULT,HIGH,Cycle fault,1.00
EVT-00000724,2026-09-22T14:09:55-05:00,FILTER_01_DIFF_PRESSURE,HIGH_DIFF_PRESSURE,MEDIUM,High diff pressure,2.56
EVT-00000725,2026-09-29T08:25:15-05:00,FILTER_01_DIFF_PRESSURE,HIGH_DIFF_PRESSURE,MEDIUM,High diff pressure,2.49
EVT-00000726,2026-09-18T13:09:19-05:00,TANK_IN_01_LEVEL,HIGH_LEVEL,MEDIUM,High level,96.41
EVT-00000727,2026-09-08T21:11:50-05:00,PUMP_01_FLOW,LOW_FLOW,HIGH,Low flow,1.07
EVT-00000728,2026-09-10T14:25:43-05:00,FILLER_01_CYCLE_FAULT,CYCLE_FAULT,HIGH,Cycle fault,1.00
EVT-00000729,2026-09-27T10:10:51-05:00,TANK_OUT_01_LEVEL,LOW_LEVEL,HIGH,Low level,6.06
EVT-00000730,2026-09-05T11:01:04-05:00,FILTER_01_PRESSURE,HIGH_PRESSURE,HIGH,High pressure,7.06
EVT-00000731,2026-09-24T19:56:07-05:00,COMPRESSOR_01_PRESSURE,LOW_PRESSURE,HIGH,Low pressure,1.57
EVT-00000732,2026-09-22T13:37:55-05:00,TANK_IN_01_LEVEL,LOW_LEVEL,HIGH,Low level,13.59
EVT-00000733,2026-09-29T06:17:05-05:00,FILLER_01_CYCLE_FAULT,CYCLE_FAULT,HIGH,Cycle fault,1.00
EVT-00000734,2026-09-04T16:48:44-05:00,PUMP_01_FLOW,LOW_FLOW,HIGH,Low flow,1.68
EVT-00000735,2026-09-01T10:27:18-05:00,FILTER_01_DIFF_PRESSURE,HIGH_DIFF_PRESSURE,MEDIUM,High diff pressure,1.71
EVT-00000736,2026-09-08T15:49:33-05:00,FILTER_01_DIFF_PRESSURE,HIGH_DIFF_PRESSURE,MEDIUM,High diff pressure,2.15
EVT-00000737,2026-09-25T07:01:39-05:00,FILLER_01_CYCLE_FAULT,CYCLE_FAULT,HIGH,Cycle fault,1.00
EVT-00000738,2026-09-10T10:15:46-05:00,TANK_OUT_01_LEVEL,LOW_LEVEL,HIGH,Low level,12.79
EVT-00000739,2026-09-29T20:03:49-05:00,FILTER_01_DIFF_PRESSURE,HIGH_DIFF_PRESSURE,MEDIUM,High diff pressure,2.42
EVT-00000740,2026-09-29T08:36:28-05:00,PUMP_01_FLOW,LOW_FLOW,HIGH,Low flow,14.52
EVT-00000741,2026-09-14T11:28:13-05:00,TANK_OUT_01_LEVEL,LOW_LEVEL,HIGH,Low level,6.63
EVT-00000742,2026-09-19T19:23:02-05:00,TANK_IN_01_LEVEL,LOW_LEVEL,HIGH,Low level,4.58
EVT-00000743,2026-09-14T16:07:08-05:00,FILLER_01_PRESSURE,LOW_PRESSURE,HIGH,Low pressure,1.36
EVT-00000744,2026-09-12T17:42:40-05:00,TANK_IN_01_LEVEL,LOW_LEVEL,HIGH,Low level,8.80
EVT-00000745,2026-09-11T18:40:33-05:00,FILLER_01_CYCLE_FAULT,CYCLE_FAULT,HIGH,Cycle fault,1.00
EVT-00000746,2026-09-15T12:51:11-05:00,FILTER_01_DIFF_PRESSURE,HIGH_DIFF_PRESSURE,MEDIUM,High diff pressure,2.07
EVT-00000747,2026-09-16T10:23:12-05:00,FILLER_01_CYCLE_FAULT,CYCLE_FAULT,HIGH,Cycle fault,1.00
EVT-00000748,2026-09-08T20:40:07-05:00,FILTER_01_DIFF_PRESSURE,HIGH_DIFF_PRESSURE,MEDIUM,High diff pressure,2.78
EVT-00000749,2026-09-18T13:30:45-05:00,COMPRESSOR_01_PRESSURE,LOW_PRESSURE,HIGH,Low pressure,3.13
EVT-00000750,2026-09-05T13:04:15-05:00,TANK_OUT_01_LEVEL,LOW_LEVEL,HIGH,Low level,5.97
EVT-00000751,2026-09-11T17:46:22-05:00,PUMP_01_MOTOR_FAULT,MOTOR_FAULT,LOW,Motor fault,1.00
EVT-00000752,2026-09-28T12:45:18-05:00,COMPRESSOR_01_PRESSURE,LOW_PRESSURE,HIGH,Low pressure,1.47
EVT-00000753,2026-09-27T09:28:03-05:00,TANK_OUT_01_LEVEL,LOW_LEVEL,HIGH,Low level,2.05
EVT-00000754,2026-09-22T17:00:47-05:00,PUMP_01_MOTOR_FAULT,MOTOR_FAULT,CRITICAL,Motor fault,1.00
EVT-00000755,2026-09-07T20:38:53-05:00,CONVEYOR_01_MOTOR_TEMP,HIGH_TEMPERATURE,LOW,High temperature,86.59
EVT-00000756,2026-09-22T16:10:24-05:00,TANK_OUT_01_LEVEL,HIGH_LEVEL,MEDIUM,High level,93.22
EVT-00000757,2026-09-28T12:03:41-05:00,FILTER_01_PRESSURE,HIGH_PRESSURE,HIGH,High pressure,7.65
EVT-00000758,2026-09-01T09:51:21-05:00,COMPRESSOR_01_PRESSURE,LOW_PRESSURE,HIGH,Low pressure,1.97
EVT-00000759,2026-09-04T19:35:47-05:00,COMPRESSOR_01_PRESSURE,LOW_PRESSURE,HIGH,Low pressure,4.86
EVT-00000760,2026-09-08T18:39:48-05:00,FILTER_01_PRESSURE,HIGH_PRESSURE,HIGH,High pressure,7.14
EVT-00000761,2026-09-08T16:03:01-05:00,FILTER_01_DIFF_PRESSURE,HIGH_DIFF_PRESSURE,MEDIUM,High diff pressure,2.42
EVT-00000762,2026-09-13T14:29:16-05:00,FILLER_01_CYCLE_FAULT,CYCLE_FAULT,HIGH,Cycle fault,1.00
EVT-00000763,2026-09-15T15:20:07-05:00,FILTER_01_DIFF_PRESSURE,HIGH_DIFF_PRESSURE,MEDIUM,High diff pressure,2.87
EVT-00000764,2026-09-26T19:09:04-05:00,FILTER_01_PRESSURE,HIGH_PRESSURE,HIGH,High pressure,8.50
EVT-00000765,2026-09-11T09:41:52-05:00,FILLER_01_CYCLE_FAULT,CYCLE_FAULT,HIGH,Cycle fault,1.00
EVT-00000766,2026-09-01T16:14:25-05:00,FILTER_01_DIFF_PRESSURE,HIGH_DIFF_PRESSURE,MEDIUM,High diff pressure,2.16
EVT-00000767,2026-09-01T10:44:50-05:00,FILLER_01_CYCLE_FAULT,CYCLE_FAULT,HIGH,Cycle fault,1.00
EVT-00000768,2026-09-08T12:00:18-05:00,FILTER_01_DIFF_PRESSURE,HIGH_DIFF_PRESSURE,MEDIUM,High diff pressure,2.18
EVT-00000769,2026-09-08T15:05:22-05:00,FILTER_01_DIFF_PRESSURE,HIGH_DIFF_PRESSURE,MEDIUM,High diff pressure,3.00
EVT-00000770,2026-09-22T12:08:42-05:00,FILLER_01_PRESSURE,LOW_PRESSURE,HIGH,Low pressure,0.75
EVT-00000771,2026-09-16T19:10:19-05:00,FILLER_01_CYCLE_FAULT,CYCLE_FAULT,HIGH,Cycle fault,1.00
EVT-00000772,2026-09-24T20:28:19-05:00,FILTER_01_PRESSURE,HIGH_PRESSURE,HIGH,High pressure,7.90
EVT-00000773,2026-09-24T15:56:58-05:00,PUMP_01_FLOW,LOW_FLOW,HIGH,Low flow,11.00
EVT-00000774,2026-09-29T15:52:09-05:00,PUMP_01_FLOW,LOW_FLOW,HIGH,Low flow,14.14
EVT-00000775,2026-09-17T06:36:56-05:00,COMPRESSOR_01_PRESSURE,LOW_PRESSURE,HIGH,Low pressure,1.38
EVT-00000776,2026-09-22T06:52:59-05:00,COMPRESSOR_01_PRESSURE,LOW_PRESSURE,HIGH,Low pressure,1.03
EVT-00000777,2026-09-08T07:14:14-05:00,FILTER_01_DIFF_PRESSURE,HIGH_DIFF_PRESSURE,MEDIUM,High diff pressure,1.98
EVT-00000778,2026-09-17T14:18:05-05:00,TANK_IN_01_LEVEL,LOW_LEVEL,HIGH,Low level,8.64
EVT-00000779,2026-09-21T18:08:16-05:00,TANK_IN_01_LEVEL,LOW_LEVEL,HIGH,Low level,13.62
EVT-00000780,2026-09-22T14:52:52-05:00,COMPRESSOR_01_PRESSURE,LOW_PRESSURE,HIGH,Low pressure,1.08
EVT-00000781,2026-09-18T13:29:17-05:00,TANK_IN_01_LEVEL,LOW_LEVEL,HIGH,Low level,1.24
EVT-00000782,2026-09-24T11:00:05-05:00,TANK_IN_01_LEVEL,LOW_LEVEL,HIGH,Low level,11.97
EVT-00000783,2026-09-01T15:08:33-05:00,COMPRESSOR_01_TEMP,HIGH_TEMPERATURE,HIGH,High temperature,113.63
EVT-00000784,2026-09-30T09:15:48-05:00,CONVEYOR_01_JAM,JAM,MEDIUM,Jam,1.00
EVT-00000785,2026-09-17T08:42:38-05:00,COMPRESSOR_01_PRESSURE,LOW_PRESSURE,HIGH,Low pressure,2.23
EVT-00000786,2026-09-17T10:35:42-05:00,PUMP_01_FLOW,LOW_FLOW,HIGH,Low flow,17.69
EVT-00000787,2026-09-22T07:26:18-05:00,FILTER_01_DIFF_PRESSURE,HIGH_DIFF_PRESSURE,MEDIUM,High diff pressure,2.55
EVT-00000788,2026-09-15T16:17:07-05:00,COMPRESSOR_01_PRESSURE,LOW_PRESSURE,HIGH,Low pressure,2.24
EVT-00000789,2026-09-08T11:27:39-05:00,COMPRESSOR_01_TEMP,HIGH_TEMPERATURE,HIGH,High temperature,99.30
EVT-00000790,2026-09-28T17:49:51-05:00,FILLER_01_PRESSURE,LOW_PRESSURE,HIGH,Low pressure,0.18
EVT-00000791,2026-09-13T12:51:58-05:00,TANK_IN_01_LEVEL,HIGH_LEVEL,MEDIUM,High level,96.65
EVT-00000792,2026-09-21T06:10:19-05:00,FILTER_01_PRESSURE,HIGH_PRESSURE,HIGH,High pressure,6.97
EVT-00000793,2026-09-28T13:53:56-05:00,TANK_IN_01_LEVEL,LOW_LEVEL,HIGH,Low level,7.78
EVT-00000794,2026-09-28T07:44:09-05:00,TANK_OUT_01_LEVEL,LOW_LEVEL,HIGH,Low level,11.81
EVT-00000795,2026-09-08T09:50:55-05:00,COMPRESSOR_01_PRESSURE,LOW_PRESSURE,HIGH,Low pressure,4.54
EVT-00000796,2026-09-16T10:56:06-05:00,COMPRESSOR_01_PRESSURE,LOW_PRESSURE,HIGH,Low pressure,1.23
EVT-00000797,2026-09-22T11:06:14-05:00,COMPRESSOR_01_PRESSURE,LOW_PRESSURE,HIGH,Low pressure,3.78
EVT-00000798,2026-09-02T09:15:54-05:00,TANK_OUT_01_LEVEL,LOW_LEVEL,HIGH,Low level,7.44
EVT-00000799,2026-09-07T16:41:11-05:00,TANK_IN_01_LEVEL,LOW_LEVEL,HIGH,Low level,3.95
EVT-00000800,2026-09-23T20:56:38-05:00,FILLER_01_CYCLE_FAULT,CYCLE_FAULT,HIGH,Cycle fault,1.00
EVT-00000801,2026-09-10T08:57:26-05:00,COMPRESSOR_01_PRESSURE,LOW_PRESSURE,HIGH,Low pressure,6
EVT-00000802,2026-09-27T21:27:49-05:00,PUMP_01_FLOW,LOW_FLOW,HIGH,Low flow,8.96
EVT-00000803,2026-09-18T12:02:20-05:00,FILLER_01_PRESSURE,LOW_PRESSURE,HIGH,Low pressure,1.08
EVT-00000804,2026-09-05T20:23:26-05:00,FILLER_01_CYCLE_FAULT,CYCLE_FAULT,HIGH,Cycle fault,1.00
EVT-00000805,2026-09-12T06:58:39-05:00,TANK_OUT_01_LEVEL,LOW_LEVEL,HIGH,Low level,3.00
EVT-00000806,2026-09-01T12:12:01-05:00,FILTER_01_DIFF_PRESSURE,HIGH_DIFF_PRESSURE,MEDIUM,High diff pressure,2.61
EVT-00000807,2026-09-11T06:32:21-05:00,COMPRESSOR_01_PRESSURE,LOW_PRESSURE,HIGH,Low pressure,4.24
EVT-00000808,2026-09-22T14:55:52-05:00,FILTER_01_DIFF_PRESSURE,HIGH_DIFF_PRESSURE,MEDIUM,High diff pressure,2.18
EVT-00000809,2026-09-22T13:51:41-05:00,FILTER_01_DIFF_PRESSURE,HIGH_DIFF_PRESSURE,MEDIUM,High diff pressure,2.07
EVT-00000810,2026-09-22T12:55:08-05:00,FILLER_01_PRESSURE,LOW_PRESSURE,HIGH,Low pressure,0.31
EVT-00000811,2026-09-10T20:31:41-05:00,FILLER_01_CYCLE_FAULT,CYCLE_FAULT,HIGH,Cycle fault,1.00
EVT-00000812,2026-09-03T10:52:41-05:00,FILLER_01_PRESSURE,LOW_PRESSURE,HIGH,Low pressure,0.49
EVT-00000813,2026-09-08T19:27:54-05:00,FILTER_01_DIFF_PRESSURE,HIGH_DIFF_PRESSURE,MEDIUM,High diff pressure,2.59
EVT-00000814,2026-09-01T07:39:57-05:00,FILTER_01_DIFF_PRESSURE,HIGH_DIFF_PRESSURE,MEDIUM,High diff pressure,1.61
EVT-00000815,2026-09-15T12:33:07-05:00,COMPRESSOR_01_PRESSURE,LOW_PRESSURE,HIGH,Low pressure,4.89
EVT-00000816,2026-09-05T07:35:21-05:00,PUMP_01_MOTOR_FAULT,MOTOR_FAULT,CRITICAL,Motor fault,1.00
EVT-00000817,2026-09-29T16:05:55-05:00,FILTER_01_DIFF_PRESSURE,HIGH_DIFF_PRESSURE,MEDIUM,High diff pressure,2.91
EVT-00000818,2026-09-01T07:37:53-05:00,FILTER_01_DIFF_PRESSURE,HIGH_DIFF_PRESSURE,MEDIUM,High diff pressure,2.50
EVT-00000819,2026-09-20T16:53:13-05:00,TANK_OUT_01_LEVEL,LOW_LEVEL,HIGH,Low level,7.64
EVT-00000820,2026-09-01T11:18:46-05:00,CONVEYOR_01_MOTOR_TEMP,HIGH_TEMPERATURE,LOW,High temperature,79.47
EVT-00000821,2026-09-01T19:11:43-05:00,FILTER_01_DIFF_PRESSURE,HIGH_DIFF_PRESSURE,MEDIUM,High diff pressure,2.22
EVT-00000822,2026-09-06T18:28:32-05:00,TANK_OUT_01_LEVEL,LOW_LEVEL,HIGH,Low level,8.79
EVT-00000823,2026-09-09T11:28:54-05:00,PUMP_01_FLOW,LOW_FLOW,HIGH,Low flow,6.49
EVT-00000824,2026-09-03T09:02:38-05:00,TANK_OUT_01_LEVEL,LOW_LEVEL,HIGH,Low level,9.90
EVT-00000825,2026-09-15T14:48:54-05:00,FILTER_01_DIFF_PRESSURE,HIGH_DIFF_PRESSURE,MEDIUM,High diff pressure,1.79
EVT-00000826,2026-09-08T19:07:24-05:00,FILTER_01_DIFF_PRESSURE,HIGH_DIFF_PRESSURE,MEDIUM,High diff pressure,2.86
EVT-00000827,2026-09-07T14:20:06-05:00,TANK_OUT_01_LEVEL,HIGH_LEVEL,MEDIUM,High level,92.09
EVT-00000828,2026-09-01T13:12:12-05:00,PUMP_01_FLOW,LOW_FLOW,HIGH,Low flow,7.80
EVT-00000829,2026-09-13T20:38:15-05:00,CONVEYOR_01_JAM,JAM,MEDIUM,Jam,1.00
EVT-00000830,2026-09-22T20:50:43-05:00,FILTER_01_DIFF_PRESSURE,HIGH_DIFF_PRESSURE,MEDIUM,High diff pressure,1.94
EVT-00000831,2026-09-29T18:39:26-05:00,FILTER_01_DIFF_PRESSURE,HIGH_DIFF_PRESSURE,MEDIUM,High diff pressure,2.11
EVT-00000832,2026-09-06T13:14:59-05:00,FILTER_01_PRESSURE,HIGH_PRESSURE,HIGH,High pressure,7.73
EVT-00000833,2026-09-22T16:29:00-05:00,FILTER_01_DIFF_PRESSURE,HIGH_DIFF_PRESSURE,MEDIUM,High diff pressure,2.22
EVT-00000834,2026-09-15T20:51:49-05:00,FILTER_01_DIFF_PRESSURE,HIGH_DIFF_PRESSURE,MEDIUM,High diff pressure,2.60
EVT-00000835,2026-09-29T09:38:14-05:00,FILTER_01_DIFF_PRESSURE,HIGH_DIFF_PRESSURE,MEDIUM,High diff pressure,2.99
EVT-00000836,2026-09-25T16:00:51-05:00,PUMP_01_FLOW,LOW_FLOW,HIGH,Low flow,1.55
EVT-00000837,2026-09-15T18:53:43-05:00,COMPRESSOR_01_PRESSURE,LOW_PRESSURE,HIGH,Low pressure,2.07
EVT-00000838,2026-09-15T21:07:58-05:00,FILTER_01_DIFF_PRESSURE,HIGH_DIFF_PRESSURE,MEDIUM,High diff pressure,1.77
EVT-00000839,2026-09-26T20:28:24-05:00,CONVEYOR_01_JAM,JAM,MEDIUM,Jam,1.00
EVT-00000840,2026-09-05T17:31:46-05:00,FILLER_01_PRESSURE,LOW_PRESSURE,HIGH,Low pressure,0.87
EVT-00000841,2026-09-22T08:48:21-05:00,PUMP_01_FLOW,LOW_FLOW,HIGH,Low flow,15.64
EVT-00000842,2026-09-22T07:20:47-05:00,FILTER_01_DIFF_PRESSURE,HIGH_DIFF_PRESSURE,MEDIUM,High diff pressure,2.74
EVT-00000843,2026-09-16T16:35:57-05:00,COMPRESSOR_01_TEMP,HIGH_TEMPERATURE,HIGH,High temperature,112.41
EVT-00000844,2026-09-30T21:49:52-05:00,TANK_OUT_01_LEVEL,LOW_LEVEL,HIGH,Low level,9.56
EVT-00000845,2026-09-26T12:32:42-05:00,TANK_OUT_01_LEVEL,LOW_LEVEL,HIGH,Low level,11.99
EVT-00000846,2026-09-30T07:32:49-05:00,TANK_OUT_01_LEVEL,HIGH_LEVEL,MEDIUM,High level,92.11
EVT-00000847,2026-09-22T18:06:01-05:00,FILLER_01_CYCLE_FAULT,CYCLE_FAULT,HIGH,Cycle fault,1.00
EVT-00000848,2026-09-20T06:48:23-05:00,PUMP_01_FLOW,LOW_FLOW,HIGH,Low flow,12.53
EVT-00000849,2026-09-22T17:46:24-05:00,COMPRESSOR_01_TEMP,HIGH_TEMPERATURE,HIGH,High temperature,112.36
EVT-00000850,2026-09-11T20:29:41-05:00,COMPRESSOR_01_PRESSURE,LOW_PRESSURE,HIGH,Low pressure,3.20
EVT-00000851,2026-09-04T10:42:36-05:00,TANK_IN_01_LEVEL,HIGH_LEVEL,HIGH,High level,93.27
EVT-00000852,2026-09-17T16:09:28-05:00,TANK_OUT_01_LEVEL,LOW_LEVEL,HIGH,Low level,12.88
EVT-00000853,2026-09-08T14:06:54-05:00,FILLER_01_PRESSURE,LOW_PRESSURE,HIGH,Low pressure,1.05
EVT-00000854,2026-09-29T18:34:08-05:00,FILTER_01_DIFF_PRESSURE,HIGH_DIFF_PRESSURE,MEDIUM,High diff pressure,2.88
EVT-00000855,2026-09-01T14:47:18-05:00,PUMP_01_FLOW,LOW_FLOW,HIGH,Low flow,3.14
EVT-00000856,2026-09-01T08:06:46-05:00,FILTER_01_DIFF_PRESSURE,HIGH_DIFF_PRESSURE,MEDIUM,High diff pressure,1.96
EVT-00000857,2026-09-15T14:17:20-05:00,FILTER_01_DIFF_PRESSURE,HIGH_DIFF_PRESSURE,MEDIUM,High diff pressure,2.12
EVT-00000858,2026-09-12T14:40:05-05:00,TANK_OUT_01_LEVEL,LOW_LEVEL,HIGH,Low level,2.99
EVT-00000859,2026-09-22T11:48:20-05:00,FILTER_01_DIFF_PRESSURE,HIGH_DIFF_PRESSURE,MEDIUM,High diff pressure,1.77
EVT-00000860,2026-09-01T06:24:40-05:00,FILTER_01_DIFF_PRESSURE,HIGH_DIFF_PRESSURE,MEDIUM,High diff pressure,2.47
EVT-00000861,2026-09-22T20:33:52-05:00,FILLER_01_PRESSURE,LOW_PRESSURE,HIGH,Low pressure,0.52
EVT-00000862,2026-09-24T10:26:25-05:00,COMPRESSOR_01_PRESSURE,LOW_PRESSURE,HIGH,Low pressure,3.64
EVT-00000863,2026-09-06T12:01:31-05:00,PUMP_01_FLOW,LOW_FLOW,HIGH,Low flow,12.46
EVT-00000864,2026-09-22T10:13:14-05:00,FILTER_01_DIFF_PRESSURE,HIGH_DIFF_PRESSURE,MEDIUM,High diff pressure,2.63
EVT-00000865,2026-09-06T17:39:34-05:00,FILLER_01_PRESSURE,LOW_PRESSURE,HIGH,Low pressure,1.78
EVT-00000866,2026-09-01T19:25:25-05:00,FILTER_01_DIFF_PRESSURE,HIGH_DIFF_PRESSURE,MEDIUM,High diff pressure,2.10
EVT-00000867,2026-09-22T13:04:42-05:00,FILTER_01_DIFF_PRESSURE,HIGH_DIFF_PRESSURE,MEDIUM,High diff pressure,1.61
EVT-00000868,2026-09-07T11:04:01-05:00,FILLER_01_PRESSURE,LOW_PRESSURE,HIGH,Low pressure,1.90
EVT-00000869,2026-09-03T16:30:37-05:00,CONVEYOR_01_JAM,JAM,MEDIUM,Jam,1.00
EVT-00000870,2026-09-18T09:24:12-05:00,CONVEYOR_01_JAM,JAM,MEDIUM,Jam,1.00
EVT-00000871,2026-09-22T08:04:28-05:00,FILTER_01_DIFF_PRESSURE,HIGH_DIFF_PRESSURE,MEDIUM,High diff pressure,2.27
EVT-00000872,2026-09-16T15:36:24-05:00,FILLER_01_PRESSURE,LOW_PRESSURE,HIGH,Low pressure,1.73
EVT-00000873,2026-09-22T17:07:42-05:00,FILTER_01_DIFF_PRESSURE,HIGH_DIFF_PRESSURE,MEDIUM,High diff pressure,2.60
EVT-00000874,2026-09-12T12:24:27-05:00,TANK_OUT_01_LEVEL,HIGH_LEVEL,MEDIUM,High level,95.68
EVT-00000875,2026-09-27T18:15:44-05:00,FILLER_01_PRESSURE,LOW_PRESSURE,HIGH,Low pressure,1.90
EVT-00000876,2026-09-30T17:11:10-05:00,CONVEYOR_01_JAM,JAM,MEDIUM,Jam,1.00
EVT-00000877,2026-09-11T08:08:44-05:00,FILLER_01_PRESSURE,LOW_PRESSURE,HIGH,Low pressure,0.71
EVT-00000878,2026-09-08T12:47:44-05:00,FILTER_01_DIFF_PRESSURE,HIGH_DIFF_PRESSURE,MEDIUM,High diff pressure,1.96
EVT-00000879,2026-09-14T16:51:27-05:00,TANK_OUT_01_LEVEL,LOW_LEVEL,HIGH,Low level,3.82
EVT-00000880,2026-09-14T09:22:53-05:00,TANK_OUT_01_LEVEL,LOW_LEVEL,HIGH,Low level,10.96
EVT-00000881,2026-09-23T17:44:47-05:00,FILLER_01_PRESSURE,LOW_PRESSURE,HIGH,Low pressure,0.54
EVT-00000882,2026-09-16T11:15:29-05:00,TANK_OUT_01_LEVEL,LOW_LEVEL,HIGH,Low level,3.87
EVT-00000883,2026-09-27T14:12:36-05:00,PUMP_01_FLOW,LOW_FLOW,HIGH,Low flow,13.68
EVT-00000884,2026-09-12T06:10:28-05:00,TANK_IN_01_LEVEL,LOW_LEVEL,HIGH,Low level,10.92
EVT-00000885,2026-09-27T12:59:22-05:00,PUMP_01_FLOW,LOW_FLOW,HIGH,Low flow,12.50
EVT-00000886,2026-09-16T13:26:53-05:00,TANK_OUT_01_LEVEL,LOW_LEVEL,HIGH,Low level,11.07
EVT-00000887,2026-09-22T14:53:47-05:00,FILTER_01_DIFF_PRESSURE,HIGH_DIFF_PRESSURE,MEDIUM,High diff pressure,2.02
EVT-00000888,2026-09-01T20:29:18-05:00,TANK_IN_01_LEVEL,LOW_LEVEL,HIGH,Low level,5.51
EVT-00000889,2026-09-15T10:05:35-05:00,FILTER_01_DIFF_PRESSURE,HIGH_DIFF_PRESSURE,MEDIUM,High diff pressure,2.97
EVT-00000890,2026-09-22T16:17:50-05:00,FILTER_01_DIFF_PRESSURE,HIGH_DIFF_PRESSURE,MEDIUM,High diff pressure,2.86
EVT-00000891,2026-09-04T16:25:33-05:00,TANK_OUT_01_LEVEL,LOW_LEVEL,HIGH,Low level,3.33
EVT-00000892,2026-09-18T20:59:14-05:00,PUMP_01_MOTOR_FAULT,MOTOR_FAULT,CRITICAL,Motor fault,1.00
EVT-00000893,2026-09-25T06:45:26-05:00,TANK_OUT_01_LEVEL,LOW_LEVEL,HIGH,Low level,10.03
EVT-00000894,2026-09-14T07:51:51-05:00,TANK_OUT_01_LEVEL,LOW_LEVEL,HIGH,Low level,6.06
EVT-00000895,2026-09-01T14:11:13-05:00,FILTER_01_DIFF_PRESSURE,HIGH_DIFF_PRESSURE,MEDIUM,High diff pressure,2.27
EVT-00000896,2026-09-01T13:59:34-05:00,FILTER_01_DIFF_PRESSURE,HIGH_DIFF_PRESSURE,MEDIUM,High diff pressure,1.90
EVT-00000897,2026-09-08T09:49:14-05:00,FILLER_01_CYCLE_FAULT,CYCLE_FAULT,HIGH,Cycle fault,1.00
EVT-00000898,2026-09-20T17:31:09-05:00,CONVEYOR_01_MOTOR_TEMP,HIGH_TEMPERATURE,LOW,High temperature,79.76
EVT-00000899,2026-09-05T20:17:15-05:00,PUMP_01_FLOW,LOW_FLOW,HIGH,Low flow,5.23
EVT-00000900,2026-09-26T07:04:50-05:00,CONVEYOR_01_JAM,JAM,MEDIUM,Jam,1.00
EVT-00000901,2026-09-20T15:48:28-05:00,TANK_OUT_01_LEVEL,LOW_LEVEL,HIGH,Low level,16
EVT-00000902,2026-09-15T11:16:01-05:00,FILTER_01_DIFF_PRESSURE,HIGH_DIFF_PRESSURE,MEDIUM,High diff pressure,2.28
EVT-00000903,2026-09-17T18:21:58-05:00,COMPRESSOR_01_PRESSURE,LOW_PRESSURE,HIGH,Low pressure,1.48
EVT-00000904,2026-09-25T20:18:11-05:00,PUMP_01_FLOW,LOW_FLOW,HIGH,Low flow,9.42
EVT-00000905,2026-09-09T21:47:02-05:00,COMPRESSOR_01_PRESSURE,LOW_PRESSURE,HIGH,Low pressure,4.35
EVT-00000906,2026-09-28T08:24:56-05:00,PUMP_01_FLOW,LOW_FLOW,HIGH,Low flow,6.11
EVT-00000907,2026-09-11T21:04:55-05:00,PUMP_01_FLOW,LOW_FLOW,HIGH,Low flow,6.06
EVT-00000908,2026-09-22T13:08:56-05:00,FILLER_01_CYCLE_FAULT,CYCLE_FAULT,HIGH,Cycle fault,1.00
EVT-00000909,2026-09-21T10:53:30-05:00,PUMP_01_FLOW,LOW_FLOW,HIGH,Low flow,13.85
EVT-00000910,2026-09-22T07:22:29-05:00,FILTER_01_DIFF_PRESSURE,HIGH_DIFF_PRESSURE,MEDIUM,High diff pressure,1.83
EVT-00000911,2026-09-15T18:38:48-05:00,FILTER_01_DIFF_PRESSURE,HIGH_DIFF_PRESSURE,MEDIUM,High diff pressure,2.54
EVT-00000912,2026-09-16T11:57:29-05:00,FILTER_01_PRESSURE,HIGH_PRESSURE,HIGH,High pressure,6.11
EVT-00000913,2026-09-28T19:20:19-05:00,CONVEYOR_01_MOTOR_TEMP,HIGH_TEMPERATURE,LOW,High temperature,72.90
EVT-00000914,2026-09-15T17:33:24-05:00,FILLER_01_CYCLE_FAULT,CYCLE_FAULT,HIGH,Cycle fault,1.00
EVT-00000915,2026-09-26T15:43:44-05:00,CONVEYOR_01_MOTOR_TEMP,HIGH_TEMPERATURE,LOW,High temperature,79.14
EVT-00000916,2026-09-14T21:00:57-05:00,PUMP_01_FLOW,LOW_FLOW,HIGH,Low flow,5.33
EVT-00000917,2026-09-11T21:04:46-05:00,TANK_OUT_01_LEVEL,LOW_LEVEL,HIGH,Low level,6.80
EVT-00000918,2026-09-29T08:22:38-05:00,FILTER_01_DIFF_PRESSURE,HIGH_DIFF_PRESSURE,MEDIUM,High diff pressure,2.84
EVT-00000919,2026-09-29T18:25:31-05:00,CONVEYOR_01_JAM,JAM,MEDIUM,Jam,1.00
EVT-00000920,2026-09-21T20:16:12-05:00,TANK_IN_01_LEVEL,LOW_LEVEL,HIGH,Low level,10.41
EVT-00000921,2026-09-30T21:36:47-05:00,TANK_IN_01_LEVEL,LOW_LEVEL,HIGH,Low level,4.23
EVT-00000922,2026-09-01T13:47:16-05:00,FILTER_01_DIFF_PRESSURE,HIGH_DIFF_PRESSURE,MEDIUM,High diff pressure,2.11
EVT-00000923,2026-09-30T08:24:05-05:00,COMPRESSOR_01_TEMP,HIGH_TEMPERATURE,HIGH,High temperature,108.36
EVT-00000924,2026-09-30T21:57:28-05:00,PUMP_01_FLOW,LOW_FLOW,HIGH,Low flow,6.61
EVT-00000925,2026-09-12T10:33:29-05:00,TANK_IN_01_LEVEL,HIGH_LEVEL,MEDIUM,High level,91.84
EVT-00000926,2026-09-08T06:56:33-05:00,FILTER_01_DIFF_PRESSURE,HIGH_DIFF_PRESSURE,MEDIUM,High diff pressure,2.61
EVT-00000927,2026-09-24T18:43:58-05:00,FILLER_01_PRESSURE,LOW_PRESSURE,HIGH,Low pressure,0.69
EVT-00000928,2026-09-01T18:48:37-05:00,FILTER_01_DIFF_PRESSURE,HIGH_DIFF_PRESSURE,MEDIUM,High diff pressure,1.84
EVT-00000929,2026-09-16T07:25:07-05:00,TANK_IN_01_LEVEL,LOW_LEVEL,HIGH,Low level,3.71
EVT-00000930,2026-09-17T18:22:43-05:00,TANK_OUT_01_LEVEL,HIGH_LEVEL,MEDIUM,High level,95.55
EVT-00000931,2026-09-23T12:15:16-05:00,TANK_IN_01_LEVEL,LOW_LEVEL,HIGH,Low level,3.46
EVT-00000932,2026-09-14T18:38:04-05:00,COMPRESSOR_01_TEMP,HIGH_TEMPERATURE,HIGH,High temperature,101.41
EVT-00000933,2026-09-08T12:58:24-05:00,FILTER_01_PRESSURE,HIGH_PRESSURE,HIGH,High pressure,6.55
EVT-00000934,2026-09-04T07:52:43-05:00,FILLER_01_CYCLE_FAULT,CYCLE_FAULT,HIGH,Cycle fault,1.00
EVT-00000935,2026-09-15T08:29:46-05:00,FILTER_01_DIFF_PRESSURE,HIGH_DIFF_PRESSURE,MEDIUM,High diff pressure,2.57
EVT-00000936,2026-09-25T21:55:11-05:00,FILLER_01_CYCLE_FAULT,CYCLE_FAULT,HIGH,Cycle fault,1.00
EVT-00000937,2026-09-22T08:36:02-05:00,FILLER_01_PRESSURE,LOW_PRESSURE,HIGH,Low pressure,0.27
EVT-00000938,2026-09-01T17:06:37-05:00,TANK_OUT_01_LEVEL,LOW_LEVEL,HIGH,Low level,4.36
EVT-00000939,2026-09-08T17:26:01-05:00,FILTER_01_DIFF_PRESSURE,HIGH_DIFF_PRESSURE,MEDIUM,High diff pressure,1.98
EVT-00000940,2026-09-20T18:29:54-05:00,COMPRESSOR_01_PRESSURE,LOW_PRESSURE,HIGH,Low pressure,3.26
EVT-00000941,2026-09-03T07:49:44-05:00,CONVEYOR_01_MOTOR_TEMP,HIGH_TEMPERATURE,LOW,High temperature,73.86
EVT-00000942,2026-09-19T19:17:21-05:00,FILLER_01_CYCLE_FAULT,CYCLE_FAULT,HIGH,Cycle fault,1.00
EVT-00000943,2026-09-22T11:43:31-05:00,FILTER_01_DIFF_PRESSURE,HIGH_DIFF_PRESSURE,MEDIUM,High diff pressure,1.95
EVT-00000944,2026-09-21T07:32:01-05:00,PUMP_01_MOTOR_FAULT,MOTOR_FAULT,CRITICAL,Motor fault,1.00
EVT-00000945,2026-09-20T19:07:43-05:00,TANK_OUT_01_LEVEL,LOW_LEVEL,HIGH,Low level,13.44
EVT-00000946,2026-09-01T21:26:07-05:00,FILTER_01_DIFF_PRESSURE,HIGH_DIFF_PRESSURE,MEDIUM,High diff pressure,2.37
EVT-00000947,2026-09-20T15:16:32-05:00,PUMP_01_FLOW,LOW_FLOW,HIGH,Low flow,4.86
EVT-00000948,2026-09-10T17:45:47-05:00,FILLER_01_CYCLE_FAULT,CYCLE_FAULT,HIGH,Cycle fault,1.00
EVT-00000949,2026-09-26T10:21:25-05:00,FILLER_01_CYCLE_FAULT,CYCLE_FAULT,HIGH,Cycle fault,1.00
EVT-00000950,2026-09-08T15:05:40-05:00,FILTER_01_DIFF_PRESSURE,HIGH_DIFF_PRESSURE,MEDIUM,High diff pressure,1.78
EVT-00000951,2026-09-01T12:34:24-05:00,TANK_OUT_01_LEVEL,LOW_LEVEL,CRITICAL,Low level,7.48
EVT-00000952,2026-09-28T21:16:22-05:00,PUMP_01_FLOW,LOW_FLOW,HIGH,Low flow,12.64
EVT-00000953,2026-09-29T18:25:57-05:00,FILTER_01_DIFF_PRESSURE,HIGH_DIFF_PRESSURE,MEDIUM,High diff pressure,2.04
EVT-00000954,2026-09-25T07:19:43-05:00,FILLER_01_CYCLE_FAULT,CYCLE_FAULT,HIGH,Cycle fault,1.00
EVT-00000955,2026-09-01T10:46:22-05:00,TANK_OUT_01_LEVEL,HIGH_LEVEL,MEDIUM,High level,93.20
EVT-00000956,2026-09-02T20:22:06-05:00,TANK_IN_01_LEVEL,LOW_LEVEL,HIGH,Low level,9.15
EVT-00000957,2026-09-21T18:58:22-05:00,TANK_OUT_01_LEVEL,LOW_LEVEL,HIGH,Low level,11.26
EVT-00000958,2026-09-14T18:46:33-05:00,FILLER_01_CYCLE_FAULT,CYCLE_FAULT,HIGH,Cycle fault,1.00
EVT-00000959,2026-09-18T15:47:15-05:00,TANK_IN_01_LEVEL,LOW_LEVEL,HIGH,Low level,13.61
EVT-00000960,2026-09-03T11:38:30-05:00,PUMP_01_FLOW,LOW_FLOW,HIGH,Low flow,2.61
EVT-00000961,2026-09-07T20:42:37-05:00,TANK_OUT_01_LEVEL,LOW_LEVEL,HIGH,Low level,4.18
EVT-00000962,2026-09-13T16:40:32-05:00,TANK_OUT_01_LEVEL,LOW_LEVEL,HIGH,Low level,13.99
EVT-00000963,2026-09-21T18:23:53-05:00,FILLER_01_CYCLE_FAULT,CYCLE_FAULT,HIGH,Cycle fault,1.00
EVT-00000964,2026-09-22T19:17:18-05:00,FILTER_01_DIFF_PRESSURE,HIGH_DIFF_PRESSURE,MEDIUM,High diff pressure,2.21
EVT-00000965,2026-09-03T13:54:34-05:00,TANK_IN_01_LEVEL,LOW_LEVEL,HIGH,Low level,3.37
EVT-00000966,2026-09-29T07:00:06-05:00,FILTER_01_DIFF_PRESSURE,HIGH_DIFF_PRESSURE,MEDIUM,High diff pressure,2.39
EVT-00000967,2026-09-22T19:28:59-05:00,FILLER_01_PRESSURE,LOW_PRESSURE,HIGH,Low pressure,0.54
EVT-00000968,2026-09-23T08:29:52-05:00,TANK_IN_01_LEVEL,HIGH_LEVEL,MEDIUM,High level,98.18
EVT-00000969,2026-09-16T12:18:41-05:00,TANK_IN_01_LEVEL,LOW_LEVEL,HIGH,Low level,11.71
EVT-00000970,2026-09-27T19:07:16-05:00,TANK_OUT_01_LEVEL,LOW_LEVEL,HIGH,Low level,6.30
EVT-00000971,2026-09-05T19:38:57-05:00,PUMP_01_FLOW,LOW_FLOW,HIGH,Low flow,16.99
EVT-00000972,2026-09-24T08:08:56-05:00,CONVEYOR_01_MOTOR_TEMP,HIGH_TEMPERATURE,LOW,High temperature,86.79
EVT-00000973,2026-09-11T20:41:34-05:00,COMPRESSOR_01_PRESSURE,LOW_PRESSURE,HIGH,Low pressure,3.19
EVT-00000974,2026-09-03T10:47:12-05:00,PUMP_01_MOTOR_FAULT,MOTOR_FAULT,CRITICAL,Motor fault,1.00
EVT-00000975,2026-09-17T12:33:21-05:00,TANK_OUT_01_LEVEL,LOW_LEVEL,HIGH,Low level,2.13
EVT-00000976,2026-09-19T09:02:16-05:00,TANK_OUT_01_LEVEL,LOW_LEVEL,HIGH,Low level,8.53
EVT-00000977,2026-09-25T07:52:23-05:00,PUMP_01_FLOW,LOW_FLOW,HIGH,Low flow,12.75
EVT-00000978,2026-09-04T10:09:28-05:00,FILLER_01_PRESSURE,LOW_PRESSURE,HIGH,Low pressure,1.40
EVT-00000979,2026-09-28T21:42:32-05:00,TANK_IN_01_LEVEL,LOW_LEVEL,HIGH,Low level,1.25
EVT-00000980,2026-09-16T12:37:33-05:00,PUMP_01_MOTOR_FAULT,MOTOR_FAULT,CRITICAL,Motor fault,1.00
EVT-00000981,2026-09-06T21:36:36-05:00,COMPRESSOR_01_PRESSURE,LOW_PRESSURE,HIGH,Low pressure,1.18
EVT-00000982,2026-09-30T18:59:54-05:00,TANK_OUT_01_LEVEL,LOW_LEVEL,HIGH,Low level,9.58
EVT-00000983,2026-09-08T13:34:39-05:00,PUMP_01_FLOW,LOW_FLOW,HIGH,Low flow,15.75
EVT-00000984,2026-09-01T16:24:16-05:00,FILTER_01_DIFF_PRESSURE,HIGH_DIFF_PRESSURE,MEDIUM,High diff pressure,2.55
EVT-00000985,2026-09-22T06:57:31-05:00,TANK_IN_01_LEVEL,HIGH_LEVEL,MEDIUM,High level,92.83
EVT-00000986,2026-09-17T06:50:09-05:00,PUMP_01_FLOW,LOW_FLOW,HIGH,Low flow,9.21
EVT-00000987,2026-09-15T21:45:56-05:00,TANK_IN_01_LEVEL,LOW_LEVEL,HIGH,Low level,6.78
EVT-00000988,2026-09-10T11:57:29-05:00,FILLER_01_CYCLE_FAULT,CYCLE_FAULT,HIGH,Cycle fault,1.00
EVT-00000989,2026-09-01T12:42:57-05:00,TANK_OUT_01_LEVEL,LOW_LEVEL,HIGH,Low level,5.10
EVT-00000990,2026-09-15T19:27:48-05:00,FILTER_01_DIFF_PRESSURE,HIGH_DIFF_PRESSURE,MEDIUM,High diff pressure,2.22
EVT-00000991,2026-09-19T14:58:52-05:00,FILTER_01_PRESSURE,HIGH_PRESSURE,HIGH,High pressure,7.10
EVT-00000992,2026-09-18T19:50:38-05:00,FILLER_01_CYCLE_FAULT,CYCLE_FAULT,HIGH,Cycle fault,1.00
EVT-00000993,2026-09-30T13:27:52-05:00,PUMP_01_FLOW,LOW_FLOW,HIGH,Low flow,1.48
EVT-00000994,2026-09-12T17:34:37-05:00,PUMP_01_FLOW,LOW_FLOW,HIGH,Low flow,18.19
EVT-00000995,2026-09-01T12:05:55-05:00,FILLER_01_PRESSURE,LOW_PRESSURE,HIGH,Low pressure,0.10
EVT-00000996,2026-09-13T21:27:20-05:00,FILLER_01_CYCLE_FAULT,CYCLE_FAULT,HIGH,Cycle fault,1.00
EVT-00000997,2026-09-17T10:20:08-05:00,TANK_IN_01_LEVEL,HIGH_LEVEL,MEDIUM,High level,95.29
EVT-00000998,2026-09-02T08:35:30-05:00,TANK_OUT_01_LEVEL,LOW_LEVEL,HIGH,Low level,6.73
EVT-00000999,2026-09-30T10:12:49-05:00,TANK_IN_01_LEVEL,HIGH_LEVEL,MEDIUM,High level,96.32
EVT-00001000,2026-09-15T14:20:45-05:00,FILTER_01_DIFF_PRESSURE,HIGH_DIFF_PRESSURE,MEDIUM,High diff pressure,1.81
EVT-00001001,2026-09-17T08:25:49-05:00,TANK_OUT_01_LEVEL,HIGH_LEVEL,MEDIUM,High level,89
EVT-00001002,2026-09-03T16:46:30-05:00,CONVEYOR_01_JAM,JAM,MEDIUM,Jam,1.00
EVT-00001003,2026-09-08T10:18:37-05:00,FILTER_01_DIFF_PRESSURE,HIGH_DIFF_PRESSURE,MEDIUM,High diff pressure,2.34
EVT-00001004,2026-09-11T20:34:42-05:00,PUMP_01_MOTOR_FAULT,MOTOR_FAULT,CRITICAL,Motor fault,1.00
EVT-00001005,2026-09-24T11:56:21-05:00,FILLER_01_PRESSURE,LOW_PRESSURE,HIGH,Low pressure,0.91
EVT-00001006,2026-09-08T07:21:34-05:00,FILTER_01_DIFF_PRESSURE,HIGH_DIFF_PRESSURE,MEDIUM,High diff pressure,2.11
EVT-00001007,2026-09-25T16:38:39-05:00,PUMP_01_FLOW,LOW_FLOW,HIGH,Low flow,3.23
EVT-00001008,2026-09-06T14:11:02-05:00,PUMP_01_FLOW,LOW_FLOW,HIGH,Low flow,10.54
EVT-00001009,2026-09-01T15:45:22-05:00,FILTER_01_DIFF_PRESSURE,HIGH_DIFF_PRESSURE,MEDIUM,High diff pressure,2.51
EVT-00001010,2026-09-07T14:13:36-05:00,COMPRESSOR_01_PRESSURE,LOW_PRESSURE,HIGH,Low pressure,2.57
EVT-00001011,2026-09-28T08:10:58-05:00,FILTER_01_PRESSURE,HIGH_PRESSURE,HIGH,High pressure,6.56
EVT-00001012,2026-09-22T11:32:17-05:00,PUMP_01_FLOW,LOW_FLOW,HIGH,Low flow,17.92
EVT-00001013,2026-09-20T06:44:03-05:00,FILLER_01_PRESSURE,LOW_PRESSURE,HIGH,Low pressure,0.65
EVT-00001014,2026-09-11T08:42:00-05:00,CONVEYOR_01_JAM,JAM,MEDIUM,Jam,1.00
EVT-00001015,2026-09-12T13:12:48-05:00,FILLER_01_PRESSURE,LOW_PRESSURE,HIGH,Low pressure,1.41
EVT-00001016,2026-09-10T10:44:10-05:00,TANK_IN_01_LEVEL,LOW_LEVEL,HIGH,Low level,4.56
EVT-00001017,2026-09-13T21:33:27-05:00,TANK_IN_01_LEVEL,LOW_LEVEL,HIGH,Low level,10.26
EVT-00001018,2026-09-18T10:32:54-05:00,TANK_OUT_01_LEVEL,LOW_LEVEL,HIGH,Low level,2.93
EVT-00001019,2026-09-26T20:27:03-05:00,FILTER_01_PRESSURE,HIGH_PRESSURE,HIGH,High pressure,6.81
EVT-00001020,2026-09-02T21:06:59-05:00,PUMP_01_FLOW,LOW_FLOW,HIGH,Low flow,16.99
EVT-00001021,2026-09-05T09:36:24-05:00,COMPRESSOR_01_TEMP,HIGH_TEMPERATURE,HIGH,High temperature,112.40
EVT-00001022,2026-09-01T16:36:03-05:00,FILTER_01_DIFF_PRESSURE,HIGH_DIFF_PRESSURE,MEDIUM,High diff pressure,2.26
EVT-00001023,2026-09-03T06:23:48-05:00,COMPRESSOR_01_PRESSURE,LOW_PRESSURE,HIGH,Low pressure,1.33
EVT-00001024,2026-09-21T14:04:20-05:00,PUMP_01_FLOW,LOW_FLOW,HIGH,Low flow,17.57
EVT-00001025,2026-09-29T21:25:27-05:00,PUMP_01_FLOW,LOW_FLOW,HIGH,Low flow,17.98
EVT-00001026,2026-09-04T06:46:38-05:00,CONVEYOR_01_JAM,JAM,MEDIUM,Jam,1.00
EVT-00001027,2026-09-30T16:26:50-05:00,TANK_IN_01_LEVEL,LOW_LEVEL,HIGH,Low level,9.87
EVT-00001028,2026-09-13T15:01:54-05:00,CONVEYOR_01_JAM,JAM,MEDIUM,Jam,1.00
EVT-00001029,2026-09-22T09:08:45-05:00,FILTER_01_DIFF_PRESSURE,HIGH_DIFF_PRESSURE,MEDIUM,High diff pressure,2.50
EVT-00001030,2026-09-06T11:00:21-05:00,PUMP_01_FLOW,LOW_FLOW,HIGH,Low flow,6.73
EVT-00001031,2026-09-08T06:37:50-05:00,FILTER_01_DIFF_PRESSURE,HIGH_DIFF_PRESSURE,MEDIUM,High diff pressure,2.22
EVT-00001032,2026-09-16T13:30:00-05:00,FILLER_01_PRESSURE,LOW_PRESSURE,HIGH,Low pressure,1.50
EVT-00001033,2026-09-03T11:05:35-05:00,FILTER_01_PRESSURE,HIGH_PRESSURE,HIGH,High pressure,8.06
EVT-00001034,2026-09-07T17:41:56-05:00,PUMP_01_FLOW,LOW_FLOW,HIGH,Low flow,17.32
EVT-00001035,2026-09-21T20:36:10-05:00,TANK_OUT_01_LEVEL,LOW_LEVEL,HIGH,Low level,12.13
EVT-00001036,2026-09-13T20:14:03-05:00,CONVEYOR_01_JAM,JAM,MEDIUM,Jam,1.00
EVT-00001037,2026-09-26T14:49:23-05:00,FILTER_01_PRESSURE,HIGH_PRESSURE,HIGH,High pressure,7.86
EVT-00001038,2026-09-17T11:51:16-05:00,COMPRESSOR_01_PRESSURE,LOW_PRESSURE,HIGH,Low pressure,2.98
EVT-00001039,2026-09-01T11:48:17-05:00,PUMP_01_MOTOR_FAULT,MOTOR_FAULT,CRITICAL,Motor fault,1.00
EVT-00001040,2026-09-26T20:10:22-05:00,TANK_IN_01_LEVEL,LOW_LEVEL,HIGH,Low level,6.75
EVT-00001041,2026-09-16T15:38:16-05:00,TANK_IN_01_LEVEL,LOW_LEVEL,HIGH,Low level,8.32
EVT-00001042,2026-09-08T08:54:21-05:00,FILLER_01_CYCLE_FAULT,CYCLE_FAULT,HIGH,Cycle fault,1.00
EVT-00001043,2026-09-08T10:51:07-05:00,PUMP_01_MOTOR_FAULT,MOTOR_FAULT,CRITICAL,Motor fault,1.00
EVT-00001044,2026-09-08T16:28:48-05:00,FILLER_01_CYCLE_FAULT,CYCLE_FAULT,HIGH,Cycle fault,1.00
EVT-00001045,2026-09-08T09:12:20-05:00,FILTER_01_DIFF_PRESSURE,HIGH_DIFF_PRESSURE,MEDIUM,High diff pressure,2.20
EVT-00001046,2026-09-26T19:26:12-05:00,TANK_OUT_01_LEVEL,HIGH_LEVEL,MEDIUM,High level,98.14
EVT-00001047,2026-09-29T06:30:48-05:00,FILTER_01_DIFF_PRESSURE,HIGH_DIFF_PRESSURE,MEDIUM,High diff pressure,2.50
EVT-00001048,2026-09-19T08:35:12-05:00,COMPRESSOR_01_PRESSURE,LOW_PRESSURE,HIGH,Low pressure,3.88
EVT-00001049,2026-09-27T20:45:10-05:00,COMPRESSOR_01_PRESSURE,LOW_PRESSURE,HIGH,Low pressure,3.52
EVT-00001050,2026-09-06T14:55:41-05:00,TANK_OUT_01_LEVEL,LOW_LEVEL,HIGH,Low level,1.77
EVT-00001051,2026-09-08T16:57:10-05:00,TANK_IN_01_LEVEL,LOW_LEVEL,CRITICAL,Low level,5.48
EVT-00001052,2026-09-16T06:00:44-05:00,TANK_IN_01_LEVEL,LOW_LEVEL,HIGH,Low level,7.79
EVT-00001053,2026-09-07T20:40:51-05:00,COMPRESSOR_01_PRESSURE,LOW_PRESSURE,HIGH,Low pressure,1.66
EVT-00001054,2026-09-08T20:36:27-05:00,FILTER_01_DIFF_PRESSURE,HIGH_DIFF_PRESSURE,MEDIUM,High diff pressure,2.42
EVT-00001055,2026-09-05T16:40:44-05:00,TANK_IN_01_LEVEL,LOW_LEVEL,HIGH,Low level,3.90
EVT-00001056,2026-09-28T15:34:51-05:00,FILLER_01_CYCLE_FAULT,CYCLE_FAULT,HIGH,Cycle fault,1.00
EVT-00001057,2026-09-12T18:49:32-05:00,COMPRESSOR_01_PRESSURE,LOW_PRESSURE,HIGH,Low pressure,4.39
EVT-00001058,2026-09-01T12:07:36-05:00,FILTER_01_DIFF_PRESSURE,HIGH_DIFF_PRESSURE,MEDIUM,High diff pressure,2.37
EVT-00001059,2026-09-08T19:19:55-05:00,FILTER_01_DIFF_PRESSURE,HIGH_DIFF_PRESSURE,MEDIUM,High diff pressure,2.71
EVT-00001060,2026-09-16T17:49:04-05:00,CONVEYOR_01_JAM,JAM,MEDIUM,Jam,1.00
EVT-00001061,2026-09-18T18:37:33-05:00,PUMP_01_FLOW,LOW_FLOW,HIGH,Low flow,13.56
EVT-00001062,2026-09-08T18:06:56-05:00,FILLER_01_CYCLE_FAULT,CYCLE_FAULT,HIGH,Cycle fault,1.00
EVT-00001063,2026-09-15T08:19:05-05:00,FILTER_01_DIFF_PRESSURE,HIGH_DIFF_PRESSURE,MEDIUM,High diff pressure,2.05
EVT-00001064,2026-09-23T16:25:41-05:00,FILLER_01_CYCLE_FAULT,CYCLE_FAULT,HIGH,Cycle fault,1.00
EVT-00001065,2026-09-25T16:19:50-05:00,CONVEYOR_01_MOTOR_TEMP,HIGH_TEMPERATURE,LOW,High temperature,71.66
EVT-00001066,2026-09-11T20:43:25-05:00,PUMP_01_FLOW,LOW_FLOW,HIGH,Low flow,13.52
EVT-00001067,2026-09-19T07:53:42-05:00,PUMP_01_FLOW,LOW_FLOW,HIGH,Low flow,11.16
EVT-00001068,2026-09-24T07:24:59-05:00,PUMP_01_FLOW,LOW_FLOW,HIGH,Low flow,5.87
EVT-00001069,2026-09-15T09:03:22-05:00,FILTER_01_DIFF_PRESSURE,HIGH_DIFF_PRESSURE,MEDIUM,High diff pressure,1.82
EVT-00001070,2026-09-22T17:38:04-05:00,CONVEYOR_01_JAM,JAM,MEDIUM,Jam,1.00
EVT-00001071,2026-09-15T09:49:01-05:00,FILTER_01_DIFF_PRESSURE,HIGH_DIFF_PRESSURE,MEDIUM,High diff pressure,2.23
EVT-00001072,2026-09-12T10:40:20-05:00,FILLER_01_PRESSURE,LOW_PRESSURE,HIGH,Low pressure,0.37
EVT-00001073,2026-09-02T13:01:32-05:00,FILLER_01_PRESSURE,LOW_PRESSURE,HIGH,Low pressure,1.22
EVT-00001074,2026-09-06T13:32:13-05:00,FILLER_01_CYCLE_FAULT,CYCLE_FAULT,HIGH,Cycle fault,1.00
EVT-00001075,2026-09-12T15:56:24-05:00,COMPRESSOR_01_PRESSURE,LOW_PRESSURE,HIGH,Low pressure,2.92
EVT-00001076,2026-09-16T20:21:30-05:00,TANK_IN_01_LEVEL,HIGH_LEVEL,MEDIUM,High level,96.91
EVT-00001077,2026-09-22T10:06:23-05:00,FILLER_01_PRESSURE,LOW_PRESSURE,HIGH,Low pressure,0.51
EVT-00001078,2026-09-01T11:22:07-05:00,FILTER_01_DIFF_PRESSURE,HIGH_DIFF_PRESSURE,MEDIUM,High diff pressure,1.65
EVT-00001079,2026-09-01T07:21:02-05:00,FILTER_01_DIFF_PRESSURE,HIGH_DIFF_PRESSURE,MEDIUM,High diff pressure,2.47
EVT-00001080,2026-09-13T08:55:45-05:00,PUMP_01_FLOW,LOW_FLOW,HIGH,Low flow,15.99
EVT-00001081,2026-09-29T07:41:41-05:00,TANK_IN_01_LEVEL,LOW_LEVEL,HIGH,Low level,7.92
EVT-00001082,2026-09-20T14:47:16-05:00,TANK_OUT_01_LEVEL,HIGH_LEVEL,MEDIUM,High level,98.21
EVT-00001083,2026-09-21T09:00:13-05:00,TANK_IN_01_LEVEL,LOW_LEVEL,HIGH,Low level,13.43
EVT-00001084,2026-09-06T06:58:29-05:00,COMPRESSOR_01_PRESSURE,LOW_PRESSURE,HIGH,Low pressure,1.51
EVT-00001085,2026-09-08T13:27:02-05:00,FILTER_01_DIFF_PRESSURE,HIGH_DIFF_PRESSURE,MEDIUM,High diff pressure,2.98
EVT-00001086,2026-09-10T11:24:50-05:00,PUMP_01_MOTOR_FAULT,MOTOR_FAULT,CRITICAL,Motor fault,1.00
EVT-00001087,2026-09-13T16:24:31-05:00,TANK_IN_01_LEVEL,HIGH_LEVEL,MEDIUM,High level,96.62
EVT-00001088,2026-09-05T06:59:32-05:00,CONVEYOR_01_JAM,JAM,MEDIUM,Jam,1.00
EVT-00001089,2026-09-03T11:21:43-05:00,TANK_IN_01_LEVEL,LOW_LEVEL,HIGH,Low level,13.80
EVT-00001090,2026-09-07T07:45:56-05:00,TANK_OUT_01_LEVEL,HIGH_LEVEL,MEDIUM,High level,91.26
EVT-00001091,2026-09-21T11:18:44-05:00,PUMP_01_FLOW,LOW_FLOW,HIGH,Low flow,2.67
EVT-00001092,2026-09-04T11:36:48-05:00,FILTER_01_PRESSURE,HIGH_PRESSURE,HIGH,High pressure,8.13
EVT-00001093,2026-09-29T18:02:01-05:00,FILTER_01_PRESSURE,HIGH_PRESSURE,HIGH,High pressure,7.45
EVT-00001094,2026-09-18T13:03:16-05:00,TANK_IN_01_LEVEL,HIGH_LEVEL,MEDIUM,High level,92.89
EVT-00001095,2026-09-22T12:43:29-05:00,FILTER_01_DIFF_PRESSURE,HIGH_DIFF_PRESSURE,MEDIUM,High diff pressure,2.07
EVT-00001096,2026-09-15T14:00:18-05:00,FILTER_01_DIFF_PRESSURE,HIGH_DIFF_PRESSURE,MEDIUM,High diff pressure,2.79
EVT-00001097,2026-09-27T10:53:20-05:00,PUMP_01_MOTOR_FAULT,MOTOR_FAULT,CRITICAL,Motor fault,1.00
EVT-00001098,2026-09-23T18:09:03-05:00,PUMP_01_FLOW,LOW_FLOW,HIGH,Low flow,2.98
EVT-00001099,2026-09-12T20:42:44-05:00,TANK_IN_01_LEVEL,LOW_LEVEL,HIGH,Low level,12.08
EVT-00001100,2026-09-29T10:08:30-05:00,FILTER_01_DIFF_PRESSURE,HIGH_DIFF_PRESSURE,MEDIUM,High diff pressure,1.75
EVT-00001101,2026-09-27T15:30:47-05:00,CONVEYOR_01_JAM,JAM,MEDIUM,Jam,0
EVT-00001102,2026-09-22T21:46:52-05:00,COMPRESSOR_01_PRESSURE,LOW_PRESSURE,HIGH,Low pressure,3.43
EVT-00001103,2026-09-08T14:40:12-05:00,TANK_OUT_01_LEVEL,LOW_LEVEL,HIGH,Low level,7.12
EVT-00001104,2026-09-29T21:32:43-05:00,TANK_IN_01_LEVEL,LOW_LEVEL,HIGH,Low level,1.71
EVT-00001105,2026-09-29T15:24:30-05:00,TANK_OUT_01_LEVEL,LOW_LEVEL,HIGH,Low level,12.70
EVT-00001106,2026-09-20T08:41:03-05:00,FILLER_01_PRESSURE,LOW_PRESSURE,HIGH,Low pressure,0.40
EVT-00001107,2026-09-15T09:08:49-05:00,COMPRESSOR_01_PRESSURE,LOW_PRESSURE,HIGH,Low pressure,1.85
EVT-00001108,2026-09-26T09:30:30-05:00,COMPRESSOR_01_TEMP,HIGH_TEMPERATURE,HIGH,High temperature,101.16
EVT-00001109,2026-09-03T18:26:09-05:00,TANK_IN_01_LEVEL,LOW_LEVEL,HIGH,Low level,9.91
EVT-00001110,2026-09-27T17:25:05-05:00,PUMP_01_FLOW,LOW_FLOW,HIGH,Low flow,4.02
EVT-00001111,2026-09-09T11:49:15-05:00,CONVEYOR_01_JAM,JAM,MEDIUM,Jam,1.00
EVT-00001112,2026-09-18T13:14:01-05:00,TANK_IN_01_LEVEL,LOW_LEVEL,HIGH,Low level,12.30
EVT-00001113,2026-09-15T15:27:38-05:00,FILTER_01_DIFF_PRESSURE,HIGH_DIFF_PRESSURE,MEDIUM,High diff pressure,2.77
EVT-00001114,2026-09-01T20:19:07-05:00,COMPRESSOR_01_PRESSURE,LOW_PRESSURE,HIGH,Low pressure,4.58
EVT-00001115,2026-09-17T20:13:48-05:00,FILLER_01_PRESSURE,LOW_PRESSURE,HIGH,Low pressure,1.17
EVT-00001116,2026-09-05T08:41:52-05:00,TANK_IN_01_LEVEL,HIGH_LEVEL,MEDIUM,High level,96.80
EVT-00001117,2026-09-25T07:49:26-05:00,TANK_OUT_01_LEVEL,HIGH_LEVEL,MEDIUM,High level,92.08
EVT-00001118,2026-09-04T20:18:14-05:00,TANK_OUT_01_LEVEL,LOW_LEVEL,HIGH,Low level,6.85
EVT-00001119,2026-09-29T12:15:35-05:00,CONVEYOR_01_MOTOR_TEMP,HIGH_TEMPERATURE,LOW,High temperature,88.97
EVT-00001120,2026-09-22T17:55:12-05:00,FILTER_01_DIFF_PRESSURE,HIGH_DIFF_PRESSURE,MEDIUM,High diff pressure,2.84
EVT-00001121,2026-09-16T06:40:55-05:00,TANK_OUT_01_LEVEL,LOW_LEVEL,HIGH,Low level,4.52
EVT-00001122,2026-09-08T17:15:17-05:00,FILTER_01_DIFF_PRESSURE,HIGH_DIFF_PRESSURE,MEDIUM,High diff pressure,2.62
EVT-00001123,2026-09-29T12:02:04-05:00,TANK_IN_01_LEVEL,LOW_LEVEL,HIGH,Low level,5.86
EVT-00001124,2026-09-16T10:53:21-05:00,TANK_IN_01_LEVEL,LOW_LEVEL,HIGH,Low level,8.62
EVT-00001125,2026-09-27T20:26:52-05:00,TANK_IN_01_LEVEL,LOW_LEVEL,HIGH,Low level,7.20
EVT-00001126,2026-09-22T21:37:25-05:00,FILTER_01_DIFF_PRESSURE,HIGH_DIFF_PRESSURE,MEDIUM,High diff pressure,1.85
EVT-00001127,2026-09-08T08:26:47-05:00,COMPRESSOR_01_TEMP,HIGH_TEMPERATURE,HIGH,High temperature,108.30
EVT-00001128,2026-09-15T20:05:26-05:00,COMPRESSOR_01_TEMP,HIGH_TEMPERATURE,HIGH,High temperature,109.14
EVT-00001129,2026-09-14T17:00:47-05:00,PUMP_01_MOTOR_FAULT,MOTOR_FAULT,CRITICAL,Motor fault,1.00
EVT-00001130,2026-09-07T20:59:59-05:00,PUMP_01_FLOW,LOW_FLOW,HIGH,Low flow,9.33
EVT-00001131,2026-09-25T15:24:09-05:00,FILLER_01_CYCLE_FAULT,CYCLE_FAULT,HIGH,Cycle fault,1.00
EVT-00001132,2026-09-17T20:24:31-05:00,CONVEYOR_01_JAM,JAM,MEDIUM,Jam,1.00
EVT-00001133,2026-09-23T15:13:33-05:00,TANK_IN_01_LEVEL,LOW_LEVEL,HIGH,Low level,9.26
EVT-00001134,2026-09-28T15:32:39-05:00,PUMP_01_FLOW,LOW_FLOW,HIGH,Low flow,19.00
EVT-00001135,2026-09-06T09:30:32-05:00,TANK_OUT_01_LEVEL,LOW_LEVEL,HIGH,Low level,5.11
EVT-00001136,2026-09-08T06:36:07-05:00,CONVEYOR_01_JAM,JAM,MEDIUM,Jam,1.00
EVT-00001137,2026-09-12T18:49:38-05:00,TANK_IN_01_LEVEL,LOW_LEVEL,HIGH,Low level,5.07
EVT-00001138,2026-09-22T15:11:43-05:00,FILTER_01_DIFF_PRESSURE,HIGH_DIFF_PRESSURE,MEDIUM,High diff pressure,2.61
EVT-00001139,2026-09-04T18:24:01-05:00,FILLER_01_PRESSURE,LOW_PRESSURE,HIGH,Low pressure,0.17
EVT-00001140,2026-09-16T16:48:51-05:00,PUMP_01_FLOW,LOW_FLOW,HIGH,Low flow,10.13
EVT-00001141,2026-09-28T14:38:22-05:00,PUMP_01_FLOW,LOW_FLOW,HIGH,Low flow,13.01
EVT-00001142,2026-09-12T08:58:36-05:00,TANK_OUT_01_LEVEL,LOW_LEVEL,HIGH,Low level,6.29
EVT-00001143,2026-09-23T07:38:43-05:00,FILLER_01_CYCLE_FAULT,CYCLE_FAULT,HIGH,Cycle fault,1.00
EVT-00001144,2026-09-02T08:57:56-05:00,TANK_IN_01_LEVEL,LOW_LEVEL,HIGH,Low level,12.71
EVT-00001145,2026-09-07T21:36:11-05:00,FILLER_01_CYCLE_FAULT,CYCLE_FAULT,HIGH,Cycle fault,1.00
EVT-00001146,2026-09-22T09:45:48-05:00,FILLER_01_PRESSURE,LOW_PRESSURE,HIGH,Low pressure,0.78
EVT-00001147,2026-09-17T06:21:54-05:00,FILLER_01_PRESSURE,LOW_PRESSURE,HIGH,Low pressure,1.84
EVT-00001148,2026-09-30T08:24:31-05:00,TANK_IN_01_LEVEL,LOW_LEVEL,HIGH,Low level,4.54
EVT-00001149,2026-09-01T10:04:24-05:00,TANK_OUT_01_LEVEL,HIGH_LEVEL,MEDIUM,High level,93.58
EVT-00001150,2026-09-10T18:58:30-05:00,FILLER_01_PRESSURE,LOW_PRESSURE,HIGH,Low pressure,1.74
EVT-00001151,2026-09-22T21:30:09-05:00,FILTER_01_DIFF_PRESSURE,HIGH_DIFF_PRESSURE,HIGH,High diff pressure,2.49
EVT-00001152,2026-09-07T14:29:45-05:00,FILTER_01_PRESSURE,HIGH_PRESSURE,HIGH,High pressure,7.64
EVT-00001153,2026-09-27T17:21:08-05:00,FILLER_01_PRESSURE,LOW_PRESSURE,HIGH,Low pressure,1.11
EVT-00001154,2026-09-01T15:18:42-05:00,TANK_OUT_01_LEVEL,HIGH_LEVEL,MEDIUM,High level,97.78
EVT-00001155,2026-09-27T12:48:45-05:00,COMPRESSOR_01_PRESSURE,LOW_PRESSURE,HIGH,Low pressure,3.87
EVT-00001156,2026-09-20T11:08:45-05:00,FILLER_01_PRESSURE,LOW_PRESSURE,HIGH,Low pressure,0.86
EVT-00001157,2026-09-16T07:09:43-05:00,FILLER_01_PRESSURE,LOW_PRESSURE,HIGH,Low pressure,0.96
EVT-00001158,2026-09-21T11:55:08-05:00,COMPRESSOR_01_TEMP,HIGH_TEMPERATURE,HIGH,High temperature,107.34
EVT-00001159,2026-09-23T17:51:34-05:00,PUMP_01_MOTOR_FAULT,MOTOR_FAULT,CRITICAL,Motor fault,1.00
EVT-00001160,2026-09-17T19:56:06-05:00,PUMP_01_FLOW,LOW_FLOW,HIGH,Low flow,5.92
EVT-00001161,2026-09-26T21:36:25-05:00,COMPRESSOR_01_PRESSURE,LOW_PRESSURE,HIGH,Low pressure,4.07
EVT-00001162,2026-09-15T18:23:34-05:00,FILTER_01_DIFF_PRESSURE,HIGH_DIFF_PRESSURE,MEDIUM,High diff pressure,1.95
EVT-00001163,2026-09-21T15:03:15-05:00,FILLER_01_PRESSURE,LOW_PRESSURE,HIGH,Low pressure,0.85
EVT-00001164,2026-09-14T13:21:55-05:00,PUMP_01_MOTOR_FAULT,MOTOR_FAULT,CRITICAL,Motor fault,1.00
EVT-00001165,2026-09-19T18:53:24-05:00,FILLER_01_CYCLE_FAULT,CYCLE_FAULT,HIGH,Cycle fault,1.00
EVT-00001166,2026-09-08T18:29:38-05:00,FILTER_01_DIFF_PRESSURE,HIGH_DIFF_PRESSURE,MEDIUM,High diff pressure,2.96
EVT-00001167,2026-09-16T18:13:51-05:00,FILLER_01_PRESSURE,LOW_PRESSURE,HIGH,Low pressure,1.01
EVT-00001168,2026-09-28T09:05:40-05:00,TANK_OUT_01_LEVEL,LOW_LEVEL,HIGH,Low level,12.43
EVT-00001169,2026-09-04T14:34:13-05:00,PUMP_01_FLOW,LOW_FLOW,HIGH,Low flow,3.62
EVT-00001170,2026-09-24T20:42:55-05:00,FILLER_01_CYCLE_FAULT,CYCLE_FAULT,HIGH,Cycle fault,1.00
EVT-00001171,2026-09-29T12:06:36-05:00,COMPRESSOR_01_PRESSURE,LOW_PRESSURE,HIGH,Low pressure,4.35
EVT-00001172,2026-09-12T10:03:56-05:00,TANK_IN_01_LEVEL,LOW_LEVEL,HIGH,Low level,7.28
EVT-00001173,2026-09-15T12:45:58-05:00,FILTER_01_DIFF_PRESSURE,HIGH_DIFF_PRESSURE,MEDIUM,High diff pressure,2.26
EVT-00001174,2026-09-15T21:29:45-05:00,TANK_OUT_01_LEVEL,HIGH_LEVEL,MEDIUM,High level,92.20
EVT-00001175,2026-09-28T17:32:55-05:00,FILTER_01_PRESSURE,HIGH_PRESSURE,HIGH,High pressure,6.46
EVT-00001176,2026-09-07T15:06:39-05:00,FILTER_01_PRESSURE,HIGH_PRESSURE,HIGH,High pressure,6.71
EVT-00001177,2026-09-13T15:38:43-05:00,CONVEYOR_01_MOTOR_TEMP,HIGH_TEMPERATURE,LOW,High temperature,77.11
EVT-00001178,2026-09-08T08:30:02-05:00,FILTER_01_DIFF_PRESSURE,HIGH_DIFF_PRESSURE,MEDIUM,High diff pressure,2.11
EVT-00001179,2026-09-29T14:19:47-05:00,FILTER_01_DIFF_PRESSURE,HIGH_DIFF_PRESSURE,MEDIUM,High diff pressure,1.96
EVT-00001180,2026-09-08T20:10:48-05:00,FILTER_01_DIFF_PRESSURE,HIGH_DIFF_PRESSURE,MEDIUM,High diff pressure,1.80
EVT-00001181,2026-09-21T09:13:08-05:00,TANK_OUT_01_LEVEL,LOW_LEVEL,HIGH,Low level,7.41
EVT-00001182,2026-09-01T14:13:45-05:00,FILLER_01_PRESSURE,LOW_PRESSURE,HIGH,Low pressure,0.80
EVT-00001183,2026-09-25T09:04:09-05:00,PUMP_01_FLOW,LOW_FLOW,HIGH,Low flow,12.80
EVT-00001184,2026-09-16T20:17:39-05:00,FILLER_01_CYCLE_FAULT,CYCLE_FAULT,HIGH,Cycle fault,1.00
EVT-00001185,2026-09-14T17:31:56-05:00,PUMP_01_FLOW,LOW_FLOW,HIGH,Low flow,9.79
EVT-00001186,2026-09-22T12:58:41-05:00,FILTER_01_DIFF_PRESSURE,HIGH_DIFF_PRESSURE,MEDIUM,High diff pressure,1.61
EVT-00001187,2026-09-07T19:18:04-05:00,TANK_IN_01_LEVEL,LOW_LEVEL,HIGH,Low level,8.64
EVT-00001188,2026-09-29T11:51:56-05:00,COMPRESSOR_01_PRESSURE,LOW_PRESSURE,HIGH,Low pressure,4.87
EVT-00001189,2026-09-07T06:19:34-05:00,CONVEYOR_01_JAM,JAM,MEDIUM,Jam,1.00
EVT-00001190,2026-09-08T10:07:08-05:00,FILLER_01_PRESSURE,LOW_PRESSURE,HIGH,Low pressure,1.87
EVT-00001191,2026-09-10T08:20:49-05:00,CONVEYOR_01_MOTOR_TEMP,HIGH_TEMPERATURE,LOW,High temperature,73.10
EVT-00001192,2026-09-29T11:34:21-05:00,FILTER_01_DIFF_PRESSURE,HIGH_DIFF_PRESSURE,MEDIUM,High diff pressure,2.02
EVT-00001193,2026-09-02T11:25:42-05:00,TANK_IN_01_LEVEL,LOW_LEVEL,HIGH,Low level,6.95
EVT-00001194,2026-09-17T16:51:23-05:00,FILTER_01_PRESSURE,HIGH_PRESSURE,HIGH,High pressure,8.78
EVT-00001195,2026-09-08T12:14:21-05:00,FILTER_01_DIFF_PRESSURE,HIGH_DIFF_PRESSURE,MEDIUM,High diff pressure,2.85
EVT-00001196,2026-09-08T09:00:05-05:00,FILTER_01_DIFF_PRESSURE,HIGH_DIFF_PRESSURE,MEDIUM,High diff pressure,2.63
EVT-00001197,2026-09-08T19:14:15-05:00,TANK_IN_01_LEVEL,LOW_LEVEL,HIGH,Low level,3.68
EVT-00001198,2026-09-01T16:44:06-05:00,PUMP_01_FLOW,LOW_FLOW,HIGH,Low flow,11.33
EVT-00001199,2026-09-12T18:56:43-05:00,PUMP_01_FLOW,LOW_FLOW,HIGH,Low flow,14.32
EVT-00001200,2026-09-13T21:57:25-05:00,CONVEYOR_01_JAM,JAM,MEDIUM,Jam,1.00
EVT-00001201,2026-09-20T06:53:04-05:00,FILLER_01_CYCLE_FAULT,CYCLE_FAULT,HIGH,Cycle fault,0
EVT-00001202,2026-09-21T21:13:15-05:00,FILLER_01_PRESSURE,LOW_PRESSURE,HIGH,Low pressure,0.15
EVT-00001203,2026-09-04T13:35:13-05:00,TANK_IN_01_LEVEL,LOW_LEVEL,HIGH,Low level,10.09
EVT-00001204,2026-09-29T10:36:03-05:00,FILTER_01_DIFF_PRESSURE,HIGH_DIFF_PRESSURE,MEDIUM,High diff pressure,2.81
EVT-00001205,2026-09-07T18:39:20-05:00,FILLER_01_PRESSURE,LOW_PRESSURE,HIGH,Low pressure,1.85
EVT-00001206,2026-09-10T13:39:42-05:00,FILLER_01_PRESSURE,LOW_PRESSURE,HIGH,Low pressure,1.79
EVT-00001207,2026-09-17T10:54:53-05:00,TANK_IN_01_LEVEL,HIGH_LEVEL,MEDIUM,High level,97.37
EVT-00001208,2026-09-05T13:37:28-05:00,TANK_OUT_01_LEVEL,HIGH_LEVEL,MEDIUM,High level,92.07
EVT-00001209,2026-09-20T08:08:35-05:00,TANK_OUT_01_LEVEL,LOW_LEVEL,HIGH,Low level,6.78
EVT-00001210,2026-09-04T15:03:39-05:00,TANK_IN_01_LEVEL,HIGH_LEVEL,MEDIUM,High level,93.03
EVT-00001211,2026-09-25T10:47:15-05:00,FILLER_01_PRESSURE,LOW_PRESSURE,HIGH,Low pressure,1.43
EVT-00001212,2026-09-12T18:48:20-05:00,COMPRESSOR_01_TEMP,HIGH_TEMPERATURE,HIGH,High temperature,112.78
EVT-00001213,2026-09-01T15:58:42-05:00,FILTER_01_DIFF_PRESSURE,HIGH_DIFF_PRESSURE,MEDIUM,High diff pressure,2.87
EVT-00001214,2026-09-23T14:45:00-05:00,COMPRESSOR_01_PRESSURE,LOW_PRESSURE,HIGH,Low pressure,2.69
EVT-00001215,2026-09-01T18:13:36-05:00,PUMP_01_FLOW,LOW_FLOW,HIGH,Low flow,2.82
EVT-00001216,2026-09-27T16:27:07-05:00,COMPRESSOR_01_PRESSURE,LOW_PRESSURE,HIGH,Low pressure,4.42
EVT-00001217,2026-09-03T20:11:27-05:00,TANK_OUT_01_LEVEL,LOW_LEVEL,HIGH,Low level,11.47
EVT-00001218,2026-09-24T07:50:38-05:00,TANK_IN_01_LEVEL,LOW_LEVEL,HIGH,Low level,6.24
EVT-00001219,2026-09-15T11:23:20-05:00,FILLER_01_PRESSURE,LOW_PRESSURE,HIGH,Low pressure,0.77
EVT-00001220,2026-09-04T20:48:12-05:00,FILTER_01_PRESSURE,HIGH_PRESSURE,HIGH,High pressure,6.99
EVT-00001221,2026-09-28T11:17:22-05:00,CONVEYOR_01_MOTOR_TEMP,HIGH_TEMPERATURE,LOW,High temperature,78.37
EVT-00001222,2026-09-11T13:45:18-05:00,CONVEYOR_01_JAM,JAM,MEDIUM,Jam,1.00
EVT-00001223,2026-09-25T06:50:07-05:00,TANK_IN_01_LEVEL,HIGH_LEVEL,MEDIUM,High level,91.09
EVT-00001224,2026-09-22T17:46:54-05:00,CONVEYOR_01_MOTOR_TEMP,HIGH_TEMPERATURE,LOW,High temperature,74.49
EVT-00001225,2026-09-22T17:19:10-05:00,FILTER_01_DIFF_PRESSURE,HIGH_DIFF_PRESSURE,MEDIUM,High diff pressure,2.28
EVT-00001226,2026-09-03T12:47:00-05:00,CONVEYOR_01_MOTOR_TEMP,HIGH_TEMPERATURE,LOW,High temperature,87.69
EVT-00001227,2026-09-01T13:17:45-05:00,FILTER_01_DIFF_PRESSURE,HIGH_DIFF_PRESSURE,MEDIUM,High diff pressure,2.62
EVT-00001228,2026-09-09T21:12:48-05:00,COMPRESSOR_01_PRESSURE,LOW_PRESSURE,HIGH,Low pressure,2.97
EVT-00001229,2026-09-16T20:33:42-05:00,FILLER_01_PRESSURE,LOW_PRESSURE,HIGH,Low pressure,1.17
EVT-00001230,2026-09-26T09:02:10-05:00,FILLER_01_PRESSURE,LOW_PRESSURE,HIGH,Low pressure,0.38
EVT-00001231,2026-09-24T07:04:03-05:00,PUMP_01_FLOW,LOW_FLOW,HIGH,Low flow,18.29
EVT-00001232,2026-09-14T16:45:15-05:00,PUMP_01_FLOW,LOW_FLOW,HIGH,Low flow,10.88
EVT-00001233,2026-09-22T13:58:35-05:00,CONVEYOR_01_JAM,JAM,MEDIUM,Jam,1.00
EVT-00001234,2026-09-25T12:31:41-05:00,FILLER_01_PRESSURE,LOW_PRESSURE,HIGH,Low pressure,1.66
EVT-00001235,2026-09-22T21:15:54-05:00,TANK_IN_01_LEVEL,LOW_LEVEL,HIGH,Low level,3.67
EVT-00001236,2026-09-16T08:03:21-05:00,FILTER_01_PRESSURE,HIGH_PRESSURE,HIGH,High pressure,8.20
EVT-00001237,2026-09-01T10:45:45-05:00,FILTER_01_DIFF_PRESSURE,HIGH_DIFF_PRESSURE,MEDIUM,High diff pressure,2.40
EVT-00001238,2026-09-28T18:20:28-05:00,TANK_IN_01_LEVEL,LOW_LEVEL,HIGH,Low level,11.74
EVT-00001239,2026-09-19T19:10:33-05:00,FILLER_01_CYCLE_FAULT,CYCLE_FAULT,HIGH,Cycle fault,1.00
EVT-00001240,2026-09-22T21:53:42-05:00,COMPRESSOR_01_TEMP,HIGH_TEMPERATURE,HIGH,High temperature,109.85
EVT-00001241,2026-09-23T18:45:13-05:00,TANK_OUT_01_LEVEL,LOW_LEVEL,HIGH,Low level,13.66
EVT-00001242,2026-09-22T19:13:41-05:00,TANK_IN_01_LEVEL,HIGH_LEVEL,MEDIUM,High level,93.54
EVT-00001243,2026-09-22T18:18:41-05:00,FILTER_01_PRESSURE,HIGH_PRESSURE,HIGH,High pressure,8.07
EVT-00001244,2026-09-27T16:09:51-05:00,PUMP_01_FLOW,LOW_FLOW,HIGH,Low flow,13.55
EVT-00001245,2026-09-21T08:51:24-05:00,TANK_IN_01_LEVEL,LOW_LEVEL,HIGH,Low level,11.35
EVT-00001246,2026-09-28T15:01:35-05:00,CONVEYOR_01_MOTOR_TEMP,HIGH_TEMPERATURE,LOW,High temperature,88.80
EVT-00001247,2026-09-25T14:57:00-05:00,PUMP_01_FLOW,LOW_FLOW,HIGH,Low flow,7.56
EVT-00001248,2026-09-09T06:54:59-05:00,PUMP_01_FLOW,LOW_FLOW,HIGH,Low flow,11.38
EVT-00001249,2026-09-21T12:53:34-05:00,PUMP_01_FLOW,LOW_FLOW,HIGH,Low flow,9.25
EVT-00001250,2026-09-03T14:21:27-05:00,CONVEYOR_01_JAM,JAM,MEDIUM,Jam,1.00
EVT-00001251,2026-09-15T07:36:08-05:00,CONVEYOR_01_JAM,JAM,HIGH,Jam,1.00
EVT-00001252,2026-09-01T15:03:15-05:00,FILTER_01_DIFF_PRESSURE,HIGH_DIFF_PRESSURE,MEDIUM,High diff pressure,1.64
EVT-00001253,2026-09-14T06:39:08-05:00,TANK_IN_01_LEVEL,HIGH_LEVEL,MEDIUM,High level,96.70
EVT-00001254,2026-09-27T07:39:16-05:00,TANK_OUT_01_LEVEL,LOW_LEVEL,HIGH,Low level,13.37
EVT-00001255,2026-09-21T11:32:42-05:00,COMPRESSOR_01_PRESSURE,LOW_PRESSURE,HIGH,Low pressure,3.60
EVT-00001256,2026-09-21T18:13:25-05:00,TANK_OUT_01_LEVEL,LOW_LEVEL,HIGH,Low level,10.34
EVT-00001257,2026-09-12T21:01:27-05:00,COMPRESSOR_01_PRESSURE,LOW_PRESSURE,HIGH,Low pressure,1.27
EVT-00001258,2026-09-28T14:16:23-05:00,CONVEYOR_01_JAM,JAM,MEDIUM,Jam,1.00
EVT-00001259,2026-09-20T16:55:18-05:00,TANK_OUT_01_LEVEL,LOW_LEVEL,HIGH,Low level,10.68
EVT-00001260,2026-09-12T19:01:58-05:00,FILLER_01_PRESSURE,LOW_PRESSURE,HIGH,Low pressure,1.25
EVT-00001261,2026-09-25T17:59:42-05:00,TANK_IN_01_LEVEL,HIGH_LEVEL,MEDIUM,High level,93.27
EVT-00001262,2026-09-12T21:06:27-05:00,TANK_IN_01_LEVEL,LOW_LEVEL,HIGH,Low level,13.97
EVT-00001263,2026-09-10T15:58:13-05:00,COMPRESSOR_01_PRESSURE,LOW_PRESSURE,HIGH,Low pressure,3.67
EVT-00001264,2026-09-01T06:50:00-05:00,FILTER_01_DIFF_PRESSURE,HIGH_DIFF_PRESSURE,MEDIUM,High diff pressure,2.02
EVT-00001265,2026-09-27T19:02:59-05:00,TANK_OUT_01_LEVEL,LOW_LEVEL,HIGH,Low level,9.38
EVT-00001266,2026-09-20T09:33:59-05:00,TANK_IN_01_LEVEL,HIGH_LEVEL,MEDIUM,High level,92.92
EVT-00001267,2026-09-28T13:09:08-05:00,TANK_IN_01_LEVEL,HIGH_LEVEL,MEDIUM,High level,93.20
EVT-00001268,2026-09-26T09:28:09-05:00,FILTER_01_PRESSURE,HIGH_PRESSURE,HIGH,High pressure,7.83
EVT-00001269,2026-09-14T06:50:47-05:00,TANK_IN_01_LEVEL,HIGH_LEVEL,MEDIUM,High level,97.48
EVT-00001270,2026-09-19T08:14:35-05:00,CONVEYOR_01_JAM,JAM,MEDIUM,Jam,1.00
EVT-00001271,2026-09-19T15:10:43-05:00,FILTER_01_PRESSURE,HIGH_PRESSURE,HIGH,High pressure,6.78
EVT-00001272,2026-09-01T15:39:17-05:00,COMPRESSOR_01_PRESSURE,LOW_PRESSURE,HIGH,Low pressure,4.76
EVT-00001273,2026-09-30T13:52:44-05:00,TANK_IN_01_LEVEL,LOW_LEVEL,HIGH,Low level,12.98
EVT-00001274,2026-09-17T20:13:08-05:00,FILTER_01_PRESSURE,HIGH_PRESSURE,HIGH,High pressure,7.00
EVT-00001275,2026-09-06T19:17:53-05:00,FILLER_01_PRESSURE,LOW_PRESSURE,HIGH,Low pressure,0.42
EVT-00001276,2026-09-22T16:55:57-05:00,TANK_IN_01_LEVEL,HIGH_LEVEL,MEDIUM,High level,97.20
EVT-00001277,2026-09-17T13:00:09-05:00,COMPRESSOR_01_PRESSURE,LOW_PRESSURE,HIGH,Low pressure,3.14
EVT-00001278,2026-09-30T18:36:24-05:00,COMPRESSOR_01_TEMP,HIGH_TEMPERATURE,HIGH,High temperature,106.16
EVT-00001279,2026-09-15T11:21:18-05:00,FILTER_01_DIFF_PRESSURE,HIGH_DIFF_PRESSURE,MEDIUM,High diff pressure,2.75
EVT-00001280,2026-09-05T13:30:49-05:00,CONVEYOR_01_JAM,JAM,MEDIUM,Jam,1.00
EVT-00001281,2026-09-18T21:40:07-05:00,CONVEYOR_01_JAM,JAM,MEDIUM,Jam,1.00
EVT-00001282,2026-09-30T16:04:39-05:00,FILLER_01_PRESSURE,LOW_PRESSURE,HIGH,Low pressure,1.71
EVT-00001283,2026-09-07T17:21:45-05:00,PUMP_01_FLOW,LOW_FLOW,HIGH,Low flow,15.63
EVT-00001284,2026-09-15T18:14:24-05:00,FILTER_01_DIFF_PRESSURE,HIGH_DIFF_PRESSURE,MEDIUM,High diff pressure,1.93
EVT-00001285,2026-09-21T09:14:13-05:00,COMPRESSOR_01_TEMP,HIGH_TEMPERATURE,HIGH,High temperature,116.63
EVT-00001286,2026-09-21T11:52:07-05:00,TANK_OUT_01_LEVEL,LOW_LEVEL,HIGH,Low level,3.36
EVT-00001287,2026-09-18T14:44:41-05:00,FILLER_01_CYCLE_FAULT,CYCLE_FAULT,HIGH,Cycle fault,1.00
EVT-00001288,2026-09-29T21:19:01-05:00,FILLER_01_PRESSURE,LOW_PRESSURE,HIGH,Low pressure,1.46
EVT-00001289,2026-09-22T20:42:53-05:00,FILTER_01_DIFF_PRESSURE,HIGH_DIFF_PRESSURE,MEDIUM,High diff pressure,1.63
EVT-00001290,2026-09-01T12:56:00-05:00,TANK_OUT_01_LEVEL,LOW_LEVEL,HIGH,Low level,3.97
EVT-00001291,2026-09-02T09:38:20-05:00,TANK_IN_01_LEVEL,LOW_LEVEL,HIGH,Low level,6.46
EVT-00001292,2026-09-06T11:13:03-05:00,FILLER_01_CYCLE_FAULT,CYCLE_FAULT,HIGH,Cycle fault,1.00
EVT-00001293,2026-09-02T18:34:18-05:00,PUMP_01_FLOW,LOW_FLOW,HIGH,Low flow,17.06
EVT-00001294,2026-09-29T06:35:17-05:00,FILTER_01_DIFF_PRESSURE,HIGH_DIFF_PRESSURE,MEDIUM,High diff pressure,2.51
EVT-00001295,2026-09-04T17:12:57-05:00,CONVEYOR_01_JAM,JAM,MEDIUM,Jam,1.00
EVT-00001296,2026-09-18T13:04:46-05:00,FILLER_01_CYCLE_FAULT,CYCLE_FAULT,HIGH,Cycle fault,1.00
EVT-00001297,2026-09-26T20:32:31-05:00,TANK_OUT_01_LEVEL,LOW_LEVEL,HIGH,Low level,6.89
EVT-00001298,2026-09-02T12:56:47-05:00,FILLER_01_PRESSURE,LOW_PRESSURE,HIGH,Low pressure,1.09
EVT-00001299,2026-09-15T16:03:04-05:00,FILTER_01_DIFF_PRESSURE,HIGH_DIFF_PRESSURE,MEDIUM,High diff pressure,1.73
EVT-00001300,2026-09-09T09:41:49-05:00,TANK_IN_01_LEVEL,LOW_LEVEL,HIGH,Low level,13.70
EVT-00001301,2026-09-28T21:50:24-05:00,CONVEYOR_01_MOTOR_TEMP,HIGH_TEMPERATURE,LOW,High temperature,69
EVT-00001302,2026-09-30T17:32:15-05:00,CONVEYOR_01_JAM,JAM,MEDIUM,Jam,1.00
EVT-00001303,2026-09-18T19:26:35-05:00,FILLER_01_CYCLE_FAULT,CYCLE_FAULT,HIGH,Cycle fault,1.00
EVT-00001304,2026-09-07T11:21:19-05:00,FILLER_01_CYCLE_FAULT,CYCLE_FAULT,HIGH,Cycle fault,1.00
EVT-00001305,2026-09-22T07:21:20-05:00,PUMP_01_FLOW,LOW_FLOW,HIGH,Low flow,4.82
EVT-00001306,2026-09-24T15:21:15-05:00,COMPRESSOR_01_PRESSURE,LOW_PRESSURE,HIGH,Low pressure,1.61
EVT-00001307,2026-09-22T11:04:51-05:00,FILTER_01_DIFF_PRESSURE,HIGH_DIFF_PRESSURE,MEDIUM,High diff pressure,2.27
EVT-00001308,2026-09-19T21:24:04-05:00,PUMP_01_FLOW,LOW_FLOW,HIGH,Low flow,6.22
EVT-00001309,2026-09-15T18:55:10-05:00,TANK_IN_01_LEVEL,LOW_LEVEL,HIGH,Low level,4.17
EVT-00001310,2026-09-30T11:52:23-05:00,TANK_IN_01_LEVEL,LOW_LEVEL,HIGH,Low level,13.22
EVT-00001311,2026-09-30T17:23:04-05:00,TANK_IN_01_LEVEL,LOW_LEVEL,HIGH,Low level,13.60
EVT-00001312,2026-09-10T14:55:48-05:00,CONVEYOR_01_JAM,JAM,MEDIUM,Jam,1.00
EVT-00001313,2026-09-23T11:47:11-05:00,TANK_IN_01_LEVEL,LOW_LEVEL,HIGH,Low level,11.76
EVT-00001314,2026-09-06T15:28:38-05:00,PUMP_01_FLOW,LOW_FLOW,HIGH,Low flow,2.39
EVT-00001315,2026-09-06T13:34:18-05:00,FILLER_01_CYCLE_FAULT,CYCLE_FAULT,HIGH,Cycle fault,1.00
EVT-00001316,2026-09-08T09:53:02-05:00,TANK_IN_01_LEVEL,HIGH_LEVEL,MEDIUM,High level,97.79
EVT-00001317,2026-09-15T11:20:39-05:00,FILTER_01_DIFF_PRESSURE,HIGH_DIFF_PRESSURE,MEDIUM,High diff pressure,2.15
EVT-00001318,2026-09-20T15:39:26-05:00,COMPRESSOR_01_PRESSURE,LOW_PRESSURE,HIGH,Low pressure,3.43
EVT-00001319,2026-09-27T19:41:31-05:00,COMPRESSOR_01_TEMP,HIGH_TEMPERATURE,HIGH,High temperature,96.36
EVT-00001320,2026-09-12T14:06:47-05:00,TANK_IN_01_LEVEL,HIGH_LEVEL,MEDIUM,High level,93.46
EVT-00001321,2026-09-20T17:18:26-05:00,COMPRESSOR_01_PRESSURE,LOW_PRESSURE,HIGH,Low pressure,2.24
EVT-00001322,2026-09-22T11:50:32-05:00,COMPRESSOR_01_PRESSURE,LOW_PRESSURE,HIGH,Low pressure,2.95
EVT-00001323,2026-09-04T13:01:28-05:00,COMPRESSOR_01_PRESSURE,LOW_PRESSURE,HIGH,Low pressure,2.31
EVT-00001324,2026-09-10T06:26:59-05:00,TANK_OUT_01_LEVEL,LOW_LEVEL,HIGH,Low level,11.58
EVT-00001325,2026-09-12T15:21:45-05:00,CONVEYOR_01_JAM,JAM,MEDIUM,Jam,1.00
EVT-00001326,2026-09-10T17:51:38-05:00,TANK_OUT_01_LEVEL,LOW_LEVEL,HIGH,Low level,4.94
EVT-00001327,2026-09-01T07:44:48-05:00,FILTER_01_DIFF_PRESSURE,HIGH_DIFF_PRESSURE,MEDIUM,High diff pressure,2.02
EVT-00001328,2026-09-25T15:47:36-05:00,COMPRESSOR_01_TEMP,HIGH_TEMPERATURE,HIGH,High temperature,117.84
EVT-00001329,2026-09-03T09:50:13-05:00,TANK_IN_01_LEVEL,LOW_LEVEL,HIGH,Low level,13.89
EVT-00001330,2026-09-28T18:28:38-05:00,FILLER_01_CYCLE_FAULT,CYCLE_FAULT,HIGH,Cycle fault,1.00
EVT-00001331,2026-09-07T15:47:22-05:00,CONVEYOR_01_JAM,JAM,MEDIUM,Jam,1.00
EVT-00001332,2026-09-03T19:35:48-05:00,FILLER_01_PRESSURE,LOW_PRESSURE,HIGH,Low pressure,1.85
EVT-00001333,2026-09-15T19:03:00-05:00,PUMP_01_FLOW,LOW_FLOW,HIGH,Low flow,7.79
EVT-00001334,2026-09-03T06:59:16-05:00,TANK_IN_01_LEVEL,LOW_LEVEL,HIGH,Low level,4.64
EVT-00001335,2026-09-18T07:16:56-05:00,CONVEYOR_01_JAM,JAM,MEDIUM,Jam,1.00
EVT-00001336,2026-09-14T13:03:50-05:00,COMPRESSOR_01_PRESSURE,LOW_PRESSURE,HIGH,Low pressure,3.30
EVT-00001337,2026-09-14T11:45:35-05:00,FILLER_01_PRESSURE,LOW_PRESSURE,HIGH,Low pressure,0.14
EVT-00001338,2026-09-01T15:44:10-05:00,FILTER_01_DIFF_PRESSURE,HIGH_DIFF_PRESSURE,MEDIUM,High diff pressure,1.61
EVT-00001339,2026-09-20T07:09:04-05:00,FILLER_01_PRESSURE,LOW_PRESSURE,HIGH,Low pressure,1.59
EVT-00001340,2026-09-28T07:19:17-05:00,TANK_IN_01_LEVEL,LOW_LEVEL,HIGH,Low level,8.32
EVT-00001341,2026-09-04T11:16:34-05:00,COMPRESSOR_01_PRESSURE,LOW_PRESSURE,HIGH,Low pressure,4.51
EVT-00001342,2026-09-01T11:07:29-05:00,FILTER_01_DIFF_PRESSURE,HIGH_DIFF_PRESSURE,MEDIUM,High diff pressure,2.72
EVT-00001343,2026-09-01T14:37:43-05:00,FILTER_01_DIFF_PRESSURE,HIGH_DIFF_PRESSURE,MEDIUM,High diff pressure,2.00
EVT-00001344,2026-09-05T19:35:39-05:00,TANK_OUT_01_LEVEL,LOW_LEVEL,HIGH,Low level,9.00
EVT-00001345,2026-09-28T15:56:04-05:00,CONVEYOR_01_JAM,JAM,MEDIUM,Jam,1.00
EVT-00001346,2026-09-05T11:25:33-05:00,COMPRESSOR_01_PRESSURE,LOW_PRESSURE,HIGH,Low pressure,4.46
EVT-00001347,2026-09-26T21:47:08-05:00,COMPRESSOR_01_PRESSURE,LOW_PRESSURE,HIGH,Low pressure,4.73
EVT-00001348,2026-09-01T16:04:35-05:00,FILLER_01_PRESSURE,LOW_PRESSURE,HIGH,Low pressure,1.52
EVT-00001349,2026-09-02T06:05:29-05:00,PUMP_01_FLOW,LOW_FLOW,HIGH,Low flow,12.72
EVT-00001350,2026-09-18T15:58:02-05:00,TANK_OUT_01_LEVEL,HIGH_LEVEL,MEDIUM,High level,91.87
EVT-00001351,2026-09-15T09:51:16-05:00,FILTER_01_DIFF_PRESSURE,HIGH_DIFF_PRESSURE,HIGH,High diff pressure,2.65
EVT-00001352,2026-09-28T15:19:50-05:00,COMPRESSOR_01_PRESSURE,LOW_PRESSURE,HIGH,Low pressure,1.72
EVT-00001353,2026-09-08T17:13:48-05:00,PUMP_01_FLOW,LOW_FLOW,HIGH,Low flow,18.09
EVT-00001354,2026-09-04T09:18:05-05:00,PUMP_01_MOTOR_FAULT,MOTOR_FAULT,CRITICAL,Motor fault,1.00
EVT-00001355,2026-09-30T15:59:29-05:00,CONVEYOR_01_MOTOR_TEMP,HIGH_TEMPERATURE,LOW,High temperature,80.44
EVT-00001356,2026-09-03T11:17:28-05:00,FILLER_01_PRESSURE,LOW_PRESSURE,HIGH,Low pressure,1.81
EVT-00001357,2026-09-04T09:35:37-05:00,TANK_IN_01_LEVEL,LOW_LEVEL,HIGH,Low level,12.89
EVT-00001358,2026-09-11T12:30:05-05:00,TANK_OUT_01_LEVEL,LOW_LEVEL,HIGH,Low level,3.62
EVT-00001359,2026-09-08T07:49:16-05:00,FILLER_01_PRESSURE,LOW_PRESSURE,HIGH,Low pressure,0.82
EVT-00001360,2026-09-29T09:31:21-05:00,FILLER_01_PRESSURE,LOW_PRESSURE,HIGH,Low pressure,0.91
EVT-00001361,2026-09-11T17:13:12-05:00,TANK_OUT_01_LEVEL,LOW_LEVEL,HIGH,Low level,7.26
EVT-00001362,2026-09-05T16:17:44-05:00,FILLER_01_PRESSURE,LOW_PRESSURE,HIGH,Low pressure,1.55
EVT-00001363,2026-09-15T13:47:49-05:00,FILTER_01_DIFF_PRESSURE,HIGH_DIFF_PRESSURE,MEDIUM,High diff pressure,2.03
EVT-00001364,2026-09-08T20:18:09-05:00,TANK_IN_01_LEVEL,LOW_LEVEL,HIGH,Low level,5.53
EVT-00001365,2026-09-21T13:56:21-05:00,FILLER_01_PRESSURE,LOW_PRESSURE,HIGH,Low pressure,0.80
EVT-00001366,2026-09-05T18:22:16-05:00,CONVEYOR_01_JAM,JAM,MEDIUM,Jam,1.00
EVT-00001367,2026-09-15T14:06:26-05:00,CONVEYOR_01_MOTOR_TEMP,HIGH_TEMPERATURE,LOW,High temperature,78.34
EVT-00001368,2026-09-16T16:02:34-05:00,FILLER_01_CYCLE_FAULT,CYCLE_FAULT,HIGH,Cycle fault,1.00
EVT-00001369,2026-09-20T07:29:32-05:00,PUMP_01_FLOW,LOW_FLOW,HIGH,Low flow,18.23
EVT-00001370,2026-09-08T15:48:18-05:00,FILTER_01_DIFF_PRESSURE,HIGH_DIFF_PRESSURE,MEDIUM,High diff pressure,2.10
EVT-00001371,2026-09-29T17:24:26-05:00,PUMP_01_MOTOR_FAULT,MOTOR_FAULT,CRITICAL,Motor fault,1.00
EVT-00001372,2026-09-29T06:20:20-05:00,FILLER_01_CYCLE_FAULT,CYCLE_FAULT,HIGH,Cycle fault,1.00
EVT-00001373,2026-09-19T13:22:30-05:00,CONVEYOR_01_JAM,JAM,MEDIUM,Jam,1.00
EVT-00001374,2026-09-18T10:44:39-05:00,COMPRESSOR_01_PRESSURE,LOW_PRESSURE,HIGH,Low pressure,3.78
EVT-00001375,2026-09-18T14:35:39-05:00,COMPRESSOR_01_PRESSURE,LOW_PRESSURE,HIGH,Low pressure,4.34
EVT-00001376,2026-09-12T13:08:42-05:00,FILLER_01_CYCLE_FAULT,CYCLE_FAULT,HIGH,Cycle fault,1.00
EVT-00001377,2026-09-19T19:20:52-05:00,COMPRESSOR_01_PRESSURE,LOW_PRESSURE,HIGH,Low pressure,2.48
EVT-00001378,2026-09-17T15:17:30-05:00,PUMP_01_FLOW,LOW_FLOW,HIGH,Low flow,2.85
EVT-00001379,2026-09-29T06:11:34-05:00,FILTER_01_DIFF_PRESSURE,HIGH_DIFF_PRESSURE,MEDIUM,High diff pressure,2.21
EVT-00001380,2026-09-26T17:10:41-05:00,CONVEYOR_01_JAM,JAM,MEDIUM,Jam,1.00
EVT-00001381,2026-09-05T14:07:23-05:00,FILLER_01_CYCLE_FAULT,CYCLE_FAULT,HIGH,Cycle fault,1.00
EVT-00001382,2026-09-19T18:00:15-05:00,PUMP_01_FLOW,LOW_FLOW,HIGH,Low flow,18.86
EVT-00001383,2026-09-24T19:19:32-05:00,COMPRESSOR_01_PRESSURE,LOW_PRESSURE,HIGH,Low pressure,3.47
EVT-00001384,2026-09-02T09:59:00-05:00,COMPRESSOR_01_PRESSURE,LOW_PRESSURE,HIGH,Low pressure,4.89
EVT-00001385,2026-09-03T10:48:44-05:00,TANK_OUT_01_LEVEL,LOW_LEVEL,HIGH,Low level,8.56
EVT-00001386,2026-09-22T09:45:51-05:00,PUMP_01_FLOW,LOW_FLOW,HIGH,Low flow,11.60
EVT-00001387,2026-09-12T13:03:54-05:00,COMPRESSOR_01_PRESSURE,LOW_PRESSURE,HIGH,Low pressure,3.40
EVT-00001388,2026-09-29T06:50:43-05:00,COMPRESSOR_01_PRESSURE,LOW_PRESSURE,HIGH,Low pressure,1.20
EVT-00001389,2026-09-11T07:52:44-05:00,COMPRESSOR_01_TEMP,HIGH_TEMPERATURE,HIGH,High temperature,117.35
EVT-00001390,2026-09-09T21:11:54-05:00,FILLER_01_PRESSURE,LOW_PRESSURE,HIGH,Low pressure,0.77
EVT-00001391,2026-09-19T09:09:53-05:00,TANK_OUT_01_LEVEL,HIGH_LEVEL,MEDIUM,High level,94.85
EVT-00001392,2026-09-12T16:41:54-05:00,FILLER_01_PRESSURE,LOW_PRESSURE,HIGH,Low pressure,1.77
EVT-00001393,2026-09-03T15:24:20-05:00,COMPRESSOR_01_PRESSURE,LOW_PRESSURE,HIGH,Low pressure,2.28
EVT-00001394,2026-09-08T15:24:00-05:00,FILTER_01_DIFF_PRESSURE,HIGH_DIFF_PRESSURE,MEDIUM,High diff pressure,2.63
EVT-00001395,2026-09-15T14:51:46-05:00,FILTER_01_DIFF_PRESSURE,HIGH_DIFF_PRESSURE,MEDIUM,High diff pressure,2.83
EVT-00001396,2026-09-01T15:08:08-05:00,COMPRESSOR_01_PRESSURE,LOW_PRESSURE,HIGH,Low pressure,1.71
EVT-00001397,2026-09-08T07:24:12-05:00,FILTER_01_DIFF_PRESSURE,HIGH_DIFF_PRESSURE,MEDIUM,High diff pressure,2.91
EVT-00001398,2026-09-07T08:44:06-05:00,FILLER_01_PRESSURE,LOW_PRESSURE,HIGH,Low pressure,0.57
EVT-00001399,2026-09-20T19:03:29-05:00,PUMP_01_FLOW,LOW_FLOW,HIGH,Low flow,17.73
EVT-00001400,2026-09-08T13:32:52-05:00,TANK_IN_01_LEVEL,HIGH_LEVEL,MEDIUM,High level,94.38
EVT-00001401,2026-09-16T18:17:31-05:00,FILLER_01_PRESSURE,LOW_PRESSURE,HIGH,Low pressure,3
EVT-00001402,2026-09-19T08:56:07-05:00,FILTER_01_PRESSURE,HIGH_PRESSURE,HIGH,High pressure,8.20
EVT-00001403,2026-09-02T08:19:41-05:00,TANK_IN_01_LEVEL,LOW_LEVEL,HIGH,Low level,12.74
EVT-00001404,2026-09-05T17:27:37-05:00,TANK_OUT_01_LEVEL,HIGH_LEVEL,MEDIUM,High level,96.24
EVT-00001405,2026-09-19T08:40:24-05:00,TANK_IN_01_LEVEL,LOW_LEVEL,HIGH,Low level,2.14
EVT-00001406,2026-09-30T09:16:38-05:00,PUMP_01_FLOW,LOW_FLOW,HIGH,Low flow,11.58
EVT-00001407,2026-09-20T16:15:36-05:00,COMPRESSOR_01_PRESSURE,LOW_PRESSURE,HIGH,Low pressure,4.26
EVT-00001408,2026-09-24T19:15:08-05:00,TANK_IN_01_LEVEL,LOW_LEVEL,HIGH,Low level,6.80
EVT-00001409,2026-09-07T14:10:38-05:00,COMPRESSOR_01_PRESSURE,LOW_PRESSURE,HIGH,Low pressure,4.10
EVT-00001410,2026-09-28T14:46:06-05:00,COMPRESSOR_01_TEMP,HIGH_TEMPERATURE,HIGH,High temperature,102.98
EVT-00001411,2026-09-14T16:56:16-05:00,PUMP_01_FLOW,LOW_FLOW,HIGH,Low flow,3.92
EVT-00001412,2026-09-27T19:58:18-05:00,CONVEYOR_01_JAM,JAM,MEDIUM,Jam,1.00
EVT-00001413,2026-09-17T10:48:55-05:00,FILLER_01_PRESSURE,LOW_PRESSURE,HIGH,Low pressure,0.52
EVT-00001414,2026-09-11T14:15:18-05:00,FILLER_01_PRESSURE,LOW_PRESSURE,HIGH,Low pressure,1.62
EVT-00001415,2026-09-08T12:53:06-05:00,TANK_OUT_01_LEVEL,HIGH_LEVEL,MEDIUM,High level,94.94
EVT-00001416,2026-09-01T09:41:01-05:00,PUMP_01_FLOW,LOW_FLOW,HIGH,Low flow,11.70
EVT-00001417,2026-09-17T18:27:30-05:00,CONVEYOR_01_MOTOR_TEMP,HIGH_TEMPERATURE,LOW,High temperature,79.59
EVT-00001418,2026-09-20T07:45:11-05:00,CONVEYOR_01_JAM,JAM,MEDIUM,Jam,1.00
EVT-00001419,2026-09-20T16:55:09-05:00,FILTER_01_PRESSURE,HIGH_PRESSURE,HIGH,High pressure,6.29
EVT-00001420,2026-09-18T15:09:46-05:00,CONVEYOR_01_MOTOR_TEMP,HIGH_TEMPERATURE,LOW,High temperature,86.40
EVT-00001421,2026-09-16T18:00:13-05:00,TANK_IN_01_LEVEL,HIGH_LEVEL,MEDIUM,High level,92.33
EVT-00001422,2026-09-18T21:03:52-05:00,COMPRESSOR_01_PRESSURE,LOW_PRESSURE,HIGH,Low pressure,1.00
EVT-00001423,2026-09-25T18:21:10-05:00,COMPRESSOR_01_PRESSURE,LOW_PRESSURE,HIGH,Low pressure,4.32
EVT-00001424,2026-09-22T12:44:33-05:00,FILTER_01_DIFF_PRESSURE,HIGH_DIFF_PRESSURE,MEDIUM,High diff pressure,1.71
EVT-00001425,2026-09-14T10:10:39-05:00,FILLER_01_PRESSURE,LOW_PRESSURE,HIGH,Low pressure,1.33
EVT-00001426,2026-09-13T12:22:51-05:00,CONVEYOR_01_JAM,JAM,MEDIUM,Jam,1.00
EVT-00001427,2026-09-15T14:41:09-05:00,FILTER_01_DIFF_PRESSURE,HIGH_DIFF_PRESSURE,MEDIUM,High diff pressure,2.19
EVT-00001428,2026-09-03T11:09:24-05:00,COMPRESSOR_01_PRESSURE,LOW_PRESSURE,HIGH,Low pressure,4.06
EVT-00001429,2026-09-14T10:41:35-05:00,CONVEYOR_01_MOTOR_TEMP,HIGH_TEMPERATURE,LOW,High temperature,74.87
EVT-00001430,2026-09-24T20:22:15-05:00,TANK_IN_01_LEVEL,LOW_LEVEL,HIGH,Low level,1.14
EVT-00001431,2026-09-04T15:27:43-05:00,TANK_OUT_01_LEVEL,HIGH_LEVEL,MEDIUM,High level,91.07
EVT-00001432,2026-09-08T18:31:13-05:00,FILTER_01_DIFF_PRESSURE,HIGH_DIFF_PRESSURE,MEDIUM,High diff pressure,2.40
EVT-00001433,2026-09-01T08:49:03-05:00,FILTER_01_DIFF_PRESSURE,HIGH_DIFF_PRESSURE,MEDIUM,High diff pressure,2.69
EVT-00001434,2026-09-09T10:45:24-05:00,FILLER_01_PRESSURE,LOW_PRESSURE,HIGH,Low pressure,1.47
EVT-00001435,2026-09-15T17:08:20-05:00,FILTER_01_DIFF_PRESSURE,HIGH_DIFF_PRESSURE,MEDIUM,High diff pressure,2.30
EVT-00001436,2026-09-13T19:44:37-05:00,COMPRESSOR_01_TEMP,HIGH_TEMPERATURE,HIGH,High temperature,104.34
EVT-00001437,2026-09-29T14:46:59-05:00,FILTER_01_DIFF_PRESSURE,HIGH_DIFF_PRESSURE,MEDIUM,High diff pressure,2.05
EVT-00001438,2026-09-29T14:48:23-05:00,FILTER_01_DIFF_PRESSURE,HIGH_DIFF_PRESSURE,MEDIUM,High diff pressure,2.24
EVT-00001439,2026-09-19T12:16:07-05:00,COMPRESSOR_01_TEMP,HIGH_TEMPERATURE,HIGH,High temperature,112.30
EVT-00001440,2026-09-28T21:43:31-05:00,FILLER_01_CYCLE_FAULT,CYCLE_FAULT,HIGH,Cycle fault,1.00
EVT-00001441,2026-09-15T20:15:21-05:00,FILLER_01_CYCLE_FAULT,CYCLE_FAULT,HIGH,Cycle fault,1.00
EVT-00001442,2026-09-17T13:17:31-05:00,TANK_IN_01_LEVEL,HIGH_LEVEL,MEDIUM,High level,94.46
EVT-00001443,2026-09-20T18:41:22-05:00,CONVEYOR_01_JAM,JAM,MEDIUM,Jam,1.00
EVT-00001444,2026-09-21T06:05:46-05:00,PUMP_01_FLOW,LOW_FLOW,HIGH,Low flow,17.47
EVT-00001445,2026-09-05T14:35:11-05:00,TANK_IN_01_LEVEL,HIGH_LEVEL,MEDIUM,High level,97.14
EVT-00001446,2026-09-01T10:47:21-05:00,FILTER_01_DIFF_PRESSURE,HIGH_DIFF_PRESSURE,MEDIUM,High diff pressure,2.16
EVT-00001447,2026-09-29T06:41:14-05:00,FILTER_01_DIFF_PRESSURE,HIGH_DIFF_PRESSURE,MEDIUM,High diff pressure,2.58
EVT-00001448,2026-09-13T17:10:36-05:00,COMPRESSOR_01_PRESSURE,LOW_PRESSURE,HIGH,Low pressure,4.35
EVT-00001449,2026-09-23T16:52:35-05:00,TANK_OUT_01_LEVEL,LOW_LEVEL,HIGH,Low level,2.17
EVT-00001450,2026-09-27T09:11:26-05:00,COMPRESSOR_01_PRESSURE,LOW_PRESSURE,HIGH,Low pressure,4.27
EVT-00001451,2026-09-01T09:40:19-05:00,TANK_OUT_01_LEVEL,LOW_LEVEL,CRITICAL,Low level,11.61
EVT-00001452,2026-09-01T20:16:17-05:00,FILTER_01_DIFF_PRESSURE,HIGH_DIFF_PRESSURE,MEDIUM,High diff pressure,2.90
EVT-00001453,2026-09-08T17:11:57-05:00,TANK_OUT_01_LEVEL,LOW_LEVEL,HIGH,Low level,4.47
EVT-00001454,2026-09-12T10:21:19-05:00,FILLER_01_PRESSURE,LOW_PRESSURE,HIGH,Low pressure,1.77
EVT-00001455,2026-09-06T07:34:51-05:00,TANK_IN_01_LEVEL,LOW_LEVEL,HIGH,Low level,6.65
EVT-00001456,2026-09-12T18:11:26-05:00,FILLER_01_CYCLE_FAULT,CYCLE_FAULT,HIGH,Cycle fault,1.00
EVT-00001457,2026-09-08T15:25:30-05:00,FILTER_01_DIFF_PRESSURE,HIGH_DIFF_PRESSURE,MEDIUM,High diff pressure,1.63
EVT-00001458,2026-09-03T07:38:29-05:00,FILLER_01_CYCLE_FAULT,CYCLE_FAULT,HIGH,Cycle fault,1.00
EVT-00001459,2026-09-18T16:36:43-05:00,FILLER_01_PRESSURE,LOW_PRESSURE,HIGH,Low pressure,0.99
EVT-00001460,2026-09-15T10:07:10-05:00,FILTER_01_DIFF_PRESSURE,HIGH_DIFF_PRESSURE,MEDIUM,High diff pressure,2.09
EVT-00001461,2026-09-13T16:27:57-05:00,FILTER_01_PRESSURE,HIGH_PRESSURE,HIGH,High pressure,6.12
EVT-00001462,2026-09-14T15:12:56-05:00,PUMP_01_MOTOR_FAULT,MOTOR_FAULT,CRITICAL,Motor fault,1.00
EVT-00001463,2026-09-17T11:21:24-05:00,TANK_OUT_01_LEVEL,LOW_LEVEL,HIGH,Low level,7.96
EVT-00001464,2026-09-26T15:20:38-05:00,COMPRESSOR_01_PRESSURE,LOW_PRESSURE,HIGH,Low pressure,2.31
EVT-00001465,2026-09-27T20:26:35-05:00,CONVEYOR_01_MOTOR_TEMP,HIGH_TEMPERATURE,LOW,High temperature,82.77
EVT-00001466,2026-09-15T12:51:52-05:00,PUMP_01_MOTOR_FAULT,MOTOR_FAULT,CRITICAL,Motor fault,1.00
EVT-00001467,2026-09-25T12:11:00-05:00,FILLER_01_CYCLE_FAULT,CYCLE_FAULT,HIGH,Cycle fault,1.00
EVT-00001468,2026-09-29T16:40:58-05:00,FILLER_01_PRESSURE,LOW_PRESSURE,HIGH,Low pressure,0.17
EVT-00001469,2026-09-09T07:13:47-05:00,FILTER_01_PRESSURE,HIGH_PRESSURE,HIGH,High pressure,8.05
EVT-00001470,2026-09-08T18:19:22-05:00,FILLER_01_PRESSURE,LOW_PRESSURE,HIGH,Low pressure,1.89
EVT-00001471,2026-09-11T13:30:28-05:00,PUMP_01_FLOW,LOW_FLOW,HIGH,Low flow,8.23
EVT-00001472,2026-09-01T18:45:28-05:00,TANK_OUT_01_LEVEL,LOW_LEVEL,HIGH,Low level,6.39
EVT-00001473,2026-09-03T13:15:44-05:00,PUMP_01_MOTOR_FAULT,MOTOR_FAULT,CRITICAL,Motor fault,1.00
EVT-00001474,2026-09-30T09:14:57-05:00,TANK_IN_01_LEVEL,LOW_LEVEL,HIGH,Low level,10.75
EVT-00001475,2026-09-08T16:26:38-05:00,FILTER_01_DIFF_PRESSURE,HIGH_DIFF_PRESSURE,MEDIUM,High diff pressure,2.28
EVT-00001476,2026-09-24T18:26:08-05:00,PUMP_01_FLOW,LOW_FLOW,HIGH,Low flow,4.89
EVT-00001477,2026-09-07T10:16:31-05:00,TANK_OUT_01_LEVEL,LOW_LEVEL,HIGH,Low level,5.95
EVT-00001478,2026-09-07T10:10:21-05:00,CONVEYOR_01_MOTOR_TEMP,HIGH_TEMPERATURE,LOW,High temperature,75.15
EVT-00001479,2026-09-27T17:15:40-05:00,CONVEYOR_01_JAM,JAM,MEDIUM,Jam,1.00
EVT-00001480,2026-09-04T08:10:56-05:00,PUMP_01_FLOW,LOW_FLOW,HIGH,Low flow,2.60
EVT-00001481,2026-09-22T14:58:07-05:00,FILLER_01_PRESSURE,LOW_PRESSURE,HIGH,Low pressure,1.67
EVT-00001482,2026-09-28T15:51:26-05:00,TANK_IN_01_LEVEL,LOW_LEVEL,HIGH,Low level,1.86
EVT-00001483,2026-09-12T17:17:56-05:00,CONVEYOR_01_JAM,JAM,MEDIUM,Jam,1.00
EVT-00001484,2026-09-29T16:27:31-05:00,TANK_OUT_01_LEVEL,LOW_LEVEL,HIGH,Low level,6.62
EVT-00001485,2026-09-25T15:18:17-05:00,TANK_OUT_01_LEVEL,LOW_LEVEL,HIGH,Low level,6.73
EVT-00001486,2026-09-29T08:20:04-05:00,FILTER_01_DIFF_PRESSURE,HIGH_DIFF_PRESSURE,MEDIUM,High diff pressure,1.73
EVT-00001487,2026-09-14T14:42:27-05:00,TANK_OUT_01_LEVEL,LOW_LEVEL,HIGH,Low level,12.07
EVT-00001488,2026-09-12T13:10:02-05:00,TANK_IN_01_LEVEL,LOW_LEVEL,HIGH,Low level,4.57
EVT-00001489,2026-09-04T18:42:40-05:00,FILTER_01_PRESSURE,HIGH_PRESSURE,HIGH,High pressure,8.75
EVT-00001490,2026-09-23T06:09:11-05:00,FILTER_01_PRESSURE,HIGH_PRESSURE,HIGH,High pressure,6.16
EVT-00001491,2026-09-13T16:34:36-05:00,FILLER_01_PRESSURE,LOW_PRESSURE,HIGH,Low pressure,0.35
EVT-00001492,2026-09-29T21:41:21-05:00,FILTER_01_DIFF_PRESSURE,HIGH_DIFF_PRESSURE,MEDIUM,High diff pressure,2.26
EVT-00001493,2026-09-09T10:19:01-05:00,PUMP_01_FLOW,LOW_FLOW,HIGH,Low flow,6.51
EVT-00001494,2026-09-20T12:14:45-05:00,FILTER_01_PRESSURE,HIGH_PRESSURE,HIGH,High pressure,7.97
EVT-00001495,2026-09-14T09:49:57-05:00,PUMP_01_FLOW,LOW_FLOW,HIGH,Low flow,9.58
EVT-00001496,2026-09-12T12:38:45-05:00,FILLER_01_PRESSURE,LOW_PRESSURE,HIGH,Low pressure,1.12
EVT-00001497,2026-09-08T16:24:07-05:00,FILTER_01_DIFF_PRESSURE,HIGH_DIFF_PRESSURE,MEDIUM,High diff pressure,1.93
EVT-00001498,2026-09-22T10:09:39-05:00,COMPRESSOR_01_TEMP,HIGH_TEMPERATURE,HIGH,High temperature,100.09
EVT-00001499,2026-09-26T10:17:33-05:00,FILLER_01_PRESSURE,LOW_PRESSURE,HIGH,Low pressure,1.52
EVT-00001500,2026-09-22T09:34:09-05:00,FILTER_01_DIFF_PRESSURE,HIGH_DIFF_PRESSURE,MEDIUM,High diff pressure,1.97
EVT-00001501,2026-09-24T08:43:20-05:00,CONVEYOR_01_JAM,JAM,MEDIUM,Jam,0
EVT-00001502,2026-09-06T13:40:24-05:00,CONVEYOR_01_JAM,JAM,MEDIUM,Jam,1.00
EVT-00001503,2026-09-29T21:27:45-05:00,PUMP_01_FLOW,LOW_FLOW,HIGH,Low flow,13.91
EVT-00001504,2026-09-24T11:44:51-05:00,TANK_OUT_01_LEVEL,LOW_LEVEL,HIGH,Low level,10.96
EVT-00001505,2026-09-29T21:37:42-05:00,FILTER_01_DIFF_PRESSURE,HIGH_DIFF_PRESSURE,MEDIUM,High diff pressure,1.72
EVT-00001506,2026-09-08T07:05:34-05:00,FILTER_01_DIFF_PRESSURE,HIGH_DIFF_PRESSURE,MEDIUM,High diff pressure,2.15
EVT-00001507,2026-09-16T21:16:22-05:00,CONVEYOR_01_JAM,JAM,MEDIUM,Jam,1.00
EVT-00001508,2026-09-15T10:43:44-05:00,FILTER_01_DIFF_PRESSURE,HIGH_DIFF_PRESSURE,MEDIUM,High diff pressure,2.52
EVT-00001509,2026-09-29T20:44:45-05:00,FILTER_01_DIFF_PRESSURE,HIGH_DIFF_PRESSURE,MEDIUM,High diff pressure,2.25
EVT-00001510,2026-09-22T08:12:25-05:00,FILTER_01_DIFF_PRESSURE,HIGH_DIFF_PRESSURE,MEDIUM,High diff pressure,2.49
EVT-00001511,2026-09-20T09:37:18-05:00,CONVEYOR_01_MOTOR_TEMP,HIGH_TEMPERATURE,LOW,High temperature,82.81
EVT-00001512,2026-09-21T15:48:07-05:00,TANK_OUT_01_LEVEL,HIGH_LEVEL,MEDIUM,High level,92.78
EVT-00001513,2026-09-10T12:27:52-05:00,COMPRESSOR_01_TEMP,HIGH_TEMPERATURE,HIGH,High temperature,109.31
EVT-00001514,2026-09-16T20:06:13-05:00,FILLER_01_PRESSURE,LOW_PRESSURE,HIGH,Low pressure,1.24
EVT-00001515,2026-09-13T17:10:17-05:00,COMPRESSOR_01_PRESSURE,LOW_PRESSURE,HIGH,Low pressure,2.46
EVT-00001516,2026-09-05T21:48:22-05:00,FILTER_01_PRESSURE,HIGH_PRESSURE,HIGH,High pressure,6.95
EVT-00001517,2026-09-30T12:08:31-05:00,FILLER_01_PRESSURE,LOW_PRESSURE,HIGH,Low pressure,1.17
EVT-00001518,2026-09-19T13:22:07-05:00,FILLER_01_PRESSURE,LOW_PRESSURE,HIGH,Low pressure,0.28
EVT-00001519,2026-09-11T10:09:16-05:00,TANK_IN_01_LEVEL,LOW_LEVEL,HIGH,Low level,7.42
EVT-00001520,2026-09-15T18:55:58-05:00,FILTER_01_DIFF_PRESSURE,HIGH_DIFF_PRESSURE,MEDIUM,High diff pressure,2.28
EVT-00001521,2026-09-13T10:56:16-05:00,TANK_OUT_01_LEVEL,HIGH_LEVEL,MEDIUM,High level,95.55
EVT-00001522,2026-09-12T19:36:54-05:00,FILLER_01_CYCLE_FAULT,CYCLE_FAULT,HIGH,Cycle fault,1.00
EVT-00001523,2026-09-08T21:33:01-05:00,FILTER_01_DIFF_PRESSURE,HIGH_DIFF_PRESSURE,MEDIUM,High diff pressure,1.65
EVT-00001524,2026-09-08T18:03:06-05:00,PUMP_01_FLOW,LOW_FLOW,HIGH,Low flow,6.15
EVT-00001525,2026-09-23T19:38:54-05:00,COMPRESSOR_01_PRESSURE,LOW_PRESSURE,HIGH,Low pressure,1.40
EVT-00001526,2026-09-13T07:52:30-05:00,PUMP_01_FLOW,LOW_FLOW,HIGH,Low flow,2.95
EVT-00001527,2026-09-29T14:36:50-05:00,TANK_IN_01_LEVEL,LOW_LEVEL,HIGH,Low level,12.23
EVT-00001528,2026-09-25T13:13:38-05:00,TANK_IN_01_LEVEL,LOW_LEVEL,HIGH,Low level,11.73
EVT-00001529,2026-09-03T07:53:31-05:00,FILLER_01_CYCLE_FAULT,CYCLE_FAULT,HIGH,Cycle fault,1.00
EVT-00001530,2026-09-03T17:55:15-05:00,FILLER_01_PRESSURE,LOW_PRESSURE,HIGH,Low pressure,1.09
EVT-00001531,2026-09-08T19:25:38-05:00,FILTER_01_DIFF_PRESSURE,HIGH_DIFF_PRESSURE,MEDIUM,High diff pressure,2.32
EVT-00001532,2026-09-08T08:23:23-05:00,FILTER_01_DIFF_PRESSURE,HIGH_DIFF_PRESSURE,MEDIUM,High diff pressure,2.94
EVT-00001533,2026-09-01T06:38:23-05:00,CONVEYOR_01_JAM,JAM,MEDIUM,Jam,1.00
EVT-00001534,2026-09-11T21:43:58-05:00,CONVEYOR_01_MOTOR_TEMP,HIGH_TEMPERATURE,LOW,High temperature,80.75
EVT-00001535,2026-09-28T15:50:27-05:00,FILTER_01_PRESSURE,HIGH_PRESSURE,HIGH,High pressure,7.49
EVT-00001536,2026-09-05T18:41:59-05:00,TANK_OUT_01_LEVEL,LOW_LEVEL,HIGH,Low level,12.04
EVT-00001537,2026-09-20T14:18:40-05:00,PUMP_01_FLOW,LOW_FLOW,HIGH,Low flow,13.92
EVT-00001538,2026-09-29T16:16:01-05:00,FILLER_01_CYCLE_FAULT,CYCLE_FAULT,HIGH,Cycle fault,1.00
EVT-00001539,2026-09-21T15:43:02-05:00,TANK_OUT_01_LEVEL,LOW_LEVEL,HIGH,Low level,7.34
EVT-00001540,2026-09-16T15:49:27-05:00,COMPRESSOR_01_PRESSURE,LOW_PRESSURE,HIGH,Low pressure,2.16
EVT-00001541,2026-09-15T11:36:16-05:00,CONVEYOR_01_JAM,JAM,MEDIUM,Jam,1.00
EVT-00001542,2026-09-08T11:31:34-05:00,FILTER_01_DIFF_PRESSURE,HIGH_DIFF_PRESSURE,MEDIUM,High diff pressure,1.62
EVT-00001543,2026-09-27T19:48:15-05:00,TANK_IN_01_LEVEL,LOW_LEVEL,HIGH,Low level,3.79
EVT-00001544,2026-09-22T15:44:28-05:00,FILTER_01_DIFF_PRESSURE,HIGH_DIFF_PRESSURE,MEDIUM,High diff pressure,1.62
EVT-00001545,2026-09-16T19:45:10-05:00,FILLER_01_PRESSURE,LOW_PRESSURE,HIGH,Low pressure,1.32
EVT-00001546,2026-09-22T20:31:35-05:00,FILTER_01_DIFF_PRESSURE,HIGH_DIFF_PRESSURE,MEDIUM,High diff pressure,2.34
EVT-00001547,2026-09-26T06:07:53-05:00,TANK_OUT_01_LEVEL,HIGH_LEVEL,MEDIUM,High level,96.61
EVT-00001548,2026-09-22T16:12:16-05:00,FILTER_01_DIFF_PRESSURE,HIGH_DIFF_PRESSURE,MEDIUM,High diff pressure,2.71
EVT-00001549,2026-09-08T19:00:54-05:00,FILTER_01_DIFF_PRESSURE,HIGH_DIFF_PRESSURE,MEDIUM,High diff pressure,2.59
EVT-00001550,2026-09-08T10:47:14-05:00,CONVEYOR_01_JAM,JAM,MEDIUM,Jam,1.00
EVT-00001551,2026-09-08T15:24:16-05:00,FILTER_01_DIFF_PRESSURE,HIGH_DIFF_PRESSURE,HIGH,High diff pressure,2.29
EVT-00001552,2026-09-29T20:43:26-05:00,FILTER_01_DIFF_PRESSURE,HIGH_DIFF_PRESSURE,MEDIUM,High diff pressure,2.28
EVT-00001553,2026-09-01T09:19:14-05:00,FILTER_01_DIFF_PRESSURE,HIGH_DIFF_PRESSURE,MEDIUM,High diff pressure,1.94
EVT-00001554,2026-09-22T17:14:43-05:00,FILTER_01_DIFF_PRESSURE,HIGH_DIFF_PRESSURE,MEDIUM,High diff pressure,2.75
EVT-00001555,2026-09-20T14:57:23-05:00,PUMP_01_MOTOR_FAULT,MOTOR_FAULT,CRITICAL,Motor fault,1.00
EVT-00001556,2026-09-08T06:54:12-05:00,FILTER_01_DIFF_PRESSURE,HIGH_DIFF_PRESSURE,MEDIUM,High diff pressure,2.96
EVT-00001557,2026-09-04T11:08:08-05:00,TANK_IN_01_LEVEL,LOW_LEVEL,HIGH,Low level,6.51
EVT-00001558,2026-09-15T19:14:11-05:00,PUMP_01_FLOW,LOW_FLOW,HIGH,Low flow,1.16
EVT-00001559,2026-09-05T06:16:05-05:00,PUMP_01_FLOW,LOW_FLOW,HIGH,Low flow,11.10
EVT-00001560,2026-09-14T11:40:19-05:00,PUMP_01_FLOW,LOW_FLOW,HIGH,Low flow,17.09
EVT-00001561,2026-09-12T14:26:28-05:00,CONVEYOR_01_JAM,JAM,MEDIUM,Jam,1.00
EVT-00001562,2026-09-08T07:01:12-05:00,FILTER_01_DIFF_PRESSURE,HIGH_DIFF_PRESSURE,MEDIUM,High diff pressure,2.28
EVT-00001563,2026-09-03T15:53:18-05:00,FILLER_01_CYCLE_FAULT,CYCLE_FAULT,HIGH,Cycle fault,1.00
EVT-00001564,2026-09-29T21:19:11-05:00,PUMP_01_FLOW,LOW_FLOW,HIGH,Low flow,6.12
EVT-00001565,2026-09-27T06:13:46-05:00,CONVEYOR_01_JAM,JAM,MEDIUM,Jam,1.00
EVT-00001566,2026-09-23T10:31:55-05:00,COMPRESSOR_01_TEMP,HIGH_TEMPERATURE,HIGH,High temperature,111.76
EVT-00001567,2026-09-15T10:29:58-05:00,FILLER_01_CYCLE_FAULT,CYCLE_FAULT,HIGH,Cycle fault,1.00
EVT-00001568,2026-09-24T20:02:07-05:00,PUMP_01_FLOW,LOW_FLOW,HIGH,Low flow,2.92
EVT-00001569,2026-09-07T14:36:27-05:00,TANK_OUT_01_LEVEL,LOW_LEVEL,HIGH,Low level,8.96
EVT-00001570,2026-09-10T11:52:52-05:00,FILLER_01_PRESSURE,LOW_PRESSURE,HIGH,Low pressure,0.50
EVT-00001571,2026-09-02T19:33:26-05:00,FILLER_01_PRESSURE,LOW_PRESSURE,HIGH,Low pressure,1.50
EVT-00001572,2026-09-09T14:45:37-05:00,TANK_OUT_01_LEVEL,LOW_LEVEL,HIGH,Low level,7.11
EVT-00001573,2026-09-29T06:56:53-05:00,PUMP_01_FLOW,LOW_FLOW,HIGH,Low flow,18.68
EVT-00001574,2026-09-04T10:17:44-05:00,FILLER_01_PRESSURE,LOW_PRESSURE,HIGH,Low pressure,1.72
EVT-00001575,2026-09-01T09:02:48-05:00,FILTER_01_DIFF_PRESSURE,HIGH_DIFF_PRESSURE,MEDIUM,High diff pressure,2.30
EVT-00001576,2026-09-13T20:21:57-05:00,TANK_OUT_01_LEVEL,HIGH_LEVEL,MEDIUM,High level,93.48
EVT-00001577,2026-09-02T16:34:41-05:00,TANK_IN_01_LEVEL,LOW_LEVEL,HIGH,Low level,10.73
EVT-00001578,2026-09-05T12:45:39-05:00,FILLER_01_PRESSURE,LOW_PRESSURE,HIGH,Low pressure,0.32
EVT-00001579,2026-09-16T07:39:50-05:00,PUMP_01_MOTOR_FAULT,MOTOR_FAULT,CRITICAL,Motor fault,1.00
EVT-00001580,2026-09-25T17:22:48-05:00,COMPRESSOR_01_PRESSURE,LOW_PRESSURE,HIGH,Low pressure,1.30
EVT-00001581,2026-09-21T08:48:07-05:00,TANK_IN_01_LEVEL,LOW_LEVEL,HIGH,Low level,11.98
EVT-00001582,2026-09-05T14:52:51-05:00,CONVEYOR_01_JAM,JAM,MEDIUM,Jam,1.00
EVT-00001583,2026-09-29T20:21:19-05:00,FILTER_01_DIFF_PRESSURE,HIGH_DIFF_PRESSURE,MEDIUM,High diff pressure,2.48
EVT-00001584,2026-09-15T19:20:50-05:00,CONVEYOR_01_JAM,JAM,MEDIUM,Jam,1.00
EVT-00001585,2026-09-13T12:31:12-05:00,TANK_IN_01_LEVEL,LOW_LEVEL,HIGH,Low level,3.75
EVT-00001586,2026-09-02T14:50:04-05:00,PUMP_01_MOTOR_FAULT,MOTOR_FAULT,CRITICAL,Motor fault,1.00
EVT-00001587,2026-09-18T18:41:21-05:00,TANK_OUT_01_LEVEL,LOW_LEVEL,HIGH,Low level,11.03
EVT-00001588,2026-09-06T15:53:46-05:00,PUMP_01_FLOW,LOW_FLOW,HIGH,Low flow,8.12
EVT-00001589,2026-09-22T11:00:43-05:00,FILTER_01_DIFF_PRESSURE,HIGH_DIFF_PRESSURE,MEDIUM,High diff pressure,2.01
EVT-00001590,2026-09-05T14:10:50-05:00,TANK_IN_01_LEVEL,LOW_LEVEL,HIGH,Low level,7.05
EVT-00001591,2026-09-18T12:40:59-05:00,CONVEYOR_01_JAM,JAM,MEDIUM,Jam,1.00
EVT-00001592,2026-09-21T15:12:38-05:00,TANK_IN_01_LEVEL,LOW_LEVEL,HIGH,Low level,8.76
EVT-00001593,2026-09-29T06:20:26-05:00,FILLER_01_CYCLE_FAULT,CYCLE_FAULT,HIGH,Cycle fault,1.00
EVT-00001594,2026-09-08T11:50:17-05:00,FILLER_01_CYCLE_FAULT,CYCLE_FAULT,HIGH,Cycle fault,1.00
EVT-00001595,2026-09-18T20:54:37-05:00,FILLER_01_PRESSURE,LOW_PRESSURE,HIGH,Low pressure,1.09
EVT-00001596,2026-09-22T15:03:27-05:00,PUMP_01_FLOW,LOW_FLOW,HIGH,Low flow,16.68
EVT-00001597,2026-09-20T11:09:15-05:00,TANK_OUT_01_LEVEL,LOW_LEVEL,HIGH,Low level,7.60
EVT-00001598,2026-09-15T08:00:39-05:00,FILTER_01_DIFF_PRESSURE,HIGH_DIFF_PRESSURE,MEDIUM,High diff pressure,1.84
EVT-00001599,2026-09-03T06:47:48-05:00,TANK_OUT_01_LEVEL,LOW_LEVEL,HIGH,Low level,3.65
EVT-00001600,2026-09-02T09:40:43-05:00,PUMP_01_FLOW,LOW_FLOW,HIGH,Low flow,3.19
EVT-00001601,2026-09-04T06:34:45-05:00,TANK_OUT_01_LEVEL,LOW_LEVEL,HIGH,Low level,16
EVT-00001602,2026-09-13T17:58:37-05:00,FILLER_01_PRESSURE,LOW_PRESSURE,HIGH,Low pressure,1.35
EVT-00001603,2026-09-23T16:44:45-05:00,TANK_OUT_01_LEVEL,LOW_LEVEL,HIGH,Low level,6.24
EVT-00001604,2026-09-08T17:01:51-05:00,TANK_IN_01_LEVEL,LOW_LEVEL,HIGH,Low level,2.45
EVT-00001605,2026-09-30T09:47:59-05:00,TANK_IN_01_LEVEL,LOW_LEVEL,HIGH,Low level,11.06
EVT-00001606,2026-09-27T07:27:20-05:00,COMPRESSOR_01_PRESSURE,LOW_PRESSURE,HIGH,Low pressure,3.39
EVT-00001607,2026-09-02T12:34:13-05:00,CONVEYOR_01_JAM,JAM,MEDIUM,Jam,1.00
EVT-00001608,2026-09-26T18:53:47-05:00,CONVEYOR_01_JAM,JAM,MEDIUM,Jam,1.00
EVT-00001609,2026-09-09T15:37:49-05:00,CONVEYOR_01_JAM,JAM,MEDIUM,Jam,1.00
EVT-00001610,2026-09-27T11:31:56-05:00,FILLER_01_CYCLE_FAULT,CYCLE_FAULT,HIGH,Cycle fault,1.00
EVT-00001611,2026-09-17T07:46:04-05:00,COMPRESSOR_01_PRESSURE,LOW_PRESSURE,HIGH,Low pressure,1.51
EVT-00001612,2026-09-18T13:00:53-05:00,FILLER_01_PRESSURE,LOW_PRESSURE,HIGH,Low pressure,0.58
EVT-00001613,2026-09-22T10:31:42-05:00,PUMP_01_FLOW,LOW_FLOW,HIGH,Low flow,12.67
EVT-00001614,2026-09-06T16:09:56-05:00,FILLER_01_PRESSURE,LOW_PRESSURE,HIGH,Low pressure,1.52
EVT-00001615,2026-09-01T19:56:59-05:00,FILTER_01_DIFF_PRESSURE,HIGH_DIFF_PRESSURE,MEDIUM,High diff pressure,2.51
EVT-00001616,2026-09-23T18:06:37-05:00,FILLER_01_PRESSURE,LOW_PRESSURE,HIGH,Low pressure,1.19
EVT-00001617,2026-09-06T20:25:34-05:00,COMPRESSOR_01_PRESSURE,LOW_PRESSURE,HIGH,Low pressure,1.92
EVT-00001618,2026-09-17T12:08:39-05:00,TANK_OUT_01_LEVEL,LOW_LEVEL,HIGH,Low level,4.23
EVT-00001619,2026-09-20T14:03:53-05:00,TANK_OUT_01_LEVEL,LOW_LEVEL,HIGH,Low level,8.21
EVT-00001620,2026-09-18T11:54:36-05:00,COMPRESSOR_01_PRESSURE,LOW_PRESSURE,HIGH,Low pressure,2.90
EVT-00001621,2026-09-22T21:02:22-05:00,FILTER_01_DIFF_PRESSURE,HIGH_DIFF_PRESSURE,MEDIUM,High diff pressure,2.42
EVT-00001622,2026-09-19T15:55:58-05:00,FILLER_01_PRESSURE,LOW_PRESSURE,HIGH,Low pressure,0.64
EVT-00001623,2026-09-29T19:33:16-05:00,FILTER_01_DIFF_PRESSURE,HIGH_DIFF_PRESSURE,MEDIUM,High diff pressure,2.25
EVT-00001624,2026-09-22T14:08:47-05:00,FILTER_01_DIFF_PRESSURE,HIGH_DIFF_PRESSURE,MEDIUM,High diff pressure,2.61
EVT-00001625,2026-09-02T11:10:43-05:00,TANK_IN_01_LEVEL,LOW_LEVEL,HIGH,Low level,13.20
EVT-00001626,2026-09-05T11:29:41-05:00,TANK_IN_01_LEVEL,LOW_LEVEL,HIGH,Low level,1.13
EVT-00001627,2026-09-08T09:54:38-05:00,FILTER_01_DIFF_PRESSURE,HIGH_DIFF_PRESSURE,MEDIUM,High diff pressure,2.40
EVT-00001628,2026-09-27T18:33:21-05:00,TANK_IN_01_LEVEL,LOW_LEVEL,HIGH,Low level,6.65
EVT-00001629,2026-09-17T16:07:39-05:00,COMPRESSOR_01_PRESSURE,LOW_PRESSURE,HIGH,Low pressure,3.92
EVT-00001630,2026-09-05T07:42:59-05:00,COMPRESSOR_01_PRESSURE,LOW_PRESSURE,HIGH,Low pressure,1.19
EVT-00001631,2026-09-05T08:31:10-05:00,FILTER_01_PRESSURE,HIGH_PRESSURE,HIGH,High pressure,7.45
EVT-00001632,2026-09-29T10:32:54-05:00,FILTER_01_DIFF_PRESSURE,HIGH_DIFF_PRESSURE,MEDIUM,High diff pressure,2.19
EVT-00001633,2026-09-10T07:40:23-05:00,PUMP_01_MOTOR_FAULT,MOTOR_FAULT,CRITICAL,Motor fault,1.00
EVT-00001634,2026-09-07T19:22:00-05:00,TANK_OUT_01_LEVEL,LOW_LEVEL,HIGH,Low level,2.58
EVT-00001635,2026-09-26T14:47:03-05:00,FILLER_01_PRESSURE,LOW_PRESSURE,HIGH,Low pressure,0.54
EVT-00001636,2026-09-29T18:33:13-05:00,TANK_OUT_01_LEVEL,LOW_LEVEL,HIGH,Low level,12.80
EVT-00001637,2026-09-04T16:50:09-05:00,CONVEYOR_01_JAM,JAM,MEDIUM,Jam,1.00
EVT-00001638,2026-09-26T16:29:27-05:00,TANK_IN_01_LEVEL,LOW_LEVEL,HIGH,Low level,8.81
EVT-00001639,2026-09-02T20:02:01-05:00,TANK_IN_01_LEVEL,LOW_LEVEL,HIGH,Low level,7.84
EVT-00001640,2026-09-22T13:34:57-05:00,FILTER_01_DIFF_PRESSURE,HIGH_DIFF_PRESSURE,MEDIUM,High diff pressure,1.90
EVT-00001641,2026-09-08T19:36:39-05:00,CONVEYOR_01_MOTOR_TEMP,HIGH_TEMPERATURE,LOW,High temperature,84.36
EVT-00001642,2026-09-30T06:12:29-05:00,CONVEYOR_01_MOTOR_TEMP,HIGH_TEMPERATURE,LOW,High temperature,83.98
EVT-00001643,2026-09-13T06:59:07-05:00,FILLER_01_CYCLE_FAULT,CYCLE_FAULT,HIGH,Cycle fault,1.00
EVT-00001644,2026-09-11T15:49:44-05:00,TANK_OUT_01_LEVEL,LOW_LEVEL,HIGH,Low level,12.56
EVT-00001645,2026-09-17T18:42:08-05:00,PUMP_01_FLOW,LOW_FLOW,HIGH,Low flow,5.52
EVT-00001646,2026-09-22T19:19:04-05:00,PUMP_01_FLOW,LOW_FLOW,HIGH,Low flow,9.04
EVT-00001647,2026-09-25T16:50:02-05:00,COMPRESSOR_01_TEMP,HIGH_TEMPERATURE,HIGH,High temperature,119.56
EVT-00001648,2026-09-08T13:51:47-05:00,TANK_OUT_01_LEVEL,LOW_LEVEL,HIGH,Low level,6.93
EVT-00001649,2026-09-05T08:24:23-05:00,FILLER_01_CYCLE_FAULT,CYCLE_FAULT,HIGH,Cycle fault,1.00
EVT-00001650,2026-09-19T19:34:04-05:00,TANK_IN_01_LEVEL,LOW_LEVEL,HIGH,Low level,2.00
EVT-00001651,2026-09-09T07:32:55-05:00,TANK_OUT_01_LEVEL,LOW_LEVEL,CRITICAL,Low level,9.16
EVT-00001652,2026-09-25T18:42:15-05:00,TANK_OUT_01_LEVEL,LOW_LEVEL,HIGH,Low level,3.67
EVT-00001653,2026-09-16T16:10:54-05:00,FILLER_01_CYCLE_FAULT,CYCLE_FAULT,HIGH,Cycle fault,1.00
EVT-00001654,2026-09-21T16:24:02-05:00,TANK_OUT_01_LEVEL,LOW_LEVEL,HIGH,Low level,5.01
EVT-00001655,2026-09-24T15:32:37-05:00,TANK_OUT_01_LEVEL,LOW_LEVEL,HIGH,Low level,6.04
EVT-00001656,2026-09-09T20:08:26-05:00,PUMP_01_FLOW,LOW_FLOW,HIGH,Low flow,9.80
EVT-00001657,2026-09-29T07:37:51-05:00,FILTER_01_DIFF_PRESSURE,HIGH_DIFF_PRESSURE,MEDIUM,High diff pressure,1.88
EVT-00001658,2026-09-14T12:38:58-05:00,FILLER_01_PRESSURE,LOW_PRESSURE,HIGH,Low pressure,0.99
EVT-00001659,2026-09-12T16:48:40-05:00,PUMP_01_FLOW,LOW_FLOW,HIGH,Low flow,14.42
EVT-00001660,2026-09-10T09:04:52-05:00,TANK_IN_01_LEVEL,LOW_LEVEL,HIGH,Low level,8.16
EVT-00001661,2026-09-26T14:03:00-05:00,FILLER_01_PRESSURE,LOW_PRESSURE,HIGH,Low pressure,1.69
EVT-00001662,2026-09-02T20:53:39-05:00,PUMP_01_FLOW,LOW_FLOW,HIGH,Low flow,5.78
EVT-00001663,2026-09-12T08:50:23-05:00,PUMP_01_FLOW,LOW_FLOW,HIGH,Low flow,16.51
EVT-00001664,2026-09-03T08:02:44-05:00,FILLER_01_CYCLE_FAULT,CYCLE_FAULT,HIGH,Cycle fault,1.00
EVT-00001665,2026-09-20T08:41:18-05:00,PUMP_01_MOTOR_FAULT,MOTOR_FAULT,CRITICAL,Motor fault,1.00
EVT-00001666,2026-09-23T20:38:29-05:00,TANK_IN_01_LEVEL,LOW_LEVEL,HIGH,Low level,3.27
EVT-00001667,2026-09-22T06:24:50-05:00,FILTER_01_DIFF_PRESSURE,HIGH_DIFF_PRESSURE,MEDIUM,High diff pressure,2.44
EVT-00001668,2026-09-18T09:51:25-05:00,PUMP_01_FLOW,LOW_FLOW,HIGH,Low flow,5.17
EVT-00001669,2026-09-25T10:42:31-05:00,TANK_OUT_01_LEVEL,LOW_LEVEL,HIGH,Low level,12.23
EVT-00001670,2026-09-24T08:34:23-05:00,FILTER_01_PRESSURE,HIGH_PRESSURE,HIGH,High pressure,6.19
EVT-00001671,2026-09-29T06:47:29-05:00,FILTER_01_DIFF_PRESSURE,HIGH_DIFF_PRESSURE,MEDIUM,High diff pressure,2.25
EVT-00001672,2026-09-10T09:39:12-05:00,PUMP_01_FLOW,LOW_FLOW,HIGH,Low flow,17.16
EVT-00001673,2026-09-09T06:57:58-05:00,FILLER_01_PRESSURE,LOW_PRESSURE,HIGH,Low pressure,1.29
EVT-00001674,2026-09-01T07:12:44-05:00,FILLER_01_PRESSURE,LOW_PRESSURE,HIGH,Low pressure,1.09
EVT-00001675,2026-09-22T21:30:42-05:00,FILLER_01_PRESSURE,LOW_PRESSURE,HIGH,Low pressure,1.78
EVT-00001676,2026-09-01T06:20:50-05:00,FILTER_01_DIFF_PRESSURE,HIGH_DIFF_PRESSURE,MEDIUM,High diff pressure,2.34
EVT-00001677,2026-09-21T13:02:11-05:00,CONVEYOR_01_MOTOR_TEMP,HIGH_TEMPERATURE,LOW,High temperature,75.73
EVT-00001678,2026-09-17T18:55:10-05:00,COMPRESSOR_01_TEMP,HIGH_TEMPERATURE,HIGH,High temperature,100.07
EVT-00001679,2026-09-16T21:46:44-05:00,COMPRESSOR_01_PRESSURE,LOW_PRESSURE,HIGH,Low pressure,4.05
EVT-00001680,2026-09-06T09:37:13-05:00,TANK_OUT_01_LEVEL,LOW_LEVEL,HIGH,Low level,11.25
EVT-00001681,2026-09-18T18:58:12-05:00,COMPRESSOR_01_PRESSURE,LOW_PRESSURE,HIGH,Low pressure,1.11
EVT-00001682,2026-09-30T15:38:15-05:00,TANK_IN_01_LEVEL,LOW_LEVEL,HIGH,Low level,7.24
EVT-00001683,2026-09-22T19:33:04-05:00,FILTER_01_DIFF_PRESSURE,HIGH_DIFF_PRESSURE,MEDIUM,High diff pressure,2.00
EVT-00001684,2026-09-22T12:24:22-05:00,TANK_IN_01_LEVEL,LOW_LEVEL,HIGH,Low level,8.27
EVT-00001685,2026-09-08T15:07:30-05:00,FILLER_01_PRESSURE,LOW_PRESSURE,HIGH,Low pressure,0.80
EVT-00001686,2026-09-21T10:41:27-05:00,CONVEYOR_01_JAM,JAM,MEDIUM,Jam,1.00
EVT-00001687,2026-09-27T06:32:11-05:00,COMPRESSOR_01_PRESSURE,LOW_PRESSURE,HIGH,Low pressure,3.84
EVT-00001688,2026-09-08T08:45:42-05:00,COMPRESSOR_01_PRESSURE,LOW_PRESSURE,HIGH,Low pressure,2.74
EVT-00001689,2026-09-22T08:29:55-05:00,COMPRESSOR_01_PRESSURE,LOW_PRESSURE,HIGH,Low pressure,1.44
EVT-00001690,2026-09-17T18:20:33-05:00,FILLER_01_CYCLE_FAULT,CYCLE_FAULT,HIGH,Cycle fault,1.00
EVT-00001691,2026-09-29T08:46:50-05:00,FILTER_01_DIFF_PRESSURE,HIGH_DIFF_PRESSURE,MEDIUM,High diff pressure,2.69
EVT-00001692,2026-09-30T17:01:13-05:00,COMPRESSOR_01_TEMP,HIGH_TEMPERATURE,HIGH,High temperature,109.48
EVT-00001693,2026-09-08T09:45:50-05:00,FILTER_01_DIFF_PRESSURE,HIGH_DIFF_PRESSURE,MEDIUM,High diff pressure,1.95
EVT-00001694,2026-09-22T20:33:55-05:00,TANK_OUT_01_LEVEL,HIGH_LEVEL,MEDIUM,High level,93.07
EVT-00001695,2026-09-10T18:32:03-05:00,CONVEYOR_01_MOTOR_TEMP,HIGH_TEMPERATURE,LOW,High temperature,85.44
EVT-00001696,2026-09-30T08:27:43-05:00,COMPRESSOR_01_PRESSURE,LOW_PRESSURE,HIGH,Low pressure,3.20
EVT-00001697,2026-09-25T08:38:32-05:00,COMPRESSOR_01_TEMP,HIGH_TEMPERATURE,HIGH,High temperature,119.13
EVT-00001698,2026-09-11T07:14:04-05:00,COMPRESSOR_01_PRESSURE,LOW_PRESSURE,HIGH,Low pressure,3.85
EVT-00001699,2026-09-24T08:09:18-05:00,TANK_OUT_01_LEVEL,LOW_LEVEL,HIGH,Low level,4.77
EVT-00001700,2026-09-08T19:14:09-05:00,FILTER_01_DIFF_PRESSURE,HIGH_DIFF_PRESSURE,MEDIUM,High diff pressure,1.67
EVT-00001701,2026-09-29T13:32:14-05:00,FILLER_01_CYCLE_FAULT,CYCLE_FAULT,HIGH,Cycle fault,0
EVT-00001702,2026-09-15T08:45:58-05:00,FILTER_01_DIFF_PRESSURE,HIGH_DIFF_PRESSURE,MEDIUM,High diff pressure,2.08
EVT-00001703,2026-09-06T06:28:36-05:00,TANK_IN_01_LEVEL,HIGH_LEVEL,MEDIUM,High level,98.80
EVT-00001704,2026-09-20T10:51:29-05:00,COMPRESSOR_01_TEMP,HIGH_TEMPERATURE,HIGH,High temperature,119.22
EVT-00001705,2026-09-20T10:13:36-05:00,FILLER_01_PRESSURE,LOW_PRESSURE,HIGH,Low pressure,0.69
EVT-00001706,2026-09-12T07:26:48-05:00,FILLER_01_PRESSURE,LOW_PRESSURE,HIGH,Low pressure,1.86
EVT-00001707,2026-09-05T15:08:40-05:00,FILLER_01_CYCLE_FAULT,CYCLE_FAULT,HIGH,Cycle fault,1.00
EVT-00001708,2026-09-12T09:20:57-05:00,FILLER_01_PRESSURE,LOW_PRESSURE,HIGH,Low pressure,1.09
EVT-00001709,2026-09-05T08:58:53-05:00,TANK_OUT_01_LEVEL,LOW_LEVEL,HIGH,Low level,4.95
EVT-00001710,2026-09-14T19:55:04-05:00,PUMP_01_FLOW,LOW_FLOW,HIGH,Low flow,1.30
EVT-00001711,2026-09-14T10:03:05-05:00,COMPRESSOR_01_PRESSURE,LOW_PRESSURE,HIGH,Low pressure,4.80
EVT-00001712,2026-09-07T19:47:41-05:00,FILLER_01_PRESSURE,LOW_PRESSURE,HIGH,Low pressure,0.62
EVT-00001713,2026-09-30T13:59:48-05:00,TANK_IN_01_LEVEL,LOW_LEVEL,HIGH,Low level,13.63
EVT-00001714,2026-09-11T21:46:44-05:00,TANK_OUT_01_LEVEL,LOW_LEVEL,HIGH,Low level,10.37
EVT-00001715,2026-09-14T13:22:13-05:00,COMPRESSOR_01_PRESSURE,LOW_PRESSURE,HIGH,Low pressure,1.21
EVT-00001716,2026-09-27T12:55:28-05:00,FILLER_01_PRESSURE,LOW_PRESSURE,HIGH,Low pressure,0.90
EVT-00001717,2026-09-29T16:48:35-05:00,FILTER_01_DIFF_PRESSURE,HIGH_DIFF_PRESSURE,MEDIUM,High diff pressure,2.97
EVT-00001718,2026-09-29T18:49:04-05:00,TANK_OUT_01_LEVEL,LOW_LEVEL,HIGH,Low level,1.78
EVT-00001719,2026-09-15T14:19:03-05:00,TANK_OUT_01_LEVEL,LOW_LEVEL,HIGH,Low level,1.86
EVT-00001720,2026-09-08T15:26:33-05:00,CONVEYOR_01_MOTOR_TEMP,HIGH_TEMPERATURE,LOW,High temperature,82.01
EVT-00001721,2026-09-01T16:09:09-05:00,FILTER_01_DIFF_PRESSURE,HIGH_DIFF_PRESSURE,MEDIUM,High diff pressure,2.59
EVT-00001722,2026-09-21T06:53:50-05:00,TANK_OUT_01_LEVEL,LOW_LEVEL,HIGH,Low level,4.88
EVT-00001723,2026-09-22T11:32:39-05:00,FILTER_01_DIFF_PRESSURE,HIGH_DIFF_PRESSURE,MEDIUM,High diff pressure,2.33
EVT-00001724,2026-09-14T11:21:35-05:00,FILTER_01_PRESSURE,HIGH_PRESSURE,HIGH,High pressure,6.37
EVT-00001725,2026-09-29T08:35:21-05:00,FILLER_01_PRESSURE,LOW_PRESSURE,HIGH,Low pressure,1.28
EVT-00001726,2026-09-15T07:38:47-05:00,CONVEYOR_01_JAM,JAM,MEDIUM,Jam,1.00
EVT-00001727,2026-09-19T18:40:20-05:00,PUMP_01_FLOW,LOW_FLOW,HIGH,Low flow,12.19
EVT-00001728,2026-09-14T11:53:18-05:00,PUMP_01_FLOW,LOW_FLOW,HIGH,Low flow,10.23
EVT-00001729,2026-09-15T16:44:46-05:00,TANK_IN_01_LEVEL,LOW_LEVEL,HIGH,Low level,5.13
EVT-00001730,2026-09-03T10:33:09-05:00,COMPRESSOR_01_PRESSURE,LOW_PRESSURE,HIGH,Low pressure,2.65
EVT-00001731,2026-09-30T18:57:06-05:00,FILLER_01_PRESSURE,LOW_PRESSURE,HIGH,Low pressure,0.51
EVT-00001732,2026-09-04T07:39:36-05:00,FILLER_01_PRESSURE,LOW_PRESSURE,HIGH,Low pressure,0.39
EVT-00001733,2026-09-21T12:36:25-05:00,FILLER_01_PRESSURE,LOW_PRESSURE,HIGH,Low pressure,0.31
EVT-00001734,2026-09-13T19:13:56-05:00,TANK_OUT_01_LEVEL,LOW_LEVEL,HIGH,Low level,11.47
EVT-00001735,2026-09-06T12:53:37-05:00,FILLER_01_PRESSURE,LOW_PRESSURE,HIGH,Low pressure,1.50
EVT-00001736,2026-09-08T12:06:07-05:00,FILTER_01_DIFF_PRESSURE,HIGH_DIFF_PRESSURE,MEDIUM,High diff pressure,1.98
EVT-00001737,2026-09-05T09:15:22-05:00,PUMP_01_FLOW,LOW_FLOW,HIGH,Low flow,16.75
EVT-00001738,2026-09-14T11:36:29-05:00,FILLER_01_PRESSURE,LOW_PRESSURE,HIGH,Low pressure,0.89
EVT-00001739,2026-09-15T11:15:25-05:00,FILLER_01_CYCLE_FAULT,CYCLE_FAULT,HIGH,Cycle fault,1.00
EVT-00001740,2026-09-05T09:41:34-05:00,TANK_IN_01_LEVEL,HIGH_LEVEL,MEDIUM,High level,91.03
EVT-00001741,2026-09-09T06:13:20-05:00,FILLER_01_PRESSURE,LOW_PRESSURE,HIGH,Low pressure,1.27
EVT-00001742,2026-09-16T15:53:38-05:00,TANK_OUT_01_LEVEL,LOW_LEVEL,HIGH,Low level,1.11
EVT-00001743,2026-09-16T10:19:49-05:00,FILLER_01_PRESSURE,LOW_PRESSURE,HIGH,Low pressure,0.65
EVT-00001744,2026-09-16T14:15:36-05:00,TANK_OUT_01_LEVEL,HIGH_LEVEL,MEDIUM,High level,95.19
EVT-00001745,2026-09-29T16:55:28-05:00,FILTER_01_DIFF_PRESSURE,HIGH_DIFF_PRESSURE,MEDIUM,High diff pressure,1.61
EVT-00001746,2026-09-18T11:03:46-05:00,PUMP_01_MOTOR_FAULT,MOTOR_FAULT,CRITICAL,Motor fault,1.00
EVT-00001747,2026-09-05T07:00:08-05:00,TANK_IN_01_LEVEL,LOW_LEVEL,HIGH,Low level,8.14
EVT-00001748,2026-09-28T06:35:25-05:00,TANK_IN_01_LEVEL,LOW_LEVEL,HIGH,Low level,12.83
EVT-00001749,2026-09-10T12:01:39-05:00,CONVEYOR_01_JAM,JAM,MEDIUM,Jam,1.00
EVT-00001750,2026-09-14T09:14:41-05:00,TANK_IN_01_LEVEL,LOW_LEVEL,HIGH,Low level,4.30
EVT-00001751,2026-09-20T18:01:54-05:00,FILLER_01_PRESSURE,LOW_PRESSURE,CRITICAL,Low pressure,1.87
EVT-00001752,2026-09-19T20:19:56-05:00,FILLER_01_PRESSURE,LOW_PRESSURE,HIGH,Low pressure,1.53
EVT-00001753,2026-09-15T19:38:28-05:00,PUMP_01_FLOW,LOW_FLOW,HIGH,Low flow,12.85
EVT-00001754,2026-09-01T07:41:43-05:00,FILTER_01_DIFF_PRESSURE,HIGH_DIFF_PRESSURE,MEDIUM,High diff pressure,2.36
EVT-00001755,2026-09-22T20:55:56-05:00,FILTER_01_DIFF_PRESSURE,HIGH_DIFF_PRESSURE,MEDIUM,High diff pressure,1.77
EVT-00001756,2026-09-27T16:01:15-05:00,FILLER_01_CYCLE_FAULT,CYCLE_FAULT,HIGH,Cycle fault,1.00
EVT-00001757,2026-09-08T08:13:16-05:00,FILTER_01_DIFF_PRESSURE,HIGH_DIFF_PRESSURE,MEDIUM,High diff pressure,2.30
EVT-00001758,2026-09-22T15:33:03-05:00,FILTER_01_DIFF_PRESSURE,HIGH_DIFF_PRESSURE,MEDIUM,High diff pressure,2.13
EVT-00001759,2026-09-20T07:03:33-05:00,FILLER_01_PRESSURE,LOW_PRESSURE,HIGH,Low pressure,0.37
EVT-00001760,2026-09-21T15:37:45-05:00,TANK_OUT_01_LEVEL,LOW_LEVEL,HIGH,Low level,2.79
EVT-00001761,2026-09-23T17:00:34-05:00,FILTER_01_PRESSURE,HIGH_PRESSURE,HIGH,High pressure,7.57
EVT-00001762,2026-09-15T10:43:37-05:00,FILTER_01_DIFF_PRESSURE,HIGH_DIFF_PRESSURE,MEDIUM,High diff pressure,2.94
EVT-00001763,2026-09-20T12:26:30-05:00,TANK_OUT_01_LEVEL,LOW_LEVEL,HIGH,Low level,3.65
EVT-00001764,2026-09-16T15:27:39-05:00,FILLER_01_PRESSURE,LOW_PRESSURE,HIGH,Low pressure,1.71
EVT-00001765,2026-09-26T09:16:30-05:00,TANK_OUT_01_LEVEL,LOW_LEVEL,HIGH,Low level,13.48
EVT-00001766,2026-09-10T09:31:24-05:00,PUMP_01_FLOW,LOW_FLOW,HIGH,Low flow,1.03
EVT-00001767,2026-09-15T17:23:10-05:00,TANK_IN_01_LEVEL,HIGH_LEVEL,MEDIUM,High level,92.20
EVT-00001768,2026-09-07T20:33:20-05:00,FILLER_01_CYCLE_FAULT,CYCLE_FAULT,HIGH,Cycle fault,1.00
EVT-00001769,2026-09-15T12:21:54-05:00,FILTER_01_DIFF_PRESSURE,HIGH_DIFF_PRESSURE,MEDIUM,High diff pressure,2.14
EVT-00001770,2026-09-07T18:33:40-05:00,TANK_IN_01_LEVEL,LOW_LEVEL,HIGH,Low level,6.76
EVT-00001771,2026-09-03T11:36:10-05:00,PUMP_01_MOTOR_FAULT,MOTOR_FAULT,CRITICAL,Motor fault,1.00
EVT-00001772,2026-09-11T19:57:48-05:00,TANK_OUT_01_LEVEL,LOW_LEVEL,HIGH,Low level,1.12
EVT-00001773,2026-09-11T12:12:51-05:00,TANK_IN_01_LEVEL,HIGH_LEVEL,MEDIUM,High level,95.05
EVT-00001774,2026-09-20T06:31:48-05:00,FILLER_01_PRESSURE,LOW_PRESSURE,HIGH,Low pressure,0.54
EVT-00001775,2026-09-27T12:09:07-05:00,PUMP_01_FLOW,LOW_FLOW,HIGH,Low flow,14.77
EVT-00001776,2026-09-16T20:30:48-05:00,FILTER_01_PRESSURE,HIGH_PRESSURE,HIGH,High pressure,6.28
EVT-00001777,2026-09-16T08:49:43-05:00,FILLER_01_PRESSURE,LOW_PRESSURE,HIGH,Low pressure,1.70
EVT-00001778,2026-09-28T15:46:30-05:00,FILTER_01_PRESSURE,HIGH_PRESSURE,HIGH,High pressure,7.81
EVT-00001779,2026-09-27T13:32:08-05:00,FILTER_01_PRESSURE,HIGH_PRESSURE,HIGH,High pressure,6.38
EVT-00001780,2026-09-10T16:17:04-05:00,CONVEYOR_01_JAM,JAM,MEDIUM,Jam,1.00
EVT-00001781,2026-09-01T09:47:28-05:00,TANK_OUT_01_LEVEL,LOW_LEVEL,HIGH,Low level,12.82
EVT-00001782,2026-09-26T20:29:12-05:00,FILLER_01_PRESSURE,LOW_PRESSURE,HIGH,Low pressure,1.00
EVT-00001783,2026-09-05T11:06:20-05:00,TANK_IN_01_LEVEL,LOW_LEVEL,HIGH,Low level,1.63
EVT-00001784,2026-09-22T17:24:19-05:00,FILTER_01_DIFF_PRESSURE,HIGH_DIFF_PRESSURE,MEDIUM,High diff pressure,2.96
EVT-00001785,2026-09-19T17:01:34-05:00,CONVEYOR_01_JAM,JAM,MEDIUM,Jam,1.00
EVT-00001786,2026-09-04T21:44:22-05:00,PUMP_01_FLOW,LOW_FLOW,HIGH,Low flow,17.02
EVT-00001787,2026-09-23T21:36:58-05:00,FILLER_01_CYCLE_FAULT,CYCLE_FAULT,HIGH,Cycle fault,1.00
EVT-00001788,2026-09-09T13:32:03-05:00,FILLER_01_PRESSURE,LOW_PRESSURE,HIGH,Low pressure,0.32
EVT-00001789,2026-09-08T12:45:52-05:00,TANK_OUT_01_LEVEL,LOW_LEVEL,HIGH,Low level,10.25
EVT-00001790,2026-09-10T09:56:04-05:00,CONVEYOR_01_JAM,JAM,MEDIUM,Jam,1.00
EVT-00001791,2026-09-12T20:17:22-05:00,PUMP_01_FLOW,LOW_FLOW,HIGH,Low flow,1.76
EVT-00001792,2026-09-30T07:41:08-05:00,FILLER_01_CYCLE_FAULT,CYCLE_FAULT,HIGH,Cycle fault,1.00
EVT-00001793,2026-09-26T14:47:11-05:00,TANK_OUT_01_LEVEL,LOW_LEVEL,HIGH,Low level,11.24
EVT-00001794,2026-09-11T14:48:04-05:00,PUMP_01_FLOW,LOW_FLOW,HIGH,Low flow,16.00
EVT-00001795,2026-09-10T20:07:05-05:00,CONVEYOR_01_MOTOR_TEMP,HIGH_TEMPERATURE,LOW,High temperature,77.70
EVT-00001796,2026-09-28T07:47:19-05:00,PUMP_01_FLOW,LOW_FLOW,HIGH,Low flow,17.83
EVT-00001797,2026-09-17T18:19:09-05:00,COMPRESSOR_01_TEMP,HIGH_TEMPERATURE,HIGH,High temperature,101.43
EVT-00001798,2026-09-02T14:21:45-05:00,PUMP_01_FLOW,LOW_FLOW,HIGH,Low flow,8.93
EVT-00001799,2026-09-17T08:06:31-05:00,FILLER_01_PRESSURE,LOW_PRESSURE,HIGH,Low pressure,0.11
EVT-00001800,2026-09-01T18:30:26-05:00,FILTER_01_DIFF_PRESSURE,HIGH_DIFF_PRESSURE,MEDIUM,High diff pressure,1.82
EVT-00001801,2026-09-01T07:52:36-05:00,FILTER_01_DIFF_PRESSURE,HIGH_DIFF_PRESSURE,MEDIUM,High diff pressure,0.5
EVT-00001802,2026-09-24T11:41:18-05:00,FILLER_01_CYCLE_FAULT,CYCLE_FAULT,HIGH,Cycle fault,1.00
EVT-00001803,2026-09-10T17:37:47-05:00,TANK_OUT_01_LEVEL,HIGH_LEVEL,MEDIUM,High level,93.14
EVT-00001804,2026-09-08T11:13:00-05:00,FILTER_01_DIFF_PRESSURE,HIGH_DIFF_PRESSURE,MEDIUM,High diff pressure,2.30
EVT-00001805,2026-09-25T14:01:48-05:00,TANK_OUT_01_LEVEL,LOW_LEVEL,HIGH,Low level,3.40
EVT-00001806,2026-09-06T10:58:53-05:00,PUMP_01_MOTOR_FAULT,MOTOR_FAULT,CRITICAL,Motor fault,1.00
EVT-00001807,2026-09-20T16:11:15-05:00,TANK_IN_01_LEVEL,LOW_LEVEL,HIGH,Low level,11.52
EVT-00001808,2026-09-18T12:22:38-05:00,TANK_IN_01_LEVEL,HIGH_LEVEL,MEDIUM,High level,96.62
EVT-00001809,2026-09-08T18:49:20-05:00,FILTER_01_DIFF_PRESSURE,HIGH_DIFF_PRESSURE,MEDIUM,High diff pressure,2.32
EVT-00001810,2026-09-06T07:17:48-05:00,TANK_OUT_01_LEVEL,LOW_LEVEL,HIGH,Low level,7.37
EVT-00001811,2026-09-11T15:50:27-05:00,FILLER_01_PRESSURE,LOW_PRESSURE,HIGH,Low pressure,1.23
EVT-00001812,2026-09-01T14:34:10-05:00,TANK_IN_01_LEVEL,LOW_LEVEL,HIGH,Low level,2.03
EVT-00001813,2026-09-02T07:34:03-05:00,TANK_IN_01_LEVEL,HIGH_LEVEL,MEDIUM,High level,95.36
EVT-00001814,2026-09-29T16:47:26-05:00,FILTER_01_DIFF_PRESSURE,HIGH_DIFF_PRESSURE,MEDIUM,High diff pressure,2.74
EVT-00001815,2026-09-10T12:02:59-05:00,FILLER_01_PRESSURE,LOW_PRESSURE,HIGH,Low pressure,0.60
EVT-00001816,2026-09-22T20:43:58-05:00,FILLER_01_PRESSURE,LOW_PRESSURE,HIGH,Low pressure,1.46
EVT-00001817,2026-09-30T19:45:28-05:00,TANK_IN_01_LEVEL,LOW_LEVEL,HIGH,Low level,10.53
EVT-00001818,2026-09-03T20:47:51-05:00,TANK_OUT_01_LEVEL,LOW_LEVEL,HIGH,Low level,10.59
EVT-00001819,2026-09-10T18:27:37-05:00,TANK_IN_01_LEVEL,HIGH_LEVEL,MEDIUM,High level,97.59
EVT-00001820,2026-09-15T14:33:57-05:00,FILLER_01_PRESSURE,LOW_PRESSURE,HIGH,Low pressure,0.69
EVT-00001821,2026-09-05T21:40:32-05:00,COMPRESSOR_01_PRESSURE,LOW_PRESSURE,HIGH,Low pressure,4.15
EVT-00001822,2026-09-12T13:08:15-05:00,PUMP_01_MOTOR_FAULT,MOTOR_FAULT,CRITICAL,Motor fault,1.00
EVT-00001823,2026-09-22T12:00:48-05:00,FILLER_01_PRESSURE,LOW_PRESSURE,HIGH,Low pressure,0.93
EVT-00001824,2026-09-01T07:11:23-05:00,FILTER_01_DIFF_PRESSURE,HIGH_DIFF_PRESSURE,MEDIUM,High diff pressure,2.81
EVT-00001825,2026-09-16T14:23:47-05:00,TANK_IN_01_LEVEL,HIGH_LEVEL,MEDIUM,High level,92.74
EVT-00001826,2026-09-15T17:00:12-05:00,FILTER_01_DIFF_PRESSURE,HIGH_DIFF_PRESSURE,MEDIUM,High diff pressure,1.92
EVT-00001827,2026-09-13T20:52:59-05:00,TANK_OUT_01_LEVEL,LOW_LEVEL,HIGH,Low level,3.19
EVT-00001828,2026-09-01T20:25:32-05:00,FILTER_01_DIFF_PRESSURE,HIGH_DIFF_PRESSURE,MEDIUM,High diff pressure,2.37
EVT-00001829,2026-09-13T16:45:01-05:00,TANK_OUT_01_LEVEL,LOW_LEVEL,HIGH,Low level,9.46
EVT-00001830,2026-09-08T15:58:30-05:00,PUMP_01_FLOW,LOW_FLOW,HIGH,Low flow,4.25
EVT-00001831,2026-09-13T07:12:09-05:00,COMPRESSOR_01_TEMP,HIGH_TEMPERATURE,HIGH,High temperature,109.95
EVT-00001832,2026-09-23T16:45:29-05:00,PUMP_01_FLOW,LOW_FLOW,HIGH,Low flow,9.82
EVT-00001833,2026-09-14T16:19:32-05:00,FILLER_01_CYCLE_FAULT,CYCLE_FAULT,HIGH,Cycle fault,1.00
EVT-00001834,2026-09-08T09:09:03-05:00,TANK_OUT_01_LEVEL,LOW_LEVEL,HIGH,Low level,2.59
EVT-00001835,2026-09-23T16:27:10-05:00,FILLER_01_CYCLE_FAULT,CYCLE_FAULT,HIGH,Cycle fault,1.00
EVT-00001836,2026-09-20T14:25:37-05:00,TANK_IN_01_LEVEL,HIGH_LEVEL,MEDIUM,High level,94.33
EVT-00001837,2026-09-27T14:06:17-05:00,TANK_OUT_01_LEVEL,LOW_LEVEL,HIGH,Low level,4.60
EVT-00001838,2026-09-22T07:16:01-05:00,FILTER_01_DIFF_PRESSURE,HIGH_DIFF_PRESSURE,MEDIUM,High diff pressure,1.87
EVT-00001839,2026-09-20T20:02:30-05:00,FILLER_01_PRESSURE,LOW_PRESSURE,HIGH,Low pressure,1.07
EVT-00001840,2026-09-01T07:38:53-05:00,FILTER_01_DIFF_PRESSURE,HIGH_DIFF_PRESSURE,MEDIUM,High diff pressure,2.15
EVT-00001841,2026-09-29T16:34:21-05:00,CONVEYOR_01_JAM,JAM,MEDIUM,Jam,1.00
EVT-00001842,2026-09-22T08:42:59-05:00,FILLER_01_CYCLE_FAULT,CYCLE_FAULT,HIGH,Cycle fault,1.00
EVT-00001843,2026-09-13T17:12:22-05:00,TANK_OUT_01_LEVEL,LOW_LEVEL,HIGH,Low level,12.83
EVT-00001844,2026-09-08T18:24:23-05:00,FILTER_01_DIFF_PRESSURE,HIGH_DIFF_PRESSURE,MEDIUM,High diff pressure,2.41
EVT-00001845,2026-09-15T13:54:50-05:00,FILTER_01_DIFF_PRESSURE,HIGH_DIFF_PRESSURE,MEDIUM,High diff pressure,2.48
EVT-00001846,2026-09-19T06:08:52-05:00,COMPRESSOR_01_TEMP,HIGH_TEMPERATURE,HIGH,High temperature,116.90
EVT-00001847,2026-09-08T21:31:09-05:00,FILTER_01_DIFF_PRESSURE,HIGH_DIFF_PRESSURE,MEDIUM,High diff pressure,2.35
EVT-00001848,2026-09-29T15:59:31-05:00,TANK_IN_01_LEVEL,LOW_LEVEL,HIGH,Low level,2.08
EVT-00001849,2026-09-18T20:56:28-05:00,TANK_IN_01_LEVEL,LOW_LEVEL,HIGH,Low level,8.35
EVT-00001850,2026-09-10T21:45:33-05:00,TANK_IN_01_LEVEL,HIGH_LEVEL,MEDIUM,High level,91.31
EVT-00001851,2026-09-23T16:44:36-05:00,PUMP_01_FLOW,LOW_FLOW,CRITICAL,Low flow,9.07
EVT-00001852,2026-09-23T12:58:06-05:00,FILLER_01_PRESSURE,LOW_PRESSURE,HIGH,Low pressure,1.13
EVT-00001853,2026-09-29T09:50:42-05:00,FILTER_01_DIFF_PRESSURE,HIGH_DIFF_PRESSURE,MEDIUM,High diff pressure,2.04
EVT-00001854,2026-09-07T16:06:40-05:00,FILTER_01_PRESSURE,HIGH_PRESSURE,HIGH,High pressure,8.06
EVT-00001855,2026-09-12T21:17:27-05:00,CONVEYOR_01_JAM,JAM,MEDIUM,Jam,1.00
EVT-00001856,2026-09-28T18:11:53-05:00,PUMP_01_FLOW,LOW_FLOW,HIGH,Low flow,3.57
EVT-00001857,2026-09-03T17:48:12-05:00,PUMP_01_FLOW,LOW_FLOW,HIGH,Low flow,1.32
EVT-00001858,2026-09-29T14:51:36-05:00,PUMP_01_FLOW,LOW_FLOW,HIGH,Low flow,14.47
EVT-00001859,2026-09-08T07:32:28-05:00,FILTER_01_DIFF_PRESSURE,HIGH_DIFF_PRESSURE,MEDIUM,High diff pressure,1.95
EVT-00001860,2026-09-14T21:39:30-05:00,FILLER_01_PRESSURE,LOW_PRESSURE,HIGH,Low pressure,1.26
EVT-00001861,2026-09-23T17:00:11-05:00,COMPRESSOR_01_PRESSURE,LOW_PRESSURE,HIGH,Low pressure,3.17
EVT-00001862,2026-09-15T15:16:25-05:00,FILLER_01_PRESSURE,LOW_PRESSURE,HIGH,Low pressure,1.18
EVT-00001863,2026-09-15T13:00:12-05:00,TANK_OUT_01_LEVEL,LOW_LEVEL,HIGH,Low level,8.27
EVT-00001864,2026-09-14T17:00:21-05:00,PUMP_01_FLOW,LOW_FLOW,HIGH,Low flow,1.15
EVT-00001865,2026-09-28T19:18:21-05:00,TANK_OUT_01_LEVEL,HIGH_LEVEL,MEDIUM,High level,93.42
EVT-00001866,2026-09-09T13:28:44-05:00,FILLER_01_PRESSURE,LOW_PRESSURE,HIGH,Low pressure,1.49
EVT-00001867,2026-09-02T06:41:21-05:00,TANK_OUT_01_LEVEL,HIGH_LEVEL,MEDIUM,High level,96.81
EVT-00001868,2026-09-12T08:03:36-05:00,FILTER_01_PRESSURE,HIGH_PRESSURE,HIGH,High pressure,8.56
EVT-00001869,2026-09-03T08:35:11-05:00,COMPRESSOR_01_PRESSURE,LOW_PRESSURE,HIGH,Low pressure,4.73
EVT-00001870,2026-09-28T19:39:50-05:00,FILLER_01_CYCLE_FAULT,CYCLE_FAULT,HIGH,Cycle fault,1.00
EVT-00001871,2026-09-03T15:31:38-05:00,FILTER_01_PRESSURE,HIGH_PRESSURE,HIGH,High pressure,6.55
EVT-00001872,2026-09-21T19:30:07-05:00,PUMP_01_MOTOR_FAULT,MOTOR_FAULT,CRITICAL,Motor fault,1.00
EVT-00001873,2026-09-18T20:31:44-05:00,FILLER_01_PRESSURE,LOW_PRESSURE,HIGH,Low pressure,1.58
EVT-00001874,2026-09-01T12:15:14-05:00,FILTER_01_DIFF_PRESSURE,HIGH_DIFF_PRESSURE,MEDIUM,High diff pressure,2.96
EVT-00001875,2026-09-16T14:15:55-05:00,FILLER_01_CYCLE_FAULT,CYCLE_FAULT,HIGH,Cycle fault,1.00
EVT-00001876,2026-09-11T13:39:51-05:00,TANK_OUT_01_LEVEL,LOW_LEVEL,HIGH,Low level,8.22
EVT-00001877,2026-09-26T11:21:48-05:00,COMPRESSOR_01_PRESSURE,LOW_PRESSURE,HIGH,Low pressure,2.48
EVT-00001878,2026-09-23T16:52:46-05:00,PUMP_01_FLOW,LOW_FLOW,HIGH,Low flow,16.34
EVT-00001879,2026-09-29T10:44:28-05:00,FILTER_01_DIFF_PRESSURE,HIGH_DIFF_PRESSURE,MEDIUM,High diff pressure,1.75
EVT-00001880,2026-09-19T09:04:40-05:00,FILLER_01_PRESSURE,LOW_PRESSURE,HIGH,Low pressure,1.56
EVT-00001881,2026-09-10T20:43:31-05:00,TANK_IN_01_LEVEL,LOW_LEVEL,HIGH,Low level,13.78
EVT-00001882,2026-09-16T07:30:07-05:00,TANK_IN_01_LEVEL,LOW_LEVEL,HIGH,Low level,3.59
EVT-00001883,2026-09-28T20:16:04-05:00,TANK_OUT_01_LEVEL,LOW_LEVEL,HIGH,Low level,6.69
EVT-00001884,2026-09-20T11:06:53-05:00,PUMP_01_MOTOR_FAULT,MOTOR_FAULT,CRITICAL,Motor fault,1.00
EVT-00001885,2026-09-01T19:29:50-05:00,CONVEYOR_01_MOTOR_TEMP,HIGH_TEMPERATURE,LOW,High temperature,73.28
EVT-00001886,2026-09-30T16:46:22-05:00,TANK_OUT_01_LEVEL,HIGH_LEVEL,MEDIUM,High level,98.56
EVT-00001887,2026-09-15T12:43:53-05:00,PUMP_01_FLOW,LOW_FLOW,HIGH,Low flow,17.54
EVT-00001888,2026-09-26T18:45:25-05:00,PUMP_01_FLOW,LOW_FLOW,HIGH,Low flow,5.83
EVT-00001889,2026-09-26T15:36:02-05:00,TANK_OUT_01_LEVEL,LOW_LEVEL,HIGH,Low level,1.67
EVT-00001890,2026-09-01T08:38:27-05:00,FILTER_01_DIFF_PRESSURE,HIGH_DIFF_PRESSURE,MEDIUM,High diff pressure,1.99
EVT-00001891,2026-09-25T13:31:02-05:00,CONVEYOR_01_JAM,JAM,MEDIUM,Jam,1.00
EVT-00001892,2026-09-15T19:12:59-05:00,PUMP_01_FLOW,LOW_FLOW,HIGH,Low flow,14.05
EVT-00001893,2026-09-19T19:22:07-05:00,PUMP_01_FLOW,LOW_FLOW,HIGH,Low flow,18.24
EVT-00001894,2026-09-15T19:45:11-05:00,FILTER_01_DIFF_PRESSURE,HIGH_DIFF_PRESSURE,MEDIUM,High diff pressure,1.89
EVT-00001895,2026-09-15T13:15:32-05:00,TANK_IN_01_LEVEL,LOW_LEVEL,HIGH,Low level,10.75
EVT-00001896,2026-09-29T10:15:13-05:00,FILTER_01_DIFF_PRESSURE,HIGH_DIFF_PRESSURE,MEDIUM,High diff pressure,2.57
EVT-00001897,2026-09-13T14:38:22-05:00,FILLER_01_PRESSURE,LOW_PRESSURE,HIGH,Low pressure,0.77
EVT-00001898,2026-09-28T13:54:50-05:00,PUMP_01_FLOW,LOW_FLOW,HIGH,Low flow,1.24
EVT-00001899,2026-09-22T12:57:15-05:00,FILTER_01_DIFF_PRESSURE,HIGH_DIFF_PRESSURE,MEDIUM,High diff pressure,2.40
EVT-00001900,2026-09-22T06:44:48-05:00,COMPRESSOR_01_PRESSURE,LOW_PRESSURE,HIGH,Low pressure,1.49
EVT-00001901,2026-09-21T12:26:28-05:00,COMPRESSOR_01_PRESSURE,LOW_PRESSURE,HIGH,Low pressure,6
EVT-00001902,2026-09-21T21:37:33-05:00,FILLER_01_PRESSURE,LOW_PRESSURE,HIGH,Low pressure,0.79
EVT-00001903,2026-09-15T20:36:20-05:00,FILTER_01_DIFF_PRESSURE,HIGH_DIFF_PRESSURE,MEDIUM,High diff pressure,1.85
EVT-00001904,2026-09-19T13:07:14-05:00,PUMP_01_MOTOR_FAULT,MOTOR_FAULT,CRITICAL,Motor fault,1.00
EVT-00001905,2026-09-24T10:24:06-05:00,FILLER_01_CYCLE_FAULT,CYCLE_FAULT,HIGH,Cycle fault,1.00
EVT-00001906,2026-09-22T18:33:58-05:00,TANK_OUT_01_LEVEL,LOW_LEVEL,HIGH,Low level,4.68
EVT-00001907,2026-09-01T18:14:52-05:00,FILTER_01_DIFF_PRESSURE,HIGH_DIFF_PRESSURE,MEDIUM,High diff pressure,1.62
EVT-00001908,2026-09-01T13:29:11-05:00,CONVEYOR_01_JAM,JAM,MEDIUM,Jam,1.00
EVT-00001909,2026-09-22T14:07:05-05:00,TANK_OUT_01_LEVEL,LOW_LEVEL,HIGH,Low level,8.19
EVT-00001910,2026-09-10T10:35:08-05:00,PUMP_01_FLOW,LOW_FLOW,HIGH,Low flow,4.95
EVT-00001911,2026-09-20T07:40:25-05:00,TANK_IN_01_LEVEL,LOW_LEVEL,HIGH,Low level,2.16
EVT-00001912,2026-09-22T21:12:32-05:00,COMPRESSOR_01_PRESSURE,LOW_PRESSURE,HIGH,Low pressure,2.11
EVT-00001913,2026-09-21T08:13:01-05:00,COMPRESSOR_01_PRESSURE,LOW_PRESSURE,HIGH,Low pressure,4.62
EVT-00001914,2026-09-03T21:35:27-05:00,COMPRESSOR_01_PRESSURE,LOW_PRESSURE,HIGH,Low pressure,4.09
EVT-00001915,2026-09-22T19:54:20-05:00,PUMP_01_FLOW,LOW_FLOW,HIGH,Low flow,14.26
EVT-00001916,2026-09-06T08:01:04-05:00,TANK_OUT_01_LEVEL,LOW_LEVEL,HIGH,Low level,4.77
EVT-00001917,2026-09-15T18:01:25-05:00,PUMP_01_MOTOR_FAULT,MOTOR_FAULT,CRITICAL,Motor fault,1.00
EVT-00001918,2026-09-30T11:01:53-05:00,FILLER_01_PRESSURE,LOW_PRESSURE,HIGH,Low pressure,1.19
EVT-00001919,2026-09-22T20:00:54-05:00,FILLER_01_PRESSURE,LOW_PRESSURE,HIGH,Low pressure,0.92
EVT-00001920,2026-09-25T07:20:49-05:00,PUMP_01_MOTOR_FAULT,MOTOR_FAULT,CRITICAL,Motor fault,1.00
EVT-00001921,2026-09-13T13:04:26-05:00,FILLER_01_CYCLE_FAULT,CYCLE_FAULT,HIGH,Cycle fault,1.00
EVT-00001922,2026-09-09T20:47:47-05:00,COMPRESSOR_01_TEMP,HIGH_TEMPERATURE,HIGH,High temperature,106.84
EVT-00001923,2026-09-03T14:57:05-05:00,PUMP_01_FLOW,LOW_FLOW,HIGH,Low flow,5.10
EVT-00001924,2026-09-06T17:45:02-05:00,FILLER_01_PRESSURE,LOW_PRESSURE,HIGH,Low pressure,1.35
EVT-00001925,2026-09-18T19:59:38-05:00,TANK_IN_01_LEVEL,HIGH_LEVEL,MEDIUM,High level,95.41
EVT-00001926,2026-09-21T07:56:03-05:00,PUMP_01_FLOW,LOW_FLOW,HIGH,Low flow,10.04
EVT-00001927,2026-09-04T06:38:04-05:00,FILLER_01_PRESSURE,LOW_PRESSURE,HIGH,Low pressure,0.28
EVT-00001928,2026-09-24T10:33:43-05:00,TANK_IN_01_LEVEL,LOW_LEVEL,HIGH,Low level,10.13
EVT-00001929,2026-09-16T08:42:35-05:00,TANK_IN_01_LEVEL,LOW_LEVEL,HIGH,Low level,1.01
EVT-00001930,2026-09-22T13:06:30-05:00,COMPRESSOR_01_PRESSURE,LOW_PRESSURE,HIGH,Low pressure,2.36
EVT-00001931,2026-09-11T13:07:26-05:00,PUMP_01_FLOW,LOW_FLOW,HIGH,Low flow,12.76
EVT-00001932,2026-09-23T20:02:07-05:00,TANK_IN_01_LEVEL,LOW_LEVEL,HIGH,Low level,11.04
EVT-00001933,2026-09-13T21:21:55-05:00,FILTER_01_PRESSURE,HIGH_PRESSURE,HIGH,High pressure,6.45
EVT-00001934,2026-09-01T12:59:53-05:00,TANK_OUT_01_LEVEL,LOW_LEVEL,HIGH,Low level,10.87
EVT-00001935,2026-09-18T12:32:02-05:00,TANK_IN_01_LEVEL,HIGH_LEVEL,MEDIUM,High level,94.41
EVT-00001936,2026-09-13T07:00:17-05:00,FILLER_01_PRESSURE,LOW_PRESSURE,HIGH,Low pressure,1.71
EVT-00001937,2026-09-21T07:39:01-05:00,COMPRESSOR_01_TEMP,HIGH_TEMPERATURE,HIGH,High temperature,110.96
EVT-00001938,2026-09-11T07:27:52-05:00,TANK_OUT_01_LEVEL,LOW_LEVEL,HIGH,Low level,10.41
EVT-00001939,2026-09-10T17:47:33-05:00,FILLER_01_CYCLE_FAULT,CYCLE_FAULT,HIGH,Cycle fault,1.00
EVT-00001940,2026-09-02T12:59:36-05:00,PUMP_01_FLOW,LOW_FLOW,HIGH,Low flow,14.53
EVT-00001941,2026-09-23T13:06:05-05:00,PUMP_01_FLOW,LOW_FLOW,HIGH,Low flow,3.18
EVT-00001942,2026-09-12T14:51:23-05:00,FILLER_01_PRESSURE,LOW_PRESSURE,HIGH,Low pressure,0.31
EVT-00001943,2026-09-15T19:23:10-05:00,COMPRESSOR_01_PRESSURE,LOW_PRESSURE,HIGH,Low pressure,1.97
EVT-00001944,2026-09-07T06:27:42-05:00,PUMP_01_FLOW,LOW_FLOW,HIGH,Low flow,15.74
EVT-00001945,2026-09-08T14:54:22-05:00,COMPRESSOR_01_TEMP,HIGH_TEMPERATURE,HIGH,High temperature,111.92
EVT-00001946,2026-09-18T17:42:46-05:00,TANK_IN_01_LEVEL,LOW_LEVEL,HIGH,Low level,7.30
EVT-00001947,2026-09-27T20:46:40-05:00,TANK_OUT_01_LEVEL,LOW_LEVEL,HIGH,Low level,10.20
EVT-00001948,2026-09-01T06:40:27-05:00,COMPRESSOR_01_PRESSURE,LOW_PRESSURE,HIGH,Low pressure,2.73
EVT-00001949,2026-09-26T19:07:32-05:00,TANK_IN_01_LEVEL,LOW_LEVEL,HIGH,Low level,1.87
EVT-00001950,2026-09-08T20:41:34-05:00,FILTER_01_DIFF_PRESSURE,HIGH_DIFF_PRESSURE,MEDIUM,High diff pressure,2.93
EVT-00001951,2026-09-22T21:50:29-05:00,FILTER_01_PRESSURE,HIGH_PRESSURE,CRITICAL,High pressure,8.84
EVT-00001952,2026-09-19T10:14:28-05:00,PUMP_01_FLOW,LOW_FLOW,HIGH,Low flow,2.47
EVT-00001953,2026-09-05T14:54:00-05:00,TANK_IN_01_LEVEL,LOW_LEVEL,HIGH,Low level,1.39
EVT-00001954,2026-09-30T17:15:25-05:00,FILTER_01_PRESSURE,HIGH_PRESSURE,HIGH,High pressure,6.33
EVT-00001955,2026-09-21T08:22:34-05:00,PUMP_01_MOTOR_FAULT,MOTOR_FAULT,CRITICAL,Motor fault,1.00
EVT-00001956,2026-09-02T11:35:41-05:00,PUMP_01_FLOW,LOW_FLOW,HIGH,Low flow,17.80
EVT-00001957,2026-09-15T17:07:37-05:00,CONVEYOR_01_JAM,JAM,MEDIUM,Jam,1.00
EVT-00001958,2026-09-03T20:53:15-05:00,CONVEYOR_01_JAM,JAM,MEDIUM,Jam,1.00
EVT-00001959,2026-09-20T20:32:54-05:00,TANK_IN_01_LEVEL,HIGH_LEVEL,MEDIUM,High level,97.30
EVT-00001960,2026-09-26T09:41:20-05:00,PUMP_01_FLOW,LOW_FLOW,HIGH,Low flow,9.72
EVT-00001961,2026-09-22T11:54:09-05:00,FILTER_01_DIFF_PRESSURE,HIGH_DIFF_PRESSURE,MEDIUM,High diff pressure,1.90
EVT-00001962,2026-09-19T15:56:15-05:00,COMPRESSOR_01_TEMP,HIGH_TEMPERATURE,HIGH,High temperature,101.62
EVT-00001963,2026-09-08T19:54:44-05:00,FILTER_01_DIFF_PRESSURE,HIGH_DIFF_PRESSURE,MEDIUM,High diff pressure,1.71
EVT-00001964,2026-09-11T07:09:03-05:00,TANK_OUT_01_LEVEL,HIGH_LEVEL,MEDIUM,High level,92.23
EVT-00001965,2026-09-22T09:03:33-05:00,FILTER_01_DIFF_PRESSURE,HIGH_DIFF_PRESSURE,MEDIUM,High diff pressure,2.54
EVT-00001966,2026-09-15T10:26:07-05:00,TANK_OUT_01_LEVEL,LOW_LEVEL,HIGH,Low level,12.91
EVT-00001967,2026-09-04T20:24:02-05:00,TANK_IN_01_LEVEL,LOW_LEVEL,HIGH,Low level,13.94
EVT-00001968,2026-09-25T08:52:18-05:00,FILLER_01_PRESSURE,LOW_PRESSURE,HIGH,Low pressure,0.14
EVT-00001969,2026-09-03T06:06:56-05:00,COMPRESSOR_01_PRESSURE,LOW_PRESSURE,HIGH,Low pressure,1.03
EVT-00001970,2026-09-03T18:51:56-05:00,PUMP_01_FLOW,LOW_FLOW,HIGH,Low flow,14.34
EVT-00001971,2026-09-10T13:34:37-05:00,TANK_OUT_01_LEVEL,HIGH_LEVEL,MEDIUM,High level,98.10
EVT-00001972,2026-09-25T14:39:55-05:00,CONVEYOR_01_JAM,JAM,MEDIUM,Jam,1.00
EVT-00001973,2026-09-21T10:55:56-05:00,PUMP_01_FLOW,LOW_FLOW,HIGH,Low flow,11.71
EVT-00001974,2026-09-08T09:10:39-05:00,FILTER_01_DIFF_PRESSURE,HIGH_DIFF_PRESSURE,MEDIUM,High diff pressure,1.69
EVT-00001975,2026-09-23T15:06:00-05:00,TANK_OUT_01_LEVEL,HIGH_LEVEL,MEDIUM,High level,97.26
EVT-00001976,2026-09-21T21:02:44-05:00,COMPRESSOR_01_PRESSURE,LOW_PRESSURE,HIGH,Low pressure,2.54
EVT-00001977,2026-09-01T16:09:10-05:00,FILTER_01_DIFF_PRESSURE,HIGH_DIFF_PRESSURE,MEDIUM,High diff pressure,2.20
EVT-00001978,2026-09-17T07:44:30-05:00,PUMP_01_FLOW,LOW_FLOW,HIGH,Low flow,13.67
EVT-00001979,2026-09-29T15:14:22-05:00,FILTER_01_DIFF_PRESSURE,HIGH_DIFF_PRESSURE,MEDIUM,High diff pressure,2.16
EVT-00001980,2026-09-21T18:00:09-05:00,FILTER_01_PRESSURE,HIGH_PRESSURE,HIGH,High pressure,7.16
EVT-00001981,2026-09-08T08:03:04-05:00,FILTER_01_DIFF_PRESSURE,HIGH_DIFF_PRESSURE,MEDIUM,High diff pressure,1.98
EVT-00001982,2026-09-30T14:38:11-05:00,FILLER_01_PRESSURE,LOW_PRESSURE,HIGH,Low pressure,1.37
EVT-00001983,2026-09-22T06:47:05-05:00,PUMP_01_FLOW,LOW_FLOW,HIGH,Low flow,2.10
EVT-00001984,2026-09-10T09:48:55-05:00,FILLER_01_PRESSURE,LOW_PRESSURE,HIGH,Low pressure,1.21
EVT-00001985,2026-09-20T20:39:26-05:00,PUMP_01_MOTOR_FAULT,MOTOR_FAULT,CRITICAL,Motor fault,1.00
EVT-00001986,2026-09-24T06:57:17-05:00,TANK_IN_01_LEVEL,LOW_LEVEL,HIGH,Low level,12.00
EVT-00001987,2026-09-26T06:31:44-05:00,PUMP_01_FLOW,LOW_FLOW,HIGH,Low flow,10.93
EVT-00001988,2026-09-03T10:17:00-05:00,TANK_OUT_01_LEVEL,LOW_LEVEL,HIGH,Low level,10.10
EVT-00001989,2026-09-11T13:37:43-05:00,TANK_OUT_01_LEVEL,HIGH_LEVEL,MEDIUM,High level,93.03
EVT-00001990,2026-09-29T11:55:44-05:00,FILLER_01_CYCLE_FAULT,CYCLE_FAULT,HIGH,Cycle fault,1.00
EVT-00001991,2026-09-11T10:08:47-05:00,FILLER_01_CYCLE_FAULT,CYCLE_FAULT,HIGH,Cycle fault,1.00
EVT-00001992,2026-09-14T21:50:08-05:00,PUMP_01_FLOW,LOW_FLOW,HIGH,Low flow,5.09
EVT-00001993,2026-09-08T07:20:18-05:00,FILTER_01_DIFF_PRESSURE,HIGH_DIFF_PRESSURE,MEDIUM,High diff pressure,2.80
EVT-00001994,2026-09-02T13:56:04-05:00,TANK_OUT_01_LEVEL,HIGH_LEVEL,MEDIUM,High level,92.48
EVT-00001995,2026-09-20T14:16:58-05:00,PUMP_01_FLOW,LOW_FLOW,HIGH,Low flow,4.64
EVT-00001996,2026-09-08T14:19:58-05:00,FILTER_01_DIFF_PRESSURE,HIGH_DIFF_PRESSURE,MEDIUM,High diff pressure,2.09
EVT-00001997,2026-09-09T09:40:52-05:00,FILLER_01_PRESSURE,LOW_PRESSURE,HIGH,Low pressure,0.95
EVT-00001998,2026-09-23T16:21:08-05:00,PUMP_01_FLOW,LOW_FLOW,HIGH,Low flow,2.22
EVT-00001999,2026-09-01T21:30:13-05:00,FILTER_01_DIFF_PRESSURE,HIGH_DIFF_PRESSURE,MEDIUM,High diff pressure,2.79
EVT-00002000,2026-09-06T19:50:29-05:00,FILTER_01_PRESSURE,HIGH_PRESSURE,HIGH,High pressure,7.85
EVT-00002001,2026-09-10T16:59:19-05:00,PUMP_01_FLOW,LOW_FLOW,HIGH,Low flow,21
EVT-00002002,2026-09-21T17:07:57-05:00,CONVEYOR_01_JAM,JAM,MEDIUM,Jam,1.00
EVT-00002003,2026-09-18T21:33:53-05:00,TANK_OUT_01_LEVEL,HIGH_LEVEL,MEDIUM,High level,93.35
EVT-00002004,2026-09-28T15:29:54-05:00,TANK_IN_01_LEVEL,LOW_LEVEL,HIGH,Low level,11.01
EVT-00002005,2026-09-07T16:46:09-05:00,CONVEYOR_01_MOTOR_TEMP,HIGH_TEMPERATURE,LOW,High temperature,80.69
EVT-00002006,2026-09-09T06:15:50-05:00,CONVEYOR_01_JAM,JAM,MEDIUM,Jam,1.00
EVT-00002007,2026-09-08T10:30:41-05:00,FILLER_01_CYCLE_FAULT,CYCLE_FAULT,HIGH,Cycle fault,1.00
EVT-00002008,2026-09-08T16:46:22-05:00,FILTER_01_DIFF_PRESSURE,HIGH_DIFF_PRESSURE,MEDIUM,High diff pressure,1.98
EVT-00002009,2026-09-29T06:05:32-05:00,COMPRESSOR_01_PRESSURE,LOW_PRESSURE,HIGH,Low pressure,3.13
EVT-00002010,2026-09-02T14:34:04-05:00,COMPRESSOR_01_TEMP,HIGH_TEMPERATURE,HIGH,High temperature,116.65
EVT-00002011,2026-09-17T13:10:42-05:00,TANK_IN_01_LEVEL,LOW_LEVEL,HIGH,Low level,10.81
EVT-00002012,2026-09-23T20:57:04-05:00,CONVEYOR_01_JAM,JAM,MEDIUM,Jam,1.00
EVT-00002013,2026-09-08T07:30:45-05:00,FILTER_01_DIFF_PRESSURE,HIGH_DIFF_PRESSURE,MEDIUM,High diff pressure,1.63
EVT-00002014,2026-09-14T09:58:07-05:00,FILLER_01_PRESSURE,LOW_PRESSURE,HIGH,Low pressure,0.43
EVT-00002015,2026-09-08T17:47:23-05:00,FILTER_01_DIFF_PRESSURE,HIGH_DIFF_PRESSURE,MEDIUM,High diff pressure,1.83
EVT-00002016,2026-09-22T11:32:57-05:00,TANK_IN_01_LEVEL,LOW_LEVEL,HIGH,Low level,4.31
EVT-00002017,2026-09-28T16:23:00-05:00,FILLER_01_PRESSURE,LOW_PRESSURE,HIGH,Low pressure,1.59
EVT-00002018,2026-09-15T14:26:33-05:00,TANK_IN_01_LEVEL,LOW_LEVEL,HIGH,Low level,3.83
EVT-00002019,2026-09-13T09:22:00-05:00,CONVEYOR_01_MOTOR_TEMP,HIGH_TEMPERATURE,LOW,High temperature,87.17
EVT-00002020,2026-09-21T14:27:08-05:00,CONVEYOR_01_MOTOR_TEMP,HIGH_TEMPERATURE,LOW,High temperature,85.41
EVT-00002021,2026-09-28T17:25:11-05:00,FILLER_01_PRESSURE,LOW_PRESSURE,HIGH,Low pressure,0.28
EVT-00002022,2026-09-15T15:39:54-05:00,FILTER_01_DIFF_PRESSURE,HIGH_DIFF_PRESSURE,MEDIUM,High diff pressure,1.68
EVT-00002023,2026-09-15T18:42:27-05:00,FILTER_01_DIFF_PRESSURE,HIGH_DIFF_PRESSURE,MEDIUM,High diff pressure,2.98
EVT-00002024,2026-09-07T20:20:22-05:00,TANK_OUT_01_LEVEL,LOW_LEVEL,HIGH,Low level,2.65
EVT-00002025,2026-09-11T19:23:38-05:00,FILLER_01_PRESSURE,LOW_PRESSURE,HIGH,Low pressure,0.24
EVT-00002026,2026-09-30T18:16:54-05:00,TANK_OUT_01_LEVEL,LOW_LEVEL,HIGH,Low level,8.45
EVT-00002027,2026-09-04T12:58:17-05:00,COMPRESSOR_01_PRESSURE,LOW_PRESSURE,HIGH,Low pressure,2.87
EVT-00002028,2026-09-02T12:39:18-05:00,FILTER_01_PRESSURE,HIGH_PRESSURE,HIGH,High pressure,7.97
EVT-00002029,2026-09-18T18:49:54-05:00,PUMP_01_FLOW,LOW_FLOW,HIGH,Low flow,2.37
EVT-00002030,2026-09-25T09:43:36-05:00,TANK_OUT_01_LEVEL,LOW_LEVEL,HIGH,Low level,3.83
EVT-00002031,2026-09-08T15:49:25-05:00,COMPRESSOR_01_TEMP,HIGH_TEMPERATURE,HIGH,High temperature,100.65
EVT-00002032,2026-09-24T19:41:41-05:00,FILLER_01_PRESSURE,LOW_PRESSURE,HIGH,Low pressure,1.58
EVT-00002033,2026-09-23T09:49:09-05:00,CONVEYOR_01_MOTOR_TEMP,HIGH_TEMPERATURE,LOW,High temperature,86.42
EVT-00002034,2026-09-08T11:50:01-05:00,FILLER_01_CYCLE_FAULT,CYCLE_FAULT,HIGH,Cycle fault,1.00
EVT-00002035,2026-09-17T18:22:59-05:00,COMPRESSOR_01_PRESSURE,LOW_PRESSURE,HIGH,Low pressure,3.16
EVT-00002036,2026-09-01T12:47:12-05:00,FILTER_01_DIFF_PRESSURE,HIGH_DIFF_PRESSURE,MEDIUM,High diff pressure,2.48
EVT-00002037,2026-09-29T15:35:16-05:00,FILTER_01_DIFF_PRESSURE,HIGH_DIFF_PRESSURE,MEDIUM,High diff pressure,1.91
EVT-00002038,2026-09-18T18:20:53-05:00,FILTER_01_PRESSURE,HIGH_PRESSURE,HIGH,High pressure,8.82
EVT-00002039,2026-09-15T17:18:14-05:00,COMPRESSOR_01_PRESSURE,LOW_PRESSURE,HIGH,Low pressure,2.88
EVT-00002040,2026-09-23T20:43:25-05:00,CONVEYOR_01_JAM,JAM,MEDIUM,Jam,1.00
EVT-00002041,2026-09-29T14:20:07-05:00,PUMP_01_FLOW,LOW_FLOW,HIGH,Low flow,2.78
EVT-00002042,2026-09-29T09:15:18-05:00,TANK_IN_01_LEVEL,LOW_LEVEL,HIGH,Low level,6.90
EVT-00002043,2026-09-03T07:59:27-05:00,COMPRESSOR_01_PRESSURE,LOW_PRESSURE,HIGH,Low pressure,1.84
EVT-00002044,2026-09-08T15:02:07-05:00,FILTER_01_DIFF_PRESSURE,HIGH_DIFF_PRESSURE,MEDIUM,High diff pressure,1.98
EVT-00002045,2026-09-17T17:25:09-05:00,CONVEYOR_01_MOTOR_TEMP,HIGH_TEMPERATURE,LOW,High temperature,71.46
EVT-00002046,2026-09-29T08:24:12-05:00,FILTER_01_DIFF_PRESSURE,HIGH_DIFF_PRESSURE,MEDIUM,High diff pressure,2.81
EVT-00002047,2026-09-22T19:25:46-05:00,FILTER_01_DIFF_PRESSURE,HIGH_DIFF_PRESSURE,MEDIUM,High diff pressure,1.65
EVT-00002048,2026-09-01T06:24:04-05:00,FILTER_01_DIFF_PRESSURE,HIGH_DIFF_PRESSURE,MEDIUM,High diff pressure,2.19
EVT-00002049,2026-09-17T17:44:09-05:00,CONVEYOR_01_JAM,JAM,MEDIUM,Jam,1.00
EVT-00002050,2026-09-15T17:56:15-05:00,FILTER_01_DIFF_PRESSURE,HIGH_DIFF_PRESSURE,MEDIUM,High diff pressure,2.43
EVT-00002051,2026-09-22T18:41:09-05:00,TANK_OUT_01_LEVEL,LOW_LEVEL,CRITICAL,Low level,11.85
EVT-00002052,2026-09-15T14:20:15-05:00,CONVEYOR_01_JAM,JAM,MEDIUM,Jam,1.00
EVT-00002053,2026-09-29T20:22:10-05:00,TANK_OUT_01_LEVEL,LOW_LEVEL,HIGH,Low level,7.27
EVT-00002054,2026-09-09T10:07:42-05:00,PUMP_01_FLOW,LOW_FLOW,HIGH,Low flow,10.91
EVT-00002055,2026-09-15T20:00:46-05:00,FILTER_01_DIFF_PRESSURE,HIGH_DIFF_PRESSURE,MEDIUM,High diff pressure,1.72
EVT-00002056,2026-09-10T14:17:59-05:00,PUMP_01_FLOW,LOW_FLOW,HIGH,Low flow,4.40
EVT-00002057,2026-09-06T18:57:29-05:00,FILLER_01_PRESSURE,LOW_PRESSURE,HIGH,Low pressure,1.47
EVT-00002058,2026-09-08T21:16:46-05:00,FILTER_01_DIFF_PRESSURE,HIGH_DIFF_PRESSURE,MEDIUM,High diff pressure,1.99
EVT-00002059,2026-09-04T06:44:56-05:00,PUMP_01_FLOW,LOW_FLOW,HIGH,Low flow,7.48
EVT-00002060,2026-09-15T10:44:26-05:00,TANK_OUT_01_LEVEL,LOW_LEVEL,HIGH,Low level,8.57
EVT-00002061,2026-09-18T18:52:22-05:00,PUMP_01_FLOW,LOW_FLOW,HIGH,Low flow,1.71
EVT-00002062,2026-09-12T08:41:35-05:00,FILLER_01_PRESSURE,LOW_PRESSURE,HIGH,Low pressure,1.05
EVT-00002063,2026-09-08T15:42:52-05:00,FILTER_01_DIFF_PRESSURE,HIGH_DIFF_PRESSURE,MEDIUM,High diff pressure,2.37
EVT-00002064,2026-09-01T13:21:53-05:00,PUMP_01_FLOW,LOW_FLOW,HIGH,Low flow,11.22
EVT-00002065,2026-09-15T11:49:45-05:00,FILLER_01_CYCLE_FAULT,CYCLE_FAULT,HIGH,Cycle fault,1.00
EVT-00002066,2026-09-24T15:56:32-05:00,TANK_IN_01_LEVEL,LOW_LEVEL,HIGH,Low level,11.39
EVT-00002067,2026-09-15T14:37:38-05:00,FILTER_01_DIFF_PRESSURE,HIGH_DIFF_PRESSURE,MEDIUM,High diff pressure,2.34
EVT-00002068,2026-09-25T16:26:39-05:00,COMPRESSOR_01_PRESSURE,LOW_PRESSURE,HIGH,Low pressure,4.41
EVT-00002069,2026-09-19T19:15:45-05:00,PUMP_01_FLOW,LOW_FLOW,HIGH,Low flow,10.05
EVT-00002070,2026-09-01T19:19:08-05:00,FILTER_01_DIFF_PRESSURE,HIGH_DIFF_PRESSURE,MEDIUM,High diff pressure,2.82
EVT-00002071,2026-09-05T18:20:33-05:00,COMPRESSOR_01_PRESSURE,LOW_PRESSURE,HIGH,Low pressure,3.82
EVT-00002072,2026-09-01T13:18:41-05:00,TANK_IN_01_LEVEL,HIGH_LEVEL,MEDIUM,High level,97.32
EVT-00002073,2026-09-15T12:30:22-05:00,CONVEYOR_01_JAM,JAM,MEDIUM,Jam,1.00
EVT-00002074,2026-09-29T17:40:29-05:00,FILTER_01_DIFF_PRESSURE,HIGH_DIFF_PRESSURE,MEDIUM,High diff pressure,2.09
EVT-00002075,2026-09-08T20:13:22-05:00,TANK_OUT_01_LEVEL,HIGH_LEVEL,MEDIUM,High level,98.85
EVT-00002076,2026-09-01T07:31:18-05:00,FILTER_01_DIFF_PRESSURE,HIGH_DIFF_PRESSURE,MEDIUM,High diff pressure,2.97
EVT-00002077,2026-09-22T18:13:31-05:00,CONVEYOR_01_MOTOR_TEMP,HIGH_TEMPERATURE,LOW,High temperature,72.78
EVT-00002078,2026-09-13T09:32:23-05:00,COMPRESSOR_01_TEMP,HIGH_TEMPERATURE,HIGH,High temperature,116.08
EVT-00002079,2026-09-29T15:18:45-05:00,FILTER_01_DIFF_PRESSURE,HIGH_DIFF_PRESSURE,MEDIUM,High diff pressure,1.74
EVT-00002080,2026-09-12T13:14:14-05:00,COMPRESSOR_01_PRESSURE,LOW_PRESSURE,HIGH,Low pressure,1.75
EVT-00002081,2026-09-14T12:43:44-05:00,FILLER_01_PRESSURE,LOW_PRESSURE,HIGH,Low pressure,1.08
EVT-00002082,2026-09-15T12:16:44-05:00,FILTER_01_DIFF_PRESSURE,HIGH_DIFF_PRESSURE,MEDIUM,High diff pressure,2.49
EVT-00002083,2026-09-22T21:54:58-05:00,FILTER_01_DIFF_PRESSURE,HIGH_DIFF_PRESSURE,MEDIUM,High diff pressure,1.82
EVT-00002084,2026-09-29T14:05:12-05:00,PUMP_01_FLOW,LOW_FLOW,HIGH,Low flow,16.18
EVT-00002085,2026-09-26T14:03:19-05:00,COMPRESSOR_01_TEMP,HIGH_TEMPERATURE,HIGH,High temperature,107.82
EVT-00002086,2026-09-24T13:42:56-05:00,PUMP_01_FLOW,LOW_FLOW,HIGH,Low flow,15.92
EVT-00002087,2026-09-05T21:12:36-05:00,COMPRESSOR_01_PRESSURE,LOW_PRESSURE,HIGH,Low pressure,4.00
EVT-00002088,2026-09-05T09:46:57-05:00,TANK_OUT_01_LEVEL,HIGH_LEVEL,MEDIUM,High level,94.10
EVT-00002089,2026-09-28T15:33:46-05:00,FILTER_01_PRESSURE,HIGH_PRESSURE,HIGH,High pressure,7.81
EVT-00002090,2026-09-19T19:45:52-05:00,TANK_IN_01_LEVEL,LOW_LEVEL,HIGH,Low level,8.69
EVT-00002091,2026-09-14T17:37:44-05:00,TANK_IN_01_LEVEL,LOW_LEVEL,HIGH,Low level,6.59
EVT-00002092,2026-09-29T14:24:45-05:00,FILTER_01_DIFF_PRESSURE,HIGH_DIFF_PRESSURE,MEDIUM,High diff pressure,1.95
EVT-00002093,2026-09-27T12:56:59-05:00,PUMP_01_FLOW,LOW_FLOW,HIGH,Low flow,6.92
EVT-00002094,2026-09-02T20:58:42-05:00,TANK_OUT_01_LEVEL,LOW_LEVEL,HIGH,Low level,7.18
EVT-00002095,2026-09-10T14:59:41-05:00,CONVEYOR_01_JAM,JAM,MEDIUM,Jam,1.00
EVT-00002096,2026-09-26T06:02:40-05:00,PUMP_01_FLOW,LOW_FLOW,HIGH,Low flow,4.15
EVT-00002097,2026-09-21T21:11:12-05:00,PUMP_01_MOTOR_FAULT,MOTOR_FAULT,CRITICAL,Motor fault,1.00
EVT-00002098,2026-09-22T11:14:13-05:00,PUMP_01_FLOW,LOW_FLOW,HIGH,Low flow,9.54
EVT-00002099,2026-09-30T18:31:18-05:00,PUMP_01_FLOW,LOW_FLOW,HIGH,Low flow,14.20
EVT-00002100,2026-09-04T19:55:16-05:00,PUMP_01_MOTOR_FAULT,MOTOR_FAULT,CRITICAL,Motor fault,1.00
EVT-00002101,2026-09-03T16:54:08-05:00,TANK_OUT_01_LEVEL,LOW_LEVEL,HIGH,Low level,16
EVT-00002102,2026-09-19T13:56:18-05:00,TANK_OUT_01_LEVEL,HIGH_LEVEL,MEDIUM,High level,93.64
EVT-00002103,2026-09-16T18:38:18-05:00,FILLER_01_PRESSURE,LOW_PRESSURE,HIGH,Low pressure,0.40
EVT-00002104,2026-09-29T06:19:09-05:00,FILTER_01_DIFF_PRESSURE,HIGH_DIFF_PRESSURE,MEDIUM,High diff pressure,2.26
EVT-00002105,2026-09-02T08:39:37-05:00,PUMP_01_FLOW,LOW_FLOW,HIGH,Low flow,7.54
EVT-00002106,2026-09-23T08:27:59-05:00,FILTER_01_PRESSURE,HIGH_PRESSURE,HIGH,High pressure,7.92
EVT-00002107,2026-09-09T12:34:29-05:00,PUMP_01_FLOW,LOW_FLOW,HIGH,Low flow,9.59
EVT-00002108,2026-09-12T06:53:12-05:00,FILLER_01_PRESSURE,LOW_PRESSURE,HIGH,Low pressure,0.84
EVT-00002109,2026-09-01T15:21:16-05:00,FILTER_01_DIFF_PRESSURE,HIGH_DIFF_PRESSURE,MEDIUM,High diff pressure,2.09
EVT-00002110,2026-09-06T19:55:14-05:00,FILLER_01_CYCLE_FAULT,CYCLE_FAULT,HIGH,Cycle fault,1.00
EVT-00002111,2026-09-06T15:53:52-05:00,TANK_OUT_01_LEVEL,HIGH_LEVEL,MEDIUM,High level,94.30
EVT-00002112,2026-09-27T21:22:57-05:00,CONVEYOR_01_MOTOR_TEMP,HIGH_TEMPERATURE,LOW,High temperature,85.02
EVT-00002113,2026-09-09T18:28:41-05:00,CONVEYOR_01_JAM,JAM,MEDIUM,Jam,1.00
EVT-00002114,2026-09-19T12:24:04-05:00,TANK_IN_01_LEVEL,HIGH_LEVEL,MEDIUM,High level,92.47
EVT-00002115,2026-09-17T11:07:22-05:00,TANK_IN_01_LEVEL,LOW_LEVEL,HIGH,Low level,8.63
EVT-00002116,2026-09-14T12:11:42-05:00,FILLER_01_CYCLE_FAULT,CYCLE_FAULT,HIGH,Cycle fault,1.00
EVT-00002117,2026-09-05T15:09:49-05:00,TANK_IN_01_LEVEL,HIGH_LEVEL,MEDIUM,High level,93.26
EVT-00002118,2026-09-26T16:10:12-05:00,CONVEYOR_01_JAM,JAM,MEDIUM,Jam,1.00
EVT-00002119,2026-09-01T08:07:19-05:00,FILTER_01_DIFF_PRESSURE,HIGH_DIFF_PRESSURE,MEDIUM,High diff pressure,1.93
EVT-00002120,2026-09-16T12:20:20-05:00,COMPRESSOR_01_PRESSURE,LOW_PRESSURE,HIGH,Low pressure,2.59
EVT-00002121,2026-09-05T20:52:25-05:00,FILLER_01_PRESSURE,LOW_PRESSURE,HIGH,Low pressure,1.23
EVT-00002122,2026-09-20T15:31:23-05:00,COMPRESSOR_01_PRESSURE,LOW_PRESSURE,HIGH,Low pressure,4.90
EVT-00002123,2026-09-06T18:55:23-05:00,COMPRESSOR_01_TEMP,HIGH_TEMPERATURE,HIGH,High temperature,108.47
EVT-00002124,2026-09-27T08:09:32-05:00,TANK_IN_01_LEVEL,LOW_LEVEL,HIGH,Low level,5.55
EVT-00002125,2026-09-23T08:35:29-05:00,PUMP_01_FLOW,LOW_FLOW,HIGH,Low flow,15.09
EVT-00002126,2026-09-05T09:49:12-05:00,PUMP_01_FLOW,LOW_FLOW,HIGH,Low flow,3.66
EVT-00002127,2026-09-14T18:34:33-05:00,COMPRESSOR_01_TEMP,HIGH_TEMPERATURE,HIGH,High temperature,100.57
EVT-00002128,2026-09-25T14:48:56-05:00,TANK_IN_01_LEVEL,LOW_LEVEL,HIGH,Low level,9.83
EVT-00002129,2026-09-04T06:35:49-05:00,TANK_IN_01_LEVEL,LOW_LEVEL,HIGH,Low level,11.51
EVT-00002130,2026-09-16T08:09:53-05:00,TANK_OUT_01_LEVEL,HIGH_LEVEL,MEDIUM,High level,93.59
EVT-00002131,2026-09-10T18:09:10-05:00,TANK_IN_01_LEVEL,LOW_LEVEL,HIGH,Low level,1.21
EVT-00002132,2026-09-26T08:15:12-05:00,FILLER_01_CYCLE_FAULT,CYCLE_FAULT,HIGH,Cycle fault,1.00
EVT-00002133,2026-09-07T09:21:49-05:00,TANK_OUT_01_LEVEL,HIGH_LEVEL,MEDIUM,High level,97.86
EVT-00002134,2026-09-01T08:38:59-05:00,FILTER_01_DIFF_PRESSURE,HIGH_DIFF_PRESSURE,MEDIUM,High diff pressure,2.31
EVT-00002135,2026-09-12T12:24:41-05:00,COMPRESSOR_01_PRESSURE,LOW_PRESSURE,HIGH,Low pressure,1.82
EVT-00002136,2026-09-25T19:15:46-05:00,CONVEYOR_01_MOTOR_TEMP,HIGH_TEMPERATURE,LOW,High temperature,83.55
EVT-00002137,2026-09-19T07:14:38-05:00,PUMP_01_FLOW,LOW_FLOW,HIGH,Low flow,3.02
EVT-00002138,2026-09-25T06:15:16-05:00,CONVEYOR_01_JAM,JAM,MEDIUM,Jam,1.00
EVT-00002139,2026-09-10T09:07:37-05:00,FILLER_01_PRESSURE,LOW_PRESSURE,HIGH,Low pressure,1.47
EVT-00002140,2026-09-24T07:47:47-05:00,TANK_IN_01_LEVEL,LOW_LEVEL,HIGH,Low level,5.38
EVT-00002141,2026-09-28T18:53:03-05:00,COMPRESSOR_01_PRESSURE,LOW_PRESSURE,HIGH,Low pressure,3.43
EVT-00002142,2026-09-29T09:22:12-05:00,FILTER_01_DIFF_PRESSURE,HIGH_DIFF_PRESSURE,MEDIUM,High diff pressure,2.72
EVT-00002143,2026-09-04T09:17:32-05:00,FILLER_01_PRESSURE,LOW_PRESSURE,HIGH,Low pressure,1.00
EVT-00002144,2026-09-14T09:54:02-05:00,COMPRESSOR_01_TEMP,HIGH_TEMPERATURE,HIGH,High temperature,117.06
EVT-00002145,2026-09-04T19:51:39-05:00,PUMP_01_FLOW,LOW_FLOW,HIGH,Low flow,7.43
EVT-00002146,2026-09-04T15:27:40-05:00,PUMP_01_FLOW,LOW_FLOW,HIGH,Low flow,3.78
EVT-00002147,2026-09-12T18:49:45-05:00,TANK_OUT_01_LEVEL,LOW_LEVEL,HIGH,Low level,6.90
EVT-00002148,2026-09-02T07:29:50-05:00,TANK_OUT_01_LEVEL,LOW_LEVEL,HIGH,Low level,7.71
EVT-00002149,2026-09-13T11:09:46-05:00,TANK_OUT_01_LEVEL,LOW_LEVEL,HIGH,Low level,10.35
EVT-00002150,2026-09-10T18:30:26-05:00,TANK_OUT_01_LEVEL,HIGH_LEVEL,MEDIUM,High level,95.54
EVT-00002151,2026-09-14T11:17:24-05:00,PUMP_01_FLOW,LOW_FLOW,CRITICAL,Low flow,18.51
EVT-00002152,2026-09-01T21:18:39-05:00,FILTER_01_DIFF_PRESSURE,HIGH_DIFF_PRESSURE,MEDIUM,High diff pressure,2.81
EVT-00002153,2026-09-12T09:15:50-05:00,COMPRESSOR_01_PRESSURE,LOW_PRESSURE,HIGH,Low pressure,1.06
EVT-00002154,2026-09-16T18:14:06-05:00,COMPRESSOR_01_TEMP,HIGH_TEMPERATURE,HIGH,High temperature,100.30
EVT-00002155,2026-09-29T17:59:18-05:00,FILTER_01_DIFF_PRESSURE,HIGH_DIFF_PRESSURE,MEDIUM,High diff pressure,1.81
EVT-00002156,2026-09-13T13:17:35-05:00,TANK_IN_01_LEVEL,HIGH_LEVEL,MEDIUM,High level,98.11
EVT-00002157,2026-09-04T19:29:50-05:00,TANK_OUT_01_LEVEL,HIGH_LEVEL,MEDIUM,High level,92.72
EVT-00002158,2026-09-07T12:09:52-05:00,TANK_IN_01_LEVEL,LOW_LEVEL,HIGH,Low level,5.10
EVT-00002159,2026-09-13T08:14:05-05:00,TANK_OUT_01_LEVEL,HIGH_LEVEL,MEDIUM,High level,93.38
EVT-00002160,2026-09-24T15:05:09-05:00,CONVEYOR_01_JAM,JAM,MEDIUM,Jam,1.00
EVT-00002161,2026-09-25T16:35:36-05:00,FILLER_01_CYCLE_FAULT,CYCLE_FAULT,HIGH,Cycle fault,1.00
EVT-00002162,2026-09-26T17:43:14-05:00,FILLER_01_CYCLE_FAULT,CYCLE_FAULT,HIGH,Cycle fault,1.00
EVT-00002163,2026-09-29T13:21:45-05:00,FILTER_01_DIFF_PRESSURE,HIGH_DIFF_PRESSURE,MEDIUM,High diff pressure,2.84
EVT-00002164,2026-09-05T19:58:51-05:00,TANK_OUT_01_LEVEL,LOW_LEVEL,HIGH,Low level,10.31
EVT-00002165,2026-09-09T14:54:29-05:00,TANK_IN_01_LEVEL,HIGH_LEVEL,MEDIUM,High level,96.09
EVT-00002166,2026-09-05T06:32:27-05:00,PUMP_01_FLOW,LOW_FLOW,HIGH,Low flow,3.03
EVT-00002167,2026-09-27T07:14:31-05:00,FILLER_01_CYCLE_FAULT,CYCLE_FAULT,HIGH,Cycle fault,1.00
EVT-00002168,2026-09-06T12:57:56-05:00,FILLER_01_PRESSURE,LOW_PRESSURE,HIGH,Low pressure,1.64
EVT-00002169,2026-09-05T11:30:41-05:00,FILLER_01_PRESSURE,LOW_PRESSURE,HIGH,Low pressure,1.69
EVT-00002170,2026-09-25T07:23:34-05:00,FILLER_01_PRESSURE,LOW_PRESSURE,HIGH,Low pressure,1.79
EVT-00002171,2026-09-25T14:57:36-05:00,FILLER_01_CYCLE_FAULT,CYCLE_FAULT,HIGH,Cycle fault,1.00
EVT-00002172,2026-09-22T15:03:50-05:00,PUMP_01_FLOW,LOW_FLOW,HIGH,Low flow,11.04
EVT-00002173,2026-09-18T12:15:19-05:00,TANK_OUT_01_LEVEL,LOW_LEVEL,HIGH,Low level,12.07
EVT-00002174,2026-09-25T06:34:30-05:00,TANK_OUT_01_LEVEL,LOW_LEVEL,HIGH,Low level,9.81
EVT-00002175,2026-09-04T12:59:01-05:00,COMPRESSOR_01_PRESSURE,LOW_PRESSURE,HIGH,Low pressure,3.30
EVT-00002176,2026-09-22T14:03:23-05:00,FILTER_01_DIFF_PRESSURE,HIGH_DIFF_PRESSURE,MEDIUM,High diff pressure,2.77
EVT-00002177,2026-09-06T16:08:01-05:00,TANK_IN_01_LEVEL,LOW_LEVEL,HIGH,Low level,7.20
EVT-00002178,2026-09-06T14:56:49-05:00,COMPRESSOR_01_PRESSURE,LOW_PRESSURE,HIGH,Low pressure,3.20
EVT-00002179,2026-09-23T13:04:58-05:00,PUMP_01_FLOW,LOW_FLOW,HIGH,Low flow,10.98
EVT-00002180,2026-09-19T18:17:18-05:00,FILLER_01_CYCLE_FAULT,CYCLE_FAULT,HIGH,Cycle fault,1.00
EVT-00002181,2026-09-22T15:49:09-05:00,FILLER_01_PRESSURE,LOW_PRESSURE,HIGH,Low pressure,1.56
EVT-00002182,2026-09-18T21:33:10-05:00,FILTER_01_PRESSURE,HIGH_PRESSURE,HIGH,High pressure,6.90
EVT-00002183,2026-09-13T10:47:41-05:00,TANK_OUT_01_LEVEL,LOW_LEVEL,HIGH,Low level,11.13
EVT-00002184,2026-09-13T17:13:51-05:00,TANK_OUT_01_LEVEL,HIGH_LEVEL,MEDIUM,High level,97.92
EVT-00002185,2026-09-15T11:50:03-05:00,FILTER_01_DIFF_PRESSURE,HIGH_DIFF_PRESSURE,MEDIUM,High diff pressure,1.75
EVT-00002186,2026-09-02T08:20:01-05:00,TANK_IN_01_LEVEL,LOW_LEVEL,HIGH,Low level,8.50
EVT-00002187,2026-09-29T06:29:22-05:00,FILTER_01_DIFF_PRESSURE,HIGH_DIFF_PRESSURE,MEDIUM,High diff pressure,2.47
EVT-00002188,2026-09-22T12:16:59-05:00,FILTER_01_DIFF_PRESSURE,HIGH_DIFF_PRESSURE,MEDIUM,High diff pressure,2.51
EVT-00002189,2026-09-01T18:02:15-05:00,FILTER_01_DIFF_PRESSURE,HIGH_DIFF_PRESSURE,MEDIUM,High diff pressure,2.22
EVT-00002190,2026-09-21T11:40:53-05:00,PUMP_01_MOTOR_FAULT,MOTOR_FAULT,CRITICAL,Motor fault,1.00
EVT-00002191,2026-09-03T21:49:06-05:00,COMPRESSOR_01_PRESSURE,LOW_PRESSURE,HIGH,Low pressure,2.56
EVT-00002192,2026-09-06T06:21:31-05:00,TANK_IN_01_LEVEL,HIGH_LEVEL,MEDIUM,High level,96.51
EVT-00002193,2026-09-22T17:58:27-05:00,FILTER_01_DIFF_PRESSURE,HIGH_DIFF_PRESSURE,MEDIUM,High diff pressure,2.68
EVT-00002194,2026-09-29T13:40:01-05:00,TANK_OUT_01_LEVEL,LOW_LEVEL,HIGH,Low level,6.46
EVT-00002195,2026-09-16T16:42:14-05:00,TANK_IN_01_LEVEL,LOW_LEVEL,HIGH,Low level,1.45
EVT-00002196,2026-09-13T16:22:58-05:00,COMPRESSOR_01_TEMP,HIGH_TEMPERATURE,HIGH,High temperature,111.98
EVT-00002197,2026-09-01T20:42:54-05:00,FILTER_01_DIFF_PRESSURE,HIGH_DIFF_PRESSURE,MEDIUM,High diff pressure,2.85
EVT-00002198,2026-09-22T09:44:54-05:00,TANK_IN_01_LEVEL,HIGH_LEVEL,MEDIUM,High level,94.44
EVT-00002199,2026-09-26T19:55:28-05:00,TANK_OUT_01_LEVEL,LOW_LEVEL,HIGH,Low level,7.95
EVT-00002200,2026-09-10T12:36:51-05:00,PUMP_01_FLOW,LOW_FLOW,HIGH,Low flow,9.92
EVT-00002201,2026-09-21T21:25:30-05:00,PUMP_01_FLOW,LOW_FLOW,HIGH,Low flow,21
EVT-00002202,2026-09-28T15:45:16-05:00,TANK_IN_01_LEVEL,LOW_LEVEL,HIGH,Low level,5.38
EVT-00002203,2026-09-01T11:24:45-05:00,FILTER_01_DIFF_PRESSURE,HIGH_DIFF_PRESSURE,MEDIUM,High diff pressure,2.62
EVT-00002204,2026-09-20T19:31:25-05:00,CONVEYOR_01_JAM,JAM,MEDIUM,Jam,1.00
EVT-00002205,2026-09-19T07:43:28-05:00,FILLER_01_PRESSURE,LOW_PRESSURE,HIGH,Low pressure,1.61
EVT-00002206,2026-09-01T16:18:41-05:00,FILTER_01_DIFF_PRESSURE,HIGH_DIFF_PRESSURE,MEDIUM,High diff pressure,2.95
EVT-00002207,2026-09-07T12:19:21-05:00,FILTER_01_PRESSURE,HIGH_PRESSURE,HIGH,High pressure,6.49
EVT-00002208,2026-09-10T15:11:12-05:00,FILLER_01_PRESSURE,LOW_PRESSURE,HIGH,Low pressure,0.86
EVT-00002209,2026-09-29T11:42:15-05:00,FILTER_01_DIFF_PRESSURE,HIGH_DIFF_PRESSURE,MEDIUM,High diff pressure,2.11
EVT-00002210,2026-09-15T17:22:37-05:00,FILTER_01_DIFF_PRESSURE,HIGH_DIFF_PRESSURE,MEDIUM,High diff pressure,2.91
EVT-00002211,2026-09-29T09:17:15-05:00,FILTER_01_DIFF_PRESSURE,HIGH_DIFF_PRESSURE,MEDIUM,High diff pressure,1.64
EVT-00002212,2026-09-17T21:42:18-05:00,FILLER_01_PRESSURE,LOW_PRESSURE,HIGH,Low pressure,0.57
EVT-00002213,2026-09-07T18:01:46-05:00,TANK_OUT_01_LEVEL,HIGH_LEVEL,MEDIUM,High level,98.60
EVT-00002214,2026-09-09T17:36:47-05:00,COMPRESSOR_01_PRESSURE,LOW_PRESSURE,HIGH,Low pressure,3.72
EVT-00002215,2026-09-28T20:00:04-05:00,CONVEYOR_01_JAM,JAM,MEDIUM,Jam,1.00
EVT-00002216,2026-09-24T17:24:35-05:00,COMPRESSOR_01_PRESSURE,LOW_PRESSURE,HIGH,Low pressure,1.30
EVT-00002217,2026-09-12T14:25:09-05:00,TANK_OUT_01_LEVEL,LOW_LEVEL,HIGH,Low level,4.02
EVT-00002218,2026-09-24T18:28:32-05:00,PUMP_01_FLOW,LOW_FLOW,HIGH,Low flow,16.67
EVT-00002219,2026-09-22T13:28:06-05:00,FILTER_01_DIFF_PRESSURE,HIGH_DIFF_PRESSURE,MEDIUM,High diff pressure,2.41
EVT-00002220,2026-09-30T07:10:22-05:00,CONVEYOR_01_MOTOR_TEMP,HIGH_TEMPERATURE,LOW,High temperature,83.98
EVT-00002221,2026-09-14T10:51:33-05:00,PUMP_01_FLOW,LOW_FLOW,HIGH,Low flow,17.86
EVT-00002222,2026-09-08T10:40:06-05:00,FILTER_01_DIFF_PRESSURE,HIGH_DIFF_PRESSURE,MEDIUM,High diff pressure,2.20
EVT-00002223,2026-09-01T08:43:47-05:00,FILTER_01_DIFF_PRESSURE,HIGH_DIFF_PRESSURE,MEDIUM,High diff pressure,2.09
EVT-00002224,2026-09-26T21:03:33-05:00,TANK_IN_01_LEVEL,LOW_LEVEL,HIGH,Low level,7.35
EVT-00002225,2026-09-18T13:56:22-05:00,FILTER_01_PRESSURE,HIGH_PRESSURE,HIGH,High pressure,8.26
EVT-00002226,2026-09-02T09:40:37-05:00,FILLER_01_PRESSURE,LOW_PRESSURE,HIGH,Low pressure,0.50
EVT-00002227,2026-09-01T10:42:14-05:00,PUMP_01_MOTOR_FAULT,MOTOR_FAULT,CRITICAL,Motor fault,1.00
EVT-00002228,2026-09-06T17:43:44-05:00,FILLER_01_PRESSURE,LOW_PRESSURE,HIGH,Low pressure,0.20
EVT-00002229,2026-09-16T20:14:24-05:00,COMPRESSOR_01_PRESSURE,LOW_PRESSURE,HIGH,Low pressure,1.10
EVT-00002230,2026-09-29T07:31:40-05:00,TANK_IN_01_LEVEL,LOW_LEVEL,HIGH,Low level,7.42
EVT-00002231,2026-09-28T07:09:26-05:00,TANK_OUT_01_LEVEL,HIGH_LEVEL,MEDIUM,High level,95.16
EVT-00002232,2026-09-22T17:58:05-05:00,COMPRESSOR_01_PRESSURE,LOW_PRESSURE,HIGH,Low pressure,1.46
EVT-00002233,2026-09-08T10:17:49-05:00,FILTER_01_DIFF_PRESSURE,HIGH_DIFF_PRESSURE,MEDIUM,High diff pressure,1.88
EVT-00002234,2026-09-17T08:11:46-05:00,TANK_OUT_01_LEVEL,LOW_LEVEL,HIGH,Low level,11.68
EVT-00002235,2026-09-19T20:06:37-05:00,FILLER_01_PRESSURE,LOW_PRESSURE,HIGH,Low pressure,1.44
EVT-00002236,2026-09-29T07:38:34-05:00,PUMP_01_MOTOR_FAULT,MOTOR_FAULT,CRITICAL,Motor fault,1.00
EVT-00002237,2026-09-25T20:41:07-05:00,TANK_OUT_01_LEVEL,HIGH_LEVEL,MEDIUM,High level,94.20
EVT-00002238,2026-09-29T19:25:15-05:00,FILTER_01_DIFF_PRESSURE,HIGH_DIFF_PRESSURE,MEDIUM,High diff pressure,2.59
EVT-00002239,2026-09-24T10:17:42-05:00,CONVEYOR_01_JAM,JAM,MEDIUM,Jam,1.00
EVT-00002240,2026-09-04T09:11:18-05:00,PUMP_01_FLOW,LOW_FLOW,HIGH,Low flow,5.38
EVT-00002241,2026-09-15T13:26:03-05:00,COMPRESSOR_01_TEMP,HIGH_TEMPERATURE,HIGH,High temperature,106.41
EVT-00002242,2026-09-02T14:55:36-05:00,CONVEYOR_01_MOTOR_TEMP,HIGH_TEMPERATURE,LOW,High temperature,81.92
EVT-00002243,2026-09-01T11:45:41-05:00,FILTER_01_DIFF_PRESSURE,HIGH_DIFF_PRESSURE,MEDIUM,High diff pressure,2.99
EVT-00002244,2026-09-08T11:03:21-05:00,FILTER_01_DIFF_PRESSURE,HIGH_DIFF_PRESSURE,MEDIUM,High diff pressure,1.97
EVT-00002245,2026-09-15T20:57:09-05:00,FILTER_01_DIFF_PRESSURE,HIGH_DIFF_PRESSURE,MEDIUM,High diff pressure,2.38
EVT-00002246,2026-09-29T17:01:42-05:00,TANK_IN_01_LEVEL,LOW_LEVEL,HIGH,Low level,1.71
EVT-00002247,2026-09-22T20:32:39-05:00,CONVEYOR_01_JAM,JAM,MEDIUM,Jam,1.00
EVT-00002248,2026-09-26T18:13:33-05:00,FILLER_01_PRESSURE,LOW_PRESSURE,HIGH,Low pressure,0.71
EVT-00002249,2026-09-13T11:37:48-05:00,PUMP_01_MOTOR_FAULT,MOTOR_FAULT,CRITICAL,Motor fault,1.00
EVT-00002250,2026-09-22T08:13:18-05:00,COMPRESSOR_01_PRESSURE,LOW_PRESSURE,HIGH,Low pressure,3.73
EVT-00002251,2026-09-28T14:03:13-05:00,CONVEYOR_01_MOTOR_TEMP,HIGH_TEMPERATURE,MEDIUM,High temperature,78.95
EVT-00002252,2026-09-13T10:39:06-05:00,TANK_IN_01_LEVEL,LOW_LEVEL,HIGH,Low level,7.16
EVT-00002253,2026-09-27T19:46:28-05:00,TANK_IN_01_LEVEL,LOW_LEVEL,HIGH,Low level,5.82
EVT-00002254,2026-09-08T13:59:20-05:00,FILTER_01_DIFF_PRESSURE,HIGH_DIFF_PRESSURE,MEDIUM,High diff pressure,2.41
EVT-00002255,2026-09-25T17:43:53-05:00,COMPRESSOR_01_PRESSURE,LOW_PRESSURE,HIGH,Low pressure,3.08
EVT-00002256,2026-09-09T21:46:23-05:00,CONVEYOR_01_JAM,JAM,MEDIUM,Jam,1.00
EVT-00002257,2026-09-16T14:34:33-05:00,CONVEYOR_01_JAM,JAM,MEDIUM,Jam,1.00
EVT-00002258,2026-09-11T19:03:34-05:00,COMPRESSOR_01_PRESSURE,LOW_PRESSURE,HIGH,Low pressure,3.16
EVT-00002259,2026-09-27T07:49:39-05:00,CONVEYOR_01_MOTOR_TEMP,HIGH_TEMPERATURE,LOW,High temperature,87.88
EVT-00002260,2026-09-09T15:13:03-05:00,PUMP_01_FLOW,LOW_FLOW,HIGH,Low flow,2.35
EVT-00002261,2026-09-29T19:16:30-05:00,FILTER_01_DIFF_PRESSURE,HIGH_DIFF_PRESSURE,MEDIUM,High diff pressure,3.00
EVT-00002262,2026-09-15T18:39:21-05:00,FILLER_01_CYCLE_FAULT,CYCLE_FAULT,HIGH,Cycle fault,1.00
EVT-00002263,2026-09-21T17:40:47-05:00,FILLER_01_CYCLE_FAULT,CYCLE_FAULT,HIGH,Cycle fault,1.00
EVT-00002264,2026-09-26T17:40:15-05:00,FILLER_01_PRESSURE,LOW_PRESSURE,HIGH,Low pressure,0.44
EVT-00002265,2026-09-07T17:26:16-05:00,TANK_IN_01_LEVEL,LOW_LEVEL,HIGH,Low level,7.25
EVT-00002266,2026-09-01T08:01:03-05:00,FILTER_01_DIFF_PRESSURE,HIGH_DIFF_PRESSURE,MEDIUM,High diff pressure,2.00
EVT-00002267,2026-09-23T19:58:25-05:00,PUMP_01_MOTOR_FAULT,MOTOR_FAULT,CRITICAL,Motor fault,1.00
EVT-00002268,2026-09-22T13:28:10-05:00,CONVEYOR_01_JAM,JAM,MEDIUM,Jam,1.00
EVT-00002269,2026-09-08T10:44:43-05:00,FILTER_01_DIFF_PRESSURE,HIGH_DIFF_PRESSURE,MEDIUM,High diff pressure,2.04
EVT-00002270,2026-09-27T11:57:48-05:00,FILLER_01_PRESSURE,LOW_PRESSURE,HIGH,Low pressure,0.82
EVT-00002271,2026-09-14T12:41:31-05:00,PUMP_01_FLOW,LOW_FLOW,HIGH,Low flow,4.72
EVT-00002272,2026-09-22T21:11:41-05:00,FILTER_01_DIFF_PRESSURE,HIGH_DIFF_PRESSURE,MEDIUM,High diff pressure,2.17
EVT-00002273,2026-09-01T16:10:03-05:00,TANK_IN_01_LEVEL,LOW_LEVEL,HIGH,Low level,13.53
EVT-00002274,2026-09-30T07:37:11-05:00,FILLER_01_PRESSURE,LOW_PRESSURE,HIGH,Low pressure,1.28
EVT-00002275,2026-09-23T21:30:25-05:00,PUMP_01_FLOW,LOW_FLOW,HIGH,Low flow,4.45
EVT-00002276,2026-09-20T13:48:28-05:00,TANK_IN_01_LEVEL,LOW_LEVEL,HIGH,Low level,13.29
EVT-00002277,2026-09-03T12:41:52-05:00,PUMP_01_MOTOR_FAULT,MOTOR_FAULT,CRITICAL,Motor fault,1.00
EVT-00002278,2026-09-04T06:15:25-05:00,COMPRESSOR_01_PRESSURE,LOW_PRESSURE,HIGH,Low pressure,4.67
EVT-00002279,2026-09-25T14:15:34-05:00,TANK_OUT_01_LEVEL,LOW_LEVEL,HIGH,Low level,11.12
EVT-00002280,2026-09-23T09:41:53-05:00,TANK_IN_01_LEVEL,HIGH_LEVEL,MEDIUM,High level,92.95
EVT-00002281,2026-09-27T20:14:17-05:00,COMPRESSOR_01_PRESSURE,LOW_PRESSURE,HIGH,Low pressure,2.36
EVT-00002282,2026-09-22T12:57:19-05:00,FILTER_01_DIFF_PRESSURE,HIGH_DIFF_PRESSURE,MEDIUM,High diff pressure,1.93
EVT-00002283,2026-09-08T16:55:27-05:00,FILTER_01_DIFF_PRESSURE,HIGH_DIFF_PRESSURE,MEDIUM,High diff pressure,2.15
EVT-00002284,2026-09-10T19:13:45-05:00,COMPRESSOR_01_TEMP,HIGH_TEMPERATURE,HIGH,High temperature,103.75
EVT-00002285,2026-09-22T20:25:34-05:00,FILTER_01_DIFF_PRESSURE,HIGH_DIFF_PRESSURE,MEDIUM,High diff pressure,1.97
EVT-00002286,2026-09-09T10:17:12-05:00,TANK_IN_01_LEVEL,LOW_LEVEL,HIGH,Low level,13.65
EVT-00002287,2026-09-08T12:43:44-05:00,FILTER_01_DIFF_PRESSURE,HIGH_DIFF_PRESSURE,MEDIUM,High diff pressure,2.77
EVT-00002288,2026-09-16T08:25:29-05:00,TANK_IN_01_LEVEL,LOW_LEVEL,HIGH,Low level,7.62
EVT-00002289,2026-09-13T18:30:13-05:00,COMPRESSOR_01_TEMP,HIGH_TEMPERATURE,HIGH,High temperature,104.69
EVT-00002290,2026-09-23T13:42:20-05:00,FILLER_01_PRESSURE,LOW_PRESSURE,HIGH,Low pressure,1.62
EVT-00002291,2026-09-04T16:08:23-05:00,PUMP_01_MOTOR_FAULT,MOTOR_FAULT,CRITICAL,Motor fault,1.00
EVT-00002292,2026-09-30T10:16:30-05:00,TANK_IN_01_LEVEL,LOW_LEVEL,HIGH,Low level,10.64
EVT-00002293,2026-09-20T18:12:40-05:00,COMPRESSOR_01_PRESSURE,LOW_PRESSURE,HIGH,Low pressure,4.06
EVT-00002294,2026-09-26T06:49:42-05:00,FILLER_01_PRESSURE,LOW_PRESSURE,HIGH,Low pressure,0.11
EVT-00002295,2026-09-20T12:56:05-05:00,PUMP_01_MOTOR_FAULT,MOTOR_FAULT,CRITICAL,Motor fault,1.00
EVT-00002296,2026-09-22T12:45:07-05:00,COMPRESSOR_01_TEMP,HIGH_TEMPERATURE,HIGH,High temperature,101.41
EVT-00002297,2026-09-18T06:44:55-05:00,COMPRESSOR_01_PRESSURE,LOW_PRESSURE,HIGH,Low pressure,3.97
EVT-00002298,2026-09-06T15:10:13-05:00,PUMP_01_FLOW,LOW_FLOW,HIGH,Low flow,11.09
EVT-00002299,2026-09-29T14:31:16-05:00,COMPRESSOR_01_PRESSURE,LOW_PRESSURE,HIGH,Low pressure,1.67
EVT-00002300,2026-09-23T15:39:21-05:00,TANK_IN_01_LEVEL,LOW_LEVEL,HIGH,Low level,9.86
EVT-00002301,2026-09-04T11:42:10-05:00,PUMP_01_FLOW,LOW_FLOW,HIGH,Low flow,21
EVT-00002302,2026-09-16T21:52:06-05:00,COMPRESSOR_01_TEMP,HIGH_TEMPERATURE,HIGH,High temperature,107.50
EVT-00002303,2026-09-30T13:49:46-05:00,FILLER_01_CYCLE_FAULT,CYCLE_FAULT,HIGH,Cycle fault,1.00
EVT-00002304,2026-09-09T17:09:29-05:00,COMPRESSOR_01_PRESSURE,LOW_PRESSURE,HIGH,Low pressure,4.89
EVT-00002305,2026-09-17T11:41:53-05:00,COMPRESSOR_01_PRESSURE,LOW_PRESSURE,HIGH,Low pressure,3.23
EVT-00002306,2026-09-11T19:24:51-05:00,COMPRESSOR_01_PRESSURE,LOW_PRESSURE,HIGH,Low pressure,3.51
EVT-00002307,2026-09-05T16:06:56-05:00,FILLER_01_CYCLE_FAULT,CYCLE_FAULT,HIGH,Cycle fault,1.00
EVT-00002308,2026-09-05T06:59:36-05:00,TANK_IN_01_LEVEL,LOW_LEVEL,HIGH,Low level,5.70
EVT-00002309,2026-09-16T10:44:14-05:00,PUMP_01_FLOW,LOW_FLOW,HIGH,Low flow,4.34
EVT-00002310,2026-09-14T08:06:43-05:00,FILLER_01_PRESSURE,LOW_PRESSURE,HIGH,Low pressure,1.36
EVT-00002311,2026-09-12T18:54:26-05:00,TANK_IN_01_LEVEL,LOW_LEVEL,HIGH,Low level,12.48
EVT-00002312,2026-09-16T08:02:52-05:00,TANK_OUT_01_LEVEL,LOW_LEVEL,HIGH,Low level,4.03
EVT-00002313,2026-09-03T09:42:31-05:00,PUMP_01_FLOW,LOW_FLOW,HIGH,Low flow,18.78
EVT-00002314,2026-09-08T19:39:07-05:00,FILTER_01_DIFF_PRESSURE,HIGH_DIFF_PRESSURE,MEDIUM,High diff pressure,2.90
EVT-00002315,2026-09-19T18:04:19-05:00,CONVEYOR_01_JAM,JAM,MEDIUM,Jam,1.00
EVT-00002316,2026-09-01T15:34:32-05:00,TANK_OUT_01_LEVEL,HIGH_LEVEL,MEDIUM,High level,98.85
EVT-00002317,2026-09-14T07:23:55-05:00,TANK_OUT_01_LEVEL,LOW_LEVEL,HIGH,Low level,6.04
EVT-00002318,2026-09-22T07:43:00-05:00,FILLER_01_CYCLE_FAULT,CYCLE_FAULT,HIGH,Cycle fault,1.00
EVT-00002319,2026-09-22T18:23:26-05:00,TANK_IN_01_LEVEL,LOW_LEVEL,HIGH,Low level,3.49
EVT-00002320,2026-09-29T07:55:51-05:00,FILTER_01_DIFF_PRESSURE,HIGH_DIFF_PRESSURE,MEDIUM,High diff pressure,2.42
EVT-00002321,2026-09-03T14:22:41-05:00,PUMP_01_FLOW,LOW_FLOW,HIGH,Low flow,18.01
EVT-00002322,2026-09-16T14:15:56-05:00,FILLER_01_PRESSURE,LOW_PRESSURE,HIGH,Low pressure,1.70
EVT-00002323,2026-09-20T17:58:43-05:00,COMPRESSOR_01_PRESSURE,LOW_PRESSURE,HIGH,Low pressure,1.02
EVT-00002324,2026-09-01T17:56:42-05:00,FILTER_01_DIFF_PRESSURE,HIGH_DIFF_PRESSURE,MEDIUM,High diff pressure,2.75
EVT-00002325,2026-09-29T08:21:15-05:00,FILTER_01_DIFF_PRESSURE,HIGH_DIFF_PRESSURE,MEDIUM,High diff pressure,2.14
EVT-00002326,2026-09-26T17:43:01-05:00,CONVEYOR_01_MOTOR_TEMP,HIGH_TEMPERATURE,LOW,High temperature,76.79
EVT-00002327,2026-09-01T19:32:25-05:00,FILTER_01_DIFF_PRESSURE,HIGH_DIFF_PRESSURE,MEDIUM,High diff pressure,1.78
EVT-00002328,2026-09-20T12:56:34-05:00,TANK_OUT_01_LEVEL,LOW_LEVEL,HIGH,Low level,2.89
EVT-00002329,2026-09-08T10:22:13-05:00,FILTER_01_DIFF_PRESSURE,HIGH_DIFF_PRESSURE,MEDIUM,High diff pressure,2.62
EVT-00002330,2026-09-28T09:47:26-05:00,TANK_IN_01_LEVEL,LOW_LEVEL,HIGH,Low level,4.33
EVT-00002331,2026-09-22T11:11:13-05:00,FILTER_01_DIFF_PRESSURE,HIGH_DIFF_PRESSURE,MEDIUM,High diff pressure,1.99
EVT-00002332,2026-09-16T20:35:00-05:00,TANK_IN_01_LEVEL,HIGH_LEVEL,MEDIUM,High level,95.42
EVT-00002333,2026-09-30T11:38:42-05:00,FILLER_01_CYCLE_FAULT,CYCLE_FAULT,HIGH,Cycle fault,1.00
EVT-00002334,2026-09-01T21:08:49-05:00,FILTER_01_DIFF_PRESSURE,HIGH_DIFF_PRESSURE,MEDIUM,High diff pressure,2.54
EVT-00002335,2026-09-16T14:06:32-05:00,TANK_OUT_01_LEVEL,LOW_LEVEL,HIGH,Low level,8.94
EVT-00002336,2026-09-19T16:55:43-05:00,FILTER_01_PRESSURE,HIGH_PRESSURE,HIGH,High pressure,8.26
EVT-00002337,2026-09-14T20:45:49-05:00,TANK_IN_01_LEVEL,LOW_LEVEL,HIGH,Low level,8.54
EVT-00002338,2026-09-14T17:28:52-05:00,FILLER_01_PRESSURE,LOW_PRESSURE,HIGH,Low pressure,1.19
EVT-00002339,2026-09-17T12:13:16-05:00,TANK_IN_01_LEVEL,HIGH_LEVEL,MEDIUM,High level,95.74
EVT-00002340,2026-09-21T18:29:33-05:00,FILLER_01_PRESSURE,LOW_PRESSURE,HIGH,Low pressure,0.49
EVT-00002341,2026-09-17T17:27:38-05:00,COMPRESSOR_01_PRESSURE,LOW_PRESSURE,HIGH,Low pressure,4.31
EVT-00002342,2026-09-10T14:31:25-05:00,TANK_OUT_01_LEVEL,LOW_LEVEL,HIGH,Low level,9.95
EVT-00002343,2026-09-26T14:41:40-05:00,TANK_IN_01_LEVEL,LOW_LEVEL,HIGH,Low level,7.15
EVT-00002344,2026-09-05T18:27:27-05:00,PUMP_01_FLOW,LOW_FLOW,HIGH,Low flow,7.15
EVT-00002345,2026-09-17T13:47:11-05:00,CONVEYOR_01_JAM,JAM,MEDIUM,Jam,1.00
EVT-00002346,2026-09-18T07:23:35-05:00,TANK_OUT_01_LEVEL,LOW_LEVEL,HIGH,Low level,1.92
EVT-00002347,2026-09-17T13:44:07-05:00,TANK_OUT_01_LEVEL,LOW_LEVEL,HIGH,Low level,9.45
EVT-00002348,2026-09-22T19:06:46-05:00,TANK_IN_01_LEVEL,HIGH_LEVEL,MEDIUM,High level,96.82
EVT-00002349,2026-09-12T10:38:22-05:00,CONVEYOR_01_JAM,JAM,MEDIUM,Jam,1.00
EVT-00002350,2026-09-01T08:04:26-05:00,FILLER_01_CYCLE_FAULT,CYCLE_FAULT,HIGH,Cycle fault,1.00
EVT-00002351,2026-09-06T21:20:40-05:00,PUMP_01_FLOW,LOW_FLOW,CRITICAL,Low flow,9.04
EVT-00002352,2026-09-14T21:57:39-05:00,TANK_IN_01_LEVEL,LOW_LEVEL,HIGH,Low level,7.09
EVT-00002353,2026-09-22T19:47:13-05:00,FILTER_01_DIFF_PRESSURE,HIGH_DIFF_PRESSURE,MEDIUM,High diff pressure,2.75
EVT-00002354,2026-09-09T12:12:49-05:00,FILLER_01_PRESSURE,LOW_PRESSURE,HIGH,Low pressure,0.57
EVT-00002355,2026-09-03T19:35:57-05:00,PUMP_01_FLOW,LOW_FLOW,HIGH,Low flow,13.37
EVT-00002356,2026-09-22T07:56:08-05:00,PUMP_01_MOTOR_FAULT,MOTOR_FAULT,CRITICAL,Motor fault,1.00
EVT-00002357,2026-09-01T13:11:22-05:00,TANK_OUT_01_LEVEL,LOW_LEVEL,HIGH,Low level,3.38
EVT-00002358,2026-09-21T14:41:08-05:00,TANK_IN_01_LEVEL,LOW_LEVEL,HIGH,Low level,10.42
EVT-00002359,2026-09-28T17:58:24-05:00,FILLER_01_PRESSURE,LOW_PRESSURE,HIGH,Low pressure,1.64
EVT-00002360,2026-09-10T17:15:33-05:00,FILLER_01_PRESSURE,LOW_PRESSURE,HIGH,Low pressure,1.67
EVT-00002361,2026-09-22T20:38:52-05:00,FILTER_01_DIFF_PRESSURE,HIGH_DIFF_PRESSURE,MEDIUM,High diff pressure,2.37
EVT-00002362,2026-09-05T06:15:09-05:00,TANK_IN_01_LEVEL,LOW_LEVEL,HIGH,Low level,4.90
EVT-00002363,2026-09-01T18:40:15-05:00,TANK_IN_01_LEVEL,HIGH_LEVEL,MEDIUM,High level,92.92
EVT-00002364,2026-09-07T14:45:30-05:00,CONVEYOR_01_MOTOR_TEMP,HIGH_TEMPERATURE,LOW,High temperature,84.28
EVT-00002365,2026-09-08T13:55:59-05:00,PUMP_01_FLOW,LOW_FLOW,HIGH,Low flow,18.24
EVT-00002366,2026-09-26T15:48:16-05:00,FILLER_01_PRESSURE,LOW_PRESSURE,HIGH,Low pressure,0.58
EVT-00002367,2026-09-25T14:26:11-05:00,TANK_IN_01_LEVEL,LOW_LEVEL,HIGH,Low level,4.03
EVT-00002368,2026-09-01T08:07:12-05:00,FILTER_01_PRESSURE,HIGH_PRESSURE,HIGH,High pressure,6.95
EVT-00002369,2026-09-24T18:47:25-05:00,COMPRESSOR_01_PRESSURE,LOW_PRESSURE,HIGH,Low pressure,3.27
EVT-00002370,2026-09-16T06:21:26-05:00,COMPRESSOR_01_PRESSURE,LOW_PRESSURE,HIGH,Low pressure,3.30
EVT-00002371,2026-09-07T11:22:02-05:00,TANK_OUT_01_LEVEL,HIGH_LEVEL,MEDIUM,High level,96.83
EVT-00002372,2026-09-13T06:55:37-05:00,CONVEYOR_01_JAM,JAM,MEDIUM,Jam,1.00
EVT-00002373,2026-09-21T21:25:50-05:00,TANK_IN_01_LEVEL,LOW_LEVEL,HIGH,Low level,9.84
EVT-00002374,2026-09-28T15:01:26-05:00,COMPRESSOR_01_TEMP,HIGH_TEMPERATURE,HIGH,High temperature,119.70
EVT-00002375,2026-09-18T11:17:36-05:00,TANK_OUT_01_LEVEL,HIGH_LEVEL,MEDIUM,High level,91.37
EVT-00002376,2026-09-16T15:20:43-05:00,TANK_OUT_01_LEVEL,LOW_LEVEL,HIGH,Low level,13.10
EVT-00002377,2026-09-30T18:21:17-05:00,FILLER_01_PRESSURE,LOW_PRESSURE,HIGH,Low pressure,1.34
EVT-00002378,2026-09-02T15:37:03-05:00,PUMP_01_FLOW,LOW_FLOW,HIGH,Low flow,1.38
EVT-00002379,2026-09-15T16:04:18-05:00,FILTER_01_DIFF_PRESSURE,HIGH_DIFF_PRESSURE,MEDIUM,High diff pressure,1.76
EVT-00002380,2026-09-21T13:35:37-05:00,PUMP_01_MOTOR_FAULT,MOTOR_FAULT,CRITICAL,Motor fault,1.00
EVT-00002381,2026-09-20T17:45:48-05:00,TANK_IN_01_LEVEL,HIGH_LEVEL,MEDIUM,High level,94.55
EVT-00002382,2026-09-22T06:22:43-05:00,FILTER_01_DIFF_PRESSURE,HIGH_DIFF_PRESSURE,MEDIUM,High diff pressure,2.01
EVT-00002383,2026-09-08T14:32:32-05:00,FILTER_01_DIFF_PRESSURE,HIGH_DIFF_PRESSURE,MEDIUM,High diff pressure,2.48
EVT-00002384,2026-09-29T09:59:58-05:00,FILTER_01_DIFF_PRESSURE,HIGH_DIFF_PRESSURE,MEDIUM,High diff pressure,2.46
EVT-00002385,2026-09-28T21:20:11-05:00,COMPRESSOR_01_PRESSURE,LOW_PRESSURE,HIGH,Low pressure,4.66
EVT-00002386,2026-09-05T11:20:27-05:00,FILLER_01_PRESSURE,LOW_PRESSURE,HIGH,Low pressure,1.09
EVT-00002387,2026-09-27T18:15:12-05:00,COMPRESSOR_01_PRESSURE,LOW_PRESSURE,HIGH,Low pressure,4.34
EVT-00002388,2026-09-26T14:35:54-05:00,FILLER_01_CYCLE_FAULT,CYCLE_FAULT,HIGH,Cycle fault,1.00
EVT-00002389,2026-09-10T18:34:25-05:00,FILLER_01_PRESSURE,LOW_PRESSURE,HIGH,Low pressure,0.32
EVT-00002390,2026-09-05T09:09:16-05:00,FILLER_01_PRESSURE,LOW_PRESSURE,HIGH,Low pressure,0.61
EVT-00002391,2026-09-16T07:50:12-05:00,PUMP_01_FLOW,LOW_FLOW,HIGH,Low flow,17.25
EVT-00002392,2026-09-22T11:31:40-05:00,FILTER_01_DIFF_PRESSURE,HIGH_DIFF_PRESSURE,MEDIUM,High diff pressure,2.20
EVT-00002393,2026-09-02T06:19:48-05:00,PUMP_01_FLOW,LOW_FLOW,HIGH,Low flow,8.34
EVT-00002394,2026-09-12T18:19:23-05:00,COMPRESSOR_01_PRESSURE,LOW_PRESSURE,HIGH,Low pressure,1.81
EVT-00002395,2026-09-28T15:09:55-05:00,PUMP_01_FLOW,LOW_FLOW,HIGH,Low flow,1.65
EVT-00002396,2026-09-11T13:50:21-05:00,CONVEYOR_01_JAM,JAM,MEDIUM,Jam,1.00
EVT-00002397,2026-09-04T16:13:50-05:00,FILLER_01_PRESSURE,LOW_PRESSURE,HIGH,Low pressure,0.67
EVT-00002398,2026-09-11T20:17:18-05:00,TANK_OUT_01_LEVEL,LOW_LEVEL,HIGH,Low level,8.27
EVT-00002399,2026-09-25T21:58:41-05:00,FILLER_01_CYCLE_FAULT,CYCLE_FAULT,HIGH,Cycle fault,1.00
EVT-00002400,2026-09-28T18:33:48-05:00,COMPRESSOR_01_PRESSURE,LOW_PRESSURE,HIGH,Low pressure,3.63
EVT-00002401,2026-09-04T18:51:34-05:00,TANK_OUT_01_LEVEL,HIGH_LEVEL,MEDIUM,High level,89
EVT-00002402,2026-09-15T20:32:42-05:00,COMPRESSOR_01_PRESSURE,LOW_PRESSURE,HIGH,Low pressure,3.34
EVT-00002403,2026-09-25T08:01:09-05:00,COMPRESSOR_01_PRESSURE,LOW_PRESSURE,HIGH,Low pressure,1.54
EVT-00002404,2026-09-20T20:14:19-05:00,FILLER_01_CYCLE_FAULT,CYCLE_FAULT,HIGH,Cycle fault,1.00
EVT-00002405,2026-09-02T15:14:06-05:00,CONVEYOR_01_JAM,JAM,MEDIUM,Jam,1.00
EVT-00002406,2026-09-04T21:51:13-05:00,PUMP_01_FLOW,LOW_FLOW,HIGH,Low flow,5.20
EVT-00002407,2026-09-06T19:15:33-05:00,COMPRESSOR_01_PRESSURE,LOW_PRESSURE,HIGH,Low pressure,2.49
EVT-00002408,2026-09-25T15:12:34-05:00,FILLER_01_PRESSURE,LOW_PRESSURE,HIGH,Low pressure,1.37
EVT-00002409,2026-09-04T08:48:31-05:00,FILLER_01_CYCLE_FAULT,CYCLE_FAULT,HIGH,Cycle fault,1.00
EVT-00002410,2026-09-08T08:14:19-05:00,FILTER_01_DIFF_PRESSURE,HIGH_DIFF_PRESSURE,MEDIUM,High diff pressure,2.11
EVT-00002411,2026-09-22T20:00:11-05:00,FILTER_01_DIFF_PRESSURE,HIGH_DIFF_PRESSURE,MEDIUM,High diff pressure,1.61
EVT-00002412,2026-09-26T14:37:22-05:00,PUMP_01_MOTOR_FAULT,MOTOR_FAULT,CRITICAL,Motor fault,1.00
EVT-00002413,2026-09-08T07:33:05-05:00,FILTER_01_DIFF_PRESSURE,HIGH_DIFF_PRESSURE,MEDIUM,High diff pressure,2.28
EVT-00002414,2026-09-22T12:33:55-05:00,FILTER_01_DIFF_PRESSURE,HIGH_DIFF_PRESSURE,MEDIUM,High diff pressure,2.22
EVT-00002415,2026-09-25T15:38:31-05:00,PUMP_01_FLOW,LOW_FLOW,HIGH,Low flow,9.63
EVT-00002416,2026-09-05T20:35:44-05:00,FILLER_01_CYCLE_FAULT,CYCLE_FAULT,HIGH,Cycle fault,1.00
EVT-00002417,2026-09-22T14:21:04-05:00,FILTER_01_DIFF_PRESSURE,HIGH_DIFF_PRESSURE,MEDIUM,High diff pressure,2.92
EVT-00002418,2026-09-12T06:32:30-05:00,CONVEYOR_01_JAM,JAM,MEDIUM,Jam,1.00
EVT-00002419,2026-09-01T19:03:50-05:00,PUMP_01_FLOW,LOW_FLOW,HIGH,Low flow,17.51
EVT-00002420,2026-09-03T07:32:36-05:00,TANK_OUT_01_LEVEL,LOW_LEVEL,HIGH,Low level,7.92
EVT-00002421,2026-09-08T13:54:07-05:00,FILTER_01_DIFF_PRESSURE,HIGH_DIFF_PRESSURE,MEDIUM,High diff pressure,1.75
EVT-00002422,2026-09-01T18:01:05-05:00,FILTER_01_DIFF_PRESSURE,HIGH_DIFF_PRESSURE,MEDIUM,High diff pressure,1.98
EVT-00002423,2026-09-02T17:29:53-05:00,COMPRESSOR_01_PRESSURE,LOW_PRESSURE,HIGH,Low pressure,4.65
EVT-00002424,2026-09-29T15:27:44-05:00,CONVEYOR_01_JAM,JAM,MEDIUM,Jam,1.00
EVT-00002425,2026-09-29T21:54:08-05:00,FILTER_01_DIFF_PRESSURE,HIGH_DIFF_PRESSURE,MEDIUM,High diff pressure,2.37
EVT-00002426,2026-09-11T12:15:54-05:00,FILLER_01_PRESSURE,LOW_PRESSURE,HIGH,Low pressure,0.12
EVT-00002427,2026-09-29T15:36:29-05:00,CONVEYOR_01_JAM,JAM,MEDIUM,Jam,1.00
EVT-00002428,2026-09-15T17:43:17-05:00,FILLER_01_PRESSURE,LOW_PRESSURE,HIGH,Low pressure,0.62
EVT-00002429,2026-09-20T20:21:04-05:00,COMPRESSOR_01_PRESSURE,LOW_PRESSURE,HIGH,Low pressure,4.16
EVT-00002430,2026-09-23T12:17:06-05:00,FILLER_01_PRESSURE,LOW_PRESSURE,HIGH,Low pressure,1.76
EVT-00002431,2026-09-08T11:29:21-05:00,FILTER_01_DIFF_PRESSURE,HIGH_DIFF_PRESSURE,MEDIUM,High diff pressure,1.81
EVT-00002432,2026-09-11T13:05:58-05:00,TANK_IN_01_LEVEL,LOW_LEVEL,HIGH,Low level,3.58
EVT-00002433,2026-09-18T11:10:07-05:00,TANK_OUT_01_LEVEL,LOW_LEVEL,HIGH,Low level,5.37
EVT-00002434,2026-09-18T11:41:03-05:00,TANK_IN_01_LEVEL,HIGH_LEVEL,MEDIUM,High level,96.33
EVT-00002435,2026-09-08T06:25:34-05:00,FILTER_01_DIFF_PRESSURE,HIGH_DIFF_PRESSURE,MEDIUM,High diff pressure,1.67
EVT-00002436,2026-09-18T16:47:10-05:00,COMPRESSOR_01_PRESSURE,LOW_PRESSURE,HIGH,Low pressure,2.32
EVT-00002437,2026-09-25T11:31:59-05:00,PUMP_01_FLOW,LOW_FLOW,HIGH,Low flow,15.87
EVT-00002438,2026-09-29T08:00:37-05:00,FILTER_01_DIFF_PRESSURE,HIGH_DIFF_PRESSURE,MEDIUM,High diff pressure,1.75
EVT-00002439,2026-09-09T17:24:50-05:00,CONVEYOR_01_JAM,JAM,MEDIUM,Jam,1.00
EVT-00002440,2026-09-25T17:51:01-05:00,PUMP_01_FLOW,LOW_FLOW,HIGH,Low flow,3.55
EVT-00002441,2026-09-29T19:24:50-05:00,FILTER_01_DIFF_PRESSURE,HIGH_DIFF_PRESSURE,MEDIUM,High diff pressure,1.61
EVT-00002442,2026-09-08T20:39:41-05:00,FILTER_01_DIFF_PRESSURE,HIGH_DIFF_PRESSURE,MEDIUM,High diff pressure,2.96
EVT-00002443,2026-09-08T12:22:39-05:00,CONVEYOR_01_JAM,JAM,MEDIUM,Jam,1.00
EVT-00002444,2026-09-29T18:14:28-05:00,FILTER_01_DIFF_PRESSURE,HIGH_DIFF_PRESSURE,MEDIUM,High diff pressure,1.95
EVT-00002445,2026-09-17T19:25:33-05:00,FILLER_01_PRESSURE,LOW_PRESSURE,HIGH,Low pressure,0.73
EVT-00002446,2026-09-17T16:36:06-05:00,TANK_IN_01_LEVEL,HIGH_LEVEL,MEDIUM,High level,92.97
EVT-00002447,2026-09-12T14:16:13-05:00,CONVEYOR_01_JAM,JAM,MEDIUM,Jam,1.00
EVT-00002448,2026-09-14T21:04:52-05:00,PUMP_01_FLOW,LOW_FLOW,HIGH,Low flow,9.43
EVT-00002449,2026-09-02T13:44:05-05:00,TANK_IN_01_LEVEL,LOW_LEVEL,HIGH,Low level,3.66
EVT-00002450,2026-09-15T07:25:16-05:00,FILTER_01_PRESSURE,HIGH_PRESSURE,HIGH,High pressure,7.99
EVT-00002451,2026-09-13T16:42:30-05:00,FILLER_01_PRESSURE,LOW_PRESSURE,CRITICAL,Low pressure,1.53
EVT-00002452,2026-09-13T21:52:28-05:00,TANK_OUT_01_LEVEL,LOW_LEVEL,HIGH,Low level,6.40
EVT-00002453,2026-09-21T13:42:29-05:00,TANK_OUT_01_LEVEL,HIGH_LEVEL,MEDIUM,High level,95.50
EVT-00002454,2026-09-16T19:19:13-05:00,FILLER_01_PRESSURE,LOW_PRESSURE,HIGH,Low pressure,1.16
EVT-00002455,2026-09-05T15:12:27-05:00,CONVEYOR_01_JAM,JAM,MEDIUM,Jam,1.00
EVT-00002456,2026-09-15T08:21:19-05:00,FILTER_01_PRESSURE,HIGH_PRESSURE,HIGH,High pressure,8.72
EVT-00002457,2026-09-04T18:38:32-05:00,CONVEYOR_01_MOTOR_TEMP,HIGH_TEMPERATURE,LOW,High temperature,75.35
EVT-00002458,2026-09-02T19:35:22-05:00,FILTER_01_PRESSURE,HIGH_PRESSURE,HIGH,High pressure,6.90
EVT-00002459,2026-09-12T08:09:43-05:00,COMPRESSOR_01_PRESSURE,LOW_PRESSURE,HIGH,Low pressure,4.08
EVT-00002460,2026-09-04T08:12:01-05:00,CONVEYOR_01_MOTOR_TEMP,HIGH_TEMPERATURE,LOW,High temperature,78.56
EVT-00002461,2026-09-02T15:31:00-05:00,TANK_OUT_01_LEVEL,LOW_LEVEL,HIGH,Low level,4.13
EVT-00002462,2026-09-10T12:49:00-05:00,TANK_IN_01_LEVEL,HIGH_LEVEL,MEDIUM,High level,94.10
EVT-00002463,2026-09-01T20:24:12-05:00,FILTER_01_DIFF_PRESSURE,HIGH_DIFF_PRESSURE,MEDIUM,High diff pressure,1.96
EVT-00002464,2026-09-19T13:40:40-05:00,PUMP_01_FLOW,LOW_FLOW,HIGH,Low flow,1.99
EVT-00002465,2026-09-10T11:09:38-05:00,COMPRESSOR_01_PRESSURE,LOW_PRESSURE,HIGH,Low pressure,2.10
EVT-00002466,2026-09-24T14:53:53-05:00,PUMP_01_FLOW,LOW_FLOW,HIGH,Low flow,1.04
EVT-00002467,2026-09-12T07:13:47-05:00,PUMP_01_FLOW,LOW_FLOW,HIGH,Low flow,18.82
EVT-00002468,2026-09-16T16:25:56-05:00,TANK_IN_01_LEVEL,LOW_LEVEL,HIGH,Low level,7.34
EVT-00002469,2026-09-29T12:08:59-05:00,TANK_OUT_01_LEVEL,LOW_LEVEL,HIGH,Low level,8.72
EVT-00002470,2026-09-24T21:10:36-05:00,FILTER_01_PRESSURE,HIGH_PRESSURE,HIGH,High pressure,6.77
EVT-00002471,2026-09-17T17:35:11-05:00,FILLER_01_CYCLE_FAULT,CYCLE_FAULT,HIGH,Cycle fault,1.00
EVT-00002472,2026-09-22T14:10:30-05:00,FILLER_01_CYCLE_FAULT,CYCLE_FAULT,HIGH,Cycle fault,1.00
EVT-00002473,2026-09-11T07:37:33-05:00,CONVEYOR_01_MOTOR_TEMP,HIGH_TEMPERATURE,LOW,High temperature,87.38
EVT-00002474,2026-09-20T13:27:25-05:00,FILLER_01_PRESSURE,LOW_PRESSURE,HIGH,Low pressure,1.09
EVT-00002475,2026-09-13T12:10:16-05:00,PUMP_01_FLOW,LOW_FLOW,HIGH,Low flow,12.07
EVT-00002476,2026-09-22T14:03:58-05:00,TANK_IN_01_LEVEL,LOW_LEVEL,HIGH,Low level,6.68
EVT-00002477,2026-09-28T09:00:53-05:00,FILLER_01_PRESSURE,LOW_PRESSURE,HIGH,Low pressure,0.16
EVT-00002478,2026-09-26T20:02:47-05:00,TANK_OUT_01_LEVEL,LOW_LEVEL,HIGH,Low level,7.32
EVT-00002479,2026-09-04T17:43:19-05:00,TANK_OUT_01_LEVEL,LOW_LEVEL,HIGH,Low level,12.45
EVT-00002480,2026-09-20T15:51:49-05:00,TANK_IN_01_LEVEL,LOW_LEVEL,HIGH,Low level,12.81
EVT-00002481,2026-09-19T15:29:53-05:00,FILLER_01_CYCLE_FAULT,CYCLE_FAULT,HIGH,Cycle fault,1.00
EVT-00002482,2026-09-17T06:20:23-05:00,FILLER_01_CYCLE_FAULT,CYCLE_FAULT,HIGH,Cycle fault,1.00
EVT-00002483,2026-09-18T09:16:19-05:00,FILLER_01_PRESSURE,LOW_PRESSURE,HIGH,Low pressure,0.14
EVT-00002484,2026-09-08T10:27:55-05:00,FILTER_01_DIFF_PRESSURE,HIGH_DIFF_PRESSURE,MEDIUM,High diff pressure,2.73
EVT-00002485,2026-09-18T17:02:50-05:00,TANK_IN_01_LEVEL,LOW_LEVEL,HIGH,Low level,7.56
EVT-00002486,2026-09-01T14:56:49-05:00,FILTER_01_DIFF_PRESSURE,HIGH_DIFF_PRESSURE,MEDIUM,High diff pressure,1.65
EVT-00002487,2026-09-08T13:33:13-05:00,FILTER_01_DIFF_PRESSURE,HIGH_DIFF_PRESSURE,MEDIUM,High diff pressure,1.66
EVT-00002488,2026-09-11T12:57:15-05:00,CONVEYOR_01_MOTOR_TEMP,HIGH_TEMPERATURE,LOW,High temperature,76.26
EVT-00002489,2026-09-04T15:51:46-05:00,TANK_IN_01_LEVEL,HIGH_LEVEL,MEDIUM,High level,92.72
EVT-00002490,2026-09-08T10:39:08-05:00,FILTER_01_DIFF_PRESSURE,HIGH_DIFF_PRESSURE,MEDIUM,High diff pressure,1.82
EVT-00002491,2026-09-14T18:21:13-05:00,PUMP_01_FLOW,LOW_FLOW,HIGH,Low flow,4.46
EVT-00002492,2026-09-11T09:18:12-05:00,TANK_IN_01_LEVEL,LOW_LEVEL,HIGH,Low level,1.55
EVT-00002493,2026-09-10T13:05:55-05:00,FILLER_01_PRESSURE,LOW_PRESSURE,HIGH,Low pressure,0.35
EVT-00002494,2026-09-22T11:54:07-05:00,FILTER_01_DIFF_PRESSURE,HIGH_DIFF_PRESSURE,MEDIUM,High diff pressure,2.26
EVT-00002495,2026-09-01T06:56:39-05:00,FILTER_01_DIFF_PRESSURE,HIGH_DIFF_PRESSURE,MEDIUM,High diff pressure,2.11
EVT-00002496,2026-09-20T16:40:06-05:00,PUMP_01_FLOW,LOW_FLOW,HIGH,Low flow,5.84
EVT-00002497,2026-09-25T15:10:57-05:00,TANK_OUT_01_LEVEL,LOW_LEVEL,HIGH,Low level,8.88
EVT-00002498,2026-09-09T07:06:13-05:00,COMPRESSOR_01_PRESSURE,LOW_PRESSURE,HIGH,Low pressure,2.62
EVT-00002499,2026-09-14T07:11:29-05:00,FILTER_01_PRESSURE,HIGH_PRESSURE,HIGH,High pressure,8.57
EVT-00002500,2026-09-21T10:15:18-05:00,TANK_IN_01_LEVEL,LOW_LEVEL,HIGH,Low level,1.38
EVT-00002501,2026-09-19T18:17:23-05:00,PUMP_01_MOTOR_FAULT,MOTOR_FAULT,CRITICAL,Motor fault,0
EVT-00002502,2026-09-18T17:51:40-05:00,PUMP_01_MOTOR_FAULT,MOTOR_FAULT,CRITICAL,Motor fault,1.00
EVT-00002503,2026-09-22T14:07:07-05:00,FILTER_01_DIFF_PRESSURE,HIGH_DIFF_PRESSURE,MEDIUM,High diff pressure,1.81
EVT-00002504,2026-09-17T09:42:13-05:00,CONVEYOR_01_JAM,JAM,MEDIUM,Jam,1.00
EVT-00002505,2026-09-08T20:14:10-05:00,FILTER_01_DIFF_PRESSURE,HIGH_DIFF_PRESSURE,MEDIUM,High diff pressure,2.22
EVT-00002506,2026-09-14T16:06:22-05:00,TANK_OUT_01_LEVEL,LOW_LEVEL,HIGH,Low level,10.25
EVT-00002507,2026-09-27T14:27:31-05:00,TANK_IN_01_LEVEL,LOW_LEVEL,HIGH,Low level,13.71
EVT-00002508,2026-09-08T06:00:35-05:00,FILTER_01_DIFF_PRESSURE,HIGH_DIFF_PRESSURE,MEDIUM,High diff pressure,1.75
EVT-00002509,2026-09-16T10:58:31-05:00,COMPRESSOR_01_PRESSURE,LOW_PRESSURE,HIGH,Low pressure,4.06
EVT-00002510,2026-09-22T12:55:13-05:00,PUMP_01_MOTOR_FAULT,MOTOR_FAULT,CRITICAL,Motor fault,1.00
EVT-00002511,2026-09-07T16:39:08-05:00,CONVEYOR_01_JAM,JAM,MEDIUM,Jam,1.00
EVT-00002512,2026-09-24T15:43:22-05:00,TANK_IN_01_LEVEL,LOW_LEVEL,HIGH,Low level,12.53
EVT-00002513,2026-09-03T13:11:46-05:00,TANK_IN_01_LEVEL,LOW_LEVEL,HIGH,Low level,3.51
EVT-00002514,2026-09-24T16:07:49-05:00,CONVEYOR_01_JAM,JAM,MEDIUM,Jam,1.00
EVT-00002515,2026-09-07T17:06:46-05:00,CONVEYOR_01_MOTOR_TEMP,HIGH_TEMPERATURE,LOW,High temperature,81.33
EVT-00002516,2026-09-11T18:25:02-05:00,COMPRESSOR_01_PRESSURE,LOW_PRESSURE,HIGH,Low pressure,2.75
EVT-00002517,2026-09-25T18:53:03-05:00,FILLER_01_PRESSURE,LOW_PRESSURE,HIGH,Low pressure,1.25
EVT-00002518,2026-09-15T12:13:09-05:00,FILTER_01_DIFF_PRESSURE,HIGH_DIFF_PRESSURE,MEDIUM,High diff pressure,2.13
EVT-00002519,2026-09-20T11:58:45-05:00,FILTER_01_PRESSURE,HIGH_PRESSURE,HIGH,High pressure,6.18
EVT-00002520,2026-09-05T17:46:05-05:00,COMPRESSOR_01_PRESSURE,LOW_PRESSURE,HIGH,Low pressure,1.01
EVT-00002521,2026-09-01T06:10:27-05:00,FILLER_01_PRESSURE,LOW_PRESSURE,HIGH,Low pressure,1.82
EVT-00002522,2026-09-18T18:40:45-05:00,PUMP_01_FLOW,LOW_FLOW,HIGH,Low flow,15.40
EVT-00002523,2026-09-13T15:47:46-05:00,TANK_OUT_01_LEVEL,LOW_LEVEL,HIGH,Low level,2.66
EVT-00002524,2026-09-21T17:51:21-05:00,FILLER_01_CYCLE_FAULT,CYCLE_FAULT,HIGH,Cycle fault,1.00
EVT-00002525,2026-09-29T21:08:51-05:00,TANK_OUT_01_LEVEL,LOW_LEVEL,HIGH,Low level,10.11
EVT-00002526,2026-09-12T20:47:46-05:00,FILLER_01_PRESSURE,LOW_PRESSURE,HIGH,Low pressure,1.06
EVT-00002527,2026-09-12T13:02:26-05:00,CONVEYOR_01_JAM,JAM,MEDIUM,Jam,1.00
EVT-00002528,2026-09-26T18:41:20-05:00,CONVEYOR_01_JAM,JAM,MEDIUM,Jam,1.00
EVT-00002529,2026-09-12T09:30:47-05:00,PUMP_01_FLOW,LOW_FLOW,HIGH,Low flow,10.10
EVT-00002530,2026-09-24T06:21:36-05:00,TANK_IN_01_LEVEL,LOW_LEVEL,HIGH,Low level,6.75
EVT-00002531,2026-09-23T12:30:50-05:00,FILLER_01_PRESSURE,LOW_PRESSURE,HIGH,Low pressure,0.59
EVT-00002532,2026-09-20T17:22:55-05:00,TANK_IN_01_LEVEL,LOW_LEVEL,HIGH,Low level,7.20
EVT-00002533,2026-09-08T10:15:52-05:00,CONVEYOR_01_JAM,JAM,MEDIUM,Jam,1.00
EVT-00002534,2026-09-02T11:06:39-05:00,COMPRESSOR_01_PRESSURE,LOW_PRESSURE,HIGH,Low pressure,3.52
EVT-00002535,2026-09-23T17:01:56-05:00,COMPRESSOR_01_PRESSURE,LOW_PRESSURE,HIGH,Low pressure,2.07
EVT-00002536,2026-09-27T17:37:20-05:00,TANK_IN_01_LEVEL,LOW_LEVEL,HIGH,Low level,9.11
EVT-00002537,2026-09-09T16:21:36-05:00,TANK_IN_01_LEVEL,HIGH_LEVEL,MEDIUM,High level,96.12
EVT-00002538,2026-09-18T09:31:38-05:00,TANK_OUT_01_LEVEL,LOW_LEVEL,HIGH,Low level,12.58
EVT-00002539,2026-09-20T16:17:17-05:00,FILLER_01_PRESSURE,LOW_PRESSURE,HIGH,Low pressure,0.54
EVT-00002540,2026-09-05T19:34:48-05:00,TANK_IN_01_LEVEL,LOW_LEVEL,HIGH,Low level,2.33
EVT-00002541,2026-09-30T16:22:29-05:00,PUMP_01_FLOW,LOW_FLOW,HIGH,Low flow,18.52
EVT-00002542,2026-09-17T19:16:09-05:00,PUMP_01_FLOW,LOW_FLOW,HIGH,Low flow,17.02
EVT-00002543,2026-09-01T18:36:55-05:00,FILTER_01_DIFF_PRESSURE,HIGH_DIFF_PRESSURE,MEDIUM,High diff pressure,2.96
EVT-00002544,2026-09-22T16:11:47-05:00,FILLER_01_PRESSURE,LOW_PRESSURE,HIGH,Low pressure,1.26
EVT-00002545,2026-09-14T17:40:06-05:00,TANK_IN_01_LEVEL,LOW_LEVEL,HIGH,Low level,2.06
EVT-00002546,2026-09-11T13:52:27-05:00,CONVEYOR_01_MOTOR_TEMP,HIGH_TEMPERATURE,LOW,High temperature,88.29
EVT-00002547,2026-09-09T08:12:56-05:00,COMPRESSOR_01_TEMP,HIGH_TEMPERATURE,HIGH,High temperature,117.22
EVT-00002548,2026-09-12T15:24:58-05:00,FILTER_01_PRESSURE,HIGH_PRESSURE,HIGH,High pressure,6.32
EVT-00002549,2026-09-08T06:51:17-05:00,COMPRESSOR_01_PRESSURE,LOW_PRESSURE,HIGH,Low pressure,2.42
EVT-00002550,2026-09-18T14:10:16-05:00,COMPRESSOR_01_PRESSURE,LOW_PRESSURE,HIGH,Low pressure,2.61
EVT-00002551,2026-09-07T12:05:35-05:00,TANK_IN_01_LEVEL,LOW_LEVEL,CRITICAL,Low level,2.67
EVT-00002552,2026-09-26T06:27:42-05:00,COMPRESSOR_01_PRESSURE,LOW_PRESSURE,HIGH,Low pressure,4.77
EVT-00002553,2026-09-23T13:42:55-05:00,PUMP_01_FLOW,LOW_FLOW,HIGH,Low flow,2.52
EVT-00002554,2026-09-07T08:59:39-05:00,COMPRESSOR_01_PRESSURE,LOW_PRESSURE,HIGH,Low pressure,2.68
EVT-00002555,2026-09-01T06:30:26-05:00,FILTER_01_DIFF_PRESSURE,HIGH_DIFF_PRESSURE,MEDIUM,High diff pressure,2.82
EVT-00002556,2026-09-01T16:47:12-05:00,FILTER_01_DIFF_PRESSURE,HIGH_DIFF_PRESSURE,MEDIUM,High diff pressure,2.45
EVT-00002557,2026-09-08T07:57:47-05:00,CONVEYOR_01_JAM,JAM,MEDIUM,Jam,1.00
EVT-00002558,2026-09-11T21:09:19-05:00,PUMP_01_FLOW,LOW_FLOW,HIGH,Low flow,2.11
EVT-00002559,2026-09-17T20:27:22-05:00,CONVEYOR_01_JAM,JAM,MEDIUM,Jam,1.00
EVT-00002560,2026-09-25T16:55:19-05:00,COMPRESSOR_01_PRESSURE,LOW_PRESSURE,HIGH,Low pressure,4.17
EVT-00002561,2026-09-01T17:23:02-05:00,FILTER_01_DIFF_PRESSURE,HIGH_DIFF_PRESSURE,MEDIUM,High diff pressure,2.74
EVT-00002562,2026-09-03T07:06:17-05:00,TANK_OUT_01_LEVEL,HIGH_LEVEL,MEDIUM,High level,91.34
EVT-00002563,2026-09-01T20:14:51-05:00,FILTER_01_DIFF_PRESSURE,HIGH_DIFF_PRESSURE,MEDIUM,High diff pressure,1.92
EVT-00002564,2026-09-26T14:02:41-05:00,TANK_IN_01_LEVEL,LOW_LEVEL,HIGH,Low level,2.12
EVT-00002565,2026-09-22T07:11:51-05:00,FILTER_01_DIFF_PRESSURE,HIGH_DIFF_PRESSURE,MEDIUM,High diff pressure,1.86
EVT-00002566,2026-09-18T06:57:01-05:00,FILLER_01_PRESSURE,LOW_PRESSURE,HIGH,Low pressure,0.85
EVT-00002567,2026-09-13T07:44:40-05:00,CONVEYOR_01_MOTOR_TEMP,HIGH_TEMPERATURE,LOW,High temperature,83.64
EVT-00002568,2026-09-08T21:44:21-05:00,FILLER_01_CYCLE_FAULT,CYCLE_FAULT,HIGH,Cycle fault,1.00
EVT-00002569,2026-09-22T20:28:31-05:00,FILTER_01_DIFF_PRESSURE,HIGH_DIFF_PRESSURE,MEDIUM,High diff pressure,2.69
EVT-00002570,2026-09-20T07:50:37-05:00,COMPRESSOR_01_PRESSURE,LOW_PRESSURE,HIGH,Low pressure,2.73
EVT-00002571,2026-09-22T20:15:10-05:00,FILLER_01_PRESSURE,LOW_PRESSURE,HIGH,Low pressure,0.16
EVT-00002572,2026-09-15T16:42:02-05:00,FILTER_01_DIFF_PRESSURE,HIGH_DIFF_PRESSURE,MEDIUM,High diff pressure,2.09
EVT-00002573,2026-09-01T16:50:05-05:00,TANK_IN_01_LEVEL,HIGH_LEVEL,MEDIUM,High level,98.30
EVT-00002574,2026-09-26T21:18:21-05:00,TANK_IN_01_LEVEL,LOW_LEVEL,HIGH,Low level,4.96
EVT-00002575,2026-09-05T17:36:10-05:00,COMPRESSOR_01_PRESSURE,LOW_PRESSURE,HIGH,Low pressure,3.60
EVT-00002576,2026-09-14T14:45:48-05:00,PUMP_01_MOTOR_FAULT,MOTOR_FAULT,CRITICAL,Motor fault,1.00
EVT-00002577,2026-09-05T20:30:33-05:00,PUMP_01_FLOW,LOW_FLOW,HIGH,Low flow,1.90
EVT-00002578,2026-09-10T16:38:27-05:00,TANK_IN_01_LEVEL,LOW_LEVEL,HIGH,Low level,9.92
EVT-00002579,2026-09-21T19:43:58-05:00,TANK_OUT_01_LEVEL,LOW_LEVEL,HIGH,Low level,8.32
EVT-00002580,2026-09-29T20:07:02-05:00,FILTER_01_DIFF_PRESSURE,HIGH_DIFF_PRESSURE,MEDIUM,High diff pressure,1.97
EVT-00002581,2026-09-10T16:58:59-05:00,PUMP_01_FLOW,LOW_FLOW,HIGH,Low flow,8.02
EVT-00002582,2026-09-01T15:25:26-05:00,FILTER_01_DIFF_PRESSURE,HIGH_DIFF_PRESSURE,MEDIUM,High diff pressure,1.97
EVT-00002583,2026-09-17T20:54:46-05:00,TANK_IN_01_LEVEL,LOW_LEVEL,HIGH,Low level,12.45
EVT-00002584,2026-09-14T12:15:32-05:00,CONVEYOR_01_MOTOR_TEMP,HIGH_TEMPERATURE,LOW,High temperature,75.00
EVT-00002585,2026-09-21T09:39:49-05:00,COMPRESSOR_01_TEMP,HIGH_TEMPERATURE,HIGH,High temperature,98.80
EVT-00002586,2026-09-22T18:38:53-05:00,FILTER_01_DIFF_PRESSURE,HIGH_DIFF_PRESSURE,MEDIUM,High diff pressure,2.79
EVT-00002587,2026-09-11T21:30:37-05:00,TANK_OUT_01_LEVEL,HIGH_LEVEL,MEDIUM,High level,96.92
EVT-00002588,2026-09-11T17:12:56-05:00,TANK_OUT_01_LEVEL,LOW_LEVEL,HIGH,Low level,7.13
EVT-00002589,2026-09-08T07:54:31-05:00,FILTER_01_DIFF_PRESSURE,HIGH_DIFF_PRESSURE,MEDIUM,High diff pressure,2.76
EVT-00002590,2026-09-30T06:46:05-05:00,CONVEYOR_01_MOTOR_TEMP,HIGH_TEMPERATURE,LOW,High temperature,81.15
EVT-00002591,2026-09-01T17:37:42-05:00,PUMP_01_FLOW,LOW_FLOW,HIGH,Low flow,5.56
EVT-00002592,2026-09-15T17:21:29-05:00,FILLER_01_PRESSURE,LOW_PRESSURE,HIGH,Low pressure,0.64
EVT-00002593,2026-09-24T19:59:14-05:00,PUMP_01_FLOW,LOW_FLOW,HIGH,Low flow,17.68
EVT-00002594,2026-09-22T09:44:15-05:00,FILTER_01_DIFF_PRESSURE,HIGH_DIFF_PRESSURE,MEDIUM,High diff pressure,2.62
EVT-00002595,2026-09-01T12:36:17-05:00,PUMP_01_FLOW,LOW_FLOW,HIGH,Low flow,1.20
EVT-00002596,2026-09-01T16:05:52-05:00,TANK_IN_01_LEVEL,LOW_LEVEL,HIGH,Low level,3.35
EVT-00002597,2026-09-15T09:32:20-05:00,PUMP_01_FLOW,LOW_FLOW,HIGH,Low flow,13.92
EVT-00002598,2026-09-25T12:33:07-05:00,TANK_OUT_01_LEVEL,HIGH_LEVEL,MEDIUM,High level,91.44
EVT-00002599,2026-09-07T09:36:04-05:00,COMPRESSOR_01_TEMP,HIGH_TEMPERATURE,HIGH,High temperature,107.63
EVT-00002600,2026-09-29T10:46:10-05:00,PUMP_01_FLOW,LOW_FLOW,HIGH,Low flow,15.72
EVT-00002601,2026-09-28T16:05:40-05:00,PUMP_01_FLOW,LOW_FLOW,HIGH,Low flow,21
EVT-00002602,2026-09-01T09:12:19-05:00,PUMP_01_FLOW,LOW_FLOW,HIGH,Low flow,18.26
EVT-00002603,2026-09-04T06:22:55-05:00,PUMP_01_MOTOR_FAULT,MOTOR_FAULT,CRITICAL,Motor fault,1.00
EVT-00002604,2026-09-01T12:09:36-05:00,FILTER_01_DIFF_PRESSURE,HIGH_DIFF_PRESSURE,MEDIUM,High diff pressure,2.13
EVT-00002605,2026-09-08T12:43:44-05:00,FILTER_01_DIFF_PRESSURE,HIGH_DIFF_PRESSURE,MEDIUM,High diff pressure,2.55
EVT-00002606,2026-09-17T20:32:44-05:00,FILLER_01_PRESSURE,LOW_PRESSURE,HIGH,Low pressure,1.69
EVT-00002607,2026-09-29T18:56:32-05:00,COMPRESSOR_01_PRESSURE,LOW_PRESSURE,HIGH,Low pressure,1.33
EVT-00002608,2026-09-29T08:22:51-05:00,TANK_IN_01_LEVEL,HIGH_LEVEL,MEDIUM,High level,92.94
EVT-00002609,2026-09-13T18:38:25-05:00,PUMP_01_FLOW,LOW_FLOW,HIGH,Low flow,8.66
EVT-00002610,2026-09-22T17:34:50-05:00,FILTER_01_DIFF_PRESSURE,HIGH_DIFF_PRESSURE,MEDIUM,High diff pressure,2.22
EVT-00002611,2026-09-25T17:12:52-05:00,COMPRESSOR_01_PRESSURE,LOW_PRESSURE,HIGH,Low pressure,4.00
EVT-00002612,2026-09-18T11:21:19-05:00,PUMP_01_FLOW,LOW_FLOW,HIGH,Low flow,17.17
EVT-00002613,2026-09-08T06:58:10-05:00,PUMP_01_FLOW,LOW_FLOW,HIGH,Low flow,13.89
EVT-00002614,2026-09-28T08:18:07-05:00,CONVEYOR_01_JAM,JAM,MEDIUM,Jam,1.00
EVT-00002615,2026-09-03T20:17:03-05:00,PUMP_01_FLOW,LOW_FLOW,HIGH,Low flow,10.63
EVT-00002616,2026-09-20T07:10:51-05:00,CONVEYOR_01_JAM,JAM,MEDIUM,Jam,1.00
EVT-00002617,2026-09-25T17:44:35-05:00,TANK_OUT_01_LEVEL,LOW_LEVEL,HIGH,Low level,11.42
EVT-00002618,2026-09-29T14:27:06-05:00,FILTER_01_DIFF_PRESSURE,HIGH_DIFF_PRESSURE,MEDIUM,High diff pressure,2.05
EVT-00002619,2026-09-15T15:33:57-05:00,FILTER_01_DIFF_PRESSURE,HIGH_DIFF_PRESSURE,MEDIUM,High diff pressure,2.83
EVT-00002620,2026-09-16T14:37:28-05:00,FILLER_01_PRESSURE,LOW_PRESSURE,HIGH,Low pressure,0.78
EVT-00002621,2026-09-21T20:23:34-05:00,TANK_OUT_01_LEVEL,HIGH_LEVEL,MEDIUM,High level,96.97
EVT-00002622,2026-09-07T09:59:46-05:00,FILLER_01_PRESSURE,LOW_PRESSURE,HIGH,Low pressure,0.61
EVT-00002623,2026-09-08T13:12:25-05:00,FILTER_01_DIFF_PRESSURE,HIGH_DIFF_PRESSURE,MEDIUM,High diff pressure,2.15
EVT-00002624,2026-09-22T16:24:05-05:00,FILTER_01_DIFF_PRESSURE,HIGH_DIFF_PRESSURE,MEDIUM,High diff pressure,2.00
EVT-00002625,2026-09-12T10:38:00-05:00,COMPRESSOR_01_PRESSURE,LOW_PRESSURE,HIGH,Low pressure,3.81
EVT-00002626,2026-09-25T07:31:46-05:00,TANK_IN_01_LEVEL,LOW_LEVEL,HIGH,Low level,7.04
EVT-00002627,2026-09-15T10:11:24-05:00,FILTER_01_DIFF_PRESSURE,HIGH_DIFF_PRESSURE,MEDIUM,High diff pressure,1.70
EVT-00002628,2026-09-20T12:07:24-05:00,FILTER_01_PRESSURE,HIGH_PRESSURE,HIGH,High pressure,8.28
EVT-00002629,2026-09-22T13:26:41-05:00,FILTER_01_DIFF_PRESSURE,HIGH_DIFF_PRESSURE,MEDIUM,High diff pressure,2.54
EVT-00002630,2026-09-11T10:58:12-05:00,CONVEYOR_01_JAM,JAM,MEDIUM,Jam,1.00
EVT-00002631,2026-09-15T10:15:21-05:00,TANK_IN_01_LEVEL,LOW_LEVEL,HIGH,Low level,6.43
EVT-00002632,2026-09-12T07:30:01-05:00,FILLER_01_PRESSURE,LOW_PRESSURE,HIGH,Low pressure,0.85
EVT-00002633,2026-09-17T15:57:05-05:00,CONVEYOR_01_JAM,JAM,MEDIUM,Jam,1.00
EVT-00002634,2026-09-30T10:08:45-05:00,FILLER_01_CYCLE_FAULT,CYCLE_FAULT,HIGH,Cycle fault,1.00
EVT-00002635,2026-09-12T06:41:48-05:00,TANK_IN_01_LEVEL,HIGH_LEVEL,MEDIUM,High level,96.59
EVT-00002636,2026-09-07T18:17:23-05:00,PUMP_01_FLOW,LOW_FLOW,HIGH,Low flow,7.74
EVT-00002637,2026-09-24T20:50:48-05:00,PUMP_01_MOTOR_FAULT,MOTOR_FAULT,CRITICAL,Motor fault,1.00
EVT-00002638,2026-09-20T08:30:35-05:00,PUMP_01_FLOW,LOW_FLOW,HIGH,Low flow,18.51
EVT-00002639,2026-09-24T15:53:14-05:00,FILLER_01_CYCLE_FAULT,CYCLE_FAULT,HIGH,Cycle fault,1.00
EVT-00002640,2026-09-10T11:07:51-05:00,TANK_IN_01_LEVEL,LOW_LEVEL,HIGH,Low level,8.09
EVT-00002641,2026-09-13T13:23:11-05:00,FILLER_01_CYCLE_FAULT,CYCLE_FAULT,HIGH,Cycle fault,1.00
EVT-00002642,2026-09-17T19:51:23-05:00,FILTER_01_PRESSURE,HIGH_PRESSURE,HIGH,High pressure,6.86
EVT-00002643,2026-09-08T10:07:51-05:00,CONVEYOR_01_MOTOR_TEMP,HIGH_TEMPERATURE,LOW,High temperature,85.81
EVT-00002644,2026-09-16T10:15:17-05:00,FILLER_01_CYCLE_FAULT,CYCLE_FAULT,HIGH,Cycle fault,1.00
EVT-00002645,2026-09-15T12:12:05-05:00,FILLER_01_PRESSURE,LOW_PRESSURE,HIGH,Low pressure,0.31
EVT-00002646,2026-09-08T13:48:21-05:00,FILTER_01_DIFF_PRESSURE,HIGH_DIFF_PRESSURE,MEDIUM,High diff pressure,2.66
EVT-00002647,2026-09-15T21:31:38-05:00,PUMP_01_FLOW,LOW_FLOW,HIGH,Low flow,12.43
EVT-00002648,2026-09-05T16:30:47-05:00,TANK_IN_01_LEVEL,LOW_LEVEL,HIGH,Low level,3.62
EVT-00002649,2026-09-01T15:05:54-05:00,FILTER_01_DIFF_PRESSURE,HIGH_DIFF_PRESSURE,MEDIUM,High diff pressure,2.50
EVT-00002650,2026-09-22T13:44:59-05:00,FILTER_01_DIFF_PRESSURE,HIGH_DIFF_PRESSURE,MEDIUM,High diff pressure,2.63
EVT-00002651,2026-09-23T15:47:12-05:00,FILLER_01_CYCLE_FAULT,CYCLE_FAULT,CRITICAL,Cycle fault,1.00
EVT-00002652,2026-09-01T16:19:56-05:00,FILTER_01_DIFF_PRESSURE,HIGH_DIFF_PRESSURE,MEDIUM,High diff pressure,1.68
EVT-00002653,2026-09-05T12:00:43-05:00,COMPRESSOR_01_PRESSURE,LOW_PRESSURE,HIGH,Low pressure,3.90
EVT-00002654,2026-09-20T17:03:55-05:00,FILLER_01_PRESSURE,LOW_PRESSURE,HIGH,Low pressure,1.56
EVT-00002655,2026-09-13T09:43:02-05:00,CONVEYOR_01_MOTOR_TEMP,HIGH_TEMPERATURE,LOW,High temperature,79.00
EVT-00002656,2026-09-13T09:25:42-05:00,TANK_IN_01_LEVEL,LOW_LEVEL,HIGH,Low level,10.72
EVT-00002657,2026-09-19T14:13:11-05:00,TANK_IN_01_LEVEL,HIGH_LEVEL,MEDIUM,High level,97.54
EVT-00002658,2026-09-03T09:07:14-05:00,COMPRESSOR_01_PRESSURE,LOW_PRESSURE,HIGH,Low pressure,1.53
EVT-00002659,2026-09-06T06:35:01-05:00,FILLER_01_PRESSURE,LOW_PRESSURE,HIGH,Low pressure,1.86
EVT-00002660,2026-09-01T09:23:55-05:00,TANK_OUT_01_LEVEL,HIGH_LEVEL,MEDIUM,High level,93.03
EVT-00002661,2026-09-13T11:10:00-05:00,TANK_IN_01_LEVEL,LOW_LEVEL,HIGH,Low level,5.21
EVT-00002662,2026-09-22T15:32:46-05:00,PUMP_01_FLOW,LOW_FLOW,HIGH,Low flow,2.43
EVT-00002663,2026-09-12T15:26:22-05:00,FILTER_01_PRESSURE,HIGH_PRESSURE,HIGH,High pressure,6.15
EVT-00002664,2026-09-28T13:28:46-05:00,PUMP_01_FLOW,LOW_FLOW,HIGH,Low flow,9.00
EVT-00002665,2026-09-04T08:21:03-05:00,PUMP_01_FLOW,LOW_FLOW,HIGH,Low flow,11.98
EVT-00002666,2026-09-01T13:04:53-05:00,FILTER_01_DIFF_PRESSURE,HIGH_DIFF_PRESSURE,MEDIUM,High diff pressure,2.12
EVT-00002667,2026-09-07T11:38:20-05:00,PUMP_01_FLOW,LOW_FLOW,HIGH,Low flow,9.85
EVT-00002668,2026-09-22T14:38:35-05:00,CONVEYOR_01_JAM,JAM,MEDIUM,Jam,1.00
EVT-00002669,2026-09-10T16:41:41-05:00,TANK_OUT_01_LEVEL,HIGH_LEVEL,MEDIUM,High level,93.07
EVT-00002670,2026-09-22T14:21:18-05:00,TANK_OUT_01_LEVEL,LOW_LEVEL,HIGH,Low level,6.64
EVT-00002671,2026-09-05T14:06:51-05:00,PUMP_01_FLOW,LOW_FLOW,HIGH,Low flow,2.31
EVT-00002672,2026-09-20T20:42:04-05:00,CONVEYOR_01_JAM,JAM,MEDIUM,Jam,1.00
EVT-00002673,2026-09-30T16:21:44-05:00,TANK_OUT_01_LEVEL,LOW_LEVEL,HIGH,Low level,11.05
EVT-00002674,2026-09-19T06:42:41-05:00,FILTER_01_PRESSURE,HIGH_PRESSURE,HIGH,High pressure,6.56
EVT-00002675,2026-09-22T12:18:46-05:00,FILTER_01_DIFF_PRESSURE,HIGH_DIFF_PRESSURE,MEDIUM,High diff pressure,2.36
EVT-00002676,2026-09-08T13:33:20-05:00,FILTER_01_DIFF_PRESSURE,HIGH_DIFF_PRESSURE,MEDIUM,High diff pressure,2.23
EVT-00002677,2026-09-20T19:20:53-05:00,PUMP_01_FLOW,LOW_FLOW,HIGH,Low flow,9.84
EVT-00002678,2026-09-30T17:59:53-05:00,FILTER_01_PRESSURE,HIGH_PRESSURE,HIGH,High pressure,7.03
EVT-00002679,2026-09-04T13:09:51-05:00,FILLER_01_PRESSURE,LOW_PRESSURE,HIGH,Low pressure,1.88
EVT-00002680,2026-09-08T21:50:51-05:00,COMPRESSOR_01_PRESSURE,LOW_PRESSURE,HIGH,Low pressure,1.80
EVT-00002681,2026-09-29T11:18:49-05:00,FILTER_01_DIFF_PRESSURE,HIGH_DIFF_PRESSURE,MEDIUM,High diff pressure,1.77
EVT-00002682,2026-09-24T09:57:18-05:00,FILLER_01_PRESSURE,LOW_PRESSURE,HIGH,Low pressure,1.36
EVT-00002683,2026-09-29T08:12:24-05:00,FILTER_01_DIFF_PRESSURE,HIGH_DIFF_PRESSURE,MEDIUM,High diff pressure,2.54
EVT-00002684,2026-09-04T15:10:56-05:00,TANK_IN_01_LEVEL,LOW_LEVEL,HIGH,Low level,7.67
EVT-00002685,2026-09-08T10:36:05-05:00,FILTER_01_DIFF_PRESSURE,HIGH_DIFF_PRESSURE,MEDIUM,High diff pressure,2.13
EVT-00002686,2026-09-15T06:29:10-05:00,TANK_OUT_01_LEVEL,LOW_LEVEL,HIGH,Low level,2.49
EVT-00002687,2026-09-22T19:38:54-05:00,FILLER_01_PRESSURE,LOW_PRESSURE,HIGH,Low pressure,1.28
EVT-00002688,2026-09-22T21:34:43-05:00,FILTER_01_DIFF_PRESSURE,HIGH_DIFF_PRESSURE,MEDIUM,High diff pressure,2.09
EVT-00002689,2026-09-01T10:33:43-05:00,FILTER_01_DIFF_PRESSURE,HIGH_DIFF_PRESSURE,MEDIUM,High diff pressure,1.89
EVT-00002690,2026-09-05T11:57:17-05:00,FILLER_01_PRESSURE,LOW_PRESSURE,HIGH,Low pressure,1.81
EVT-00002691,2026-09-16T14:23:55-05:00,FILLER_01_CYCLE_FAULT,CYCLE_FAULT,HIGH,Cycle fault,1.00
EVT-00002692,2026-09-22T10:24:38-05:00,TANK_IN_01_LEVEL,LOW_LEVEL,HIGH,Low level,9.96
EVT-00002693,2026-09-27T11:04:53-05:00,PUMP_01_FLOW,LOW_FLOW,HIGH,Low flow,18.23
EVT-00002694,2026-09-27T06:19:43-05:00,PUMP_01_FLOW,LOW_FLOW,HIGH,Low flow,13.43
EVT-00002695,2026-09-10T08:15:36-05:00,TANK_IN_01_LEVEL,HIGH_LEVEL,MEDIUM,High level,96.47
EVT-00002696,2026-09-06T07:24:44-05:00,FILLER_01_CYCLE_FAULT,CYCLE_FAULT,HIGH,Cycle fault,1.00
EVT-00002697,2026-09-05T14:01:18-05:00,FILLER_01_PRESSURE,LOW_PRESSURE,HIGH,Low pressure,1.01
EVT-00002698,2026-09-23T06:37:37-05:00,PUMP_01_FLOW,LOW_FLOW,HIGH,Low flow,14.82
EVT-00002699,2026-09-15T18:41:01-05:00,TANK_OUT_01_LEVEL,LOW_LEVEL,HIGH,Low level,1.97
EVT-00002700,2026-09-26T15:31:07-05:00,CONVEYOR_01_JAM,JAM,MEDIUM,Jam,1.00
EVT-00002701,2026-09-15T14:04:57-05:00,FILTER_01_DIFF_PRESSURE,HIGH_DIFF_PRESSURE,MEDIUM,High diff pressure,0.5
EVT-00002702,2026-09-02T20:03:40-05:00,TANK_OUT_01_LEVEL,HIGH_LEVEL,MEDIUM,High level,94.86
EVT-00002703,2026-09-30T10:32:44-05:00,FILLER_01_CYCLE_FAULT,CYCLE_FAULT,HIGH,Cycle fault,1.00
EVT-00002704,2026-09-07T07:39:49-05:00,COMPRESSOR_01_PRESSURE,LOW_PRESSURE,HIGH,Low pressure,1.08
EVT-00002705,2026-09-01T12:08:13-05:00,FILTER_01_DIFF_PRESSURE,HIGH_DIFF_PRESSURE,MEDIUM,High diff pressure,2.09
EVT-00002706,2026-09-03T10:00:55-05:00,FILLER_01_PRESSURE,LOW_PRESSURE,HIGH,Low pressure,0.34
EVT-00002707,2026-09-27T18:05:23-05:00,CONVEYOR_01_JAM,JAM,MEDIUM,Jam,1.00
EVT-00002708,2026-09-02T13:34:02-05:00,FILLER_01_PRESSURE,LOW_PRESSURE,HIGH,Low pressure,1.41
EVT-00002709,2026-09-11T11:52:27-05:00,TANK_IN_01_LEVEL,HIGH_LEVEL,MEDIUM,High level,96.75
EVT-00002710,2026-09-20T09:46:13-05:00,FILLER_01_PRESSURE,LOW_PRESSURE,HIGH,Low pressure,1.48
EVT-00002711,2026-09-22T08:11:57-05:00,FILTER_01_DIFF_PRESSURE,HIGH_DIFF_PRESSURE,MEDIUM,High diff pressure,2.19
EVT-00002712,2026-09-12T11:53:12-05:00,PUMP_01_FLOW,LOW_FLOW,HIGH,Low flow,4.55
EVT-00002713,2026-09-21T11:45:25-05:00,TANK_IN_01_LEVEL,LOW_LEVEL,HIGH,Low level,1.24
EVT-00002714,2026-09-22T10:00:24-05:00,FILTER_01_DIFF_PRESSURE,HIGH_DIFF_PRESSURE,MEDIUM,High diff pressure,1.76
EVT-00002715,2026-09-09T17:49:54-05:00,FILLER_01_PRESSURE,LOW_PRESSURE,HIGH,Low pressure,1.69
EVT-00002716,2026-09-01T09:58:43-05:00,FILTER_01_DIFF_PRESSURE,HIGH_DIFF_PRESSURE,MEDIUM,High diff pressure,2.65
EVT-00002717,2026-09-29T15:05:40-05:00,FILTER_01_DIFF_PRESSURE,HIGH_DIFF_PRESSURE,MEDIUM,High diff pressure,1.86
EVT-00002718,2026-09-26T21:28:56-05:00,FILLER_01_PRESSURE,LOW_PRESSURE,HIGH,Low pressure,1.55
EVT-00002719,2026-09-04T16:55:12-05:00,PUMP_01_FLOW,LOW_FLOW,HIGH,Low flow,7.64
EVT-00002720,2026-09-23T13:04:25-05:00,COMPRESSOR_01_TEMP,HIGH_TEMPERATURE,HIGH,High temperature,101.44
EVT-00002721,2026-09-15T21:30:07-05:00,FILTER_01_DIFF_PRESSURE,HIGH_DIFF_PRESSURE,MEDIUM,High diff pressure,2.83
EVT-00002722,2026-09-01T17:04:40-05:00,TANK_IN_01_LEVEL,LOW_LEVEL,HIGH,Low level,12.98
EVT-00002723,2026-09-29T17:39:41-05:00,FILTER_01_DIFF_PRESSURE,HIGH_DIFF_PRESSURE,MEDIUM,High diff pressure,2.19
EVT-00002724,2026-09-23T06:14:31-05:00,TANK_OUT_01_LEVEL,LOW_LEVEL,HIGH,Low level,5.76
EVT-00002725,2026-09-25T08:15:30-05:00,TANK_IN_01_LEVEL,LOW_LEVEL,HIGH,Low level,7.32
EVT-00002726,2026-09-14T19:47:06-05:00,PUMP_01_FLOW,LOW_FLOW,HIGH,Low flow,5.98
EVT-00002727,2026-09-02T08:30:14-05:00,FILLER_01_PRESSURE,LOW_PRESSURE,HIGH,Low pressure,1.05
EVT-00002728,2026-09-07T08:45:39-05:00,TANK_OUT_01_LEVEL,LOW_LEVEL,HIGH,Low level,8.69
EVT-00002729,2026-09-02T10:20:01-05:00,PUMP_01_FLOW,LOW_FLOW,HIGH,Low flow,15.85
EVT-00002730,2026-09-15T19:27:27-05:00,TANK_OUT_01_LEVEL,HIGH_LEVEL,MEDIUM,High level,94.36
EVT-00002731,2026-09-11T17:42:59-05:00,PUMP_01_FLOW,LOW_FLOW,HIGH,Low flow,17.11
EVT-00002732,2026-09-17T20:24:50-05:00,FILLER_01_CYCLE_FAULT,CYCLE_FAULT,HIGH,Cycle fault,1.00
EVT-00002733,2026-09-10T19:39:48-05:00,FILLER_01_PRESSURE,LOW_PRESSURE,HIGH,Low pressure,0.16
EVT-00002734,2026-09-24T12:01:50-05:00,PUMP_01_FLOW,LOW_FLOW,HIGH,Low flow,8.01
EVT-00002735,2026-09-18T06:59:03-05:00,PUMP_01_FLOW,LOW_FLOW,HIGH,Low flow,14.61
EVT-00002736,2026-09-26T18:30:46-05:00,COMPRESSOR_01_TEMP,HIGH_TEMPERATURE,HIGH,High temperature,105.11
EVT-00002737,2026-09-13T15:29:35-05:00,FILLER_01_PRESSURE,LOW_PRESSURE,HIGH,Low pressure,0.92
EVT-00002738,2026-09-21T06:06:36-05:00,PUMP_01_FLOW,LOW_FLOW,HIGH,Low flow,2.32
EVT-00002739,2026-09-03T09:30:13-05:00,CONVEYOR_01_MOTOR_TEMP,HIGH_TEMPERATURE,LOW,High temperature,72.06
EVT-00002740,2026-09-05T09:43:03-05:00,FILLER_01_PRESSURE,LOW_PRESSURE,HIGH,Low pressure,0.42
EVT-00002741,2026-09-19T15:59:29-05:00,TANK_IN_01_LEVEL,HIGH_LEVEL,MEDIUM,High level,93.09
EVT-00002742,2026-09-03T13:45:34-05:00,PUMP_01_FLOW,LOW_FLOW,HIGH,Low flow,15.84
EVT-00002743,2026-09-06T19:08:15-05:00,FILTER_01_PRESSURE,HIGH_PRESSURE,HIGH,High pressure,7.11
EVT-00002744,2026-09-06T17:01:45-05:00,PUMP_01_MOTOR_FAULT,MOTOR_FAULT,CRITICAL,Motor fault,1.00
EVT-00002745,2026-09-29T14:09:37-05:00,FILTER_01_DIFF_PRESSURE,HIGH_DIFF_PRESSURE,MEDIUM,High diff pressure,2.11
EVT-00002746,2026-09-26T14:45:34-05:00,PUMP_01_MOTOR_FAULT,MOTOR_FAULT,CRITICAL,Motor fault,1.00
EVT-00002747,2026-09-12T13:14:59-05:00,COMPRESSOR_01_PRESSURE,LOW_PRESSURE,HIGH,Low pressure,2.93
EVT-00002748,2026-09-15T13:41:41-05:00,PUMP_01_FLOW,LOW_FLOW,HIGH,Low flow,11.34
EVT-00002749,2026-09-14T19:50:28-05:00,FILLER_01_PRESSURE,LOW_PRESSURE,HIGH,Low pressure,0.49
EVT-00002750,2026-09-26T14:46:28-05:00,CONVEYOR_01_JAM,JAM,MEDIUM,Jam,1.00
EVT-00002751,2026-09-14T21:32:50-05:00,FILLER_01_CYCLE_FAULT,CYCLE_FAULT,CRITICAL,Cycle fault,1.00
EVT-00002752,2026-09-30T11:27:55-05:00,FILLER_01_CYCLE_FAULT,CYCLE_FAULT,HIGH,Cycle fault,1.00
EVT-00002753,2026-09-06T10:41:01-05:00,TANK_OUT_01_LEVEL,LOW_LEVEL,HIGH,Low level,8.79
EVT-00002754,2026-09-15T11:09:21-05:00,FILTER_01_PRESSURE,HIGH_PRESSURE,HIGH,High pressure,8.02
EVT-00002755,2026-09-16T07:18:34-05:00,TANK_OUT_01_LEVEL,LOW_LEVEL,HIGH,Low level,7.82
EVT-00002756,2026-09-16T09:33:46-05:00,PUMP_01_FLOW,LOW_FLOW,HIGH,Low flow,4.16
EVT-00002757,2026-09-01T06:14:01-05:00,COMPRESSOR_01_PRESSURE,LOW_PRESSURE,HIGH,Low pressure,3.56
EVT-00002758,2026-09-12T14:56:47-05:00,FILLER_01_CYCLE_FAULT,CYCLE_FAULT,HIGH,Cycle fault,1.00
EVT-00002759,2026-09-13T19:30:40-05:00,COMPRESSOR_01_PRESSURE,LOW_PRESSURE,HIGH,Low pressure,2.91
EVT-00002760,2026-09-15T17:40:11-05:00,FILTER_01_DIFF_PRESSURE,HIGH_DIFF_PRESSURE,MEDIUM,High diff pressure,1.78
EVT-00002761,2026-09-01T08:15:57-05:00,FILTER_01_DIFF_PRESSURE,HIGH_DIFF_PRESSURE,MEDIUM,High diff pressure,2.58
EVT-00002762,2026-09-06T09:32:08-05:00,COMPRESSOR_01_PRESSURE,LOW_PRESSURE,HIGH,Low pressure,4.90
EVT-00002763,2026-09-15T20:02:25-05:00,FILTER_01_DIFF_PRESSURE,HIGH_DIFF_PRESSURE,MEDIUM,High diff pressure,2.49
EVT-00002764,2026-09-16T17:33:34-05:00,TANK_OUT_01_LEVEL,LOW_LEVEL,HIGH,Low level,8.54
EVT-00002765,2026-09-21T13:00:53-05:00,FILLER_01_PRESSURE,LOW_PRESSURE,HIGH,Low pressure,1.18
EVT-00002766,2026-09-08T14:41:48-05:00,FILLER_01_CYCLE_FAULT,CYCLE_FAULT,HIGH,Cycle fault,1.00
EVT-00002767,2026-09-12T17:29:10-05:00,COMPRESSOR_01_PRESSURE,LOW_PRESSURE,HIGH,Low pressure,4.61
EVT-00002768,2026-09-23T18:07:05-05:00,FILLER_01_PRESSURE,LOW_PRESSURE,HIGH,Low pressure,1.75
EVT-00002769,2026-09-20T14:17:29-05:00,PUMP_01_FLOW,LOW_FLOW,HIGH,Low flow,14.94
EVT-00002770,2026-09-08T16:57:42-05:00,PUMP_01_FLOW,LOW_FLOW,HIGH,Low flow,12.84
EVT-00002771,2026-09-27T08:56:19-05:00,COMPRESSOR_01_PRESSURE,LOW_PRESSURE,HIGH,Low pressure,1.06
EVT-00002772,2026-09-03T17:43:51-05:00,TANK_IN_01_LEVEL,HIGH_LEVEL,MEDIUM,High level,98.28
EVT-00002773,2026-09-13T18:51:12-05:00,COMPRESSOR_01_PRESSURE,LOW_PRESSURE,HIGH,Low pressure,4.00
EVT-00002774,2026-09-03T15:26:22-05:00,COMPRESSOR_01_TEMP,HIGH_TEMPERATURE,HIGH,High temperature,103.73
EVT-00002775,2026-09-06T21:06:18-05:00,CONVEYOR_01_MOTOR_TEMP,HIGH_TEMPERATURE,LOW,High temperature,79.74
EVT-00002776,2026-09-10T15:06:50-05:00,PUMP_01_MOTOR_FAULT,MOTOR_FAULT,CRITICAL,Motor fault,1.00
EVT-00002777,2026-09-24T13:29:35-05:00,TANK_OUT_01_LEVEL,HIGH_LEVEL,MEDIUM,High level,98.70
EVT-00002778,2026-09-24T21:49:38-05:00,CONVEYOR_01_MOTOR_TEMP,HIGH_TEMPERATURE,LOW,High temperature,72.82
EVT-00002779,2026-09-19T20:08:21-05:00,TANK_IN_01_LEVEL,HIGH_LEVEL,MEDIUM,High level,94.52
EVT-00002780,2026-09-09T19:37:48-05:00,CONVEYOR_01_JAM,JAM,MEDIUM,Jam,1.00
EVT-00002781,2026-09-13T18:43:30-05:00,COMPRESSOR_01_PRESSURE,LOW_PRESSURE,HIGH,Low pressure,2.57
EVT-00002782,2026-09-06T20:51:42-05:00,TANK_IN_01_LEVEL,LOW_LEVEL,HIGH,Low level,11.07
EVT-00002783,2026-09-03T20:05:08-05:00,TANK_IN_01_LEVEL,LOW_LEVEL,HIGH,Low level,9.55
EVT-00002784,2026-09-21T11:14:56-05:00,TANK_OUT_01_LEVEL,LOW_LEVEL,HIGH,Low level,9.82
EVT-00002785,2026-09-12T09:23:35-05:00,PUMP_01_FLOW,LOW_FLOW,HIGH,Low flow,15.41
EVT-00002786,2026-09-16T09:18:46-05:00,PUMP_01_FLOW,LOW_FLOW,HIGH,Low flow,11.29
EVT-00002787,2026-09-15T16:19:24-05:00,COMPRESSOR_01_PRESSURE,LOW_PRESSURE,HIGH,Low pressure,2.08
EVT-00002788,2026-09-02T19:39:06-05:00,PUMP_01_FLOW,LOW_FLOW,HIGH,Low flow,4.74
EVT-00002789,2026-09-07T10:43:16-05:00,CONVEYOR_01_JAM,JAM,MEDIUM,Jam,1.00
EVT-00002790,2026-09-29T07:59:16-05:00,FILTER_01_DIFF_PRESSURE,HIGH_DIFF_PRESSURE,MEDIUM,High diff pressure,2.02
EVT-00002791,2026-09-03T12:52:34-05:00,TANK_IN_01_LEVEL,LOW_LEVEL,HIGH,Low level,3.55
EVT-00002792,2026-09-15T06:32:24-05:00,FILTER_01_DIFF_PRESSURE,HIGH_DIFF_PRESSURE,MEDIUM,High diff pressure,2.20
EVT-00002793,2026-09-22T19:50:42-05:00,FILTER_01_PRESSURE,HIGH_PRESSURE,HIGH,High pressure,6.61
EVT-00002794,2026-09-09T19:41:09-05:00,TANK_IN_01_LEVEL,LOW_LEVEL,HIGH,Low level,1.14
EVT-00002795,2026-09-26T06:45:43-05:00,FILLER_01_PRESSURE,LOW_PRESSURE,HIGH,Low pressure,0.34
EVT-00002796,2026-09-26T06:07:55-05:00,PUMP_01_FLOW,LOW_FLOW,HIGH,Low flow,8.69
EVT-00002797,2026-09-25T10:50:21-05:00,TANK_OUT_01_LEVEL,HIGH_LEVEL,MEDIUM,High level,95.97
EVT-00002798,2026-09-11T17:00:08-05:00,FILTER_01_PRESSURE,HIGH_PRESSURE,HIGH,High pressure,8.29
EVT-00002799,2026-09-15T11:44:18-05:00,FILTER_01_DIFF_PRESSURE,HIGH_DIFF_PRESSURE,MEDIUM,High diff pressure,2.21
EVT-00002800,2026-09-22T13:15:14-05:00,COMPRESSOR_01_PRESSURE,LOW_PRESSURE,HIGH,Low pressure,2.93
EVT-00002801,2026-09-12T21:53:38-05:00,FILLER_01_PRESSURE,LOW_PRESSURE,HIGH,Low pressure,3
EVT-00002802,2026-09-01T14:19:04-05:00,CONVEYOR_01_JAM,JAM,MEDIUM,Jam,1.00
EVT-00002803,2026-09-29T08:31:40-05:00,FILLER_01_PRESSURE,LOW_PRESSURE,HIGH,Low pressure,0.16
EVT-00002804,2026-09-28T15:39:35-05:00,TANK_OUT_01_LEVEL,HIGH_LEVEL,MEDIUM,High level,93.86
EVT-00002805,2026-09-25T20:50:15-05:00,COMPRESSOR_01_PRESSURE,LOW_PRESSURE,HIGH,Low pressure,2.27
EVT-00002806,2026-09-29T18:29:29-05:00,FILTER_01_DIFF_PRESSURE,HIGH_DIFF_PRESSURE,MEDIUM,High diff pressure,2.81
EVT-00002807,2026-09-22T09:25:16-05:00,TANK_OUT_01_LEVEL,LOW_LEVEL,HIGH,Low level,1.06
EVT-00002808,2026-09-27T11:51:54-05:00,COMPRESSOR_01_TEMP,HIGH_TEMPERATURE,HIGH,High temperature,96.68
EVT-00002809,2026-09-28T06:49:58-05:00,FILLER_01_PRESSURE,LOW_PRESSURE,HIGH,Low pressure,0.93
EVT-00002810,2026-09-08T17:02:44-05:00,FILLER_01_PRESSURE,LOW_PRESSURE,HIGH,Low pressure,1.34
EVT-00002811,2026-09-29T20:27:12-05:00,FILTER_01_DIFF_PRESSURE,HIGH_DIFF_PRESSURE,MEDIUM,High diff pressure,1.80
EVT-00002812,2026-09-22T17:59:04-05:00,FILTER_01_DIFF_PRESSURE,HIGH_DIFF_PRESSURE,MEDIUM,High diff pressure,1.85
EVT-00002813,2026-09-10T17:03:11-05:00,FILLER_01_CYCLE_FAULT,CYCLE_FAULT,HIGH,Cycle fault,1.00
EVT-00002814,2026-09-28T15:28:02-05:00,FILLER_01_PRESSURE,LOW_PRESSURE,HIGH,Low pressure,1.56
EVT-00002815,2026-09-23T15:11:11-05:00,FILLER_01_CYCLE_FAULT,CYCLE_FAULT,HIGH,Cycle fault,1.00
EVT-00002816,2026-09-26T07:35:07-05:00,PUMP_01_FLOW,LOW_FLOW,HIGH,Low flow,7.17
EVT-00002817,2026-09-18T21:55:29-05:00,CONVEYOR_01_JAM,JAM,MEDIUM,Jam,1.00
EVT-00002818,2026-09-15T08:06:21-05:00,PUMP_01_FLOW,LOW_FLOW,HIGH,Low flow,10.87
EVT-00002819,2026-09-08T10:25:48-05:00,FILLER_01_PRESSURE,LOW_PRESSURE,HIGH,Low pressure,0.64
EVT-00002820,2026-09-22T18:44:29-05:00,PUMP_01_FLOW,LOW_FLOW,HIGH,Low flow,2.83
EVT-00002821,2026-09-23T06:31:55-05:00,TANK_IN_01_LEVEL,HIGH_LEVEL,MEDIUM,High level,92.64
EVT-00002822,2026-09-11T12:58:52-05:00,COMPRESSOR_01_PRESSURE,LOW_PRESSURE,HIGH,Low pressure,2.43
EVT-00002823,2026-09-09T18:07:22-05:00,PUMP_01_FLOW,LOW_FLOW,HIGH,Low flow,10.75
EVT-00002824,2026-09-22T08:14:27-05:00,COMPRESSOR_01_PRESSURE,LOW_PRESSURE,HIGH,Low pressure,4.40
EVT-00002825,2026-09-18T17:32:00-05:00,PUMP_01_FLOW,LOW_FLOW,HIGH,Low flow,15.85
EVT-00002826,2026-09-26T18:35:36-05:00,TANK_OUT_01_LEVEL,LOW_LEVEL,HIGH,Low level,7.81
EVT-00002827,2026-09-30T16:29:06-05:00,CONVEYOR_01_MOTOR_TEMP,HIGH_TEMPERATURE,LOW,High temperature,86.69
EVT-00002828,2026-09-03T17:43:24-05:00,COMPRESSOR_01_PRESSURE,LOW_PRESSURE,HIGH,Low pressure,2.75
EVT-00002829,2026-09-22T17:54:15-05:00,FILTER_01_DIFF_PRESSURE,HIGH_DIFF_PRESSURE,MEDIUM,High diff pressure,2.71
EVT-00002830,2026-09-08T10:42:59-05:00,CONVEYOR_01_JAM,JAM,MEDIUM,Jam,1.00
EVT-00002831,2026-09-01T07:37:21-05:00,FILTER_01_DIFF_PRESSURE,HIGH_DIFF_PRESSURE,MEDIUM,High diff pressure,2.47
EVT-00002832,2026-09-30T09:25:31-05:00,FILLER_01_CYCLE_FAULT,CYCLE_FAULT,HIGH,Cycle fault,1.00
EVT-00002833,2026-09-05T21:32:03-05:00,TANK_OUT_01_LEVEL,LOW_LEVEL,HIGH,Low level,7.41
EVT-00002834,2026-09-19T19:24:54-05:00,COMPRESSOR_01_PRESSURE,LOW_PRESSURE,HIGH,Low pressure,1.00
EVT-00002835,2026-09-29T15:45:01-05:00,FILTER_01_DIFF_PRESSURE,HIGH_DIFF_PRESSURE,MEDIUM,High diff pressure,2.08
EVT-00002836,2026-09-14T11:49:08-05:00,CONVEYOR_01_JAM,JAM,MEDIUM,Jam,1.00
EVT-00002837,2026-09-30T20:30:03-05:00,CONVEYOR_01_JAM,JAM,MEDIUM,Jam,1.00
EVT-00002838,2026-09-20T16:45:17-05:00,TANK_OUT_01_LEVEL,LOW_LEVEL,HIGH,Low level,5.54
EVT-00002839,2026-09-01T15:47:57-05:00,TANK_IN_01_LEVEL,HIGH_LEVEL,MEDIUM,High level,95.71
EVT-00002840,2026-09-15T21:14:27-05:00,FILTER_01_DIFF_PRESSURE,HIGH_DIFF_PRESSURE,MEDIUM,High diff pressure,2.16
EVT-00002841,2026-09-15T08:41:01-05:00,TANK_OUT_01_LEVEL,LOW_LEVEL,HIGH,Low level,13.31
EVT-00002842,2026-09-01T16:54:08-05:00,FILTER_01_DIFF_PRESSURE,HIGH_DIFF_PRESSURE,MEDIUM,High diff pressure,2.41
EVT-00002843,2026-09-01T10:58:40-05:00,FILTER_01_DIFF_PRESSURE,HIGH_DIFF_PRESSURE,MEDIUM,High diff pressure,2.82
EVT-00002844,2026-09-07T15:00:41-05:00,FILLER_01_PRESSURE,LOW_PRESSURE,HIGH,Low pressure,0.84
EVT-00002845,2026-09-13T07:04:14-05:00,FILLER_01_PRESSURE,LOW_PRESSURE,HIGH,Low pressure,0.95
EVT-00002846,2026-09-23T09:50:02-05:00,PUMP_01_FLOW,LOW_FLOW,HIGH,Low flow,18.36
EVT-00002847,2026-09-26T10:05:50-05:00,FILLER_01_CYCLE_FAULT,CYCLE_FAULT,HIGH,Cycle fault,1.00
EVT-00002848,2026-09-25T09:15:32-05:00,COMPRESSOR_01_PRESSURE,LOW_PRESSURE,HIGH,Low pressure,3.49
EVT-00002849,2026-09-10T20:50:12-05:00,FILLER_01_CYCLE_FAULT,CYCLE_FAULT,HIGH,Cycle fault,1.00
EVT-00002850,2026-09-18T13:08:28-05:00,COMPRESSOR_01_TEMP,HIGH_TEMPERATURE,HIGH,High temperature,109.82
EVT-00002851,2026-09-22T12:20:26-05:00,FILTER_01_DIFF_PRESSURE,HIGH_DIFF_PRESSURE,HIGH,High diff pressure,2.60
EVT-00002852,2026-09-29T19:13:48-05:00,FILTER_01_DIFF_PRESSURE,HIGH_DIFF_PRESSURE,MEDIUM,High diff pressure,2.32
EVT-00002853,2026-09-08T18:45:47-05:00,FILTER_01_DIFF_PRESSURE,HIGH_DIFF_PRESSURE,MEDIUM,High diff pressure,3.00
EVT-00002854,2026-09-08T11:53:15-05:00,FILTER_01_DIFF_PRESSURE,HIGH_DIFF_PRESSURE,MEDIUM,High diff pressure,1.73
EVT-00002855,2026-09-23T11:32:07-05:00,CONVEYOR_01_MOTOR_TEMP,HIGH_TEMPERATURE,LOW,High temperature,80.37
EVT-00002856,2026-09-19T08:30:15-05:00,FILLER_01_PRESSURE,LOW_PRESSURE,HIGH,Low pressure,1.23
EVT-00002857,2026-09-10T08:38:11-05:00,FILLER_01_PRESSURE,LOW_PRESSURE,HIGH,Low pressure,0.63
EVT-00002858,2026-09-24T09:33:42-05:00,PUMP_01_FLOW,LOW_FLOW,HIGH,Low flow,16.05
EVT-00002859,2026-09-12T19:12:56-05:00,FILLER_01_PRESSURE,LOW_PRESSURE,HIGH,Low pressure,1.57
EVT-00002860,2026-09-26T21:37:38-05:00,TANK_IN_01_LEVEL,HIGH_LEVEL,MEDIUM,High level,92.51
EVT-00002861,2026-09-22T18:22:08-05:00,FILTER_01_DIFF_PRESSURE,HIGH_DIFF_PRESSURE,MEDIUM,High diff pressure,2.03
EVT-00002862,2026-09-04T12:28:23-05:00,COMPRESSOR_01_PRESSURE,LOW_PRESSURE,HIGH,Low pressure,3.42
EVT-00002863,2026-09-02T08:08:10-05:00,PUMP_01_FLOW,LOW_FLOW,HIGH,Low flow,11.55
EVT-00002864,2026-09-19T13:53:50-05:00,FILLER_01_PRESSURE,LOW_PRESSURE,HIGH,Low pressure,0.48
EVT-00002865,2026-09-13T10:27:36-05:00,FILLER_01_PRESSURE,LOW_PRESSURE,HIGH,Low pressure,0.18
EVT-00002866,2026-09-13T14:53:42-05:00,TANK_IN_01_LEVEL,HIGH_LEVEL,MEDIUM,High level,94.09
EVT-00002867,2026-09-06T17:53:01-05:00,FILLER_01_PRESSURE,LOW_PRESSURE,HIGH,Low pressure,1.06
EVT-00002868,2026-09-26T18:12:37-05:00,FILLER_01_CYCLE_FAULT,CYCLE_FAULT,HIGH,Cycle fault,1.00
EVT-00002869,2026-09-28T20:53:41-05:00,FILLER_01_CYCLE_FAULT,CYCLE_FAULT,HIGH,Cycle fault,1.00
EVT-00002870,2026-09-22T12:41:12-05:00,FILTER_01_DIFF_PRESSURE,HIGH_DIFF_PRESSURE,MEDIUM,High diff pressure,1.62
EVT-00002871,2026-09-03T08:13:18-05:00,TANK_IN_01_LEVEL,HIGH_LEVEL,MEDIUM,High level,96.00
EVT-00002872,2026-09-30T15:16:46-05:00,FILLER_01_PRESSURE,LOW_PRESSURE,HIGH,Low pressure,0.67
EVT-00002873,2026-09-19T16:25:27-05:00,TANK_IN_01_LEVEL,LOW_LEVEL,HIGH,Low level,10.82
EVT-00002874,2026-09-01T20:27:38-05:00,FILTER_01_DIFF_PRESSURE,HIGH_DIFF_PRESSURE,MEDIUM,High diff pressure,2.06
EVT-00002875,2026-09-22T11:25:53-05:00,FILTER_01_DIFF_PRESSURE,HIGH_DIFF_PRESSURE,MEDIUM,High diff pressure,1.92
EVT-00002876,2026-09-03T18:59:37-05:00,TANK_IN_01_LEVEL,HIGH_LEVEL,MEDIUM,High level,96.50
EVT-00002877,2026-09-27T18:45:23-05:00,PUMP_01_FLOW,LOW_FLOW,HIGH,Low flow,1.40
EVT-00002878,2026-09-29T20:15:45-05:00,FILTER_01_DIFF_PRESSURE,HIGH_DIFF_PRESSURE,MEDIUM,High diff pressure,2.95
EVT-00002879,2026-09-17T21:14:23-05:00,TANK_OUT_01_LEVEL,LOW_LEVEL,HIGH,Low level,12.97
EVT-00002880,2026-09-27T20:22:57-05:00,TANK_OUT_01_LEVEL,LOW_LEVEL,HIGH,Low level,3.54
EVT-00002881,2026-09-07T17:59:20-05:00,FILLER_01_CYCLE_FAULT,CYCLE_FAULT,HIGH,Cycle fault,1.00
EVT-00002882,2026-09-20T18:39:21-05:00,PUMP_01_FLOW,LOW_FLOW,HIGH,Low flow,4.68
EVT-00002883,2026-09-15T20:34:22-05:00,TANK_IN_01_LEVEL,LOW_LEVEL,HIGH,Low level,7.43
EVT-00002884,2026-09-05T16:28:08-05:00,PUMP_01_FLOW,LOW_FLOW,HIGH,Low flow,5.22
EVT-00002885,2026-09-03T16:14:23-05:00,FILLER_01_PRESSURE,LOW_PRESSURE,HIGH,Low pressure,0.75
EVT-00002886,2026-09-02T07:32:25-05:00,CONVEYOR_01_MOTOR_TEMP,HIGH_TEMPERATURE,LOW,High temperature,73.55
EVT-00002887,2026-09-12T15:54:39-05:00,TANK_OUT_01_LEVEL,LOW_LEVEL,HIGH,Low level,4.51
EVT-00002888,2026-09-01T10:31:15-05:00,FILTER_01_DIFF_PRESSURE,HIGH_DIFF_PRESSURE,MEDIUM,High diff pressure,2.36
EVT-00002889,2026-09-17T20:15:01-05:00,TANK_IN_01_LEVEL,LOW_LEVEL,HIGH,Low level,7.00
EVT-00002890,2026-09-15T08:32:45-05:00,FILLER_01_PRESSURE,LOW_PRESSURE,HIGH,Low pressure,1.57
EVT-00002891,2026-09-11T15:30:53-05:00,TANK_OUT_01_LEVEL,LOW_LEVEL,HIGH,Low level,8.21
EVT-00002892,2026-09-17T09:49:12-05:00,FILLER_01_PRESSURE,LOW_PRESSURE,HIGH,Low pressure,1.86
EVT-00002893,2026-09-27T06:48:51-05:00,TANK_IN_01_LEVEL,HIGH_LEVEL,MEDIUM,High level,93.42
EVT-00002894,2026-09-05T11:27:21-05:00,TANK_IN_01_LEVEL,LOW_LEVEL,HIGH,Low level,5.40
EVT-00002895,2026-09-20T16:03:00-05:00,COMPRESSOR_01_PRESSURE,LOW_PRESSURE,HIGH,Low pressure,2.10
EVT-00002896,2026-09-09T08:20:20-05:00,TANK_OUT_01_LEVEL,HIGH_LEVEL,MEDIUM,High level,98.46
EVT-00002897,2026-09-03T16:00:34-05:00,FILLER_01_PRESSURE,LOW_PRESSURE,HIGH,Low pressure,0.75
EVT-00002898,2026-09-21T08:58:23-05:00,PUMP_01_MOTOR_FAULT,MOTOR_FAULT,CRITICAL,Motor fault,1.00
EVT-00002899,2026-09-09T18:18:56-05:00,FILTER_01_PRESSURE,HIGH_PRESSURE,HIGH,High pressure,8.27
EVT-00002900,2026-09-05T15:45:21-05:00,COMPRESSOR_01_PRESSURE,LOW_PRESSURE,HIGH,Low pressure,2.04
EVT-00002901,2026-09-24T10:54:15-05:00,TANK_IN_01_LEVEL,LOW_LEVEL,HIGH,Low level,16
EVT-00002902,2026-09-07T19:00:21-05:00,FILLER_01_PRESSURE,LOW_PRESSURE,HIGH,Low pressure,1.05
EVT-00002903,2026-09-21T20:56:12-05:00,TANK_OUT_01_LEVEL,LOW_LEVEL,HIGH,Low level,11.47
EVT-00002904,2026-09-14T20:57:22-05:00,TANK_OUT_01_LEVEL,HIGH_LEVEL,MEDIUM,High level,92.57
EVT-00002905,2026-09-22T12:53:54-05:00,FILTER_01_DIFF_PRESSURE,HIGH_DIFF_PRESSURE,MEDIUM,High diff pressure,1.66
EVT-00002906,2026-09-08T07:24:40-05:00,COMPRESSOR_01_PRESSURE,LOW_PRESSURE,HIGH,Low pressure,2.38
EVT-00002907,2026-09-04T18:27:05-05:00,PUMP_01_FLOW,LOW_FLOW,HIGH,Low flow,12.23
EVT-00002908,2026-09-15T17:39:14-05:00,FILTER_01_DIFF_PRESSURE,HIGH_DIFF_PRESSURE,MEDIUM,High diff pressure,1.82
EVT-00002909,2026-09-15T20:09:51-05:00,FILTER_01_DIFF_PRESSURE,HIGH_DIFF_PRESSURE,MEDIUM,High diff pressure,2.29
EVT-00002910,2026-09-26T10:06:35-05:00,PUMP_01_FLOW,LOW_FLOW,HIGH,Low flow,6.60
EVT-00002911,2026-09-13T10:02:43-05:00,TANK_IN_01_LEVEL,LOW_LEVEL,HIGH,Low level,8.75
EVT-00002912,2026-09-26T08:14:53-05:00,COMPRESSOR_01_PRESSURE,LOW_PRESSURE,HIGH,Low pressure,1.89
EVT-00002913,2026-09-29T11:34:50-05:00,TANK_OUT_01_LEVEL,LOW_LEVEL,HIGH,Low level,13.05
EVT-00002914,2026-09-16T07:44:21-05:00,CONVEYOR_01_JAM,JAM,MEDIUM,Jam,1.00
EVT-00002915,2026-09-28T11:08:00-05:00,FILLER_01_PRESSURE,LOW_PRESSURE,HIGH,Low pressure,1.51
EVT-00002916,2026-09-04T06:52:23-05:00,PUMP_01_MOTOR_FAULT,MOTOR_FAULT,CRITICAL,Motor fault,1.00
EVT-00002917,2026-09-22T09:17:20-05:00,FILTER_01_DIFF_PRESSURE,HIGH_DIFF_PRESSURE,MEDIUM,High diff pressure,2.48
EVT-00002918,2026-09-22T20:21:31-05:00,CONVEYOR_01_JAM,JAM,MEDIUM,Jam,1.00
EVT-00002919,2026-09-05T10:42:57-05:00,FILTER_01_PRESSURE,HIGH_PRESSURE,HIGH,High pressure,6.14
EVT-00002920,2026-09-23T08:49:50-05:00,FILLER_01_PRESSURE,LOW_PRESSURE,HIGH,Low pressure,1.78
EVT-00002921,2026-09-13T16:19:55-05:00,PUMP_01_FLOW,LOW_FLOW,HIGH,Low flow,16.06
EVT-00002922,2026-09-30T19:12:21-05:00,PUMP_01_MOTOR_FAULT,MOTOR_FAULT,CRITICAL,Motor fault,1.00
EVT-00002923,2026-09-08T18:20:47-05:00,FILLER_01_PRESSURE,LOW_PRESSURE,HIGH,Low pressure,1.65
EVT-00002924,2026-09-22T09:19:59-05:00,FILTER_01_DIFF_PRESSURE,HIGH_DIFF_PRESSURE,MEDIUM,High diff pressure,2.72
EVT-00002925,2026-09-26T14:31:54-05:00,COMPRESSOR_01_TEMP,HIGH_TEMPERATURE,HIGH,High temperature,116.57
EVT-00002926,2026-09-22T15:28:37-05:00,FILTER_01_DIFF_PRESSURE,HIGH_DIFF_PRESSURE,MEDIUM,High diff pressure,2.18
EVT-00002927,2026-09-01T11:33:51-05:00,FILTER_01_DIFF_PRESSURE,HIGH_DIFF_PRESSURE,MEDIUM,High diff pressure,2.64
EVT-00002928,2026-09-28T07:38:27-05:00,FILLER_01_CYCLE_FAULT,CYCLE_FAULT,HIGH,Cycle fault,1.00
EVT-00002929,2026-09-08T07:42:16-05:00,TANK_IN_01_LEVEL,LOW_LEVEL,HIGH,Low level,4.38
EVT-00002930,2026-09-03T19:32:00-05:00,TANK_OUT_01_LEVEL,LOW_LEVEL,HIGH,Low level,6.85
EVT-00002931,2026-09-16T20:42:55-05:00,TANK_OUT_01_LEVEL,LOW_LEVEL,HIGH,Low level,1.21
EVT-00002932,2026-09-14T18:19:30-05:00,COMPRESSOR_01_PRESSURE,LOW_PRESSURE,HIGH,Low pressure,3.60
EVT-00002933,2026-09-05T14:43:54-05:00,COMPRESSOR_01_PRESSURE,LOW_PRESSURE,HIGH,Low pressure,3.54
EVT-00002934,2026-09-22T15:41:31-05:00,TANK_OUT_01_LEVEL,LOW_LEVEL,HIGH,Low level,3.55
EVT-00002935,2026-09-29T09:27:43-05:00,FILTER_01_DIFF_PRESSURE,HIGH_DIFF_PRESSURE,MEDIUM,High diff pressure,1.61
EVT-00002936,2026-09-23T15:43:37-05:00,FILLER_01_PRESSURE,LOW_PRESSURE,HIGH,Low pressure,0.98
EVT-00002937,2026-09-24T18:02:10-05:00,PUMP_01_MOTOR_FAULT,MOTOR_FAULT,CRITICAL,Motor fault,1.00
EVT-00002938,2026-09-06T18:16:45-05:00,FILLER_01_PRESSURE,LOW_PRESSURE,HIGH,Low pressure,1.44
EVT-00002939,2026-09-06T07:22:03-05:00,COMPRESSOR_01_PRESSURE,LOW_PRESSURE,HIGH,Low pressure,2.87
EVT-00002940,2026-09-17T12:25:53-05:00,CONVEYOR_01_JAM,JAM,MEDIUM,Jam,1.00
EVT-00002941,2026-09-22T09:06:12-05:00,FILTER_01_DIFF_PRESSURE,HIGH_DIFF_PRESSURE,MEDIUM,High diff pressure,2.55
EVT-00002942,2026-09-11T18:21:43-05:00,COMPRESSOR_01_TEMP,HIGH_TEMPERATURE,HIGH,High temperature,106.23
EVT-00002943,2026-09-28T19:57:07-05:00,CONVEYOR_01_JAM,JAM,MEDIUM,Jam,1.00
EVT-00002944,2026-09-22T11:20:37-05:00,FILTER_01_DIFF_PRESSURE,HIGH_DIFF_PRESSURE,MEDIUM,High diff pressure,2.27
EVT-00002945,2026-09-24T17:29:24-05:00,PUMP_01_FLOW,LOW_FLOW,HIGH,Low flow,12.64
EVT-00002946,2026-09-15T17:42:17-05:00,FILTER_01_DIFF_PRESSURE,HIGH_DIFF_PRESSURE,MEDIUM,High diff pressure,2.91
EVT-00002947,2026-09-02T14:25:46-05:00,CONVEYOR_01_JAM,JAM,MEDIUM,Jam,1.00
EVT-00002948,2026-09-01T17:12:19-05:00,TANK_IN_01_LEVEL,LOW_LEVEL,HIGH,Low level,10.42
EVT-00002949,2026-09-15T07:57:03-05:00,FILTER_01_DIFF_PRESSURE,HIGH_DIFF_PRESSURE,MEDIUM,High diff pressure,1.61
EVT-00002950,2026-09-08T13:19:09-05:00,FILTER_01_DIFF_PRESSURE,HIGH_DIFF_PRESSURE,MEDIUM,High diff pressure,2.50
EVT-00002951,2026-09-14T14:57:26-05:00,TANK_IN_01_LEVEL,LOW_LEVEL,CRITICAL,Low level,5.04
EVT-00002952,2026-09-17T08:47:53-05:00,TANK_IN_01_LEVEL,LOW_LEVEL,HIGH,Low level,9.41
EVT-00002953,2026-09-16T06:07:32-05:00,PUMP_01_FLOW,LOW_FLOW,HIGH,Low flow,4.18
EVT-00002954,2026-09-09T10:06:57-05:00,FILLER_01_CYCLE_FAULT,CYCLE_FAULT,HIGH,Cycle fault,1.00
EVT-00002955,2026-09-15T12:38:07-05:00,FILTER_01_DIFF_PRESSURE,HIGH_DIFF_PRESSURE,MEDIUM,High diff pressure,2.69
EVT-00002956,2026-09-18T20:46:25-05:00,COMPRESSOR_01_PRESSURE,LOW_PRESSURE,HIGH,Low pressure,2.37
EVT-00002957,2026-09-15T17:56:49-05:00,TANK_IN_01_LEVEL,HIGH_LEVEL,MEDIUM,High level,95.49
EVT-00002958,2026-09-12T19:36:01-05:00,PUMP_01_FLOW,LOW_FLOW,HIGH,Low flow,9.88
EVT-00002959,2026-09-29T21:50:50-05:00,TANK_IN_01_LEVEL,LOW_LEVEL,HIGH,Low level,5.06
EVT-00002960,2026-09-10T06:43:58-05:00,TANK_IN_01_LEVEL,HIGH_LEVEL,MEDIUM,High level,92.36
EVT-00002961,2026-09-15T06:34:31-05:00,FILTER_01_DIFF_PRESSURE,HIGH_DIFF_PRESSURE,MEDIUM,High diff pressure,2.01
EVT-00002962,2026-09-16T18:06:37-05:00,FILLER_01_PRESSURE,LOW_PRESSURE,HIGH,Low pressure,0.78
EVT-00002963,2026-09-16T16:00:52-05:00,TANK_IN_01_LEVEL,HIGH_LEVEL,MEDIUM,High level,96.07
EVT-00002964,2026-09-23T08:19:11-05:00,CONVEYOR_01_JAM,JAM,MEDIUM,Jam,1.00
EVT-00002965,2026-09-25T13:16:46-05:00,FILLER_01_CYCLE_FAULT,CYCLE_FAULT,HIGH,Cycle fault,1.00
EVT-00002966,2026-09-04T20:25:51-05:00,PUMP_01_FLOW,LOW_FLOW,HIGH,Low flow,1.43
EVT-00002967,2026-09-12T15:06:08-05:00,PUMP_01_FLOW,LOW_FLOW,HIGH,Low flow,1.27
EVT-00002968,2026-09-08T06:56:50-05:00,FILLER_01_CYCLE_FAULT,CYCLE_FAULT,HIGH,Cycle fault,1.00
EVT-00002969,2026-09-29T19:25:28-05:00,FILTER_01_DIFF_PRESSURE,HIGH_DIFF_PRESSURE,MEDIUM,High diff pressure,1.62
EVT-00002970,2026-09-15T11:08:15-05:00,FILTER_01_DIFF_PRESSURE,HIGH_DIFF_PRESSURE,MEDIUM,High diff pressure,2.84
EVT-00002971,2026-09-14T10:30:36-05:00,TANK_IN_01_LEVEL,LOW_LEVEL,HIGH,Low level,13.64
EVT-00002972,2026-09-17T09:24:06-05:00,PUMP_01_FLOW,LOW_FLOW,HIGH,Low flow,6.10
EVT-00002973,2026-09-01T21:43:54-05:00,FILTER_01_DIFF_PRESSURE,HIGH_DIFF_PRESSURE,MEDIUM,High diff pressure,2.27
EVT-00002974,2026-09-08T18:07:48-05:00,COMPRESSOR_01_TEMP,HIGH_TEMPERATURE,HIGH,High temperature,113.57
EVT-00002975,2026-09-23T20:14:56-05:00,PUMP_01_FLOW,LOW_FLOW,HIGH,Low flow,17.58
EVT-00002976,2026-09-24T15:08:40-05:00,TANK_IN_01_LEVEL,HIGH_LEVEL,MEDIUM,High level,97.25
EVT-00002977,2026-09-28T16:45:44-05:00,PUMP_01_FLOW,LOW_FLOW,HIGH,Low flow,13.88
EVT-00002978,2026-09-08T08:11:34-05:00,FILLER_01_PRESSURE,LOW_PRESSURE,HIGH,Low pressure,0.43
EVT-00002979,2026-09-15T09:29:54-05:00,FILTER_01_DIFF_PRESSURE,HIGH_DIFF_PRESSURE,MEDIUM,High diff pressure,1.97
EVT-00002980,2026-09-29T09:38:03-05:00,FILTER_01_DIFF_PRESSURE,HIGH_DIFF_PRESSURE,MEDIUM,High diff pressure,1.83
EVT-00002981,2026-09-13T13:24:52-05:00,CONVEYOR_01_MOTOR_TEMP,HIGH_TEMPERATURE,LOW,High temperature,81.75
EVT-00002982,2026-09-08T10:02:14-05:00,FILTER_01_DIFF_PRESSURE,HIGH_DIFF_PRESSURE,MEDIUM,High diff pressure,2.46
EVT-00002983,2026-09-01T15:16:54-05:00,FILTER_01_DIFF_PRESSURE,HIGH_DIFF_PRESSURE,MEDIUM,High diff pressure,2.69
EVT-00002984,2026-09-10T08:00:12-05:00,FILLER_01_PRESSURE,LOW_PRESSURE,HIGH,Low pressure,0.78
EVT-00002985,2026-09-15T18:57:14-05:00,FILTER_01_DIFF_PRESSURE,HIGH_DIFF_PRESSURE,MEDIUM,High diff pressure,2.67
EVT-00002986,2026-09-29T06:51:56-05:00,PUMP_01_MOTOR_FAULT,MOTOR_FAULT,CRITICAL,Motor fault,1.00
EVT-00002987,2026-09-02T18:01:21-05:00,TANK_IN_01_LEVEL,LOW_LEVEL,HIGH,Low level,7.58
EVT-00002988,2026-09-16T11:06:00-05:00,PUMP_01_FLOW,LOW_FLOW,HIGH,Low flow,13.42
EVT-00002989,2026-09-06T10:35:32-05:00,TANK_IN_01_LEVEL,HIGH_LEVEL,MEDIUM,High level,96.03
EVT-00002990,2026-09-15T08:01:49-05:00,FILTER_01_DIFF_PRESSURE,HIGH_DIFF_PRESSURE,MEDIUM,High diff pressure,1.84
EVT-00002991,2026-09-22T16:02:40-05:00,FILLER_01_PRESSURE,LOW_PRESSURE,HIGH,Low pressure,0.43
EVT-00002992,2026-09-15T19:31:28-05:00,FILTER_01_DIFF_PRESSURE,HIGH_DIFF_PRESSURE,MEDIUM,High diff pressure,2.95
EVT-00002993,2026-09-08T17:50:14-05:00,TANK_OUT_01_LEVEL,HIGH_LEVEL,MEDIUM,High level,93.82
EVT-00002994,2026-09-13T07:35:16-05:00,PUMP_01_FLOW,LOW_FLOW,HIGH,Low flow,3.17
EVT-00002995,2026-09-24T16:57:21-05:00,PUMP_01_FLOW,LOW_FLOW,HIGH,Low flow,3.46
EVT-00002996,2026-09-30T17:54:43-05:00,TANK_IN_01_LEVEL,LOW_LEVEL,HIGH,Low level,4.90
EVT-00002997,2026-09-15T07:47:44-05:00,PUMP_01_FLOW,LOW_FLOW,HIGH,Low flow,2.53
EVT-00002998,2026-09-20T12:14:32-05:00,COMPRESSOR_01_PRESSURE,LOW_PRESSURE,HIGH,Low pressure,2.54
EVT-00002999,2026-09-25T09:40:38-05:00,FILLER_01_PRESSURE,LOW_PRESSURE,HIGH,Low pressure,1.46
EVT-00003000,2026-09-02T08:19:37-05:00,FILLER_01_PRESSURE,LOW_PRESSURE,HIGH,Low pressure,0.59
EVT-00003001,2026-09-15T21:58:00-05:00,FILTER_01_DIFF_PRESSURE,HIGH_DIFF_PRESSURE,MEDIUM,High diff pressure,0.5
EVT-00003002,2026-09-15T17:27:58-05:00,COMPRESSOR_01_PRESSURE,LOW_PRESSURE,HIGH,Low pressure,4.67
EVT-00003003,2026-09-14T07:13:57-05:00,TANK_IN_01_LEVEL,HIGH_LEVEL,MEDIUM,High level,95.94
EVT-00003004,2026-09-29T20:23:51-05:00,FILTER_01_DIFF_PRESSURE,HIGH_DIFF_PRESSURE,MEDIUM,High diff pressure,1.65
EVT-00003005,2026-09-09T18:40:59-05:00,PUMP_01_FLOW,LOW_FLOW,HIGH,Low flow,3.64
EVT-00003006,2026-09-29T07:06:24-05:00,FILTER_01_DIFF_PRESSURE,HIGH_DIFF_PRESSURE,MEDIUM,High diff pressure,2.08
EVT-00003007,2026-09-13T15:00:42-05:00,FILLER_01_CYCLE_FAULT,CYCLE_FAULT,HIGH,Cycle fault,1.00
EVT-00003008,2026-09-25T15:16:16-05:00,PUMP_01_FLOW,LOW_FLOW,HIGH,Low flow,8.86
EVT-00003009,2026-09-13T13:17:50-05:00,TANK_OUT_01_LEVEL,LOW_LEVEL,HIGH,Low level,13.43
EVT-00003010,2026-09-06T06:03:55-05:00,PUMP_01_MOTOR_FAULT,MOTOR_FAULT,CRITICAL,Motor fault,1.00
EVT-00003011,2026-09-19T18:41:00-05:00,TANK_OUT_01_LEVEL,LOW_LEVEL,HIGH,Low level,1.18
EVT-00003012,2026-09-26T15:20:06-05:00,COMPRESSOR_01_PRESSURE,LOW_PRESSURE,HIGH,Low pressure,3.33
EVT-00003013,2026-09-24T15:33:31-05:00,TANK_OUT_01_LEVEL,LOW_LEVEL,HIGH,Low level,6.30
EVT-00003014,2026-09-08T11:23:42-05:00,FILTER_01_DIFF_PRESSURE,HIGH_DIFF_PRESSURE,MEDIUM,High diff pressure,2.28
EVT-00003015,2026-09-06T10:04:35-05:00,TANK_OUT_01_LEVEL,LOW_LEVEL,HIGH,Low level,1.93
EVT-00003016,2026-09-10T06:42:41-05:00,TANK_OUT_01_LEVEL,LOW_LEVEL,HIGH,Low level,4.03
EVT-00003017,2026-09-09T08:25:14-05:00,COMPRESSOR_01_PRESSURE,LOW_PRESSURE,HIGH,Low pressure,2.38
EVT-00003018,2026-09-02T17:41:41-05:00,CONVEYOR_01_MOTOR_TEMP,HIGH_TEMPERATURE,LOW,High temperature,76.09
EVT-00003019,2026-09-07T15:43:55-05:00,COMPRESSOR_01_TEMP,HIGH_TEMPERATURE,HIGH,High temperature,100.75
EVT-00003020,2026-09-12T17:31:03-05:00,TANK_IN_01_LEVEL,LOW_LEVEL,HIGH,Low level,13.39
EVT-00003021,2026-09-11T07:30:55-05:00,COMPRESSOR_01_TEMP,HIGH_TEMPERATURE,HIGH,High temperature,118.49
EVT-00003022,2026-09-05T13:26:01-05:00,PUMP_01_MOTOR_FAULT,MOTOR_FAULT,CRITICAL,Motor fault,1.00
EVT-00003023,2026-09-01T17:23:42-05:00,FILTER_01_DIFF_PRESSURE,HIGH_DIFF_PRESSURE,MEDIUM,High diff pressure,1.62
EVT-00003024,2026-09-08T19:17:52-05:00,CONVEYOR_01_JAM,JAM,MEDIUM,Jam,1.00
EVT-00003025,2026-09-01T15:46:58-05:00,PUMP_01_FLOW,LOW_FLOW,HIGH,Low flow,14.46
EVT-00003026,2026-09-25T20:12:31-05:00,COMPRESSOR_01_TEMP,HIGH_TEMPERATURE,HIGH,High temperature,119.89
EVT-00003027,2026-09-24T18:31:36-05:00,TANK_IN_01_LEVEL,HIGH_LEVEL,MEDIUM,High level,94.91
EVT-00003028,2026-09-09T21:50:18-05:00,COMPRESSOR_01_PRESSURE,LOW_PRESSURE,HIGH,Low pressure,4.20
EVT-00003029,2026-09-18T09:45:10-05:00,FILLER_01_PRESSURE,LOW_PRESSURE,HIGH,Low pressure,1.23
EVT-00003030,2026-09-09T09:42:44-05:00,PUMP_01_FLOW,LOW_FLOW,HIGH,Low flow,12.91
EVT-00003031,2026-09-28T19:42:21-05:00,FILLER_01_PRESSURE,LOW_PRESSURE,HIGH,Low pressure,1.11
EVT-00003032,2026-09-08T19:17:08-05:00,PUMP_01_FLOW,LOW_FLOW,HIGH,Low flow,15.87
EVT-00003033,2026-09-08T14:43:12-05:00,FILTER_01_DIFF_PRESSURE,HIGH_DIFF_PRESSURE,MEDIUM,High diff pressure,1.83
EVT-00003034,2026-09-15T09:22:05-05:00,TANK_OUT_01_LEVEL,LOW_LEVEL,HIGH,Low level,4.60
EVT-00003035,2026-09-16T19:16:47-05:00,PUMP_01_FLOW,LOW_FLOW,HIGH,Low flow,4.69
EVT-00003036,2026-09-01T11:38:46-05:00,FILLER_01_PRESSURE,LOW_PRESSURE,HIGH,Low pressure,0.51
EVT-00003037,2026-09-27T13:10:34-05:00,COMPRESSOR_01_PRESSURE,LOW_PRESSURE,HIGH,Low pressure,4.51
EVT-00003038,2026-09-03T08:36:45-05:00,FILLER_01_PRESSURE,LOW_PRESSURE,HIGH,Low pressure,0.28
EVT-00003039,2026-09-22T17:44:38-05:00,FILTER_01_DIFF_PRESSURE,HIGH_DIFF_PRESSURE,MEDIUM,High diff pressure,2.63
EVT-00003040,2026-09-17T08:29:57-05:00,TANK_IN_01_LEVEL,HIGH_LEVEL,MEDIUM,High level,98.44
EVT-00003041,2026-09-01T16:58:57-05:00,FILLER_01_CYCLE_FAULT,CYCLE_FAULT,HIGH,Cycle fault,1.00
EVT-00003042,2026-09-01T08:00:11-05:00,FILTER_01_DIFF_PRESSURE,HIGH_DIFF_PRESSURE,MEDIUM,High diff pressure,1.63
EVT-00003043,2026-09-21T06:47:46-05:00,FILLER_01_CYCLE_FAULT,CYCLE_FAULT,HIGH,Cycle fault,1.00
EVT-00003044,2026-09-03T10:52:21-05:00,PUMP_01_MOTOR_FAULT,MOTOR_FAULT,CRITICAL,Motor fault,1.00
EVT-00003045,2026-09-20T06:14:44-05:00,COMPRESSOR_01_PRESSURE,LOW_PRESSURE,HIGH,Low pressure,1.04
EVT-00003046,2026-09-04T15:52:24-05:00,COMPRESSOR_01_PRESSURE,LOW_PRESSURE,HIGH,Low pressure,4.76
EVT-00003047,2026-09-28T18:52:43-05:00,CONVEYOR_01_JAM,JAM,MEDIUM,Jam,1.00
EVT-00003048,2026-09-16T19:49:45-05:00,PUMP_01_FLOW,LOW_FLOW,HIGH,Low flow,12.52
EVT-00003049,2026-09-27T08:58:11-05:00,COMPRESSOR_01_PRESSURE,LOW_PRESSURE,HIGH,Low pressure,2.57
EVT-00003050,2026-09-08T10:26:18-05:00,FILTER_01_DIFF_PRESSURE,HIGH_DIFF_PRESSURE,MEDIUM,High diff pressure,1.74
EVT-00003051,2026-09-09T17:25:22-05:00,TANK_OUT_01_LEVEL,LOW_LEVEL,CRITICAL,Low level,12.13
EVT-00003052,2026-09-27T06:48:38-05:00,PUMP_01_FLOW,LOW_FLOW,HIGH,Low flow,3.10
EVT-00003053,2026-09-04T15:18:44-05:00,TANK_OUT_01_LEVEL,LOW_LEVEL,HIGH,Low level,9.50
EVT-00003054,2026-09-30T10:05:00-05:00,PUMP_01_FLOW,LOW_FLOW,HIGH,Low flow,1.49
EVT-00003055,2026-09-13T08:40:58-05:00,PUMP_01_FLOW,LOW_FLOW,HIGH,Low flow,8.23
EVT-00003056,2026-09-08T18:27:33-05:00,FILLER_01_PRESSURE,LOW_PRESSURE,HIGH,Low pressure,1.08
EVT-00003057,2026-09-23T20:58:42-05:00,FILLER_01_PRESSURE,LOW_PRESSURE,HIGH,Low pressure,0.38
EVT-00003058,2026-09-04T10:05:14-05:00,TANK_OUT_01_LEVEL,LOW_LEVEL,HIGH,Low level,3.08
EVT-00003059,2026-09-10T12:30:16-05:00,COMPRESSOR_01_PRESSURE,LOW_PRESSURE,HIGH,Low pressure,1.39
EVT-00003060,2026-09-04T12:33:45-05:00,FILLER_01_PRESSURE,LOW_PRESSURE,HIGH,Low pressure,0.31
EVT-00003061,2026-09-20T08:45:02-05:00,COMPRESSOR_01_PRESSURE,LOW_PRESSURE,HIGH,Low pressure,1.91
EVT-00003062,2026-09-15T16:54:56-05:00,FILTER_01_DIFF_PRESSURE,HIGH_DIFF_PRESSURE,MEDIUM,High diff pressure,2.06
EVT-00003063,2026-09-05T18:08:50-05:00,FILLER_01_PRESSURE,LOW_PRESSURE,HIGH,Low pressure,1.85
EVT-00003064,2026-09-15T12:20:31-05:00,FILTER_01_DIFF_PRESSURE,HIGH_DIFF_PRESSURE,MEDIUM,High diff pressure,1.86
EVT-00003065,2026-09-16T18:02:47-05:00,PUMP_01_MOTOR_FAULT,MOTOR_FAULT,CRITICAL,Motor fault,1.00
EVT-00003066,2026-09-26T18:56:56-05:00,COMPRESSOR_01_PRESSURE,LOW_PRESSURE,HIGH,Low pressure,1.39
EVT-00003067,2026-09-28T08:42:21-05:00,CONVEYOR_01_JAM,JAM,MEDIUM,Jam,1.00
EVT-00003068,2026-09-22T14:07:54-05:00,FILTER_01_DIFF_PRESSURE,HIGH_DIFF_PRESSURE,MEDIUM,High diff pressure,2.82
EVT-00003069,2026-09-04T16:31:09-05:00,CONVEYOR_01_JAM,JAM,MEDIUM,Jam,1.00
EVT-00003070,2026-09-09T08:38:00-05:00,COMPRESSOR_01_PRESSURE,LOW_PRESSURE,HIGH,Low pressure,1.46
EVT-00003071,2026-09-08T09:18:39-05:00,FILTER_01_DIFF_PRESSURE,HIGH_DIFF_PRESSURE,MEDIUM,High diff pressure,2.58
EVT-00003072,2026-09-22T13:42:56-05:00,FILTER_01_DIFF_PRESSURE,HIGH_DIFF_PRESSURE,MEDIUM,High diff pressure,2.83
EVT-00003073,2026-09-14T16:57:15-05:00,FILLER_01_PRESSURE,LOW_PRESSURE,HIGH,Low pressure,1.72
EVT-00003074,2026-09-08T12:58:32-05:00,FILTER_01_DIFF_PRESSURE,HIGH_DIFF_PRESSURE,MEDIUM,High diff pressure,2.67
EVT-00003075,2026-09-18T15:43:01-05:00,TANK_OUT_01_LEVEL,LOW_LEVEL,HIGH,Low level,11.08
EVT-00003076,2026-09-27T10:11:20-05:00,TANK_OUT_01_LEVEL,LOW_LEVEL,HIGH,Low level,8.87
EVT-00003077,2026-09-23T13:40:45-05:00,TANK_IN_01_LEVEL,LOW_LEVEL,HIGH,Low level,11.79
EVT-00003078,2026-09-23T20:46:08-05:00,TANK_OUT_01_LEVEL,HIGH_LEVEL,MEDIUM,High level,98.66
EVT-00003079,2026-09-03T10:16:53-05:00,PUMP_01_FLOW,LOW_FLOW,HIGH,Low flow,8.40
EVT-00003080,2026-09-28T06:18:44-05:00,TANK_IN_01_LEVEL,LOW_LEVEL,HIGH,Low level,8.42
EVT-00003081,2026-09-05T08:00:19-05:00,TANK_OUT_01_LEVEL,LOW_LEVEL,HIGH,Low level,2.22
EVT-00003082,2026-09-12T21:27:03-05:00,COMPRESSOR_01_PRESSURE,LOW_PRESSURE,HIGH,Low pressure,1.71
EVT-00003083,2026-09-08T21:12:19-05:00,FILTER_01_DIFF_PRESSURE,HIGH_DIFF_PRESSURE,MEDIUM,High diff pressure,2.67
EVT-00003084,2026-09-27T10:05:18-05:00,PUMP_01_MOTOR_FAULT,MOTOR_FAULT,CRITICAL,Motor fault,1.00
EVT-00003085,2026-09-04T18:39:58-05:00,FILLER_01_CYCLE_FAULT,CYCLE_FAULT,HIGH,Cycle fault,1.00
EVT-00003086,2026-09-01T18:40:21-05:00,FILTER_01_DIFF_PRESSURE,HIGH_DIFF_PRESSURE,MEDIUM,High diff pressure,2.68
EVT-00003087,2026-09-01T18:03:53-05:00,FILTER_01_DIFF_PRESSURE,HIGH_DIFF_PRESSURE,MEDIUM,High diff pressure,1.78
EVT-00003088,2026-09-20T21:50:47-05:00,FILTER_01_PRESSURE,HIGH_PRESSURE,HIGH,High pressure,6.90
EVT-00003089,2026-09-12T08:34:18-05:00,TANK_IN_01_LEVEL,LOW_LEVEL,HIGH,Low level,2.61
EVT-00003090,2026-09-01T16:21:41-05:00,PUMP_01_MOTOR_FAULT,MOTOR_FAULT,CRITICAL,Motor fault,1.00
EVT-00003091,2026-09-06T14:33:06-05:00,PUMP_01_FLOW,LOW_FLOW,HIGH,Low flow,16.22
EVT-00003092,2026-09-17T18:43:01-05:00,PUMP_01_FLOW,LOW_FLOW,HIGH,Low flow,7.13
EVT-00003093,2026-09-24T12:08:27-05:00,FILTER_01_PRESSURE,HIGH_PRESSURE,HIGH,High pressure,8.37
EVT-00003094,2026-09-23T06:14:25-05:00,FILLER_01_CYCLE_FAULT,CYCLE_FAULT,HIGH,Cycle fault,1.00
EVT-00003095,2026-09-02T17:41:43-05:00,TANK_IN_01_LEVEL,HIGH_LEVEL,MEDIUM,High level,91.32
EVT-00003096,2026-09-06T15:09:43-05:00,TANK_OUT_01_LEVEL,HIGH_LEVEL,MEDIUM,High level,92.64
EVT-00003097,2026-09-27T13:42:42-05:00,TANK_IN_01_LEVEL,LOW_LEVEL,HIGH,Low level,10.30
EVT-00003098,2026-09-27T10:41:51-05:00,TANK_OUT_01_LEVEL,LOW_LEVEL,HIGH,Low level,12.71
EVT-00003099,2026-09-23T10:08:17-05:00,TANK_OUT_01_LEVEL,LOW_LEVEL,HIGH,Low level,9.67
EVT-00003100,2026-09-09T07:40:25-05:00,COMPRESSOR_01_PRESSURE,LOW_PRESSURE,HIGH,Low pressure,3.67
EVT-00003101,2026-09-08T19:31:42-05:00,FILTER_01_DIFF_PRESSURE,HIGH_DIFF_PRESSURE,MEDIUM,High diff pressure,0.5
EVT-00003102,2026-09-01T09:59:06-05:00,FILTER_01_DIFF_PRESSURE,HIGH_DIFF_PRESSURE,MEDIUM,High diff pressure,2.60
EVT-00003103,2026-09-24T16:10:53-05:00,PUMP_01_FLOW,LOW_FLOW,HIGH,Low flow,13.39
EVT-00003104,2026-09-27T18:36:18-05:00,CONVEYOR_01_JAM,JAM,MEDIUM,Jam,1.00
EVT-00003105,2026-09-21T17:41:06-05:00,FILTER_01_PRESSURE,HIGH_PRESSURE,HIGH,High pressure,8.17
EVT-00003106,2026-09-06T06:59:42-05:00,CONVEYOR_01_JAM,JAM,MEDIUM,Jam,1.00
EVT-00003107,2026-09-07T10:54:49-05:00,FILLER_01_PRESSURE,LOW_PRESSURE,HIGH,Low pressure,0.37
EVT-00003108,2026-09-12T16:58:50-05:00,TANK_IN_01_LEVEL,HIGH_LEVEL,MEDIUM,High level,98.97
EVT-00003109,2026-09-01T10:21:37-05:00,CONVEYOR_01_JAM,JAM,MEDIUM,Jam,1.00
EVT-00003110,2026-09-04T07:11:20-05:00,PUMP_01_FLOW,LOW_FLOW,HIGH,Low flow,5.33
EVT-00003111,2026-09-25T11:37:38-05:00,TANK_OUT_01_LEVEL,HIGH_LEVEL,MEDIUM,High level,92.92
EVT-00003112,2026-09-21T06:35:21-05:00,TANK_OUT_01_LEVEL,LOW_LEVEL,HIGH,Low level,5.92
EVT-00003113,2026-09-19T16:16:54-05:00,PUMP_01_MOTOR_FAULT,MOTOR_FAULT,CRITICAL,Motor fault,1.00
EVT-00003114,2026-09-26T14:48:26-05:00,TANK_OUT_01_LEVEL,LOW_LEVEL,HIGH,Low level,1.93
EVT-00003115,2026-09-03T11:37:04-05:00,TANK_IN_01_LEVEL,LOW_LEVEL,HIGH,Low level,1.17
EVT-00003116,2026-09-25T11:08:27-05:00,COMPRESSOR_01_TEMP,HIGH_TEMPERATURE,HIGH,High temperature,112.30
EVT-00003117,2026-09-11T19:41:12-05:00,TANK_OUT_01_LEVEL,LOW_LEVEL,HIGH,Low level,9.00
EVT-00003118,2026-09-05T18:47:29-05:00,FILLER_01_PRESSURE,LOW_PRESSURE,HIGH,Low pressure,1.82
EVT-00003119,2026-09-14T19:29:51-05:00,TANK_IN_01_LEVEL,HIGH_LEVEL,MEDIUM,High level,96.15
EVT-00003120,2026-09-26T20:06:34-05:00,TANK_IN_01_LEVEL,HIGH_LEVEL,MEDIUM,High level,92.53
EVT-00003121,2026-09-26T12:57:22-05:00,TANK_IN_01_LEVEL,LOW_LEVEL,HIGH,Low level,10.76
EVT-00003122,2026-09-28T06:40:51-05:00,TANK_OUT_01_LEVEL,HIGH_LEVEL,MEDIUM,High level,93.97
EVT-00003123,2026-09-22T14:25:50-05:00,PUMP_01_FLOW,LOW_FLOW,HIGH,Low flow,2.61
EVT-00003124,2026-09-03T19:04:45-05:00,COMPRESSOR_01_PRESSURE,LOW_PRESSURE,HIGH,Low pressure,2.18
EVT-00003125,2026-09-26T18:24:20-05:00,COMPRESSOR_01_PRESSURE,LOW_PRESSURE,HIGH,Low pressure,4.34
EVT-00003126,2026-09-23T08:55:54-05:00,PUMP_01_FLOW,LOW_FLOW,HIGH,Low flow,11.27
EVT-00003127,2026-09-24T17:04:54-05:00,TANK_OUT_01_LEVEL,LOW_LEVEL,HIGH,Low level,11.71
EVT-00003128,2026-09-11T14:08:46-05:00,COMPRESSOR_01_PRESSURE,LOW_PRESSURE,HIGH,Low pressure,1.67
EVT-00003129,2026-09-15T17:20:59-05:00,FILTER_01_DIFF_PRESSURE,HIGH_DIFF_PRESSURE,MEDIUM,High diff pressure,2.70
EVT-00003130,2026-09-23T20:05:36-05:00,TANK_IN_01_LEVEL,LOW_LEVEL,HIGH,Low level,8.93
EVT-00003131,2026-09-20T17:02:52-05:00,PUMP_01_FLOW,LOW_FLOW,HIGH,Low flow,2.53
EVT-00003132,2026-09-19T17:25:42-05:00,COMPRESSOR_01_PRESSURE,LOW_PRESSURE,HIGH,Low pressure,3.54
EVT-00003133,2026-09-01T08:35:46-05:00,TANK_IN_01_LEVEL,HIGH_LEVEL,MEDIUM,High level,98.84
EVT-00003134,2026-09-18T21:47:34-05:00,CONVEYOR_01_MOTOR_TEMP,HIGH_TEMPERATURE,LOW,High temperature,87.33
EVT-00003135,2026-09-03T15:04:56-05:00,FILLER_01_CYCLE_FAULT,CYCLE_FAULT,HIGH,Cycle fault,1.00
EVT-00003136,2026-09-06T11:22:52-05:00,FILTER_01_PRESSURE,HIGH_PRESSURE,HIGH,High pressure,6.92
EVT-00003137,2026-09-19T12:36:51-05:00,TANK_IN_01_LEVEL,LOW_LEVEL,HIGH,Low level,8.23
EVT-00003138,2026-09-06T18:56:13-05:00,TANK_IN_01_LEVEL,LOW_LEVEL,HIGH,Low level,10.43
EVT-00003139,2026-09-16T10:39:38-05:00,PUMP_01_MOTOR_FAULT,MOTOR_FAULT,CRITICAL,Motor fault,1.00
EVT-00003140,2026-09-05T08:15:24-05:00,FILLER_01_PRESSURE,LOW_PRESSURE,HIGH,Low pressure,1.55
EVT-00003141,2026-09-12T21:38:15-05:00,TANK_OUT_01_LEVEL,LOW_LEVEL,HIGH,Low level,6.87
EVT-00003142,2026-09-29T18:23:22-05:00,FILTER_01_DIFF_PRESSURE,HIGH_DIFF_PRESSURE,MEDIUM,High diff pressure,1.93
EVT-00003143,2026-09-29T21:22:47-05:00,FILTER_01_DIFF_PRESSURE,HIGH_DIFF_PRESSURE,MEDIUM,High diff pressure,2.40
EVT-00003144,2026-09-22T15:12:37-05:00,FILTER_01_DIFF_PRESSURE,HIGH_DIFF_PRESSURE,MEDIUM,High diff pressure,2.75
EVT-00003145,2026-09-29T18:25:31-05:00,PUMP_01_MOTOR_FAULT,MOTOR_FAULT,CRITICAL,Motor fault,1.00
EVT-00003146,2026-09-21T07:02:19-05:00,FILLER_01_PRESSURE,LOW_PRESSURE,HIGH,Low pressure,0.72
EVT-00003147,2026-09-18T06:08:40-05:00,FILLER_01_PRESSURE,LOW_PRESSURE,HIGH,Low pressure,0.49
EVT-00003148,2026-09-10T12:50:29-05:00,CONVEYOR_01_MOTOR_TEMP,HIGH_TEMPERATURE,LOW,High temperature,74.24
EVT-00003149,2026-09-28T07:19:42-05:00,TANK_OUT_01_LEVEL,LOW_LEVEL,HIGH,Low level,5.56
EVT-00003150,2026-09-22T18:10:53-05:00,FILTER_01_DIFF_PRESSURE,HIGH_DIFF_PRESSURE,MEDIUM,High diff pressure,1.83
EVT-00003151,2026-09-22T17:41:45-05:00,FILTER_01_DIFF_PRESSURE,HIGH_DIFF_PRESSURE,HIGH,High diff pressure,2.96
EVT-00003152,2026-09-15T07:59:11-05:00,COMPRESSOR_01_PRESSURE,LOW_PRESSURE,HIGH,Low pressure,1.43
EVT-00003153,2026-09-04T13:13:34-05:00,PUMP_01_FLOW,LOW_FLOW,HIGH,Low flow,16.73
EVT-00003154,2026-09-22T11:59:03-05:00,FILTER_01_DIFF_PRESSURE,HIGH_DIFF_PRESSURE,MEDIUM,High diff pressure,1.76
EVT-00003155,2026-09-29T14:51:09-05:00,FILTER_01_DIFF_PRESSURE,HIGH_DIFF_PRESSURE,MEDIUM,High diff pressure,2.14
EVT-00003156,2026-09-16T08:04:52-05:00,FILLER_01_PRESSURE,LOW_PRESSURE,HIGH,Low pressure,0.81
EVT-00003157,2026-09-18T08:50:06-05:00,FILTER_01_PRESSURE,HIGH_PRESSURE,HIGH,High pressure,8.50
EVT-00003158,2026-09-07T11:49:43-05:00,PUMP_01_FLOW,LOW_FLOW,HIGH,Low flow,12.63
EVT-00003159,2026-09-20T20:05:38-05:00,TANK_IN_01_LEVEL,LOW_LEVEL,HIGH,Low level,8.78
EVT-00003160,2026-09-26T12:34:50-05:00,TANK_IN_01_LEVEL,LOW_LEVEL,HIGH,Low level,9.80
EVT-00003161,2026-09-07T06:59:04-05:00,COMPRESSOR_01_TEMP,HIGH_TEMPERATURE,HIGH,High temperature,104.66
EVT-00003162,2026-09-25T18:26:45-05:00,CONVEYOR_01_MOTOR_TEMP,HIGH_TEMPERATURE,LOW,High temperature,79.66
EVT-00003163,2026-09-21T09:12:21-05:00,PUMP_01_MOTOR_FAULT,MOTOR_FAULT,CRITICAL,Motor fault,1.00
EVT-00003164,2026-09-09T13:22:26-05:00,PUMP_01_FLOW,LOW_FLOW,HIGH,Low flow,2.67
EVT-00003165,2026-09-22T21:51:40-05:00,FILTER_01_DIFF_PRESSURE,HIGH_DIFF_PRESSURE,MEDIUM,High diff pressure,2.67
EVT-00003166,2026-09-22T10:43:23-05:00,TANK_OUT_01_LEVEL,LOW_LEVEL,HIGH,Low level,4.76
EVT-00003167,2026-09-03T13:48:04-05:00,CONVEYOR_01_JAM,JAM,MEDIUM,Jam,1.00
EVT-00003168,2026-09-10T08:59:42-05:00,COMPRESSOR_01_PRESSURE,LOW_PRESSURE,HIGH,Low pressure,2.01
EVT-00003169,2026-09-22T14:46:03-05:00,FILTER_01_DIFF_PRESSURE,HIGH_DIFF_PRESSURE,MEDIUM,High diff pressure,2.81
EVT-00003170,2026-09-26T08:55:30-05:00,TANK_OUT_01_LEVEL,LOW_LEVEL,HIGH,Low level,9.94
EVT-00003171,2026-09-29T13:05:02-05:00,FILTER_01_DIFF_PRESSURE,HIGH_DIFF_PRESSURE,MEDIUM,High diff pressure,1.62
EVT-00003172,2026-09-29T16:52:13-05:00,TANK_OUT_01_LEVEL,LOW_LEVEL,HIGH,Low level,5.06
EVT-00003173,2026-09-22T16:31:51-05:00,TANK_IN_01_LEVEL,LOW_LEVEL,HIGH,Low level,13.62
EVT-00003174,2026-09-22T20:59:29-05:00,PUMP_01_FLOW,LOW_FLOW,HIGH,Low flow,16.03
EVT-00003175,2026-09-24T19:20:46-05:00,FILLER_01_CYCLE_FAULT,CYCLE_FAULT,HIGH,Cycle fault,1.00
EVT-00003176,2026-09-29T14:20:58-05:00,TANK_IN_01_LEVEL,LOW_LEVEL,HIGH,Low level,4.02
EVT-00003177,2026-09-11T08:04:05-05:00,TANK_OUT_01_LEVEL,LOW_LEVEL,HIGH,Low level,9.32
EVT-00003178,2026-09-24T06:04:00-05:00,PUMP_01_MOTOR_FAULT,MOTOR_FAULT,CRITICAL,Motor fault,1.00
EVT-00003179,2026-09-28T08:17:19-05:00,COMPRESSOR_01_PRESSURE,LOW_PRESSURE,HIGH,Low pressure,4.24
EVT-00003180,2026-09-29T07:46:26-05:00,FILTER_01_DIFF_PRESSURE,HIGH_DIFF_PRESSURE,MEDIUM,High diff pressure,1.69
EVT-00003181,2026-09-07T13:38:56-05:00,PUMP_01_FLOW,LOW_FLOW,HIGH,Low flow,15.26
EVT-00003182,2026-09-06T16:56:23-05:00,TANK_OUT_01_LEVEL,LOW_LEVEL,HIGH,Low level,8.73
EVT-00003183,2026-09-07T09:28:47-05:00,PUMP_01_FLOW,LOW_FLOW,HIGH,Low flow,14.91
EVT-00003184,2026-09-01T12:44:25-05:00,TANK_OUT_01_LEVEL,HIGH_LEVEL,MEDIUM,High level,94.72
EVT-00003185,2026-09-29T11:35:17-05:00,TANK_IN_01_LEVEL,LOW_LEVEL,HIGH,Low level,11.28
EVT-00003186,2026-09-04T18:43:50-05:00,CONVEYOR_01_JAM,JAM,MEDIUM,Jam,1.00
EVT-00003187,2026-09-15T13:32:15-05:00,FILLER_01_PRESSURE,LOW_PRESSURE,HIGH,Low pressure,1.15
EVT-00003188,2026-09-29T13:45:08-05:00,FILTER_01_DIFF_PRESSURE,HIGH_DIFF_PRESSURE,MEDIUM,High diff pressure,2.93
EVT-00003189,2026-09-11T08:03:50-05:00,COMPRESSOR_01_TEMP,HIGH_TEMPERATURE,HIGH,High temperature,103.20
EVT-00003190,2026-09-12T09:13:13-05:00,FILTER_01_PRESSURE,HIGH_PRESSURE,HIGH,High pressure,8.93
EVT-00003191,2026-09-18T13:56:05-05:00,TANK_OUT_01_LEVEL,HIGH_LEVEL,MEDIUM,High level,94.90
EVT-00003192,2026-09-22T17:32:36-05:00,FILTER_01_DIFF_PRESSURE,HIGH_DIFF_PRESSURE,MEDIUM,High diff pressure,2.32
EVT-00003193,2026-09-30T21:36:04-05:00,FILLER_01_PRESSURE,LOW_PRESSURE,HIGH,Low pressure,0.35
EVT-00003194,2026-09-26T21:14:29-05:00,COMPRESSOR_01_TEMP,HIGH_TEMPERATURE,HIGH,High temperature,100.25
EVT-00003195,2026-09-01T17:13:07-05:00,TANK_IN_01_LEVEL,LOW_LEVEL,HIGH,Low level,9.42
EVT-00003196,2026-09-24T19:41:05-05:00,TANK_IN_01_LEVEL,HIGH_LEVEL,MEDIUM,High level,97.38
EVT-00003197,2026-09-04T17:31:58-05:00,COMPRESSOR_01_PRESSURE,LOW_PRESSURE,HIGH,Low pressure,3.27
EVT-00003198,2026-09-26T06:35:38-05:00,TANK_OUT_01_LEVEL,LOW_LEVEL,HIGH,Low level,6.93
EVT-00003199,2026-09-07T10:03:26-05:00,CONVEYOR_01_MOTOR_TEMP,HIGH_TEMPERATURE,LOW,High temperature,86.91
EVT-00003200,2026-09-13T08:05:03-05:00,FILTER_01_PRESSURE,HIGH_PRESSURE,HIGH,High pressure,7.10
EVT-00003201,2026-09-04T12:22:57-05:00,CONVEYOR_01_MOTOR_TEMP,HIGH_TEMPERATURE,LOW,High temperature,69
EVT-00003202,2026-09-14T20:56:06-05:00,COMPRESSOR_01_PRESSURE,LOW_PRESSURE,HIGH,Low pressure,4.30
EVT-00003203,2026-09-24T13:12:19-05:00,FILLER_01_PRESSURE,LOW_PRESSURE,HIGH,Low pressure,0.11
EVT-00003204,2026-09-26T10:04:35-05:00,COMPRESSOR_01_PRESSURE,LOW_PRESSURE,HIGH,Low pressure,3.59
EVT-00003205,2026-09-15T11:35:45-05:00,FILTER_01_DIFF_PRESSURE,HIGH_DIFF_PRESSURE,MEDIUM,High diff pressure,2.66
EVT-00003206,2026-09-01T13:32:48-05:00,FILLER_01_PRESSURE,LOW_PRESSURE,HIGH,Low pressure,0.18
EVT-00003207,2026-09-05T20:23:26-05:00,TANK_IN_01_LEVEL,LOW_LEVEL,HIGH,Low level,8.66
EVT-00003208,2026-09-17T20:55:41-05:00,CONVEYOR_01_JAM,JAM,MEDIUM,Jam,1.00
EVT-00003209,2026-09-29T13:49:41-05:00,FILTER_01_DIFF_PRESSURE,HIGH_DIFF_PRESSURE,MEDIUM,High diff pressure,2.21
EVT-00003210,2026-09-13T09:30:26-05:00,TANK_OUT_01_LEVEL,LOW_LEVEL,HIGH,Low level,13.62
EVT-00003211,2026-09-27T06:56:20-05:00,FILLER_01_PRESSURE,LOW_PRESSURE,HIGH,Low pressure,1.57
EVT-00003212,2026-09-22T19:15:17-05:00,FILTER_01_DIFF_PRESSURE,HIGH_DIFF_PRESSURE,MEDIUM,High diff pressure,2.04
EVT-00003213,2026-09-15T15:25:00-05:00,FILTER_01_DIFF_PRESSURE,HIGH_DIFF_PRESSURE,MEDIUM,High diff pressure,2.00
EVT-00003214,2026-09-01T18:55:32-05:00,FILTER_01_DIFF_PRESSURE,HIGH_DIFF_PRESSURE,MEDIUM,High diff pressure,1.92
EVT-00003215,2026-09-21T16:30:09-05:00,TANK_OUT_01_LEVEL,LOW_LEVEL,HIGH,Low level,9.02
EVT-00003216,2026-09-21T10:44:14-05:00,CONVEYOR_01_JAM,JAM,MEDIUM,Jam,1.00
EVT-00003217,2026-09-07T07:41:51-05:00,COMPRESSOR_01_PRESSURE,LOW_PRESSURE,HIGH,Low pressure,1.47
EVT-00003218,2026-09-01T17:26:55-05:00,TANK_IN_01_LEVEL,LOW_LEVEL,HIGH,Low level,13.15
EVT-00003219,2026-09-20T18:52:51-05:00,PUMP_01_FLOW,LOW_FLOW,HIGH,Low flow,12.13
EVT-00003220,2026-09-03T16:24:33-05:00,COMPRESSOR_01_PRESSURE,LOW_PRESSURE,HIGH,Low pressure,2.95
EVT-00003221,2026-09-24T08:22:35-05:00,TANK_IN_01_LEVEL,LOW_LEVEL,HIGH,Low level,10.29
EVT-00003222,2026-09-25T12:31:09-05:00,FILLER_01_PRESSURE,LOW_PRESSURE,HIGH,Low pressure,0.57
EVT-00003223,2026-09-29T10:02:12-05:00,PUMP_01_FLOW,LOW_FLOW,HIGH,Low flow,7.08
EVT-00003224,2026-09-27T10:27:52-05:00,PUMP_01_FLOW,LOW_FLOW,HIGH,Low flow,15.87
EVT-00003225,2026-09-26T12:52:59-05:00,FILLER_01_CYCLE_FAULT,CYCLE_FAULT,HIGH,Cycle fault,1.00
EVT-00003226,2026-09-09T07:30:37-05:00,FILLER_01_PRESSURE,LOW_PRESSURE,HIGH,Low pressure,0.46
EVT-00003227,2026-09-21T16:32:48-05:00,FILLER_01_PRESSURE,LOW_PRESSURE,HIGH,Low pressure,0.36
EVT-00003228,2026-09-30T16:50:52-05:00,TANK_IN_01_LEVEL,HIGH_LEVEL,MEDIUM,High level,92.25
EVT-00003229,2026-09-10T10:46:10-05:00,TANK_IN_01_LEVEL,HIGH_LEVEL,MEDIUM,High level,92.84
EVT-00003230,2026-09-16T21:22:33-05:00,TANK_IN_01_LEVEL,HIGH_LEVEL,MEDIUM,High level,94.70
EVT-00003231,2026-09-07T13:06:51-05:00,COMPRESSOR_01_PRESSURE,LOW_PRESSURE,HIGH,Low pressure,1.51
EVT-00003232,2026-09-01T13:31:55-05:00,TANK_OUT_01_LEVEL,LOW_LEVEL,HIGH,Low level,2.50
EVT-00003233,2026-09-21T07:23:21-05:00,TANK_OUT_01_LEVEL,LOW_LEVEL,HIGH,Low level,5.30
EVT-00003234,2026-09-13T11:42:31-05:00,FILLER_01_PRESSURE,LOW_PRESSURE,HIGH,Low pressure,1.72
EVT-00003235,2026-09-26T08:55:58-05:00,COMPRESSOR_01_PRESSURE,LOW_PRESSURE,HIGH,Low pressure,1.92
EVT-00003236,2026-09-08T18:00:31-05:00,FILTER_01_DIFF_PRESSURE,HIGH_DIFF_PRESSURE,MEDIUM,High diff pressure,1.68
EVT-00003237,2026-09-11T12:18:46-05:00,TANK_IN_01_LEVEL,HIGH_LEVEL,MEDIUM,High level,95.95
EVT-00003238,2026-09-20T15:56:54-05:00,COMPRESSOR_01_TEMP,HIGH_TEMPERATURE,HIGH,High temperature,96.20
EVT-00003239,2026-09-24T10:37:58-05:00,PUMP_01_FLOW,LOW_FLOW,HIGH,Low flow,3.49
EVT-00003240,2026-09-01T15:45:24-05:00,PUMP_01_FLOW,LOW_FLOW,HIGH,Low flow,1.47
EVT-00003241,2026-09-25T08:46:24-05:00,TANK_OUT_01_LEVEL,LOW_LEVEL,HIGH,Low level,5.42
EVT-00003242,2026-09-04T09:56:58-05:00,CONVEYOR_01_MOTOR_TEMP,HIGH_TEMPERATURE,LOW,High temperature,71.60
EVT-00003243,2026-09-08T07:31:08-05:00,FILTER_01_DIFF_PRESSURE,HIGH_DIFF_PRESSURE,MEDIUM,High diff pressure,1.92
EVT-00003244,2026-09-16T09:37:37-05:00,PUMP_01_MOTOR_FAULT,MOTOR_FAULT,CRITICAL,Motor fault,1.00
EVT-00003245,2026-09-29T17:52:04-05:00,FILTER_01_DIFF_PRESSURE,HIGH_DIFF_PRESSURE,MEDIUM,High diff pressure,2.35
EVT-00003246,2026-09-26T15:01:32-05:00,FILTER_01_PRESSURE,HIGH_PRESSURE,HIGH,High pressure,8.33
EVT-00003247,2026-09-13T09:30:52-05:00,TANK_OUT_01_LEVEL,LOW_LEVEL,HIGH,Low level,6.12
EVT-00003248,2026-09-22T21:24:05-05:00,PUMP_01_FLOW,LOW_FLOW,HIGH,Low flow,15.69
EVT-00003249,2026-09-22T07:52:23-05:00,FILTER_01_DIFF_PRESSURE,HIGH_DIFF_PRESSURE,MEDIUM,High diff pressure,2.39
EVT-00003250,2026-09-07T19:08:40-05:00,PUMP_01_FLOW,LOW_FLOW,HIGH,Low flow,10.99
EVT-00003251,2026-09-22T13:42:50-05:00,FILTER_01_DIFF_PRESSURE,HIGH_DIFF_PRESSURE,HIGH,High diff pressure,2.29
EVT-00003252,2026-09-20T07:57:28-05:00,CONVEYOR_01_JAM,JAM,MEDIUM,Jam,1.00
EVT-00003253,2026-09-29T12:25:28-05:00,FILTER_01_DIFF_PRESSURE,HIGH_DIFF_PRESSURE,MEDIUM,High diff pressure,2.55
EVT-00003254,2026-09-27T07:10:11-05:00,COMPRESSOR_01_PRESSURE,LOW_PRESSURE,HIGH,Low pressure,3.30
EVT-00003255,2026-09-02T15:18:32-05:00,PUMP_01_FLOW,LOW_FLOW,HIGH,Low flow,6.18
EVT-00003256,2026-09-10T16:59:36-05:00,TANK_OUT_01_LEVEL,HIGH_LEVEL,MEDIUM,High level,97.60
EVT-00003257,2026-09-17T12:24:45-05:00,COMPRESSOR_01_PRESSURE,LOW_PRESSURE,HIGH,Low pressure,3.03
EVT-00003258,2026-09-06T20:43:41-05:00,TANK_IN_01_LEVEL,LOW_LEVEL,HIGH,Low level,7.60
EVT-00003259,2026-09-08T12:30:45-05:00,FILTER_01_DIFF_PRESSURE,HIGH_DIFF_PRESSURE,MEDIUM,High diff pressure,2.22
EVT-00003260,2026-09-22T12:45:57-05:00,TANK_IN_01_LEVEL,LOW_LEVEL,HIGH,Low level,8.61
EVT-00003261,2026-09-11T08:13:35-05:00,PUMP_01_FLOW,LOW_FLOW,HIGH,Low flow,1.19
EVT-00003262,2026-09-01T19:02:56-05:00,FILTER_01_DIFF_PRESSURE,HIGH_DIFF_PRESSURE,MEDIUM,High diff pressure,2.44
EVT-00003263,2026-09-19T20:28:36-05:00,PUMP_01_FLOW,LOW_FLOW,HIGH,Low flow,7.58
EVT-00003264,2026-09-18T07:12:20-05:00,COMPRESSOR_01_PRESSURE,LOW_PRESSURE,HIGH,Low pressure,2.97
EVT-00003265,2026-09-08T15:35:54-05:00,FILTER_01_DIFF_PRESSURE,HIGH_DIFF_PRESSURE,MEDIUM,High diff pressure,2.15
EVT-00003266,2026-09-09T19:02:21-05:00,TANK_IN_01_LEVEL,HIGH_LEVEL,MEDIUM,High level,97.22
EVT-00003267,2026-09-26T21:39:15-05:00,COMPRESSOR_01_PRESSURE,LOW_PRESSURE,HIGH,Low pressure,4.43
EVT-00003268,2026-09-29T17:45:53-05:00,TANK_IN_01_LEVEL,LOW_LEVEL,HIGH,Low level,9.63
EVT-00003269,2026-09-14T11:47:06-05:00,FILLER_01_PRESSURE,LOW_PRESSURE,HIGH,Low pressure,0.91
EVT-00003270,2026-09-02T20:36:47-05:00,PUMP_01_FLOW,LOW_FLOW,HIGH,Low flow,11.11
EVT-00003271,2026-09-09T13:40:06-05:00,TANK_OUT_01_LEVEL,LOW_LEVEL,HIGH,Low level,3.44
EVT-00003272,2026-09-06T16:56:55-05:00,PUMP_01_FLOW,LOW_FLOW,HIGH,Low flow,7.69
EVT-00003273,2026-09-08T16:29:35-05:00,TANK_OUT_01_LEVEL,HIGH_LEVEL,MEDIUM,High level,91.21
EVT-00003274,2026-09-29T06:05:04-05:00,FILTER_01_DIFF_PRESSURE,HIGH_DIFF_PRESSURE,MEDIUM,High diff pressure,2.78
EVT-00003275,2026-09-22T06:40:25-05:00,FILTER_01_DIFF_PRESSURE,HIGH_DIFF_PRESSURE,MEDIUM,High diff pressure,2.96
EVT-00003276,2026-09-02T12:08:31-05:00,COMPRESSOR_01_PRESSURE,LOW_PRESSURE,HIGH,Low pressure,4.30
EVT-00003277,2026-09-16T07:43:53-05:00,TANK_IN_01_LEVEL,LOW_LEVEL,HIGH,Low level,9.50
EVT-00003278,2026-09-09T11:46:27-05:00,FILLER_01_PRESSURE,LOW_PRESSURE,HIGH,Low pressure,0.98
EVT-00003279,2026-09-29T20:06:05-05:00,FILTER_01_DIFF_PRESSURE,HIGH_DIFF_PRESSURE,MEDIUM,High diff pressure,2.40
EVT-00003280,2026-09-02T13:09:37-05:00,TANK_OUT_01_LEVEL,LOW_LEVEL,HIGH,Low level,7.11
EVT-00003281,2026-09-15T14:58:51-05:00,FILLER_01_PRESSURE,LOW_PRESSURE,HIGH,Low pressure,1.74
EVT-00003282,2026-09-04T21:20:51-05:00,COMPRESSOR_01_PRESSURE,LOW_PRESSURE,HIGH,Low pressure,2.91
EVT-00003283,2026-09-04T06:31:59-05:00,COMPRESSOR_01_PRESSURE,LOW_PRESSURE,HIGH,Low pressure,2.14
EVT-00003284,2026-09-01T08:31:32-05:00,TANK_IN_01_LEVEL,LOW_LEVEL,HIGH,Low level,3.15
EVT-00003285,2026-09-28T18:31:02-05:00,COMPRESSOR_01_TEMP,HIGH_TEMPERATURE,HIGH,High temperature,113.84
EVT-00003286,2026-09-03T09:28:47-05:00,PUMP_01_FLOW,LOW_FLOW,HIGH,Low flow,15.82
EVT-00003287,2026-09-12T20:51:27-05:00,COMPRESSOR_01_PRESSURE,LOW_PRESSURE,HIGH,Low pressure,3.75
EVT-00003288,2026-09-30T18:31:44-05:00,COMPRESSOR_01_TEMP,HIGH_TEMPERATURE,HIGH,High temperature,98.15
EVT-00003289,2026-09-26T06:47:03-05:00,PUMP_01_MOTOR_FAULT,MOTOR_FAULT,CRITICAL,Motor fault,1.00
EVT-00003290,2026-09-10T07:21:57-05:00,TANK_IN_01_LEVEL,LOW_LEVEL,HIGH,Low level,6.40
EVT-00003291,2026-09-29T20:24:40-05:00,FILTER_01_DIFF_PRESSURE,HIGH_DIFF_PRESSURE,MEDIUM,High diff pressure,2.57
EVT-00003292,2026-09-06T08:30:28-05:00,PUMP_01_MOTOR_FAULT,MOTOR_FAULT,CRITICAL,Motor fault,1.00
EVT-00003293,2026-09-11T21:41:25-05:00,TANK_IN_01_LEVEL,HIGH_LEVEL,MEDIUM,High level,92.51
EVT-00003294,2026-09-29T21:28:35-05:00,FILLER_01_CYCLE_FAULT,CYCLE_FAULT,HIGH,Cycle fault,1.00
EVT-00003295,2026-09-22T08:13:39-05:00,FILLER_01_PRESSURE,LOW_PRESSURE,HIGH,Low pressure,1.43
EVT-00003296,2026-09-19T14:42:01-05:00,TANK_OUT_01_LEVEL,LOW_LEVEL,HIGH,Low level,11.03
EVT-00003297,2026-09-11T20:03:55-05:00,COMPRESSOR_01_TEMP,HIGH_TEMPERATURE,HIGH,High temperature,115.77
EVT-00003298,2026-09-09T19:56:53-05:00,PUMP_01_FLOW,LOW_FLOW,HIGH,Low flow,7.06
EVT-00003299,2026-09-12T16:10:02-05:00,FILLER_01_PRESSURE,LOW_PRESSURE,HIGH,Low pressure,0.72
EVT-00003300,2026-09-24T21:34:49-05:00,FILLER_01_PRESSURE,LOW_PRESSURE,HIGH,Low pressure,0.62
EVT-00003301,2026-09-03T15:00:14-05:00,FILLER_01_PRESSURE,LOW_PRESSURE,HIGH,Low pressure,3
EVT-00003302,2026-09-22T09:56:04-05:00,PUMP_01_FLOW,LOW_FLOW,HIGH,Low flow,10.58
EVT-00003303,2026-09-07T14:52:38-05:00,CONVEYOR_01_JAM,JAM,MEDIUM,Jam,1.00
EVT-00003304,2026-09-29T19:51:52-05:00,FILTER_01_DIFF_PRESSURE,HIGH_DIFF_PRESSURE,MEDIUM,High diff pressure,2.95
EVT-00003305,2026-09-11T19:50:39-05:00,TANK_OUT_01_LEVEL,LOW_LEVEL,HIGH,Low level,7.38
EVT-00003306,2026-09-21T08:48:12-05:00,FILLER_01_PRESSURE,LOW_PRESSURE,HIGH,Low pressure,1.39
EVT-00003307,2026-09-05T09:58:58-05:00,TANK_IN_01_LEVEL,HIGH_LEVEL,MEDIUM,High level,94.72
EVT-00003308,2026-09-22T21:47:55-05:00,FILTER_01_DIFF_PRESSURE,HIGH_DIFF_PRESSURE,MEDIUM,High diff pressure,2.91
EVT-00003309,2026-09-13T09:25:17-05:00,PUMP_01_FLOW,LOW_FLOW,HIGH,Low flow,2.40
EVT-00003310,2026-09-08T18:29:35-05:00,FILTER_01_DIFF_PRESSURE,HIGH_DIFF_PRESSURE,MEDIUM,High diff pressure,2.38
EVT-00003311,2026-09-19T17:48:12-05:00,COMPRESSOR_01_PRESSURE,LOW_PRESSURE,HIGH,Low pressure,1.52
EVT-00003312,2026-09-29T07:57:03-05:00,PUMP_01_FLOW,LOW_FLOW,HIGH,Low flow,16.25
EVT-00003313,2026-09-01T14:23:22-05:00,TANK_IN_01_LEVEL,HIGH_LEVEL,MEDIUM,High level,92.91
EVT-00003314,2026-09-16T18:02:57-05:00,PUMP_01_MOTOR_FAULT,MOTOR_FAULT,CRITICAL,Motor fault,1.00
EVT-00003315,2026-09-01T16:01:04-05:00,FILTER_01_DIFF_PRESSURE,HIGH_DIFF_PRESSURE,MEDIUM,High diff pressure,1.81
EVT-00003316,2026-09-08T08:44:31-05:00,FILTER_01_DIFF_PRESSURE,HIGH_DIFF_PRESSURE,MEDIUM,High diff pressure,2.61
EVT-00003317,2026-09-17T12:04:31-05:00,TANK_OUT_01_LEVEL,LOW_LEVEL,HIGH,Low level,2.08
EVT-00003318,2026-09-15T07:46:50-05:00,FILTER_01_DIFF_PRESSURE,HIGH_DIFF_PRESSURE,MEDIUM,High diff pressure,1.72
EVT-00003319,2026-09-24T13:41:34-05:00,FILLER_01_PRESSURE,LOW_PRESSURE,HIGH,Low pressure,0.59
EVT-00003320,2026-09-22T09:12:56-05:00,FILTER_01_DIFF_PRESSURE,HIGH_DIFF_PRESSURE,MEDIUM,High diff pressure,2.30
EVT-00003321,2026-09-16T15:26:28-05:00,TANK_OUT_01_LEVEL,LOW_LEVEL,HIGH,Low level,9.87
EVT-00003322,2026-09-02T17:45:58-05:00,TANK_IN_01_LEVEL,HIGH_LEVEL,MEDIUM,High level,93.54
EVT-00003323,2026-09-08T08:05:48-05:00,COMPRESSOR_01_PRESSURE,LOW_PRESSURE,HIGH,Low pressure,1.27
EVT-00003324,2026-09-19T10:50:44-05:00,COMPRESSOR_01_PRESSURE,LOW_PRESSURE,HIGH,Low pressure,2.22
EVT-00003325,2026-09-04T11:00:52-05:00,TANK_IN_01_LEVEL,LOW_LEVEL,HIGH,Low level,5.63
EVT-00003326,2026-09-23T19:01:52-05:00,COMPRESSOR_01_PRESSURE,LOW_PRESSURE,HIGH,Low pressure,3.07
EVT-00003327,2026-09-01T10:00:10-05:00,FILTER_01_DIFF_PRESSURE,HIGH_DIFF_PRESSURE,MEDIUM,High diff pressure,2.28
EVT-00003328,2026-09-06T20:18:13-05:00,TANK_OUT_01_LEVEL,LOW_LEVEL,HIGH,Low level,5.16
EVT-00003329,2026-09-15T18:50:58-05:00,FILTER_01_DIFF_PRESSURE,HIGH_DIFF_PRESSURE,MEDIUM,High diff pressure,2.33
EVT-00003330,2026-09-04T09:22:09-05:00,FILLER_01_CYCLE_FAULT,CYCLE_FAULT,HIGH,Cycle fault,1.00
EVT-00003331,2026-09-28T18:31:24-05:00,FILLER_01_CYCLE_FAULT,CYCLE_FAULT,HIGH,Cycle fault,1.00
EVT-00003332,2026-09-22T07:15:51-05:00,PUMP_01_FLOW,LOW_FLOW,HIGH,Low flow,4.41
EVT-00003333,2026-09-29T14:17:13-05:00,PUMP_01_FLOW,LOW_FLOW,HIGH,Low flow,3.90
EVT-00003334,2026-09-22T14:38:23-05:00,COMPRESSOR_01_PRESSURE,LOW_PRESSURE,HIGH,Low pressure,3.19
EVT-00003335,2026-09-08T10:48:10-05:00,FILTER_01_DIFF_PRESSURE,HIGH_DIFF_PRESSURE,MEDIUM,High diff pressure,1.79
EVT-00003336,2026-09-25T21:31:48-05:00,PUMP_01_FLOW,LOW_FLOW,HIGH,Low flow,1.19
EVT-00003337,2026-09-16T16:36:57-05:00,TANK_OUT_01_LEVEL,HIGH_LEVEL,MEDIUM,High level,91.01
EVT-00003338,2026-09-08T14:36:10-05:00,TANK_OUT_01_LEVEL,LOW_LEVEL,HIGH,Low level,3.24
EVT-00003339,2026-09-01T16:19:36-05:00,TANK_IN_01_LEVEL,LOW_LEVEL,HIGH,Low level,6.95
EVT-00003340,2026-09-17T15:09:34-05:00,CONVEYOR_01_JAM,JAM,MEDIUM,Jam,1.00
EVT-00003341,2026-09-25T07:42:34-05:00,FILLER_01_CYCLE_FAULT,CYCLE_FAULT,HIGH,Cycle fault,1.00
EVT-00003342,2026-09-15T14:14:22-05:00,FILTER_01_DIFF_PRESSURE,HIGH_DIFF_PRESSURE,MEDIUM,High diff pressure,2.85
EVT-00003343,2026-09-18T10:41:05-05:00,FILLER_01_CYCLE_FAULT,CYCLE_FAULT,HIGH,Cycle fault,1.00
EVT-00003344,2026-09-15T06:14:48-05:00,PUMP_01_MOTOR_FAULT,MOTOR_FAULT,CRITICAL,Motor fault,1.00
EVT-00003345,2026-09-15T15:25:36-05:00,FILTER_01_DIFF_PRESSURE,HIGH_DIFF_PRESSURE,MEDIUM,High diff pressure,2.83
EVT-00003346,2026-09-22T15:27:13-05:00,TANK_IN_01_LEVEL,HIGH_LEVEL,MEDIUM,High level,98.45
EVT-00003347,2026-09-05T13:28:10-05:00,FILLER_01_PRESSURE,LOW_PRESSURE,HIGH,Low pressure,0.66
EVT-00003348,2026-09-05T12:30:09-05:00,FILLER_01_PRESSURE,LOW_PRESSURE,HIGH,Low pressure,1.37
EVT-00003349,2026-09-19T19:29:22-05:00,TANK_IN_01_LEVEL,LOW_LEVEL,HIGH,Low level,9.82
EVT-00003350,2026-09-01T09:31:43-05:00,FILTER_01_DIFF_PRESSURE,HIGH_DIFF_PRESSURE,MEDIUM,High diff pressure,2.56
EVT-00003351,2026-09-09T21:58:04-05:00,FILLER_01_PRESSURE,LOW_PRESSURE,CRITICAL,Low pressure,1.70
EVT-00003352,2026-09-29T14:10:43-05:00,FILLER_01_PRESSURE,LOW_PRESSURE,HIGH,Low pressure,1.44
EVT-00003353,2026-09-30T18:21:43-05:00,PUMP_01_FLOW,LOW_FLOW,HIGH,Low flow,8.14
EVT-00003354,2026-09-13T16:43:30-05:00,COMPRESSOR_01_PRESSURE,LOW_PRESSURE,HIGH,Low pressure,3.13
EVT-00003355,2026-09-09T11:37:51-05:00,COMPRESSOR_01_PRESSURE,LOW_PRESSURE,HIGH,Low pressure,1.97
EVT-00003356,2026-09-17T18:46:35-05:00,TANK_IN_01_LEVEL,LOW_LEVEL,HIGH,Low level,8.03
EVT-00003357,2026-09-04T13:53:27-05:00,CONVEYOR_01_JAM,JAM,MEDIUM,Jam,1.00
EVT-00003358,2026-09-26T20:25:26-05:00,TANK_OUT_01_LEVEL,LOW_LEVEL,HIGH,Low level,8.10
EVT-00003359,2026-09-01T15:04:57-05:00,FILTER_01_DIFF_PRESSURE,HIGH_DIFF_PRESSURE,MEDIUM,High diff pressure,1.97
EVT-00003360,2026-09-05T15:31:27-05:00,FILTER_01_PRESSURE,HIGH_PRESSURE,HIGH,High pressure,7.58
EVT-00003361,2026-09-22T08:57:36-05:00,FILLER_01_PRESSURE,LOW_PRESSURE,HIGH,Low pressure,0.87
EVT-00003362,2026-09-03T20:33:34-05:00,TANK_OUT_01_LEVEL,LOW_LEVEL,HIGH,Low level,7.03
EVT-00003363,2026-09-02T09:57:22-05:00,TANK_IN_01_LEVEL,LOW_LEVEL,HIGH,Low level,6.79
EVT-00003364,2026-09-04T06:58:06-05:00,CONVEYOR_01_JAM,JAM,MEDIUM,Jam,1.00
EVT-00003365,2026-09-22T12:24:45-05:00,FILTER_01_DIFF_PRESSURE,HIGH_DIFF_PRESSURE,MEDIUM,High diff pressure,1.60
EVT-00003366,2026-09-05T12:22:31-05:00,TANK_IN_01_LEVEL,LOW_LEVEL,HIGH,Low level,6.80
EVT-00003367,2026-09-17T18:06:42-05:00,FILLER_01_CYCLE_FAULT,CYCLE_FAULT,HIGH,Cycle fault,1.00
EVT-00003368,2026-09-23T10:55:38-05:00,COMPRESSOR_01_PRESSURE,LOW_PRESSURE,HIGH,Low pressure,1.73
EVT-00003369,2026-09-07T13:51:54-05:00,COMPRESSOR_01_TEMP,HIGH_TEMPERATURE,HIGH,High temperature,119.97
EVT-00003370,2026-09-10T09:59:03-05:00,COMPRESSOR_01_PRESSURE,LOW_PRESSURE,HIGH,Low pressure,1.16
EVT-00003371,2026-09-12T10:31:40-05:00,FILTER_01_PRESSURE,HIGH_PRESSURE,HIGH,High pressure,8.07
EVT-00003372,2026-09-01T10:45:21-05:00,FILTER_01_DIFF_PRESSURE,HIGH_DIFF_PRESSURE,MEDIUM,High diff pressure,2.37
EVT-00003373,2026-09-06T16:15:56-05:00,TANK_OUT_01_LEVEL,HIGH_LEVEL,MEDIUM,High level,95.46
EVT-00003374,2026-09-11T20:38:35-05:00,FILLER_01_PRESSURE,LOW_PRESSURE,HIGH,Low pressure,1.58
EVT-00003375,2026-09-25T09:37:54-05:00,PUMP_01_FLOW,LOW_FLOW,HIGH,Low flow,6.12
EVT-00003376,2026-09-18T09:37:55-05:00,PUMP_01_FLOW,LOW_FLOW,HIGH,Low flow,7.16
EVT-00003377,2026-09-15T16:18:56-05:00,FILTER_01_DIFF_PRESSURE,HIGH_DIFF_PRESSURE,MEDIUM,High diff pressure,2.78
EVT-00003378,2026-09-13T20:14:35-05:00,TANK_OUT_01_LEVEL,LOW_LEVEL,HIGH,Low level,9.94
EVT-00003379,2026-09-17T14:02:40-05:00,TANK_IN_01_LEVEL,HIGH_LEVEL,MEDIUM,High level,98.10
EVT-00003380,2026-09-15T14:31:35-05:00,FILTER_01_DIFF_PRESSURE,HIGH_DIFF_PRESSURE,MEDIUM,High diff pressure,2.50
EVT-00003381,2026-09-22T13:28:06-05:00,FILTER_01_DIFF_PRESSURE,HIGH_DIFF_PRESSURE,MEDIUM,High diff pressure,2.78
EVT-00003382,2026-09-18T06:28:51-05:00,TANK_IN_01_LEVEL,LOW_LEVEL,HIGH,Low level,9.62
EVT-00003383,2026-09-05T17:11:58-05:00,TANK_IN_01_LEVEL,LOW_LEVEL,HIGH,Low level,7.19
EVT-00003384,2026-09-19T15:19:27-05:00,FILLER_01_CYCLE_FAULT,CYCLE_FAULT,HIGH,Cycle fault,1.00
EVT-00003385,2026-09-18T16:17:45-05:00,PUMP_01_FLOW,LOW_FLOW,HIGH,Low flow,18.97
EVT-00003386,2026-09-22T08:17:33-05:00,FILTER_01_DIFF_PRESSURE,HIGH_DIFF_PRESSURE,MEDIUM,High diff pressure,2.63
EVT-00003387,2026-09-15T20:41:59-05:00,FILLER_01_PRESSURE,LOW_PRESSURE,HIGH,Low pressure,1.42
EVT-00003388,2026-09-02T07:32:28-05:00,FILTER_01_PRESSURE,HIGH_PRESSURE,HIGH,High pressure,6.38
EVT-00003389,2026-09-21T07:56:55-05:00,PUMP_01_MOTOR_FAULT,MOTOR_FAULT,CRITICAL,Motor fault,1.00
EVT-00003390,2026-09-27T11:17:23-05:00,TANK_OUT_01_LEVEL,HIGH_LEVEL,MEDIUM,High level,96.79
EVT-00003391,2026-09-11T21:44:03-05:00,FILTER_01_PRESSURE,HIGH_PRESSURE,HIGH,High pressure,6.41
EVT-00003392,2026-09-19T18:16:38-05:00,PUMP_01_FLOW,LOW_FLOW,HIGH,Low flow,11.46
EVT-00003393,2026-09-02T18:46:18-05:00,FILLER_01_CYCLE_FAULT,CYCLE_FAULT,HIGH,Cycle fault,1.00
EVT-00003394,2026-09-18T19:28:44-05:00,TANK_OUT_01_LEVEL,LOW_LEVEL,HIGH,Low level,11.14
EVT-00003395,2026-09-29T18:18:01-05:00,PUMP_01_FLOW,LOW_FLOW,HIGH,Low flow,14.10
EVT-00003396,2026-09-10T17:26:12-05:00,CONVEYOR_01_MOTOR_TEMP,HIGH_TEMPERATURE,LOW,High temperature,77.36
EVT-00003397,2026-09-30T06:07:02-05:00,FILLER_01_PRESSURE,LOW_PRESSURE,HIGH,Low pressure,1.34
EVT-00003398,2026-09-07T08:05:17-05:00,FILLER_01_PRESSURE,LOW_PRESSURE,HIGH,Low pressure,0.27
EVT-00003399,2026-09-20T08:12:12-05:00,TANK_IN_01_LEVEL,LOW_LEVEL,HIGH,Low level,11.64
EVT-00003400,2026-09-07T07:53:09-05:00,TANK_IN_01_LEVEL,HIGH_LEVEL,MEDIUM,High level,95.85
EVT-00003401,2026-09-17T14:04:45-05:00,TANK_IN_01_LEVEL,LOW_LEVEL,HIGH,Low level,16
EVT-00003402,2026-09-04T11:27:35-05:00,TANK_IN_01_LEVEL,LOW_LEVEL,HIGH,Low level,9.28
EVT-00003403,2026-09-06T20:55:57-05:00,FILTER_01_PRESSURE,HIGH_PRESSURE,HIGH,High pressure,7.30
EVT-00003404,2026-09-18T10:44:17-05:00,CONVEYOR_01_JAM,JAM,MEDIUM,Jam,1.00
EVT-00003405,2026-09-20T08:14:33-05:00,CONVEYOR_01_MOTOR_TEMP,HIGH_TEMPERATURE,LOW,High temperature,79.85
EVT-00003406,2026-09-01T09:21:51-05:00,PUMP_01_FLOW,LOW_FLOW,HIGH,Low flow,3.90
EVT-00003407,2026-09-22T10:22:53-05:00,CONVEYOR_01_JAM,JAM,MEDIUM,Jam,1.00
EVT-00003408,2026-09-23T15:57:07-05:00,TANK_OUT_01_LEVEL,LOW_LEVEL,HIGH,Low level,5.10
EVT-00003409,2026-09-10T11:16:09-05:00,FILTER_01_PRESSURE,HIGH_PRESSURE,HIGH,High pressure,6.61
EVT-00003410,2026-09-16T12:41:13-05:00,COMPRESSOR_01_PRESSURE,LOW_PRESSURE,HIGH,Low pressure,4.41
EVT-00003411,2026-09-22T18:42:01-05:00,FILTER_01_DIFF_PRESSURE,HIGH_DIFF_PRESSURE,MEDIUM,High diff pressure,1.87
EVT-00003412,2026-09-27T13:44:01-05:00,FILTER_01_PRESSURE,HIGH_PRESSURE,HIGH,High pressure,6.85
EVT-00003413,2026-09-15T08:11:12-05:00,TANK_IN_01_LEVEL,LOW_LEVEL,HIGH,Low level,12.55
EVT-00003414,2026-09-29T11:30:41-05:00,FILTER_01_DIFF_PRESSURE,HIGH_DIFF_PRESSURE,MEDIUM,High diff pressure,1.68
EVT-00003415,2026-09-29T17:57:49-05:00,FILLER_01_PRESSURE,LOW_PRESSURE,HIGH,Low pressure,1.68
EVT-00003416,2026-09-15T08:32:09-05:00,FILTER_01_DIFF_PRESSURE,HIGH_DIFF_PRESSURE,MEDIUM,High diff pressure,2.79
EVT-00003417,2026-09-15T11:02:27-05:00,COMPRESSOR_01_PRESSURE,LOW_PRESSURE,HIGH,Low pressure,1.04
EVT-00003418,2026-09-12T15:06:49-05:00,COMPRESSOR_01_TEMP,HIGH_TEMPERATURE,HIGH,High temperature,116.61
EVT-00003419,2026-09-29T18:51:23-05:00,PUMP_01_FLOW,LOW_FLOW,HIGH,Low flow,11.75
EVT-00003420,2026-09-01T09:10:35-05:00,FILTER_01_DIFF_PRESSURE,HIGH_DIFF_PRESSURE,MEDIUM,High diff pressure,1.98
EVT-00003421,2026-09-29T12:10:35-05:00,FILTER_01_DIFF_PRESSURE,HIGH_DIFF_PRESSURE,MEDIUM,High diff pressure,2.77
EVT-00003422,2026-09-26T08:32:57-05:00,FILLER_01_PRESSURE,LOW_PRESSURE,HIGH,Low pressure,0.81
EVT-00003423,2026-09-22T11:30:52-05:00,FILLER_01_CYCLE_FAULT,CYCLE_FAULT,HIGH,Cycle fault,1.00
EVT-00003424,2026-09-27T17:44:39-05:00,TANK_IN_01_LEVEL,LOW_LEVEL,HIGH,Low level,10.90
EVT-00003425,2026-09-22T17:01:44-05:00,FILTER_01_DIFF_PRESSURE,HIGH_DIFF_PRESSURE,MEDIUM,High diff pressure,2.06
EVT-00003426,2026-09-30T15:13:45-05:00,TANK_OUT_01_LEVEL,HIGH_LEVEL,MEDIUM,High level,98.94
EVT-00003427,2026-09-09T08:21:21-05:00,FILLER_01_PRESSURE,LOW_PRESSURE,HIGH,Low pressure,1.88
EVT-00003428,2026-09-29T12:20:12-05:00,FILTER_01_DIFF_PRESSURE,HIGH_DIFF_PRESSURE,MEDIUM,High diff pressure,2.63
EVT-00003429,2026-09-01T21:30:38-05:00,TANK_IN_01_LEVEL,LOW_LEVEL,HIGH,Low level,4.25
EVT-00003430,2026-09-22T07:56:01-05:00,PUMP_01_FLOW,LOW_FLOW,HIGH,Low flow,11.22
EVT-00003431,2026-09-16T11:53:31-05:00,COMPRESSOR_01_PRESSURE,LOW_PRESSURE,HIGH,Low pressure,4.89
EVT-00003432,2026-09-25T20:43:09-05:00,PUMP_01_FLOW,LOW_FLOW,HIGH,Low flow,16.00
EVT-00003433,2026-09-04T09:10:03-05:00,CONVEYOR_01_JAM,JAM,MEDIUM,Jam,1.00
EVT-00003434,2026-09-14T07:10:18-05:00,FILLER_01_CYCLE_FAULT,CYCLE_FAULT,HIGH,Cycle fault,1.00
EVT-00003435,2026-09-04T06:40:52-05:00,FILLER_01_PRESSURE,LOW_PRESSURE,HIGH,Low pressure,0.28
EVT-00003436,2026-09-15T17:02:29-05:00,FILTER_01_DIFF_PRESSURE,HIGH_DIFF_PRESSURE,MEDIUM,High diff pressure,1.67
EVT-00003437,2026-09-11T07:57:35-05:00,COMPRESSOR_01_PRESSURE,LOW_PRESSURE,HIGH,Low pressure,4.57
EVT-00003438,2026-09-08T17:36:12-05:00,FILTER_01_DIFF_PRESSURE,HIGH_DIFF_PRESSURE,MEDIUM,High diff pressure,2.11
EVT-00003439,2026-09-16T13:57:52-05:00,PUMP_01_FLOW,LOW_FLOW,HIGH,Low flow,14.90
EVT-00003440,2026-09-08T19:30:37-05:00,FILTER_01_DIFF_PRESSURE,HIGH_DIFF_PRESSURE,MEDIUM,High diff pressure,2.01
EVT-00003441,2026-09-29T20:43:17-05:00,FILTER_01_DIFF_PRESSURE,HIGH_DIFF_PRESSURE,MEDIUM,High diff pressure,2.09
EVT-00003442,2026-09-01T17:27:09-05:00,TANK_IN_01_LEVEL,LOW_LEVEL,HIGH,Low level,2.97
EVT-00003443,2026-09-26T08:33:31-05:00,PUMP_01_FLOW,LOW_FLOW,HIGH,Low flow,1.10
EVT-00003444,2026-09-22T16:20:43-05:00,FILTER_01_DIFF_PRESSURE,HIGH_DIFF_PRESSURE,MEDIUM,High diff pressure,2.99
EVT-00003445,2026-09-11T09:22:24-05:00,CONVEYOR_01_MOTOR_TEMP,HIGH_TEMPERATURE,LOW,High temperature,84.97
EVT-00003446,2026-09-30T19:15:28-05:00,FILLER_01_CYCLE_FAULT,CYCLE_FAULT,HIGH,Cycle fault,1.00
EVT-00003447,2026-09-07T16:22:59-05:00,PUMP_01_FLOW,LOW_FLOW,HIGH,Low flow,17.94
EVT-00003448,2026-09-12T12:29:22-05:00,FILTER_01_PRESSURE,HIGH_PRESSURE,HIGH,High pressure,8.96
EVT-00003449,2026-09-26T07:13:21-05:00,CONVEYOR_01_MOTOR_TEMP,HIGH_TEMPERATURE,LOW,High temperature,79.98
EVT-00003450,2026-09-22T21:54:36-05:00,FILTER_01_DIFF_PRESSURE,HIGH_DIFF_PRESSURE,MEDIUM,High diff pressure,1.78
EVT-00003451,2026-09-05T20:14:34-05:00,TANK_OUT_01_LEVEL,LOW_LEVEL,CRITICAL,Low level,11.59
EVT-00003452,2026-09-01T15:04:43-05:00,FILTER_01_DIFF_PRESSURE,HIGH_DIFF_PRESSURE,MEDIUM,High diff pressure,2.19
EVT-00003453,2026-09-18T12:01:27-05:00,TANK_IN_01_LEVEL,LOW_LEVEL,HIGH,Low level,1.46
EVT-00003454,2026-09-10T21:04:33-05:00,PUMP_01_FLOW,LOW_FLOW,HIGH,Low flow,6.14
EVT-00003455,2026-09-15T07:14:13-05:00,FILTER_01_DIFF_PRESSURE,HIGH_DIFF_PRESSURE,MEDIUM,High diff pressure,2.00
EVT-00003456,2026-09-03T15:43:43-05:00,COMPRESSOR_01_PRESSURE,LOW_PRESSURE,HIGH,Low pressure,3.94
EVT-00003457,2026-09-17T17:07:38-05:00,PUMP_01_FLOW,LOW_FLOW,HIGH,Low flow,11.24
EVT-00003458,2026-09-29T07:01:52-05:00,FILTER_01_DIFF_PRESSURE,HIGH_DIFF_PRESSURE,MEDIUM,High diff pressure,2.99
EVT-00003459,2026-09-04T16:36:32-05:00,FILLER_01_PRESSURE,LOW_PRESSURE,HIGH,Low pressure,1.30
EVT-00003460,2026-09-09T17:53:30-05:00,COMPRESSOR_01_PRESSURE,LOW_PRESSURE,HIGH,Low pressure,1.15
EVT-00003461,2026-09-14T10:44:57-05:00,TANK_IN_01_LEVEL,LOW_LEVEL,HIGH,Low level,5.10
EVT-00003462,2026-09-01T08:32:08-05:00,FILTER_01_DIFF_PRESSURE,HIGH_DIFF_PRESSURE,MEDIUM,High diff pressure,2.12
EVT-00003463,2026-09-24T12:00:01-05:00,TANK_OUT_01_LEVEL,LOW_LEVEL,HIGH,Low level,2.27
EVT-00003464,2026-09-03T20:39:59-05:00,PUMP_01_FLOW,LOW_FLOW,HIGH,Low flow,12.54
EVT-00003465,2026-09-23T21:12:02-05:00,COMPRESSOR_01_PRESSURE,LOW_PRESSURE,HIGH,Low pressure,1.18
EVT-00003466,2026-09-01T13:34:38-05:00,FILTER_01_DIFF_PRESSURE,HIGH_DIFF_PRESSURE,MEDIUM,High diff pressure,1.80
EVT-00003467,2026-09-16T08:21:24-05:00,COMPRESSOR_01_PRESSURE,LOW_PRESSURE,HIGH,Low pressure,2.38
EVT-00003468,2026-09-04T06:38:53-05:00,FILLER_01_PRESSURE,LOW_PRESSURE,HIGH,Low pressure,1.37
EVT-00003469,2026-09-21T12:22:34-05:00,TANK_OUT_01_LEVEL,LOW_LEVEL,HIGH,Low level,9.83
EVT-00003470,2026-09-26T21:28:14-05:00,FILTER_01_PRESSURE,HIGH_PRESSURE,HIGH,High pressure,7.26
EVT-00003471,2026-09-02T06:28:47-05:00,TANK_IN_01_LEVEL,LOW_LEVEL,HIGH,Low level,5.01
EVT-00003472,2026-09-28T12:54:23-05:00,TANK_OUT_01_LEVEL,LOW_LEVEL,HIGH,Low level,1.37
EVT-00003473,2026-09-02T13:02:50-05:00,TANK_OUT_01_LEVEL,LOW_LEVEL,HIGH,Low level,8.72
EVT-00003474,2026-09-14T18:46:02-05:00,FILLER_01_PRESSURE,LOW_PRESSURE,HIGH,Low pressure,1.19
EVT-00003475,2026-09-04T13:58:21-05:00,TANK_OUT_01_LEVEL,LOW_LEVEL,HIGH,Low level,3.41
EVT-00003476,2026-09-29T12:41:38-05:00,COMPRESSOR_01_PRESSURE,LOW_PRESSURE,HIGH,Low pressure,2.80
EVT-00003477,2026-09-14T07:03:16-05:00,PUMP_01_FLOW,LOW_FLOW,HIGH,Low flow,5.87
EVT-00003478,2026-09-19T06:10:58-05:00,PUMP_01_FLOW,LOW_FLOW,HIGH,Low flow,5.65
EVT-00003479,2026-09-29T16:20:27-05:00,FILTER_01_DIFF_PRESSURE,HIGH_DIFF_PRESSURE,MEDIUM,High diff pressure,1.71
EVT-00003480,2026-09-01T21:53:49-05:00,COMPRESSOR_01_TEMP,HIGH_TEMPERATURE,HIGH,High temperature,106.23
EVT-00003481,2026-09-03T07:01:52-05:00,CONVEYOR_01_JAM,JAM,MEDIUM,Jam,1.00
EVT-00003482,2026-09-15T06:47:45-05:00,FILTER_01_DIFF_PRESSURE,HIGH_DIFF_PRESSURE,MEDIUM,High diff pressure,2.40
EVT-00003483,2026-09-08T11:19:23-05:00,FILTER_01_DIFF_PRESSURE,HIGH_DIFF_PRESSURE,MEDIUM,High diff pressure,1.93
EVT-00003484,2026-09-16T17:58:15-05:00,FILLER_01_PRESSURE,LOW_PRESSURE,HIGH,Low pressure,0.41
EVT-00003485,2026-09-03T10:33:17-05:00,FILLER_01_PRESSURE,LOW_PRESSURE,HIGH,Low pressure,1.49
EVT-00003486,2026-09-23T19:23:03-05:00,PUMP_01_FLOW,LOW_FLOW,HIGH,Low flow,17.65
EVT-00003487,2026-09-08T14:04:27-05:00,FILTER_01_DIFF_PRESSURE,HIGH_DIFF_PRESSURE,MEDIUM,High diff pressure,2.37
EVT-00003488,2026-09-25T16:02:16-05:00,COMPRESSOR_01_PRESSURE,LOW_PRESSURE,HIGH,Low pressure,2.49
EVT-00003489,2026-09-08T15:35:27-05:00,CONVEYOR_01_MOTOR_TEMP,HIGH_TEMPERATURE,LOW,High temperature,89.28
EVT-00003490,2026-09-23T15:51:22-05:00,PUMP_01_MOTOR_FAULT,MOTOR_FAULT,CRITICAL,Motor fault,1.00
EVT-00003491,2026-09-29T13:28:44-05:00,TANK_IN_01_LEVEL,LOW_LEVEL,HIGH,Low level,13.73
EVT-00003492,2026-09-03T09:42:20-05:00,TANK_OUT_01_LEVEL,LOW_LEVEL,HIGH,Low level,3.80
EVT-00003493,2026-09-17T10:11:48-05:00,CONVEYOR_01_JAM,JAM,MEDIUM,Jam,1.00
EVT-00003494,2026-09-07T08:14:04-05:00,FILLER_01_CYCLE_FAULT,CYCLE_FAULT,HIGH,Cycle fault,1.00
EVT-00003495,2026-09-26T08:35:03-05:00,FILLER_01_PRESSURE,LOW_PRESSURE,HIGH,Low pressure,0.19
EVT-00003496,2026-09-23T14:00:54-05:00,COMPRESSOR_01_TEMP,HIGH_TEMPERATURE,HIGH,High temperature,114.58
EVT-00003497,2026-09-01T15:04:56-05:00,COMPRESSOR_01_PRESSURE,LOW_PRESSURE,HIGH,Low pressure,1.17
EVT-00003498,2026-09-19T12:59:37-05:00,PUMP_01_MOTOR_FAULT,MOTOR_FAULT,CRITICAL,Motor fault,1.00
EVT-00003499,2026-09-03T07:05:13-05:00,CONVEYOR_01_JAM,JAM,MEDIUM,Jam,1.00
EVT-00003500,2026-09-13T15:01:03-05:00,CONVEYOR_01_MOTOR_TEMP,HIGH_TEMPERATURE,LOW,High temperature,71.38
EVT-00003501,2026-09-13T14:04:59-05:00,CONVEYOR_01_MOTOR_TEMP,HIGH_TEMPERATURE,LOW,High temperature,69
EVT-00003502,2026-09-13T09:21:26-05:00,PUMP_01_FLOW,LOW_FLOW,HIGH,Low flow,14.51
EVT-00003503,2026-09-01T18:01:20-05:00,FILTER_01_DIFF_PRESSURE,HIGH_DIFF_PRESSURE,MEDIUM,High diff pressure,2.38
EVT-00003504,2026-09-25T12:19:53-05:00,TANK_IN_01_LEVEL,LOW_LEVEL,HIGH,Low level,1.53
EVT-00003505,2026-09-25T12:07:14-05:00,COMPRESSOR_01_PRESSURE,LOW_PRESSURE,HIGH,Low pressure,2.34
EVT-00003506,2026-09-19T09:56:31-05:00,CONVEYOR_01_JAM,JAM,MEDIUM,Jam,1.00
EVT-00003507,2026-09-29T13:54:07-05:00,FILTER_01_DIFF_PRESSURE,HIGH_DIFF_PRESSURE,MEDIUM,High diff pressure,2.69
EVT-00003508,2026-09-30T19:23:16-05:00,FILLER_01_CYCLE_FAULT,CYCLE_FAULT,HIGH,Cycle fault,1.00
EVT-00003509,2026-09-18T13:03:55-05:00,CONVEYOR_01_JAM,JAM,MEDIUM,Jam,1.00
EVT-00003510,2026-09-18T14:26:16-05:00,CONVEYOR_01_MOTOR_TEMP,HIGH_TEMPERATURE,LOW,High temperature,79.68
EVT-00003511,2026-09-19T19:59:57-05:00,TANK_OUT_01_LEVEL,LOW_LEVEL,HIGH,Low level,11.62
EVT-00003512,2026-09-13T14:30:27-05:00,PUMP_01_MOTOR_FAULT,MOTOR_FAULT,CRITICAL,Motor fault,1.00
EVT-00003513,2026-09-01T11:06:35-05:00,PUMP_01_FLOW,LOW_FLOW,HIGH,Low flow,17.37
EVT-00003514,2026-09-09T07:33:25-05:00,FILLER_01_PRESSURE,LOW_PRESSURE,HIGH,Low pressure,0.73
EVT-00003515,2026-09-10T12:08:40-05:00,FILLER_01_CYCLE_FAULT,CYCLE_FAULT,HIGH,Cycle fault,1.00
EVT-00003516,2026-09-09T12:35:04-05:00,TANK_IN_01_LEVEL,LOW_LEVEL,HIGH,Low level,6.50
EVT-00003517,2026-09-26T17:53:17-05:00,FILLER_01_PRESSURE,LOW_PRESSURE,HIGH,Low pressure,1.65
EVT-00003518,2026-09-10T16:20:53-05:00,TANK_IN_01_LEVEL,LOW_LEVEL,HIGH,Low level,7.57
EVT-00003519,2026-09-28T09:15:16-05:00,CONVEYOR_01_JAM,JAM,MEDIUM,Jam,1.00
EVT-00003520,2026-09-15T06:09:41-05:00,FILTER_01_PRESSURE,HIGH_PRESSURE,HIGH,High pressure,8.48
EVT-00003521,2026-09-12T14:44:30-05:00,TANK_IN_01_LEVEL,LOW_LEVEL,HIGH,Low level,12.39
EVT-00003522,2026-09-02T16:33:02-05:00,PUMP_01_FLOW,LOW_FLOW,HIGH,Low flow,2.62
EVT-00003523,2026-09-29T16:02:19-05:00,FILTER_01_DIFF_PRESSURE,HIGH_DIFF_PRESSURE,MEDIUM,High diff pressure,2.40
EVT-00003524,2026-09-15T09:16:23-05:00,COMPRESSOR_01_PRESSURE,LOW_PRESSURE,HIGH,Low pressure,2.32
EVT-00003525,2026-09-09T10:43:29-05:00,FILLER_01_CYCLE_FAULT,CYCLE_FAULT,HIGH,Cycle fault,1.00
EVT-00003526,2026-09-21T09:10:35-05:00,PUMP_01_FLOW,LOW_FLOW,HIGH,Low flow,4.00
EVT-00003527,2026-09-21T06:54:09-05:00,CONVEYOR_01_MOTOR_TEMP,HIGH_TEMPERATURE,LOW,High temperature,75.76
EVT-00003528,2026-09-02T09:21:15-05:00,TANK_IN_01_LEVEL,HIGH_LEVEL,MEDIUM,High level,98.00
EVT-00003529,2026-09-15T16:33:23-05:00,TANK_OUT_01_LEVEL,LOW_LEVEL,HIGH,Low level,7.49
EVT-00003530,2026-09-23T10:08:59-05:00,TANK_IN_01_LEVEL,LOW_LEVEL,HIGH,Low level,2.24
EVT-00003531,2026-09-09T10:41:11-05:00,COMPRESSOR_01_PRESSURE,LOW_PRESSURE,HIGH,Low pressure,1.08
EVT-00003532,2026-09-28T21:27:46-05:00,FILLER_01_PRESSURE,LOW_PRESSURE,HIGH,Low pressure,1.00
EVT-00003533,2026-09-02T16:55:59-05:00,TANK_OUT_01_LEVEL,LOW_LEVEL,HIGH,Low level,5.80
EVT-00003534,2026-09-01T15:13:42-05:00,FILTER_01_DIFF_PRESSURE,HIGH_DIFF_PRESSURE,MEDIUM,High diff pressure,2.73
EVT-00003535,2026-09-03T10:18:50-05:00,TANK_IN_01_LEVEL,HIGH_LEVEL,MEDIUM,High level,93.08
EVT-00003536,2026-09-15T21:05:38-05:00,FILTER_01_DIFF_PRESSURE,HIGH_DIFF_PRESSURE,MEDIUM,High diff pressure,2.66
EVT-00003537,2026-09-14T21:56:39-05:00,TANK_IN_01_LEVEL,LOW_LEVEL,HIGH,Low level,6.79
EVT-00003538,2026-09-11T17:02:58-05:00,PUMP_01_FLOW,LOW_FLOW,HIGH,Low flow,17.14
EVT-00003539,2026-09-22T17:52:08-05:00,FILTER_01_DIFF_PRESSURE,HIGH_DIFF_PRESSURE,MEDIUM,High diff pressure,2.55
EVT-00003540,2026-09-10T17:19:17-05:00,FILTER_01_PRESSURE,HIGH_PRESSURE,HIGH,High pressure,6.25
EVT-00003541,2026-09-02T11:17:42-05:00,PUMP_01_FLOW,LOW_FLOW,HIGH,Low flow,4.07
EVT-00003542,2026-09-01T07:56:02-05:00,COMPRESSOR_01_PRESSURE,LOW_PRESSURE,HIGH,Low pressure,4.11
EVT-00003543,2026-09-11T15:17:55-05:00,PUMP_01_FLOW,LOW_FLOW,HIGH,Low flow,15.65
EVT-00003544,2026-09-17T20:15:45-05:00,FILLER_01_CYCLE_FAULT,CYCLE_FAULT,HIGH,Cycle fault,1.00
EVT-00003545,2026-09-13T21:07:22-05:00,COMPRESSOR_01_PRESSURE,LOW_PRESSURE,HIGH,Low pressure,3.98
EVT-00003546,2026-09-24T08:43:55-05:00,TANK_IN_01_LEVEL,LOW_LEVEL,HIGH,Low level,8.80
EVT-00003547,2026-09-21T07:25:40-05:00,FILLER_01_CYCLE_FAULT,CYCLE_FAULT,HIGH,Cycle fault,1.00
EVT-00003548,2026-09-08T16:17:34-05:00,COMPRESSOR_01_PRESSURE,LOW_PRESSURE,HIGH,Low pressure,3.57
EVT-00003549,2026-09-21T15:58:48-05:00,COMPRESSOR_01_TEMP,HIGH_TEMPERATURE,HIGH,High temperature,113.12
EVT-00003550,2026-09-04T21:25:47-05:00,TANK_OUT_01_LEVEL,LOW_LEVEL,HIGH,Low level,11.80
EVT-00003551,2026-09-20T14:35:54-05:00,CONVEYOR_01_JAM,JAM,HIGH,Jam,1.00
EVT-00003552,2026-09-08T21:13:08-05:00,FILTER_01_DIFF_PRESSURE,HIGH_DIFF_PRESSURE,MEDIUM,High diff pressure,2.35
EVT-00003553,2026-09-11T10:25:30-05:00,COMPRESSOR_01_PRESSURE,LOW_PRESSURE,HIGH,Low pressure,2.85
EVT-00003554,2026-09-11T19:37:13-05:00,PUMP_01_FLOW,LOW_FLOW,HIGH,Low flow,3.36
EVT-00003555,2026-09-15T19:20:24-05:00,FILLER_01_PRESSURE,LOW_PRESSURE,HIGH,Low pressure,1.14
EVT-00003556,2026-09-15T16:12:10-05:00,FILTER_01_DIFF_PRESSURE,HIGH_DIFF_PRESSURE,MEDIUM,High diff pressure,2.89
EVT-00003557,2026-09-12T17:53:36-05:00,TANK_IN_01_LEVEL,LOW_LEVEL,HIGH,Low level,10.91
EVT-00003558,2026-09-15T20:18:51-05:00,TANK_OUT_01_LEVEL,HIGH_LEVEL,MEDIUM,High level,95.28
EVT-00003559,2026-09-27T21:03:04-05:00,PUMP_01_FLOW,LOW_FLOW,HIGH,Low flow,3.56
EVT-00003560,2026-09-08T20:08:05-05:00,COMPRESSOR_01_PRESSURE,LOW_PRESSURE,HIGH,Low pressure,3.08
EVT-00003561,2026-09-22T08:30:53-05:00,FILLER_01_PRESSURE,LOW_PRESSURE,HIGH,Low pressure,1.65
EVT-00003562,2026-09-10T12:13:05-05:00,PUMP_01_MOTOR_FAULT,MOTOR_FAULT,CRITICAL,Motor fault,1.00
EVT-00003563,2026-09-14T13:39:52-05:00,TANK_IN_01_LEVEL,HIGH_LEVEL,MEDIUM,High level,96.17
EVT-00003564,2026-09-19T14:59:47-05:00,COMPRESSOR_01_TEMP,HIGH_TEMPERATURE,HIGH,High temperature,104.11
EVT-00003565,2026-09-29T14:15:57-05:00,COMPRESSOR_01_PRESSURE,LOW_PRESSURE,HIGH,Low pressure,1.07
EVT-00003566,2026-09-14T10:47:40-05:00,PUMP_01_FLOW,LOW_FLOW,HIGH,Low flow,16.67
EVT-00003567,2026-09-30T14:33:12-05:00,TANK_OUT_01_LEVEL,LOW_LEVEL,HIGH,Low level,3.06
EVT-00003568,2026-09-02T21:10:47-05:00,PUMP_01_FLOW,LOW_FLOW,HIGH,Low flow,9.83
EVT-00003569,2026-09-06T07:19:45-05:00,TANK_IN_01_LEVEL,LOW_LEVEL,HIGH,Low level,3.71
EVT-00003570,2026-09-17T13:03:55-05:00,TANK_OUT_01_LEVEL,LOW_LEVEL,HIGH,Low level,9.64
EVT-00003571,2026-09-22T18:41:13-05:00,FILTER_01_DIFF_PRESSURE,HIGH_DIFF_PRESSURE,MEDIUM,High diff pressure,2.21
EVT-00003572,2026-09-04T12:07:53-05:00,FILLER_01_PRESSURE,LOW_PRESSURE,HIGH,Low pressure,0.96
EVT-00003573,2026-09-20T07:57:42-05:00,TANK_OUT_01_LEVEL,HIGH_LEVEL,MEDIUM,High level,98.39
EVT-00003574,2026-09-24T12:27:42-05:00,TANK_IN_01_LEVEL,LOW_LEVEL,HIGH,Low level,10.19
EVT-00003575,2026-09-21T14:11:15-05:00,COMPRESSOR_01_PRESSURE,LOW_PRESSURE,HIGH,Low pressure,4.79
EVT-00003576,2026-09-10T19:47:34-05:00,CONVEYOR_01_JAM,JAM,MEDIUM,Jam,1.00
EVT-00003577,2026-09-24T09:20:22-05:00,FILLER_01_PRESSURE,LOW_PRESSURE,HIGH,Low pressure,1.60
EVT-00003578,2026-09-30T15:16:22-05:00,COMPRESSOR_01_PRESSURE,LOW_PRESSURE,HIGH,Low pressure,1.42
EVT-00003579,2026-09-01T16:48:19-05:00,PUMP_01_FLOW,LOW_FLOW,HIGH,Low flow,13.14
EVT-00003580,2026-09-22T12:54:22-05:00,FILTER_01_DIFF_PRESSURE,HIGH_DIFF_PRESSURE,MEDIUM,High diff pressure,2.42
EVT-00003581,2026-09-29T19:09:11-05:00,FILTER_01_DIFF_PRESSURE,HIGH_DIFF_PRESSURE,MEDIUM,High diff pressure,2.31
EVT-00003582,2026-09-04T10:13:41-05:00,COMPRESSOR_01_PRESSURE,LOW_PRESSURE,HIGH,Low pressure,2.52
EVT-00003583,2026-09-02T16:16:10-05:00,TANK_OUT_01_LEVEL,LOW_LEVEL,HIGH,Low level,11.60
EVT-00003584,2026-09-19T15:15:07-05:00,COMPRESSOR_01_PRESSURE,LOW_PRESSURE,HIGH,Low pressure,3.18
EVT-00003585,2026-09-22T11:47:58-05:00,FILTER_01_DIFF_PRESSURE,HIGH_DIFF_PRESSURE,MEDIUM,High diff pressure,2.05
EVT-00003586,2026-09-02T20:49:05-05:00,COMPRESSOR_01_PRESSURE,LOW_PRESSURE,HIGH,Low pressure,4.76
EVT-00003587,2026-09-24T09:50:07-05:00,COMPRESSOR_01_PRESSURE,LOW_PRESSURE,HIGH,Low pressure,3.20
EVT-00003588,2026-09-19T17:12:15-05:00,TANK_OUT_01_LEVEL,LOW_LEVEL,HIGH,Low level,7.43
EVT-00003589,2026-09-10T09:00:52-05:00,TANK_IN_01_LEVEL,HIGH_LEVEL,MEDIUM,High level,92.21
EVT-00003590,2026-09-22T13:59:24-05:00,FILTER_01_DIFF_PRESSURE,HIGH_DIFF_PRESSURE,MEDIUM,High diff pressure,2.17
EVT-00003591,2026-09-10T10:43:21-05:00,COMPRESSOR_01_PRESSURE,LOW_PRESSURE,HIGH,Low pressure,4.10
EVT-00003592,2026-09-30T10:13:03-05:00,FILLER_01_CYCLE_FAULT,CYCLE_FAULT,HIGH,Cycle fault,1.00
EVT-00003593,2026-09-07T16:03:06-05:00,PUMP_01_FLOW,LOW_FLOW,HIGH,Low flow,18.17
EVT-00003594,2026-09-06T06:29:52-05:00,TANK_OUT_01_LEVEL,LOW_LEVEL,HIGH,Low level,13.25
EVT-00003595,2026-09-29T15:49:38-05:00,COMPRESSOR_01_PRESSURE,LOW_PRESSURE,HIGH,Low pressure,3.75
EVT-00003596,2026-09-01T14:53:25-05:00,CONVEYOR_01_JAM,JAM,MEDIUM,Jam,1.00
EVT-00003597,2026-09-15T16:23:51-05:00,FILTER_01_DIFF_PRESSURE,HIGH_DIFF_PRESSURE,MEDIUM,High diff pressure,2.69
EVT-00003598,2026-09-17T08:17:49-05:00,FILLER_01_CYCLE_FAULT,CYCLE_FAULT,HIGH,Cycle fault,1.00
EVT-00003599,2026-09-01T19:02:20-05:00,FILTER_01_DIFF_PRESSURE,HIGH_DIFF_PRESSURE,MEDIUM,High diff pressure,1.90
EVT-00003600,2026-09-22T14:58:45-05:00,FILTER_01_DIFF_PRESSURE,HIGH_DIFF_PRESSURE,MEDIUM,High diff pressure,2.27
EVT-00003601,2026-09-05T11:04:08-05:00,TANK_IN_01_LEVEL,LOW_LEVEL,HIGH,Low level,16
EVT-00003602,2026-09-26T07:26:21-05:00,COMPRESSOR_01_PRESSURE,LOW_PRESSURE,HIGH,Low pressure,4.81
EVT-00003603,2026-09-24T07:21:12-05:00,CONVEYOR_01_JAM,JAM,MEDIUM,Jam,1.00
EVT-00003604,2026-09-11T11:01:35-05:00,PUMP_01_FLOW,LOW_FLOW,HIGH,Low flow,10.28
EVT-00003605,2026-09-17T18:14:05-05:00,FILLER_01_PRESSURE,LOW_PRESSURE,HIGH,Low pressure,0.28
EVT-00003606,2026-09-11T06:41:53-05:00,FILLER_01_PRESSURE,LOW_PRESSURE,HIGH,Low pressure,1.20
EVT-00003607,2026-09-23T20:27:28-05:00,TANK_IN_01_LEVEL,HIGH_LEVEL,MEDIUM,High level,96.33
EVT-00003608,2026-09-29T18:02:07-05:00,FILTER_01_DIFF_PRESSURE,HIGH_DIFF_PRESSURE,MEDIUM,High diff pressure,1.69
EVT-00003609,2026-09-21T06:08:42-05:00,COMPRESSOR_01_PRESSURE,LOW_PRESSURE,HIGH,Low pressure,2.25
EVT-00003610,2026-09-13T21:52:34-05:00,PUMP_01_FLOW,LOW_FLOW,HIGH,Low flow,5.50
EVT-00003611,2026-09-09T14:33:29-05:00,FILLER_01_PRESSURE,LOW_PRESSURE,HIGH,Low pressure,0.48
EVT-00003612,2026-09-06T19:21:14-05:00,FILTER_01_PRESSURE,HIGH_PRESSURE,HIGH,High pressure,8.64
EVT-00003613,2026-09-08T17:33:20-05:00,FILTER_01_DIFF_PRESSURE,HIGH_DIFF_PRESSURE,MEDIUM,High diff pressure,1.82
EVT-00003614,2026-09-28T19:10:01-05:00,COMPRESSOR_01_PRESSURE,LOW_PRESSURE,HIGH,Low pressure,4.83
EVT-00003615,2026-09-14T07:13:28-05:00,PUMP_01_FLOW,LOW_FLOW,HIGH,Low flow,11.04
EVT-00003616,2026-09-07T18:55:29-05:00,TANK_OUT_01_LEVEL,LOW_LEVEL,HIGH,Low level,4.64
EVT-00003617,2026-09-23T10:47:20-05:00,TANK_IN_01_LEVEL,LOW_LEVEL,HIGH,Low level,13.56
EVT-00003618,2026-09-29T10:16:22-05:00,FILTER_01_DIFF_PRESSURE,HIGH_DIFF_PRESSURE,MEDIUM,High diff pressure,2.49
EVT-00003619,2026-09-22T09:16:40-05:00,FILTER_01_PRESSURE,HIGH_PRESSURE,HIGH,High pressure,7.63
EVT-00003620,2026-09-29T11:19:04-05:00,CONVEYOR_01_JAM,JAM,MEDIUM,Jam,1.00
EVT-00003621,2026-09-21T13:08:23-05:00,TANK_OUT_01_LEVEL,LOW_LEVEL,HIGH,Low level,13.24
EVT-00003622,2026-09-22T11:22:40-05:00,FILTER_01_DIFF_PRESSURE,HIGH_DIFF_PRESSURE,MEDIUM,High diff pressure,1.84
EVT-00003623,2026-09-29T19:44:37-05:00,PUMP_01_FLOW,LOW_FLOW,HIGH,Low flow,16.64
EVT-00003624,2026-09-22T11:55:25-05:00,FILTER_01_DIFF_PRESSURE,HIGH_DIFF_PRESSURE,MEDIUM,High diff pressure,2.23
EVT-00003625,2026-09-04T09:12:27-05:00,FILLER_01_PRESSURE,LOW_PRESSURE,HIGH,Low pressure,1.28
EVT-00003626,2026-09-22T08:04:00-05:00,COMPRESSOR_01_PRESSURE,LOW_PRESSURE,HIGH,Low pressure,2.77
EVT-00003627,2026-09-23T08:19:52-05:00,FILLER_01_PRESSURE,LOW_PRESSURE,HIGH,Low pressure,1.33
EVT-00003628,2026-09-28T14:54:18-05:00,CONVEYOR_01_JAM,JAM,MEDIUM,Jam,1.00
EVT-00003629,2026-09-01T11:17:46-05:00,FILLER_01_PRESSURE,LOW_PRESSURE,HIGH,Low pressure,0.78
EVT-00003630,2026-09-29T21:29:30-05:00,TANK_OUT_01_LEVEL,LOW_LEVEL,HIGH,Low level,9.37
EVT-00003631,2026-09-25T11:53:00-05:00,TANK_IN_01_LEVEL,LOW_LEVEL,HIGH,Low level,6.35
EVT-00003632,2026-09-14T13:07:29-05:00,FILLER_01_PRESSURE,LOW_PRESSURE,HIGH,Low pressure,1.23
EVT-00003633,2026-09-15T06:59:40-05:00,FILTER_01_DIFF_PRESSURE,HIGH_DIFF_PRESSURE,MEDIUM,High diff pressure,2.28
EVT-00003634,2026-09-08T12:11:11-05:00,TANK_OUT_01_LEVEL,LOW_LEVEL,HIGH,Low level,1.93
EVT-00003635,2026-09-22T10:01:43-05:00,FILTER_01_DIFF_PRESSURE,HIGH_DIFF_PRESSURE,MEDIUM,High diff pressure,2.02
EVT-00003636,2026-09-25T17:22:58-05:00,TANK_OUT_01_LEVEL,LOW_LEVEL,HIGH,Low level,3.25
EVT-00003637,2026-09-20T17:07:06-05:00,COMPRESSOR_01_PRESSURE,LOW_PRESSURE,HIGH,Low pressure,2.68
EVT-00003638,2026-09-18T06:21:45-05:00,PUMP_01_FLOW,LOW_FLOW,HIGH,Low flow,15.79
EVT-00003639,2026-09-13T07:38:34-05:00,TANK_IN_01_LEVEL,LOW_LEVEL,HIGH,Low level,7.82
EVT-00003640,2026-09-25T19:56:41-05:00,COMPRESSOR_01_PRESSURE,LOW_PRESSURE,HIGH,Low pressure,3.83
EVT-00003641,2026-09-02T15:26:30-05:00,TANK_IN_01_LEVEL,LOW_LEVEL,HIGH,Low level,5.31
EVT-00003642,2026-09-08T08:51:28-05:00,FILTER_01_DIFF_PRESSURE,HIGH_DIFF_PRESSURE,MEDIUM,High diff pressure,2.97
EVT-00003643,2026-09-08T11:16:57-05:00,FILTER_01_DIFF_PRESSURE,HIGH_DIFF_PRESSURE,MEDIUM,High diff pressure,2.01
EVT-00003644,2026-09-11T13:31:32-05:00,COMPRESSOR_01_PRESSURE,LOW_PRESSURE,HIGH,Low pressure,2.10
EVT-00003645,2026-09-08T06:14:53-05:00,TANK_OUT_01_LEVEL,LOW_LEVEL,HIGH,Low level,1.73
EVT-00003646,2026-09-25T15:35:08-05:00,CONVEYOR_01_JAM,JAM,MEDIUM,Jam,1.00
EVT-00003647,2026-09-26T14:49:38-05:00,TANK_OUT_01_LEVEL,LOW_LEVEL,HIGH,Low level,1.86
EVT-00003648,2026-09-10T06:26:28-05:00,PUMP_01_FLOW,LOW_FLOW,HIGH,Low flow,5.71
EVT-00003649,2026-09-23T10:30:07-05:00,FILLER_01_PRESSURE,LOW_PRESSURE,HIGH,Low pressure,0.18
EVT-00003650,2026-09-04T20:48:00-05:00,PUMP_01_MOTOR_FAULT,MOTOR_FAULT,CRITICAL,Motor fault,1.00
EVT-00003651,2026-09-05T20:53:47-05:00,FILLER_01_PRESSURE,LOW_PRESSURE,CRITICAL,Low pressure,0.79
EVT-00003652,2026-09-03T07:20:42-05:00,CONVEYOR_01_MOTOR_TEMP,HIGH_TEMPERATURE,LOW,High temperature,81.33
EVT-00003653,2026-09-25T19:20:14-05:00,FILLER_01_PRESSURE,LOW_PRESSURE,HIGH,Low pressure,1.16
EVT-00003654,2026-09-24T21:06:51-05:00,TANK_IN_01_LEVEL,LOW_LEVEL,HIGH,Low level,12.09
EVT-00003655,2026-09-05T07:44:22-05:00,TANK_OUT_01_LEVEL,HIGH_LEVEL,MEDIUM,High level,98.53
EVT-00003656,2026-09-13T09:32:12-05:00,TANK_OUT_01_LEVEL,HIGH_LEVEL,MEDIUM,High level,97.20
EVT-00003657,2026-09-26T11:53:35-05:00,CONVEYOR_01_MOTOR_TEMP,HIGH_TEMPERATURE,LOW,High temperature,79.70
EVT-00003658,2026-09-01T11:30:01-05:00,TANK_OUT_01_LEVEL,LOW_LEVEL,HIGH,Low level,6.61
EVT-00003659,2026-09-04T10:48:39-05:00,FILTER_01_PRESSURE,HIGH_PRESSURE,HIGH,High pressure,8.51
EVT-00003660,2026-09-22T07:41:38-05:00,FILTER_01_DIFF_PRESSURE,HIGH_DIFF_PRESSURE,MEDIUM,High diff pressure,2.16
EVT-00003661,2026-09-18T11:04:15-05:00,COMPRESSOR_01_PRESSURE,LOW_PRESSURE,HIGH,Low pressure,3.47
EVT-00003662,2026-09-29T15:13:20-05:00,FILTER_01_DIFF_PRESSURE,HIGH_DIFF_PRESSURE,MEDIUM,High diff pressure,2.22
EVT-00003663,2026-09-22T19:14:41-05:00,FILTER_01_DIFF_PRESSURE,HIGH_DIFF_PRESSURE,MEDIUM,High diff pressure,2.60
EVT-00003664,2026-09-25T15:57:00-05:00,COMPRESSOR_01_PRESSURE,LOW_PRESSURE,HIGH,Low pressure,4.65
EVT-00003665,2026-09-08T16:31:11-05:00,TANK_IN_01_LEVEL,HIGH_LEVEL,MEDIUM,High level,91.25
EVT-00003666,2026-09-08T14:08:20-05:00,FILTER_01_DIFF_PRESSURE,HIGH_DIFF_PRESSURE,MEDIUM,High diff pressure,2.54
EVT-00003667,2026-09-04T17:42:07-05:00,FILTER_01_PRESSURE,HIGH_PRESSURE,HIGH,High pressure,7.69
EVT-00003668,2026-09-01T07:44:11-05:00,FILTER_01_DIFF_PRESSURE,HIGH_DIFF_PRESSURE,MEDIUM,High diff pressure,2.03
EVT-00003669,2026-09-16T16:48:09-05:00,PUMP_01_FLOW,LOW_FLOW,HIGH,Low flow,6.11
EVT-00003670,2026-09-13T17:13:22-05:00,TANK_IN_01_LEVEL,LOW_LEVEL,HIGH,Low level,10.69
EVT-00003671,2026-09-27T16:18:55-05:00,TANK_OUT_01_LEVEL,LOW_LEVEL,HIGH,Low level,5.76
EVT-00003672,2026-09-16T10:35:16-05:00,TANK_IN_01_LEVEL,LOW_LEVEL,HIGH,Low level,9.43
EVT-00003673,2026-09-15T21:11:18-05:00,FILTER_01_DIFF_PRESSURE,HIGH_DIFF_PRESSURE,MEDIUM,High diff pressure,1.98
EVT-00003674,2026-09-23T16:17:28-05:00,TANK_IN_01_LEVEL,LOW_LEVEL,HIGH,Low level,13.26
EVT-00003675,2026-09-01T10:52:53-05:00,FILTER_01_DIFF_PRESSURE,HIGH_DIFF_PRESSURE,MEDIUM,High diff pressure,2.13
EVT-00003676,2026-09-26T14:53:49-05:00,FILLER_01_CYCLE_FAULT,CYCLE_FAULT,HIGH,Cycle fault,1.00
EVT-00003677,2026-09-08T11:51:31-05:00,FILTER_01_DIFF_PRESSURE,HIGH_DIFF_PRESSURE,MEDIUM,High diff pressure,2.78
EVT-00003678,2026-09-17T16:05:59-05:00,FILLER_01_PRESSURE,LOW_PRESSURE,HIGH,Low pressure,0.30
EVT-00003679,2026-09-14T18:43:46-05:00,COMPRESSOR_01_PRESSURE,LOW_PRESSURE,HIGH,Low pressure,1.39
EVT-00003680,2026-09-01T08:57:02-05:00,FILTER_01_DIFF_PRESSURE,HIGH_DIFF_PRESSURE,MEDIUM,High diff pressure,2.93
EVT-00003681,2026-09-06T09:35:34-05:00,FILLER_01_CYCLE_FAULT,CYCLE_FAULT,HIGH,Cycle fault,1.00
EVT-00003682,2026-09-04T06:42:39-05:00,CONVEYOR_01_MOTOR_TEMP,HIGH_TEMPERATURE,LOW,High temperature,89.13
EVT-00003683,2026-09-08T17:23:56-05:00,FILTER_01_DIFF_PRESSURE,HIGH_DIFF_PRESSURE,MEDIUM,High diff pressure,2.94
EVT-00003684,2026-09-24T21:54:52-05:00,TANK_OUT_01_LEVEL,LOW_LEVEL,HIGH,Low level,12.20
EVT-00003685,2026-09-01T11:24:07-05:00,FILTER_01_DIFF_PRESSURE,HIGH_DIFF_PRESSURE,MEDIUM,High diff pressure,1.90
EVT-00003686,2026-09-15T19:06:22-05:00,FILTER_01_DIFF_PRESSURE,HIGH_DIFF_PRESSURE,MEDIUM,High diff pressure,2.29
EVT-00003687,2026-09-20T12:45:55-05:00,TANK_OUT_01_LEVEL,LOW_LEVEL,HIGH,Low level,12.54
EVT-00003688,2026-09-05T11:16:58-05:00,FILLER_01_PRESSURE,LOW_PRESSURE,HIGH,Low pressure,1.43
EVT-00003689,2026-09-26T17:10:39-05:00,FILLER_01_PRESSURE,LOW_PRESSURE,HIGH,Low pressure,1.05
EVT-00003690,2026-09-09T14:35:40-05:00,TANK_OUT_01_LEVEL,LOW_LEVEL,HIGH,Low level,10.47
EVT-00003691,2026-09-11T19:35:39-05:00,PUMP_01_FLOW,LOW_FLOW,HIGH,Low flow,15.74
EVT-00003692,2026-09-30T08:27:49-05:00,COMPRESSOR_01_TEMP,HIGH_TEMPERATURE,HIGH,High temperature,102.72
EVT-00003693,2026-09-27T14:37:35-05:00,TANK_OUT_01_LEVEL,LOW_LEVEL,HIGH,Low level,1.20
EVT-00003694,2026-09-08T08:44:13-05:00,FILTER_01_DIFF_PRESSURE,HIGH_DIFF_PRESSURE,MEDIUM,High diff pressure,2.80
EVT-00003695,2026-09-01T11:40:36-05:00,TANK_IN_01_LEVEL,LOW_LEVEL,HIGH,Low level,4.84
EVT-00003696,2026-09-04T15:47:20-05:00,PUMP_01_FLOW,LOW_FLOW,HIGH,Low flow,10.39
EVT-00003697,2026-09-01T17:22:38-05:00,FILTER_01_DIFF_PRESSURE,HIGH_DIFF_PRESSURE,MEDIUM,High diff pressure,2.79
EVT-00003698,2026-09-03T12:22:47-05:00,TANK_OUT_01_LEVEL,HIGH_LEVEL,MEDIUM,High level,97.51
EVT-00003699,2026-09-08T12:16:47-05:00,TANK_OUT_01_LEVEL,LOW_LEVEL,HIGH,Low level,13.87
EVT-00003700,2026-09-07T10:59:54-05:00,TANK_IN_01_LEVEL,LOW_LEVEL,HIGH,Low level,6.82
EVT-00003701,2026-09-28T13:45:29-05:00,CONVEYOR_01_JAM,JAM,MEDIUM,Jam,0
EVT-00003702,2026-09-22T10:38:15-05:00,FILTER_01_DIFF_PRESSURE,HIGH_DIFF_PRESSURE,MEDIUM,High diff pressure,2.98
EVT-00003703,2026-09-07T07:24:37-05:00,FILLER_01_PRESSURE,LOW_PRESSURE,HIGH,Low pressure,1.61
EVT-00003704,2026-09-24T09:56:24-05:00,PUMP_01_FLOW,LOW_FLOW,HIGH,Low flow,6.73
EVT-00003705,2026-09-19T07:51:45-05:00,PUMP_01_FLOW,LOW_FLOW,HIGH,Low flow,3.59
EVT-00003706,2026-09-19T17:44:19-05:00,CONVEYOR_01_JAM,JAM,MEDIUM,Jam,1.00
EVT-00003707,2026-09-29T17:00:34-05:00,FILTER_01_DIFF_PRESSURE,HIGH_DIFF_PRESSURE,MEDIUM,High diff pressure,2.30
EVT-00003708,2026-09-24T21:51:43-05:00,COMPRESSOR_01_PRESSURE,LOW_PRESSURE,HIGH,Low pressure,4.15
EVT-00003709,2026-09-16T09:48:37-05:00,FILLER_01_PRESSURE,LOW_PRESSURE,HIGH,Low pressure,0.53
EVT-00003710,2026-09-08T09:56:24-05:00,TANK_IN_01_LEVEL,LOW_LEVEL,HIGH,Low level,2.87
EVT-00003711,2026-09-20T08:40:00-05:00,COMPRESSOR_01_PRESSURE,LOW_PRESSURE,HIGH,Low pressure,1.73
EVT-00003712,2026-09-28T06:00:16-05:00,PUMP_01_FLOW,LOW_FLOW,HIGH,Low flow,7.62
EVT-00003713,2026-09-02T08:29:36-05:00,TANK_IN_01_LEVEL,LOW_LEVEL,HIGH,Low level,11.47
EVT-00003714,2026-09-14T18:06:11-05:00,CONVEYOR_01_JAM,JAM,MEDIUM,Jam,1.00
EVT-00003715,2026-09-29T19:50:07-05:00,FILTER_01_DIFF_PRESSURE,HIGH_DIFF_PRESSURE,MEDIUM,High diff pressure,1.90
EVT-00003716,2026-09-13T12:52:07-05:00,PUMP_01_FLOW,LOW_FLOW,HIGH,Low flow,16.84
EVT-00003717,2026-09-22T12:27:44-05:00,FILTER_01_DIFF_PRESSURE,HIGH_DIFF_PRESSURE,MEDIUM,High diff pressure,2.39
EVT-00003718,2026-09-11T15:39:39-05:00,CONVEYOR_01_JAM,JAM,MEDIUM,Jam,1.00
EVT-00003719,2026-09-27T09:53:38-05:00,COMPRESSOR_01_PRESSURE,LOW_PRESSURE,HIGH,Low pressure,1.85
EVT-00003720,2026-09-27T11:03:21-05:00,COMPRESSOR_01_PRESSURE,LOW_PRESSURE,HIGH,Low pressure,4.64
EVT-00003721,2026-09-14T16:12:12-05:00,PUMP_01_FLOW,LOW_FLOW,HIGH,Low flow,10.04
EVT-00003722,2026-09-26T10:33:39-05:00,TANK_OUT_01_LEVEL,LOW_LEVEL,HIGH,Low level,3.46
EVT-00003723,2026-09-14T17:52:15-05:00,TANK_OUT_01_LEVEL,LOW_LEVEL,HIGH,Low level,8.13
EVT-00003724,2026-09-28T12:39:25-05:00,PUMP_01_FLOW,LOW_FLOW,HIGH,Low flow,18.51
EVT-00003725,2026-09-22T12:17:54-05:00,FILTER_01_PRESSURE,HIGH_PRESSURE,HIGH,High pressure,8.27
EVT-00003726,2026-09-18T21:57:08-05:00,PUMP_01_FLOW,LOW_FLOW,HIGH,Low flow,4.91
EVT-00003727,2026-09-08T19:36:36-05:00,FILTER_01_DIFF_PRESSURE,HIGH_DIFF_PRESSURE,MEDIUM,High diff pressure,1.62
EVT-00003728,2026-09-12T15:34:32-05:00,PUMP_01_FLOW,LOW_FLOW,HIGH,Low flow,4.99
EVT-00003729,2026-09-10T11:58:45-05:00,TANK_IN_01_LEVEL,LOW_LEVEL,HIGH,Low level,2.92
EVT-00003730,2026-09-30T10:37:10-05:00,COMPRESSOR_01_PRESSURE,LOW_PRESSURE,HIGH,Low pressure,3.57
EVT-00003731,2026-09-20T10:58:13-05:00,COMPRESSOR_01_PRESSURE,LOW_PRESSURE,HIGH,Low pressure,1.17
EVT-00003732,2026-09-21T14:42:54-05:00,FILLER_01_PRESSURE,LOW_PRESSURE,HIGH,Low pressure,1.11
EVT-00003733,2026-09-23T18:49:14-05:00,TANK_IN_01_LEVEL,LOW_LEVEL,HIGH,Low level,6.18
EVT-00003734,2026-09-01T16:24:58-05:00,FILTER_01_DIFF_PRESSURE,HIGH_DIFF_PRESSURE,MEDIUM,High diff pressure,1.67
EVT-00003735,2026-09-30T14:34:14-05:00,CONVEYOR_01_MOTOR_TEMP,HIGH_TEMPERATURE,LOW,High temperature,83.44
EVT-00003736,2026-09-16T09:09:48-05:00,FILLER_01_PRESSURE,LOW_PRESSURE,HIGH,Low pressure,1.31
EVT-00003737,2026-09-21T19:39:50-05:00,FILLER_01_CYCLE_FAULT,CYCLE_FAULT,HIGH,Cycle fault,1.00
EVT-00003738,2026-09-01T17:09:28-05:00,TANK_IN_01_LEVEL,LOW_LEVEL,HIGH,Low level,4.13
EVT-00003739,2026-09-06T21:51:16-05:00,FILLER_01_PRESSURE,LOW_PRESSURE,HIGH,Low pressure,0.43
EVT-00003740,2026-09-27T21:23:50-05:00,TANK_IN_01_LEVEL,LOW_LEVEL,HIGH,Low level,3.44
EVT-00003741,2026-09-21T18:56:09-05:00,TANK_IN_01_LEVEL,LOW_LEVEL,HIGH,Low level,2.27
EVT-00003742,2026-09-29T11:03:04-05:00,FILTER_01_DIFF_PRESSURE,HIGH_DIFF_PRESSURE,MEDIUM,High diff pressure,2.09
EVT-00003743,2026-09-24T06:18:12-05:00,FILLER_01_PRESSURE,LOW_PRESSURE,HIGH,Low pressure,0.95
EVT-00003744,2026-09-28T11:45:40-05:00,CONVEYOR_01_JAM,JAM,MEDIUM,Jam,1.00
EVT-00003745,2026-09-19T19:08:45-05:00,COMPRESSOR_01_PRESSURE,LOW_PRESSURE,HIGH,Low pressure,2.87
EVT-00003746,2026-09-22T13:20:22-05:00,TANK_OUT_01_LEVEL,LOW_LEVEL,HIGH,Low level,9.52
EVT-00003747,2026-09-22T07:07:09-05:00,CONVEYOR_01_JAM,JAM,MEDIUM,Jam,1.00
EVT-00003748,2026-09-25T15:07:47-05:00,PUMP_01_FLOW,LOW_FLOW,HIGH,Low flow,4.02
EVT-00003749,2026-09-03T09:08:30-05:00,FILLER_01_CYCLE_FAULT,CYCLE_FAULT,HIGH,Cycle fault,1.00
EVT-00003750,2026-09-20T09:37:00-05:00,TANK_IN_01_LEVEL,LOW_LEVEL,HIGH,Low level,11.35
EVT-00003751,2026-09-01T11:39:52-05:00,FILTER_01_DIFF_PRESSURE,HIGH_DIFF_PRESSURE,HIGH,High diff pressure,2.30
EVT-00003752,2026-09-04T12:12:57-05:00,TANK_OUT_01_LEVEL,LOW_LEVEL,HIGH,Low level,10.54
EVT-00003753,2026-09-23T07:34:02-05:00,TANK_OUT_01_LEVEL,LOW_LEVEL,HIGH,Low level,12.59
EVT-00003754,2026-09-03T08:06:59-05:00,COMPRESSOR_01_PRESSURE,LOW_PRESSURE,HIGH,Low pressure,1.46
EVT-00003755,2026-09-03T09:22:47-05:00,PUMP_01_FLOW,LOW_FLOW,HIGH,Low flow,7.50
EVT-00003756,2026-09-01T19:57:27-05:00,TANK_OUT_01_LEVEL,HIGH_LEVEL,MEDIUM,High level,92.73
EVT-00003757,2026-09-07T17:36:48-05:00,CONVEYOR_01_JAM,JAM,MEDIUM,Jam,1.00
EVT-00003758,2026-09-29T19:11:06-05:00,FILTER_01_PRESSURE,HIGH_PRESSURE,HIGH,High pressure,7.36
EVT-00003759,2026-09-08T19:36:22-05:00,FILTER_01_DIFF_PRESSURE,HIGH_DIFF_PRESSURE,MEDIUM,High diff pressure,1.93
EVT-00003760,2026-09-22T18:51:02-05:00,FILTER_01_DIFF_PRESSURE,HIGH_DIFF_PRESSURE,MEDIUM,High diff pressure,2.33
EVT-00003761,2026-09-05T16:17:10-05:00,PUMP_01_FLOW,LOW_FLOW,HIGH,Low flow,7.46
EVT-00003762,2026-09-08T10:57:58-05:00,FILTER_01_DIFF_PRESSURE,HIGH_DIFF_PRESSURE,MEDIUM,High diff pressure,2.11
EVT-00003763,2026-09-10T10:43:17-05:00,PUMP_01_FLOW,LOW_FLOW,HIGH,Low flow,15.28
EVT-00003764,2026-09-01T14:55:05-05:00,FILTER_01_DIFF_PRESSURE,HIGH_DIFF_PRESSURE,MEDIUM,High diff pressure,2.50
EVT-00003765,2026-09-12T20:03:38-05:00,TANK_OUT_01_LEVEL,HIGH_LEVEL,MEDIUM,High level,97.57
EVT-00003766,2026-09-27T17:29:14-05:00,TANK_OUT_01_LEVEL,LOW_LEVEL,HIGH,Low level,4.49
EVT-00003767,2026-09-27T16:39:13-05:00,TANK_IN_01_LEVEL,LOW_LEVEL,HIGH,Low level,8.89
EVT-00003768,2026-09-19T09:50:05-05:00,PUMP_01_FLOW,LOW_FLOW,HIGH,Low flow,15.38
EVT-00003769,2026-09-15T09:46:35-05:00,FILTER_01_DIFF_PRESSURE,HIGH_DIFF_PRESSURE,MEDIUM,High diff pressure,2.47
EVT-00003770,2026-09-17T16:02:30-05:00,FILLER_01_PRESSURE,LOW_PRESSURE,HIGH,Low pressure,0.78
EVT-00003771,2026-09-25T09:50:09-05:00,TANK_IN_01_LEVEL,LOW_LEVEL,HIGH,Low level,6.28
EVT-00003772,2026-09-09T06:34:20-05:00,PUMP_01_FLOW,LOW_FLOW,HIGH,Low flow,3.36
EVT-00003773,2026-09-21T09:23:37-05:00,TANK_OUT_01_LEVEL,LOW_LEVEL,HIGH,Low level,10.73
EVT-00003774,2026-09-19T11:52:47-05:00,PUMP_01_FLOW,LOW_FLOW,HIGH,Low flow,8.62
EVT-00003775,2026-09-22T16:42:40-05:00,TANK_OUT_01_LEVEL,LOW_LEVEL,HIGH,Low level,1.69
EVT-00003776,2026-09-01T17:27:33-05:00,FILTER_01_DIFF_PRESSURE,HIGH_DIFF_PRESSURE,MEDIUM,High diff pressure,2.51
EVT-00003777,2026-09-01T08:53:23-05:00,CONVEYOR_01_MOTOR_TEMP,HIGH_TEMPERATURE,LOW,High temperature,79.63
EVT-00003778,2026-09-11T17:47:39-05:00,FILTER_01_PRESSURE,HIGH_PRESSURE,HIGH,High pressure,6.61
EVT-00003779,2026-09-12T11:34:32-05:00,PUMP_01_FLOW,LOW_FLOW,HIGH,Low flow,4.33
EVT-00003780,2026-09-06T19:41:26-05:00,FILTER_01_PRESSURE,HIGH_PRESSURE,HIGH,High pressure,6.21
EVT-00003781,2026-09-29T14:18:33-05:00,FILTER_01_DIFF_PRESSURE,HIGH_DIFF_PRESSURE,MEDIUM,High diff pressure,2.71
EVT-00003782,2026-09-16T21:11:03-05:00,FILLER_01_CYCLE_FAULT,CYCLE_FAULT,HIGH,Cycle fault,1.00
EVT-00003783,2026-09-12T16:56:23-05:00,PUMP_01_MOTOR_FAULT,MOTOR_FAULT,CRITICAL,Motor fault,1.00
EVT-00003784,2026-09-13T11:27:52-05:00,FILTER_01_PRESSURE,HIGH_PRESSURE,HIGH,High pressure,6.30
EVT-00003785,2026-09-29T10:15:55-05:00,COMPRESSOR_01_TEMP,HIGH_TEMPERATURE,HIGH,High temperature,116.76
EVT-00003786,2026-09-14T20:05:29-05:00,TANK_IN_01_LEVEL,HIGH_LEVEL,MEDIUM,High level,93.75
EVT-00003787,2026-09-13T16:47:47-05:00,COMPRESSOR_01_PRESSURE,LOW_PRESSURE,HIGH,Low pressure,1.14
EVT-00003788,2026-09-06T11:28:18-05:00,PUMP_01_FLOW,LOW_FLOW,HIGH,Low flow,13.22
EVT-00003789,2026-09-17T09:36:46-05:00,COMPRESSOR_01_PRESSURE,LOW_PRESSURE,HIGH,Low pressure,3.90
EVT-00003790,2026-09-05T18:04:37-05:00,FILLER_01_CYCLE_FAULT,CYCLE_FAULT,HIGH,Cycle fault,1.00
EVT-00003791,2026-09-02T07:38:44-05:00,CONVEYOR_01_JAM,JAM,MEDIUM,Jam,1.00
EVT-00003792,2026-09-05T20:35:26-05:00,CONVEYOR_01_JAM,JAM,MEDIUM,Jam,1.00
EVT-00003793,2026-09-06T14:23:05-05:00,FILTER_01_PRESSURE,HIGH_PRESSURE,HIGH,High pressure,6.10
EVT-00003794,2026-09-07T09:07:56-05:00,FILLER_01_PRESSURE,LOW_PRESSURE,HIGH,Low pressure,0.87
EVT-00003795,2026-09-08T10:17:58-05:00,FILTER_01_DIFF_PRESSURE,HIGH_DIFF_PRESSURE,MEDIUM,High diff pressure,2.12
EVT-00003796,2026-09-08T08:48:21-05:00,FILTER_01_DIFF_PRESSURE,HIGH_DIFF_PRESSURE,MEDIUM,High diff pressure,2.55
EVT-00003797,2026-09-06T12:16:31-05:00,TANK_IN_01_LEVEL,LOW_LEVEL,HIGH,Low level,3.04
EVT-00003798,2026-09-22T13:10:24-05:00,FILTER_01_PRESSURE,HIGH_PRESSURE,HIGH,High pressure,7.18
EVT-00003799,2026-09-22T12:51:00-05:00,COMPRESSOR_01_PRESSURE,LOW_PRESSURE,HIGH,Low pressure,3.37
EVT-00003800,2026-09-25T07:44:39-05:00,FILLER_01_PRESSURE,LOW_PRESSURE,HIGH,Low pressure,1.09
EVT-00003801,2026-09-25T08:25:50-05:00,PUMP_01_FLOW,LOW_FLOW,HIGH,Low flow,21
EVT-00003802,2026-09-29T11:09:19-05:00,FILLER_01_CYCLE_FAULT,CYCLE_FAULT,HIGH,Cycle fault,1.00
EVT-00003803,2026-09-18T07:18:16-05:00,TANK_OUT_01_LEVEL,HIGH_LEVEL,MEDIUM,High level,94.55
EVT-00003804,2026-09-24T16:40:32-05:00,TANK_OUT_01_LEVEL,LOW_LEVEL,HIGH,Low level,1.55
EVT-00003805,2026-09-20T09:14:35-05:00,PUMP_01_FLOW,LOW_FLOW,HIGH,Low flow,16.72
EVT-00003806,2026-09-12T12:11:12-05:00,PUMP_01_FLOW,LOW_FLOW,HIGH,Low flow,11.26
EVT-00003807,2026-09-20T16:54:27-05:00,CONVEYOR_01_JAM,JAM,MEDIUM,Jam,1.00
EVT-00003808,2026-09-21T10:11:18-05:00,COMPRESSOR_01_PRESSURE,LOW_PRESSURE,HIGH,Low pressure,1.70
EVT-00003809,2026-09-02T09:50:43-05:00,TANK_OUT_01_LEVEL,LOW_LEVEL,HIGH,Low level,7.18
EVT-00003810,2026-09-15T12:59:30-05:00,FILTER_01_DIFF_PRESSURE,HIGH_DIFF_PRESSURE,MEDIUM,High diff pressure,2.06
EVT-00003811,2026-09-15T11:39:47-05:00,FILTER_01_DIFF_PRESSURE,HIGH_DIFF_PRESSURE,MEDIUM,High diff pressure,2.59
EVT-00003812,2026-09-16T06:38:02-05:00,FILLER_01_PRESSURE,LOW_PRESSURE,HIGH,Low pressure,0.76
EVT-00003813,2026-09-14T09:16:04-05:00,COMPRESSOR_01_PRESSURE,LOW_PRESSURE,HIGH,Low pressure,1.83
EVT-00003814,2026-09-29T21:11:12-05:00,FILTER_01_DIFF_PRESSURE,HIGH_DIFF_PRESSURE,MEDIUM,High diff pressure,1.87
EVT-00003815,2026-09-03T12:18:14-05:00,FILTER_01_PRESSURE,HIGH_PRESSURE,HIGH,High pressure,6.61
EVT-00003816,2026-09-13T20:37:41-05:00,FILLER_01_PRESSURE,LOW_PRESSURE,HIGH,Low pressure,0.13
EVT-00003817,2026-09-05T16:27:42-05:00,PUMP_01_FLOW,LOW_FLOW,HIGH,Low flow,11.38
EVT-00003818,2026-09-22T06:12:39-05:00,FILTER_01_DIFF_PRESSURE,HIGH_DIFF_PRESSURE,MEDIUM,High diff pressure,2.84
EVT-00003819,2026-09-22T13:18:46-05:00,FILLER_01_PRESSURE,LOW_PRESSURE,HIGH,Low pressure,1.18
EVT-00003820,2026-09-10T13:44:11-05:00,FILLER_01_CYCLE_FAULT,CYCLE_FAULT,HIGH,Cycle fault,1.00
EVT-00003821,2026-09-04T16:59:19-05:00,FILLER_01_CYCLE_FAULT,CYCLE_FAULT,HIGH,Cycle fault,1.00
EVT-00003822,2026-09-25T14:37:14-05:00,TANK_OUT_01_LEVEL,LOW_LEVEL,HIGH,Low level,7.86
EVT-00003823,2026-09-12T08:01:58-05:00,CONVEYOR_01_JAM,JAM,MEDIUM,Jam,1.00
EVT-00003824,2026-09-18T19:49:41-05:00,COMPRESSOR_01_TEMP,HIGH_TEMPERATURE,HIGH,High temperature,111.70
EVT-00003825,2026-09-03T08:44:15-05:00,CONVEYOR_01_MOTOR_TEMP,HIGH_TEMPERATURE,LOW,High temperature,71.14
EVT-00003826,2026-09-29T10:41:37-05:00,FILTER_01_DIFF_PRESSURE,HIGH_DIFF_PRESSURE,MEDIUM,High diff pressure,2.10
EVT-00003827,2026-09-20T19:14:45-05:00,TANK_OUT_01_LEVEL,LOW_LEVEL,HIGH,Low level,10.31
EVT-00003828,2026-09-22T11:07:42-05:00,FILTER_01_DIFF_PRESSURE,HIGH_DIFF_PRESSURE,MEDIUM,High diff pressure,1.70
EVT-00003829,2026-09-16T14:22:42-05:00,PUMP_01_FLOW,LOW_FLOW,HIGH,Low flow,8.51
EVT-00003830,2026-09-20T18:29:43-05:00,TANK_IN_01_LEVEL,LOW_LEVEL,HIGH,Low level,8.56
EVT-00003831,2026-09-11T18:17:16-05:00,PUMP_01_MOTOR_FAULT,MOTOR_FAULT,CRITICAL,Motor fault,1.00
EVT-00003832,2026-09-01T15:52:49-05:00,FILLER_01_CYCLE_FAULT,CYCLE_FAULT,HIGH,Cycle fault,1.00
EVT-00003833,2026-09-12T13:35:32-05:00,PUMP_01_FLOW,LOW_FLOW,HIGH,Low flow,1.35
EVT-00003834,2026-09-15T17:34:39-05:00,FILTER_01_DIFF_PRESSURE,HIGH_DIFF_PRESSURE,MEDIUM,High diff pressure,1.69
EVT-00003835,2026-09-12T19:19:26-05:00,TANK_OUT_01_LEVEL,HIGH_LEVEL,MEDIUM,High level,91.37
EVT-00003836,2026-09-13T10:31:34-05:00,TANK_OUT_01_LEVEL,LOW_LEVEL,HIGH,Low level,4.58
EVT-00003837,2026-09-04T08:17:41-05:00,TANK_IN_01_LEVEL,LOW_LEVEL,HIGH,Low level,3.96
EVT-00003838,2026-09-14T11:00:02-05:00,FILLER_01_PRESSURE,LOW_PRESSURE,HIGH,Low pressure,0.98
EVT-00003839,2026-09-23T17:14:11-05:00,COMPRESSOR_01_TEMP,HIGH_TEMPERATURE,HIGH,High temperature,105.99
EVT-00003840,2026-09-29T21:11:57-05:00,COMPRESSOR_01_PRESSURE,LOW_PRESSURE,HIGH,Low pressure,4.75
EVT-00003841,2026-09-19T14:20:42-05:00,CONVEYOR_01_JAM,JAM,MEDIUM,Jam,1.00
EVT-00003842,2026-09-12T06:41:49-05:00,TANK_IN_01_LEVEL,LOW_LEVEL,HIGH,Low level,4.00
EVT-00003843,2026-09-24T17:36:39-05:00,FILLER_01_PRESSURE,LOW_PRESSURE,HIGH,Low pressure,0.35
EVT-00003844,2026-09-01T12:08:56-05:00,FILTER_01_DIFF_PRESSURE,HIGH_DIFF_PRESSURE,MEDIUM,High diff pressure,2.37
EVT-00003845,2026-09-01T09:20:54-05:00,FILTER_01_DIFF_PRESSURE,HIGH_DIFF_PRESSURE,MEDIUM,High diff pressure,2.25
EVT-00003846,2026-09-24T07:26:35-05:00,FILLER_01_PRESSURE,LOW_PRESSURE,HIGH,Low pressure,1.20
EVT-00003847,2026-09-26T09:29:19-05:00,COMPRESSOR_01_PRESSURE,LOW_PRESSURE,HIGH,Low pressure,3.92
EVT-00003848,2026-09-10T17:12:22-05:00,PUMP_01_MOTOR_FAULT,MOTOR_FAULT,CRITICAL,Motor fault,1.00
EVT-00003849,2026-09-02T12:48:45-05:00,FILLER_01_PRESSURE,LOW_PRESSURE,HIGH,Low pressure,1.56
EVT-00003850,2026-09-25T13:57:15-05:00,FILTER_01_PRESSURE,HIGH_PRESSURE,HIGH,High pressure,7.50
EVT-00003851,2026-09-25T09:22:50-05:00,FILLER_01_CYCLE_FAULT,CYCLE_FAULT,CRITICAL,Cycle fault,1.00
EVT-00003852,2026-09-02T17:00:24-05:00,TANK_OUT_01_LEVEL,LOW_LEVEL,HIGH,Low level,9.16
EVT-00003853,2026-09-22T11:11:12-05:00,COMPRESSOR_01_PRESSURE,LOW_PRESSURE,HIGH,Low pressure,2.39
EVT-00003854,2026-09-07T06:20:26-05:00,TANK_IN_01_LEVEL,LOW_LEVEL,HIGH,Low level,9.48
EVT-00003855,2026-09-09T10:51:41-05:00,FILLER_01_PRESSURE,LOW_PRESSURE,HIGH,Low pressure,1.28
EVT-00003856,2026-09-21T11:47:30-05:00,TANK_OUT_01_LEVEL,HIGH_LEVEL,MEDIUM,High level,91.99
EVT-00003857,2026-09-01T18:54:25-05:00,PUMP_01_FLOW,LOW_FLOW,HIGH,Low flow,7.64
EVT-00003858,2026-09-20T11:14:23-05:00,PUMP_01_FLOW,LOW_FLOW,HIGH,Low flow,15.91
EVT-00003859,2026-09-27T14:23:08-05:00,FILLER_01_PRESSURE,LOW_PRESSURE,HIGH,Low pressure,1.60
EVT-00003860,2026-09-29T11:59:05-05:00,FILTER_01_DIFF_PRESSURE,HIGH_DIFF_PRESSURE,MEDIUM,High diff pressure,2.98
EVT-00003861,2026-09-29T06:13:43-05:00,FILTER_01_DIFF_PRESSURE,HIGH_DIFF_PRESSURE,MEDIUM,High diff pressure,2.47
EVT-00003862,2026-09-15T20:58:31-05:00,FILTER_01_DIFF_PRESSURE,HIGH_DIFF_PRESSURE,MEDIUM,High diff pressure,2.73
EVT-00003863,2026-09-28T19:31:05-05:00,PUMP_01_FLOW,LOW_FLOW,HIGH,Low flow,11.21
EVT-00003864,2026-09-23T09:05:41-05:00,PUMP_01_FLOW,LOW_FLOW,HIGH,Low flow,14.78
EVT-00003865,2026-09-22T06:35:14-05:00,FILTER_01_DIFF_PRESSURE,HIGH_DIFF_PRESSURE,MEDIUM,High diff pressure,1.80
EVT-00003866,2026-09-18T12:17:09-05:00,FILLER_01_PRESSURE,LOW_PRESSURE,HIGH,Low pressure,0.31
EVT-00003867,2026-09-17T12:43:15-05:00,PUMP_01_FLOW,LOW_FLOW,HIGH,Low flow,7.22
EVT-00003868,2026-09-15T14:13:09-05:00,FILTER_01_DIFF_PRESSURE,HIGH_DIFF_PRESSURE,MEDIUM,High diff pressure,2.79
EVT-00003869,2026-09-20T16:38:54-05:00,TANK_IN_01_LEVEL,LOW_LEVEL,HIGH,Low level,4.41
EVT-00003870,2026-09-19T13:51:20-05:00,FILLER_01_PRESSURE,LOW_PRESSURE,HIGH,Low pressure,1.16
EVT-00003871,2026-09-01T19:40:42-05:00,COMPRESSOR_01_TEMP,HIGH_TEMPERATURE,HIGH,High temperature,107.62
EVT-00003872,2026-09-16T10:16:22-05:00,TANK_OUT_01_LEVEL,LOW_LEVEL,HIGH,Low level,8.68
EVT-00003873,2026-09-05T12:53:20-05:00,COMPRESSOR_01_PRESSURE,LOW_PRESSURE,HIGH,Low pressure,4.10
EVT-00003874,2026-09-04T07:45:55-05:00,COMPRESSOR_01_PRESSURE,LOW_PRESSURE,HIGH,Low pressure,3.02
EVT-00003875,2026-09-04T16:23:24-05:00,PUMP_01_FLOW,LOW_FLOW,HIGH,Low flow,6.92
EVT-00003876,2026-09-06T19:57:37-05:00,PUMP_01_FLOW,LOW_FLOW,HIGH,Low flow,16.92
EVT-00003877,2026-09-13T16:00:49-05:00,COMPRESSOR_01_TEMP,HIGH_TEMPERATURE,HIGH,High temperature,112.73
EVT-00003878,2026-09-08T13:36:45-05:00,FILTER_01_DIFF_PRESSURE,HIGH_DIFF_PRESSURE,MEDIUM,High diff pressure,2.31
EVT-00003879,2026-09-15T17:28:25-05:00,FILTER_01_DIFF_PRESSURE,HIGH_DIFF_PRESSURE,MEDIUM,High diff pressure,1.87
EVT-00003880,2026-09-22T17:31:32-05:00,FILLER_01_PRESSURE,LOW_PRESSURE,HIGH,Low pressure,1.72
EVT-00003881,2026-09-29T15:41:38-05:00,FILTER_01_DIFF_PRESSURE,HIGH_DIFF_PRESSURE,MEDIUM,High diff pressure,2.60
EVT-00003882,2026-09-13T15:00:29-05:00,PUMP_01_FLOW,LOW_FLOW,HIGH,Low flow,16.49
EVT-00003883,2026-09-27T14:10:55-05:00,FILTER_01_PRESSURE,HIGH_PRESSURE,HIGH,High pressure,6.90
EVT-00003884,2026-09-06T13:16:57-05:00,COMPRESSOR_01_PRESSURE,LOW_PRESSURE,HIGH,Low pressure,2.47
EVT-00003885,2026-09-27T12:04:52-05:00,TANK_IN_01_LEVEL,LOW_LEVEL,HIGH,Low level,10.50
EVT-00003886,2026-09-22T07:47:23-05:00,FILLER_01_PRESSURE,LOW_PRESSURE,HIGH,Low pressure,1.08
EVT-00003887,2026-09-14T13:36:51-05:00,TANK_OUT_01_LEVEL,HIGH_LEVEL,MEDIUM,High level,95.20
EVT-00003888,2026-09-01T17:15:58-05:00,PUMP_01_FLOW,LOW_FLOW,HIGH,Low flow,5.59
EVT-00003889,2026-09-20T15:09:48-05:00,PUMP_01_FLOW,LOW_FLOW,HIGH,Low flow,2.64
EVT-00003890,2026-09-24T13:26:29-05:00,TANK_OUT_01_LEVEL,HIGH_LEVEL,MEDIUM,High level,91.23
EVT-00003891,2026-09-08T09:01:49-05:00,FILTER_01_DIFF_PRESSURE,HIGH_DIFF_PRESSURE,MEDIUM,High diff pressure,2.80
EVT-00003892,2026-09-12T06:24:48-05:00,FILLER_01_PRESSURE,LOW_PRESSURE,HIGH,Low pressure,1.63
EVT-00003893,2026-09-21T13:05:15-05:00,COMPRESSOR_01_PRESSURE,LOW_PRESSURE,HIGH,Low pressure,3.82
EVT-00003894,2026-09-07T21:28:45-05:00,TANK_OUT_01_LEVEL,LOW_LEVEL,HIGH,Low level,4.30
EVT-00003895,2026-09-24T21:55:21-05:00,FILTER_01_PRESSURE,HIGH_PRESSURE,HIGH,High pressure,7.32
EVT-00003896,2026-09-30T18:58:33-05:00,PUMP_01_FLOW,LOW_FLOW,HIGH,Low flow,5.09
EVT-00003897,2026-09-15T07:10:47-05:00,FILTER_01_DIFF_PRESSURE,HIGH_DIFF_PRESSURE,MEDIUM,High diff pressure,1.67
EVT-00003898,2026-09-15T14:21:33-05:00,PUMP_01_FLOW,LOW_FLOW,HIGH,Low flow,6.01
EVT-00003899,2026-09-15T10:24:12-05:00,FILLER_01_PRESSURE,LOW_PRESSURE,HIGH,Low pressure,0.55
EVT-00003900,2026-09-17T17:40:33-05:00,COMPRESSOR_01_TEMP,HIGH_TEMPERATURE,HIGH,High temperature,100.55
EVT-00003901,2026-09-27T12:01:49-05:00,CONVEYOR_01_JAM,JAM,MEDIUM,Jam,0
EVT-00003902,2026-09-24T07:16:17-05:00,PUMP_01_MOTOR_FAULT,MOTOR_FAULT,CRITICAL,Motor fault,1.00
EVT-00003903,2026-09-22T18:19:19-05:00,FILLER_01_CYCLE_FAULT,CYCLE_FAULT,HIGH,Cycle fault,1.00
EVT-00003904,2026-09-16T21:41:43-05:00,CONVEYOR_01_MOTOR_TEMP,HIGH_TEMPERATURE,LOW,High temperature,78.89
EVT-00003905,2026-09-14T10:44:01-05:00,TANK_IN_01_LEVEL,LOW_LEVEL,HIGH,Low level,12.00
EVT-00003906,2026-09-25T17:02:58-05:00,TANK_IN_01_LEVEL,HIGH_LEVEL,MEDIUM,High level,97.62
EVT-00003907,2026-09-23T06:25:54-05:00,COMPRESSOR_01_TEMP,HIGH_TEMPERATURE,HIGH,High temperature,113.96
EVT-00003908,2026-09-24T07:05:18-05:00,FILTER_01_PRESSURE,HIGH_PRESSURE,HIGH,High pressure,7.59
EVT-00003909,2026-09-27T20:58:11-05:00,CONVEYOR_01_JAM,JAM,MEDIUM,Jam,1.00
EVT-00003910,2026-09-29T17:27:19-05:00,FILTER_01_DIFF_PRESSURE,HIGH_DIFF_PRESSURE,MEDIUM,High diff pressure,2.72
EVT-00003911,2026-09-01T07:53:11-05:00,FILTER_01_DIFF_PRESSURE,HIGH_DIFF_PRESSURE,MEDIUM,High diff pressure,1.97
EVT-00003912,2026-09-25T21:01:22-05:00,CONVEYOR_01_JAM,JAM,MEDIUM,Jam,1.00
EVT-00003913,2026-09-12T13:30:59-05:00,FILLER_01_PRESSURE,LOW_PRESSURE,HIGH,Low pressure,1.78
EVT-00003914,2026-09-08T20:28:57-05:00,FILTER_01_DIFF_PRESSURE,HIGH_DIFF_PRESSURE,MEDIUM,High diff pressure,2.83
EVT-00003915,2026-09-04T12:00:28-05:00,PUMP_01_FLOW,LOW_FLOW,HIGH,Low flow,14.14
EVT-00003916,2026-09-15T18:54:30-05:00,FILLER_01_PRESSURE,LOW_PRESSURE,HIGH,Low pressure,1.35
EVT-00003917,2026-09-25T10:43:59-05:00,FILLER_01_CYCLE_FAULT,CYCLE_FAULT,HIGH,Cycle fault,1.00
EVT-00003918,2026-09-22T12:01:10-05:00,FILTER_01_DIFF_PRESSURE,HIGH_DIFF_PRESSURE,MEDIUM,High diff pressure,2.75
EVT-00003919,2026-09-19T11:00:41-05:00,FILLER_01_PRESSURE,LOW_PRESSURE,HIGH,Low pressure,1.62
EVT-00003920,2026-09-05T08:41:40-05:00,TANK_IN_01_LEVEL,LOW_LEVEL,HIGH,Low level,11.68
EVT-00003921,2026-09-08T12:45:04-05:00,FILTER_01_DIFF_PRESSURE,HIGH_DIFF_PRESSURE,MEDIUM,High diff pressure,2.52
EVT-00003922,2026-09-10T19:01:53-05:00,FILLER_01_PRESSURE,LOW_PRESSURE,HIGH,Low pressure,0.50
EVT-00003923,2026-09-10T14:39:08-05:00,TANK_OUT_01_LEVEL,LOW_LEVEL,HIGH,Low level,10.00
EVT-00003924,2026-09-05T19:32:21-05:00,FILLER_01_PRESSURE,LOW_PRESSURE,HIGH,Low pressure,1.87
EVT-00003925,2026-09-20T11:19:18-05:00,PUMP_01_FLOW,LOW_FLOW,HIGH,Low flow,18.59
EVT-00003926,2026-09-08T06:30:35-05:00,FILTER_01_DIFF_PRESSURE,HIGH_DIFF_PRESSURE,MEDIUM,High diff pressure,2.14
EVT-00003927,2026-09-05T16:38:08-05:00,TANK_OUT_01_LEVEL,HIGH_LEVEL,MEDIUM,High level,91.12
EVT-00003928,2026-09-24T15:15:31-05:00,PUMP_01_MOTOR_FAULT,MOTOR_FAULT,CRITICAL,Motor fault,1.00
EVT-00003929,2026-09-29T09:06:07-05:00,FILTER_01_PRESSURE,HIGH_PRESSURE,HIGH,High pressure,7.86
EVT-00003930,2026-09-19T21:31:16-05:00,FILLER_01_PRESSURE,LOW_PRESSURE,HIGH,Low pressure,1.38
EVT-00003931,2026-09-15T12:52:51-05:00,FILTER_01_DIFF_PRESSURE,HIGH_DIFF_PRESSURE,MEDIUM,High diff pressure,2.84
EVT-00003932,2026-09-28T15:33:41-05:00,FILLER_01_PRESSURE,LOW_PRESSURE,HIGH,Low pressure,1.33
EVT-00003933,2026-09-29T12:54:55-05:00,PUMP_01_FLOW,LOW_FLOW,HIGH,Low flow,1.29
EVT-00003934,2026-09-03T12:13:57-05:00,FILLER_01_PRESSURE,LOW_PRESSURE,HIGH,Low pressure,0.67
EVT-00003935,2026-09-08T08:43:56-05:00,FILTER_01_DIFF_PRESSURE,HIGH_DIFF_PRESSURE,MEDIUM,High diff pressure,2.31
EVT-00003936,2026-09-24T20:22:05-05:00,FILLER_01_PRESSURE,LOW_PRESSURE,HIGH,Low pressure,0.40
EVT-00003937,2026-09-12T15:04:48-05:00,FILLER_01_PRESSURE,LOW_PRESSURE,HIGH,Low pressure,1.27
EVT-00003938,2026-09-21T06:13:19-05:00,TANK_OUT_01_LEVEL,LOW_LEVEL,HIGH,Low level,11.73
EVT-00003939,2026-09-24T09:41:13-05:00,COMPRESSOR_01_PRESSURE,LOW_PRESSURE,HIGH,Low pressure,2.86
EVT-00003940,2026-09-13T17:24:11-05:00,FILLER_01_PRESSURE,LOW_PRESSURE,HIGH,Low pressure,0.35
EVT-00003941,2026-09-17T07:13:23-05:00,COMPRESSOR_01_PRESSURE,LOW_PRESSURE,HIGH,Low pressure,2.38
EVT-00003942,2026-09-18T21:24:43-05:00,TANK_OUT_01_LEVEL,LOW_LEVEL,HIGH,Low level,12.01
EVT-00003943,2026-09-26T07:01:08-05:00,CONVEYOR_01_MOTOR_TEMP,HIGH_TEMPERATURE,LOW,High temperature,80.14
EVT-00003944,2026-09-08T10:27:16-05:00,TANK_OUT_01_LEVEL,LOW_LEVEL,HIGH,Low level,6.24
EVT-00003945,2026-09-06T18:33:20-05:00,CONVEYOR_01_JAM,JAM,MEDIUM,Jam,1.00
EVT-00003946,2026-09-23T14:18:08-05:00,PUMP_01_FLOW,LOW_FLOW,HIGH,Low flow,4.63
EVT-00003947,2026-09-20T10:50:17-05:00,TANK_IN_01_LEVEL,LOW_LEVEL,HIGH,Low level,12.30
EVT-00003948,2026-09-08T19:20:59-05:00,FILTER_01_DIFF_PRESSURE,HIGH_DIFF_PRESSURE,MEDIUM,High diff pressure,1.76
EVT-00003949,2026-09-05T15:30:46-05:00,COMPRESSOR_01_PRESSURE,LOW_PRESSURE,HIGH,Low pressure,2.55
EVT-00003950,2026-09-08T10:26:26-05:00,TANK_IN_01_LEVEL,LOW_LEVEL,HIGH,Low level,12.99
EVT-00003951,2026-09-16T14:27:06-05:00,FILLER_01_CYCLE_FAULT,CYCLE_FAULT,CRITICAL,Cycle fault,1.00
EVT-00003952,2026-09-26T06:55:47-05:00,TANK_OUT_01_LEVEL,LOW_LEVEL,HIGH,Low level,7.53
EVT-00003953,2026-09-03T09:34:32-05:00,CONVEYOR_01_JAM,JAM,MEDIUM,Jam,1.00
EVT-00003954,2026-09-03T14:39:57-05:00,TANK_IN_01_LEVEL,HIGH_LEVEL,MEDIUM,High level,93.02
EVT-00003955,2026-09-19T09:54:49-05:00,TANK_IN_01_LEVEL,HIGH_LEVEL,MEDIUM,High level,97.12
EVT-00003956,2026-09-19T06:10:29-05:00,TANK_OUT_01_LEVEL,LOW_LEVEL,HIGH,Low level,12.91
EVT-00003957,2026-09-01T19:06:24-05:00,FILTER_01_DIFF_PRESSURE,HIGH_DIFF_PRESSURE,MEDIUM,High diff pressure,2.73
EVT-00003958,2026-09-07T16:43:16-05:00,FILLER_01_CYCLE_FAULT,CYCLE_FAULT,HIGH,Cycle fault,1.00
EVT-00003959,2026-09-09T19:44:10-05:00,COMPRESSOR_01_TEMP,HIGH_TEMPERATURE,HIGH,High temperature,112.67
EVT-00003960,2026-09-16T17:29:21-05:00,TANK_OUT_01_LEVEL,HIGH_LEVEL,MEDIUM,High level,92.80
EVT-00003961,2026-09-22T15:21:38-05:00,FILTER_01_DIFF_PRESSURE,HIGH_DIFF_PRESSURE,MEDIUM,High diff pressure,2.32
EVT-00003962,2026-09-10T10:48:34-05:00,COMPRESSOR_01_PRESSURE,LOW_PRESSURE,HIGH,Low pressure,3.72
EVT-00003963,2026-09-09T18:20:23-05:00,PUMP_01_MOTOR_FAULT,MOTOR_FAULT,CRITICAL,Motor fault,1.00
EVT-00003964,2026-09-04T19:46:25-05:00,FILLER_01_PRESSURE,LOW_PRESSURE,HIGH,Low pressure,0.56
EVT-00003965,2026-09-11T15:16:33-05:00,TANK_OUT_01_LEVEL,LOW_LEVEL,HIGH,Low level,10.63
EVT-00003966,2026-09-06T07:11:36-05:00,TANK_OUT_01_LEVEL,LOW_LEVEL,HIGH,Low level,9.84
EVT-00003967,2026-09-04T21:41:33-05:00,FILLER_01_PRESSURE,LOW_PRESSURE,HIGH,Low pressure,1.23
EVT-00003968,2026-09-29T20:58:27-05:00,FILTER_01_DIFF_PRESSURE,HIGH_DIFF_PRESSURE,MEDIUM,High diff pressure,2.06
EVT-00003969,2026-09-04T19:53:14-05:00,PUMP_01_FLOW,LOW_FLOW,HIGH,Low flow,5.74
EVT-00003970,2026-09-17T11:33:33-05:00,PUMP_01_FLOW,LOW_FLOW,HIGH,Low flow,7.55
EVT-00003971,2026-09-16T07:52:24-05:00,FILLER_01_CYCLE_FAULT,CYCLE_FAULT,HIGH,Cycle fault,1.00
EVT-00003972,2026-09-07T16:23:41-05:00,COMPRESSOR_01_PRESSURE,LOW_PRESSURE,HIGH,Low pressure,4.44
EVT-00003973,2026-09-06T09:29:36-05:00,PUMP_01_FLOW,LOW_FLOW,HIGH,Low flow,16.69
EVT-00003974,2026-09-08T21:31:00-05:00,FILTER_01_DIFF_PRESSURE,HIGH_DIFF_PRESSURE,MEDIUM,High diff pressure,2.00
EVT-00003975,2026-09-06T11:55:43-05:00,FILLER_01_PRESSURE,LOW_PRESSURE,HIGH,Low pressure,1.42
EVT-00003976,2026-09-21T16:50:08-05:00,COMPRESSOR_01_TEMP,HIGH_TEMPERATURE,HIGH,High temperature,113.07
EVT-00003977,2026-09-09T10:09:49-05:00,FILLER_01_CYCLE_FAULT,CYCLE_FAULT,HIGH,Cycle fault,1.00
EVT-00003978,2026-09-28T21:11:25-05:00,FILTER_01_PRESSURE,HIGH_PRESSURE,HIGH,High pressure,7.65
EVT-00003979,2026-09-15T12:04:30-05:00,FILTER_01_DIFF_PRESSURE,HIGH_DIFF_PRESSURE,MEDIUM,High diff pressure,2.50
EVT-00003980,2026-09-11T14:11:12-05:00,CONVEYOR_01_JAM,JAM,MEDIUM,Jam,1.00
EVT-00003981,2026-09-22T19:53:03-05:00,FILTER_01_DIFF_PRESSURE,HIGH_DIFF_PRESSURE,MEDIUM,High diff pressure,2.66
EVT-00003982,2026-09-13T07:00:24-05:00,TANK_IN_01_LEVEL,LOW_LEVEL,HIGH,Low level,9.37
EVT-00003983,2026-09-08T14:19:02-05:00,FILTER_01_DIFF_PRESSURE,HIGH_DIFF_PRESSURE,MEDIUM,High diff pressure,2.30
EVT-00003984,2026-09-23T09:40:52-05:00,TANK_IN_01_LEVEL,LOW_LEVEL,HIGH,Low level,5.27
EVT-00003985,2026-09-09T11:21:59-05:00,FILLER_01_PRESSURE,LOW_PRESSURE,HIGH,Low pressure,1.05
EVT-00003986,2026-09-14T20:23:53-05:00,TANK_IN_01_LEVEL,LOW_LEVEL,HIGH,Low level,8.83
EVT-00003987,2026-09-29T19:27:12-05:00,FILTER_01_DIFF_PRESSURE,HIGH_DIFF_PRESSURE,MEDIUM,High diff pressure,2.11
EVT-00003988,2026-09-20T15:09:20-05:00,CONVEYOR_01_JAM,JAM,MEDIUM,Jam,1.00
EVT-00003989,2026-09-04T07:21:17-05:00,CONVEYOR_01_MOTOR_TEMP,HIGH_TEMPERATURE,LOW,High temperature,75.97
EVT-00003990,2026-09-24T14:43:56-05:00,PUMP_01_FLOW,LOW_FLOW,HIGH,Low flow,15.77
EVT-00003991,2026-09-02T20:13:18-05:00,TANK_OUT_01_LEVEL,HIGH_LEVEL,MEDIUM,High level,97.75
EVT-00003992,2026-09-22T10:32:53-05:00,FILTER_01_DIFF_PRESSURE,HIGH_DIFF_PRESSURE,MEDIUM,High diff pressure,2.31
EVT-00003993,2026-09-19T12:49:37-05:00,COMPRESSOR_01_TEMP,HIGH_TEMPERATURE,HIGH,High temperature,98.42
EVT-00003994,2026-09-21T12:14:18-05:00,TANK_IN_01_LEVEL,HIGH_LEVEL,MEDIUM,High level,93.82
EVT-00003995,2026-09-15T11:10:27-05:00,TANK_OUT_01_LEVEL,LOW_LEVEL,HIGH,Low level,3.27
EVT-00003996,2026-09-29T19:39:00-05:00,FILTER_01_PRESSURE,HIGH_PRESSURE,HIGH,High pressure,6.47
EVT-00003997,2026-09-22T21:00:22-05:00,FILTER_01_DIFF_PRESSURE,HIGH_DIFF_PRESSURE,MEDIUM,High diff pressure,1.98
EVT-00003998,2026-09-19T11:26:25-05:00,CONVEYOR_01_MOTOR_TEMP,HIGH_TEMPERATURE,LOW,High temperature,82.75
EVT-00003999,2026-09-03T13:58:41-05:00,PUMP_01_FLOW,LOW_FLOW,HIGH,Low flow,6.02
EVT-00004000,2026-09-29T19:53:10-05:00,FILTER_01_DIFF_PRESSURE,HIGH_DIFF_PRESSURE,MEDIUM,High diff pressure,2.26
EVT-00004001,2026-09-27T11:18:18-05:00,TANK_OUT_01_LEVEL,LOW_LEVEL,HIGH,Low level,16
EVT-00004002,2026-09-25T07:14:16-05:00,PUMP_01_FLOW,LOW_FLOW,HIGH,Low flow,18.83
EVT-00004003,2026-09-23T19:27:14-05:00,FILLER_01_CYCLE_FAULT,CYCLE_FAULT,HIGH,Cycle fault,1.00
EVT-00004004,2026-09-12T20:03:59-05:00,COMPRESSOR_01_PRESSURE,LOW_PRESSURE,HIGH,Low pressure,3.28
EVT-00004005,2026-09-07T09:21:07-05:00,FILLER_01_CYCLE_FAULT,CYCLE_FAULT,HIGH,Cycle fault,1.00
EVT-00004006,2026-09-15T12:35:37-05:00,FILTER_01_PRESSURE,HIGH_PRESSURE,HIGH,High pressure,7.80
EVT-00004007,2026-09-23T10:42:55-05:00,PUMP_01_FLOW,LOW_FLOW,HIGH,Low flow,6.22
EVT-00004008,2026-09-30T06:25:16-05:00,TANK_OUT_01_LEVEL,HIGH_LEVEL,MEDIUM,High level,92.43
EVT-00004009,2026-09-14T13:46:45-05:00,TANK_IN_01_LEVEL,HIGH_LEVEL,MEDIUM,High level,95.05
EVT-00004010,2026-09-26T06:52:27-05:00,CONVEYOR_01_JAM,JAM,MEDIUM,Jam,1.00
EVT-00004011,2026-09-17T12:47:56-05:00,COMPRESSOR_01_PRESSURE,LOW_PRESSURE,HIGH,Low pressure,1.08
EVT-00004012,2026-09-02T15:10:44-05:00,TANK_OUT_01_LEVEL,LOW_LEVEL,HIGH,Low level,7.69
EVT-00004013,2026-09-16T11:08:43-05:00,CONVEYOR_01_JAM,JAM,MEDIUM,Jam,1.00
EVT-00004014,2026-09-24T07:22:31-05:00,FILLER_01_PRESSURE,LOW_PRESSURE,HIGH,Low pressure,1.54
EVT-00004015,2026-09-18T20:12:36-05:00,TANK_IN_01_LEVEL,HIGH_LEVEL,MEDIUM,High level,92.15
EVT-00004016,2026-09-26T15:20:52-05:00,TANK_OUT_01_LEVEL,LOW_LEVEL,HIGH,Low level,2.79
EVT-00004017,2026-09-15T17:06:19-05:00,TANK_OUT_01_LEVEL,LOW_LEVEL,HIGH,Low level,4.90
EVT-00004018,2026-09-25T18:27:03-05:00,FILLER_01_CYCLE_FAULT,CYCLE_FAULT,HIGH,Cycle fault,1.00
EVT-00004019,2026-09-15T14:12:55-05:00,CONVEYOR_01_JAM,JAM,MEDIUM,Jam,1.00
EVT-00004020,2026-09-03T09:18:26-05:00,FILLER_01_PRESSURE,LOW_PRESSURE,HIGH,Low pressure,1.75
EVT-00004021,2026-09-15T15:36:24-05:00,TANK_OUT_01_LEVEL,LOW_LEVEL,HIGH,Low level,9.85
EVT-00004022,2026-09-13T16:27:46-05:00,COMPRESSOR_01_PRESSURE,LOW_PRESSURE,HIGH,Low pressure,2.50
EVT-00004023,2026-09-27T13:05:55-05:00,TANK_IN_01_LEVEL,LOW_LEVEL,HIGH,Low level,1.38
EVT-00004024,2026-09-11T13:46:33-05:00,TANK_IN_01_LEVEL,LOW_LEVEL,HIGH,Low level,4.08
EVT-00004025,2026-09-08T16:38:17-05:00,PUMP_01_MOTOR_FAULT,MOTOR_FAULT,CRITICAL,Motor fault,1.00
EVT-00004026,2026-09-21T18:06:47-05:00,TANK_OUT_01_LEVEL,LOW_LEVEL,HIGH,Low level,5.10
EVT-00004027,2026-09-19T12:27:22-05:00,FILLER_01_CYCLE_FAULT,CYCLE_FAULT,HIGH,Cycle fault,1.00
EVT-00004028,2026-09-05T09:45:09-05:00,PUMP_01_FLOW,LOW_FLOW,HIGH,Low flow,7.31
EVT-00004029,2026-09-01T15:42:38-05:00,PUMP_01_FLOW,LOW_FLOW,HIGH,Low flow,13.32
EVT-00004030,2026-09-02T20:11:22-05:00,COMPRESSOR_01_PRESSURE,LOW_PRESSURE,HIGH,Low pressure,1.65
EVT-00004031,2026-09-03T11:57:40-05:00,TANK_OUT_01_LEVEL,LOW_LEVEL,HIGH,Low level,7.45
EVT-00004032,2026-09-22T09:48:04-05:00,COMPRESSOR_01_PRESSURE,LOW_PRESSURE,HIGH,Low pressure,2.03
EVT-00004033,2026-09-22T10:56:05-05:00,FILTER_01_DIFF_PRESSURE,HIGH_DIFF_PRESSURE,MEDIUM,High diff pressure,2.19
EVT-00004034,2026-09-07T20:03:36-05:00,COMPRESSOR_01_PRESSURE,LOW_PRESSURE,HIGH,Low pressure,2.81
EVT-00004035,2026-09-29T14:00:12-05:00,TANK_IN_01_LEVEL,LOW_LEVEL,HIGH,Low level,3.52
EVT-00004036,2026-09-13T06:27:46-05:00,CONVEYOR_01_JAM,JAM,MEDIUM,Jam,1.00
EVT-00004037,2026-09-28T19:28:10-05:00,CONVEYOR_01_MOTOR_TEMP,HIGH_TEMPERATURE,LOW,High temperature,75.27
EVT-00004038,2026-09-22T13:59:00-05:00,FILTER_01_DIFF_PRESSURE,HIGH_DIFF_PRESSURE,MEDIUM,High diff pressure,2.62
EVT-00004039,2026-09-25T12:55:36-05:00,PUMP_01_FLOW,LOW_FLOW,HIGH,Low flow,13.08
EVT-00004040,2026-09-03T09:11:15-05:00,CONVEYOR_01_JAM,JAM,MEDIUM,Jam,1.00
EVT-00004041,2026-09-07T08:11:27-05:00,PUMP_01_FLOW,LOW_FLOW,HIGH,Low flow,11.01
EVT-00004042,2026-09-12T19:38:51-05:00,FILLER_01_CYCLE_FAULT,CYCLE_FAULT,HIGH,Cycle fault,1.00
EVT-00004043,2026-09-08T07:39:10-05:00,FILTER_01_DIFF_PRESSURE,HIGH_DIFF_PRESSURE,MEDIUM,High diff pressure,2.89
EVT-00004044,2026-09-15T15:15:40-05:00,FILTER_01_DIFF_PRESSURE,HIGH_DIFF_PRESSURE,MEDIUM,High diff pressure,1.88
EVT-00004045,2026-09-01T06:07:55-05:00,COMPRESSOR_01_PRESSURE,LOW_PRESSURE,HIGH,Low pressure,2.94
EVT-00004046,2026-09-13T21:36:36-05:00,CONVEYOR_01_JAM,JAM,MEDIUM,Jam,1.00
EVT-00004047,2026-09-15T21:13:43-05:00,FILTER_01_DIFF_PRESSURE,HIGH_DIFF_PRESSURE,MEDIUM,High diff pressure,1.76
EVT-00004048,2026-09-15T10:10:31-05:00,FILTER_01_DIFF_PRESSURE,HIGH_DIFF_PRESSURE,MEDIUM,High diff pressure,1.81
EVT-00004049,2026-09-26T13:05:38-05:00,FILLER_01_PRESSURE,LOW_PRESSURE,HIGH,Low pressure,1.30
EVT-00004050,2026-09-09T19:16:56-05:00,TANK_IN_01_LEVEL,LOW_LEVEL,HIGH,Low level,7.62
EVT-00004051,2026-09-28T10:31:58-05:00,TANK_IN_01_LEVEL,LOW_LEVEL,CRITICAL,Low level,4.63
EVT-00004052,2026-09-05T15:26:28-05:00,TANK_OUT_01_LEVEL,LOW_LEVEL,HIGH,Low level,4.18
EVT-00004053,2026-09-16T19:52:37-05:00,PUMP_01_FLOW,LOW_FLOW,HIGH,Low flow,1.79
EVT-00004054,2026-09-26T09:49:11-05:00,TANK_IN_01_LEVEL,LOW_LEVEL,HIGH,Low level,7.00
EVT-00004055,2026-09-22T20:59:12-05:00,FILTER_01_DIFF_PRESSURE,HIGH_DIFF_PRESSURE,MEDIUM,High diff pressure,2.00
EVT-00004056,2026-09-08T15:26:26-05:00,FILTER_01_DIFF_PRESSURE,HIGH_DIFF_PRESSURE,MEDIUM,High diff pressure,1.98
EVT-00004057,2026-09-26T18:10:21-05:00,FILLER_01_CYCLE_FAULT,CYCLE_FAULT,HIGH,Cycle fault,1.00
EVT-00004058,2026-09-01T20:19:07-05:00,FILTER_01_DIFF_PRESSURE,HIGH_DIFF_PRESSURE,MEDIUM,High diff pressure,2.01
EVT-00004059,2026-09-07T11:34:18-05:00,TANK_IN_01_LEVEL,LOW_LEVEL,HIGH,Low level,9.26
EVT-00004060,2026-09-30T21:19:03-05:00,FILLER_01_PRESSURE,LOW_PRESSURE,HIGH,Low pressure,0.77
EVT-00004061,2026-09-01T20:15:32-05:00,FILLER_01_PRESSURE,LOW_PRESSURE,HIGH,Low pressure,0.16
EVT-00004062,2026-09-22T06:37:22-05:00,FILTER_01_DIFF_PRESSURE,HIGH_DIFF_PRESSURE,MEDIUM,High diff pressure,1.96
EVT-00004063,2026-09-02T15:49:15-05:00,COMPRESSOR_01_PRESSURE,LOW_PRESSURE,HIGH,Low pressure,2.93
EVT-00004064,2026-09-24T15:33:39-05:00,FILLER_01_CYCLE_FAULT,CYCLE_FAULT,HIGH,Cycle fault,1.00
EVT-00004065,2026-09-01T12:20:50-05:00,PUMP_01_FLOW,LOW_FLOW,HIGH,Low flow,5.56
EVT-00004066,2026-09-03T08:02:46-05:00,TANK_IN_01_LEVEL,HIGH_LEVEL,MEDIUM,High level,95.87
EVT-00004067,2026-09-14T21:35:08-05:00,FILTER_01_PRESSURE,HIGH_PRESSURE,HIGH,High pressure,8.84
EVT-00004068,2026-09-29T20:44:06-05:00,FILTER_01_DIFF_PRESSURE,HIGH_DIFF_PRESSURE,MEDIUM,High diff pressure,1.60
EVT-00004069,2026-09-22T10:40:33-05:00,FILTER_01_DIFF_PRESSURE,HIGH_DIFF_PRESSURE,MEDIUM,High diff pressure,1.92
EVT-00004070,2026-09-29T12:39:18-05:00,FILTER_01_DIFF_PRESSURE,HIGH_DIFF_PRESSURE,MEDIUM,High diff pressure,1.84
EVT-00004071,2026-09-24T21:07:46-05:00,FILTER_01_PRESSURE,HIGH_PRESSURE,HIGH,High pressure,7.10
EVT-00004072,2026-09-17T08:21:47-05:00,PUMP_01_FLOW,LOW_FLOW,HIGH,Low flow,17.49
EVT-00004073,2026-09-08T18:00:01-05:00,COMPRESSOR_01_PRESSURE,LOW_PRESSURE,HIGH,Low pressure,1.42
EVT-00004074,2026-09-23T13:21:05-05:00,FILLER_01_CYCLE_FAULT,CYCLE_FAULT,HIGH,Cycle fault,1.00
EVT-00004075,2026-09-04T10:32:49-05:00,COMPRESSOR_01_PRESSURE,LOW_PRESSURE,HIGH,Low pressure,2.15
EVT-00004076,2026-09-24T18:00:12-05:00,PUMP_01_MOTOR_FAULT,MOTOR_FAULT,CRITICAL,Motor fault,1.00
EVT-00004077,2026-09-22T18:10:01-05:00,FILTER_01_DIFF_PRESSURE,HIGH_DIFF_PRESSURE,MEDIUM,High diff pressure,2.93
EVT-00004078,2026-09-29T10:51:20-05:00,TANK_OUT_01_LEVEL,LOW_LEVEL,HIGH,Low level,3.69
EVT-00004079,2026-09-15T18:02:12-05:00,FILTER_01_DIFF_PRESSURE,HIGH_DIFF_PRESSURE,MEDIUM,High diff pressure,1.97
EVT-00004080,2026-09-30T21:29:14-05:00,TANK_OUT_01_LEVEL,HIGH_LEVEL,MEDIUM,High level,91.35
EVT-00004081,2026-09-26T13:00:33-05:00,FILLER_01_CYCLE_FAULT,CYCLE_FAULT,HIGH,Cycle fault,1.00
EVT-00004082,2026-09-06T06:15:38-05:00,CONVEYOR_01_JAM,JAM,MEDIUM,Jam,1.00
EVT-00004083,2026-09-27T20:28:06-05:00,FILLER_01_PRESSURE,LOW_PRESSURE,HIGH,Low pressure,0.70
EVT-00004084,2026-09-11T06:12:47-05:00,PUMP_01_FLOW,LOW_FLOW,HIGH,Low flow,12.71
EVT-00004085,2026-09-28T12:15:37-05:00,FILTER_01_PRESSURE,HIGH_PRESSURE,HIGH,High pressure,7.06
EVT-00004086,2026-09-27T16:30:27-05:00,FILLER_01_PRESSURE,LOW_PRESSURE,HIGH,Low pressure,1.13
EVT-00004087,2026-09-08T14:15:00-05:00,FILTER_01_DIFF_PRESSURE,HIGH_DIFF_PRESSURE,MEDIUM,High diff pressure,2.27
EVT-00004088,2026-09-04T19:33:41-05:00,TANK_OUT_01_LEVEL,LOW_LEVEL,HIGH,Low level,6.72
EVT-00004089,2026-09-17T12:08:28-05:00,FILLER_01_PRESSURE,LOW_PRESSURE,HIGH,Low pressure,0.96
EVT-00004090,2026-09-06T10:38:50-05:00,COMPRESSOR_01_TEMP,HIGH_TEMPERATURE,HIGH,High temperature,109.96
EVT-00004091,2026-09-16T20:03:14-05:00,CONVEYOR_01_JAM,JAM,MEDIUM,Jam,1.00
EVT-00004092,2026-09-22T21:35:12-05:00,FILLER_01_PRESSURE,LOW_PRESSURE,HIGH,Low pressure,0.97
EVT-00004093,2026-09-09T07:08:56-05:00,FILLER_01_CYCLE_FAULT,CYCLE_FAULT,HIGH,Cycle fault,1.00
EVT-00004094,2026-09-01T15:53:26-05:00,FILTER_01_DIFF_PRESSURE,HIGH_DIFF_PRESSURE,MEDIUM,High diff pressure,1.92
EVT-00004095,2026-09-15T21:06:39-05:00,TANK_IN_01_LEVEL,HIGH_LEVEL,MEDIUM,High level,92.13
EVT-00004096,2026-09-23T11:22:59-05:00,TANK_IN_01_LEVEL,HIGH_LEVEL,MEDIUM,High level,92.29
EVT-00004097,2026-09-10T14:14:19-05:00,CONVEYOR_01_MOTOR_TEMP,HIGH_TEMPERATURE,LOW,High temperature,79.93
EVT-00004098,2026-09-03T21:46:57-05:00,TANK_OUT_01_LEVEL,LOW_LEVEL,HIGH,Low level,11.33
EVT-00004099,2026-09-27T15:18:02-05:00,PUMP_01_FLOW,LOW_FLOW,HIGH,Low flow,4.99
EVT-00004100,2026-09-22T10:02:19-05:00,PUMP_01_FLOW,LOW_FLOW,HIGH,Low flow,16.89
EVT-00004101,2026-09-24T19:33:17-05:00,TANK_IN_01_LEVEL,LOW_LEVEL,HIGH,Low level,16
EVT-00004102,2026-09-25T08:45:46-05:00,TANK_OUT_01_LEVEL,LOW_LEVEL,HIGH,Low level,12.52
EVT-00004103,2026-09-17T06:51:19-05:00,CONVEYOR_01_MOTOR_TEMP,HIGH_TEMPERATURE,LOW,High temperature,87.38
EVT-00004104,2026-09-18T10:11:41-05:00,TANK_OUT_01_LEVEL,LOW_LEVEL,HIGH,Low level,11.87
EVT-00004105,2026-09-06T07:49:22-05:00,PUMP_01_FLOW,LOW_FLOW,HIGH,Low flow,14.93
EVT-00004106,2026-09-21T21:38:11-05:00,PUMP_01_FLOW,LOW_FLOW,HIGH,Low flow,13.66
EVT-00004107,2026-09-30T19:40:24-05:00,PUMP_01_FLOW,LOW_FLOW,HIGH,Low flow,15.66
EVT-00004108,2026-09-20T13:43:08-05:00,PUMP_01_FLOW,LOW_FLOW,HIGH,Low flow,18.57
EVT-00004109,2026-09-02T13:17:51-05:00,PUMP_01_FLOW,LOW_FLOW,HIGH,Low flow,7.07
EVT-00004110,2026-09-29T13:40:07-05:00,FILTER_01_DIFF_PRESSURE,HIGH_DIFF_PRESSURE,MEDIUM,High diff pressure,2.81
EVT-00004111,2026-09-05T19:08:07-05:00,FILTER_01_PRESSURE,HIGH_PRESSURE,HIGH,High pressure,7.63
EVT-00004112,2026-09-09T18:53:41-05:00,TANK_IN_01_LEVEL,LOW_LEVEL,HIGH,Low level,12.38
EVT-00004113,2026-09-07T19:21:08-05:00,FILLER_01_PRESSURE,LOW_PRESSURE,HIGH,Low pressure,1.66
EVT-00004114,2026-09-03T07:04:41-05:00,TANK_OUT_01_LEVEL,HIGH_LEVEL,MEDIUM,High level,98.73
EVT-00004115,2026-09-08T14:45:18-05:00,FILTER_01_DIFF_PRESSURE,HIGH_DIFF_PRESSURE,MEDIUM,High diff pressure,2.01
EVT-00004116,2026-09-26T10:24:50-05:00,FILLER_01_CYCLE_FAULT,CYCLE_FAULT,HIGH,Cycle fault,1.00
EVT-00004117,2026-09-21T13:37:40-05:00,FILLER_01_CYCLE_FAULT,CYCLE_FAULT,HIGH,Cycle fault,1.00
EVT-00004118,2026-09-08T21:11:18-05:00,TANK_OUT_01_LEVEL,HIGH_LEVEL,MEDIUM,High level,94.58
EVT-00004119,2026-09-09T08:33:23-05:00,TANK_IN_01_LEVEL,LOW_LEVEL,HIGH,Low level,9.22
EVT-00004120,2026-09-24T16:39:59-05:00,PUMP_01_FLOW,LOW_FLOW,HIGH,Low flow,14.76
EVT-00004121,2026-09-15T08:35:32-05:00,PUMP_01_FLOW,LOW_FLOW,HIGH,Low flow,14.76
EVT-00004122,2026-09-15T06:11:45-05:00,FILTER_01_DIFF_PRESSURE,HIGH_DIFF_PRESSURE,MEDIUM,High diff pressure,1.90
EVT-00004123,2026-09-17T07:52:04-05:00,TANK_OUT_01_LEVEL,LOW_LEVEL,HIGH,Low level,13.87
EVT-00004124,2026-09-08T18:01:21-05:00,TANK_OUT_01_LEVEL,HIGH_LEVEL,MEDIUM,High level,95.48
EVT-00004125,2026-09-01T15:51:11-05:00,FILTER_01_DIFF_PRESSURE,HIGH_DIFF_PRESSURE,MEDIUM,High diff pressure,2.76
EVT-00004126,2026-09-29T19:43:50-05:00,PUMP_01_FLOW,LOW_FLOW,HIGH,Low flow,15.74
EVT-00004127,2026-09-15T06:44:45-05:00,FILTER_01_DIFF_PRESSURE,HIGH_DIFF_PRESSURE,MEDIUM,High diff pressure,2.57
EVT-00004128,2026-09-09T08:03:14-05:00,CONVEYOR_01_JAM,JAM,MEDIUM,Jam,1.00
EVT-00004129,2026-09-08T21:57:05-05:00,FILTER_01_DIFF_PRESSURE,HIGH_DIFF_PRESSURE,MEDIUM,High diff pressure,2.84
EVT-00004130,2026-09-08T15:31:04-05:00,FILLER_01_CYCLE_FAULT,CYCLE_FAULT,HIGH,Cycle fault,1.00
EVT-00004131,2026-09-24T16:58:58-05:00,TANK_IN_01_LEVEL,LOW_LEVEL,HIGH,Low level,13.26
EVT-00004132,2026-09-08T21:49:34-05:00,CONVEYOR_01_MOTOR_TEMP,HIGH_TEMPERATURE,LOW,High temperature,88.40
EVT-00004133,2026-09-27T18:46:19-05:00,FILLER_01_PRESSURE,LOW_PRESSURE,HIGH,Low pressure,1.20
EVT-00004134,2026-09-01T21:44:59-05:00,FILTER_01_DIFF_PRESSURE,HIGH_DIFF_PRESSURE,MEDIUM,High diff pressure,2.31
EVT-00004135,2026-09-24T11:01:19-05:00,CONVEYOR_01_JAM,JAM,MEDIUM,Jam,1.00
EVT-00004136,2026-09-11T13:38:21-05:00,FILLER_01_PRESSURE,LOW_PRESSURE,HIGH,Low pressure,1.80
EVT-00004137,2026-09-12T07:30:45-05:00,CONVEYOR_01_JAM,JAM,MEDIUM,Jam,1.00
EVT-00004138,2026-09-26T14:50:20-05:00,TANK_IN_01_LEVEL,HIGH_LEVEL,MEDIUM,High level,93.48
EVT-00004139,2026-09-08T16:45:37-05:00,TANK_OUT_01_LEVEL,HIGH_LEVEL,MEDIUM,High level,95.44
EVT-00004140,2026-09-04T20:12:58-05:00,FILLER_01_PRESSURE,LOW_PRESSURE,HIGH,Low pressure,1.34
EVT-00004141,2026-09-27T16:17:48-05:00,TANK_OUT_01_LEVEL,LOW_LEVEL,HIGH,Low level,8.69
EVT-00004142,2026-09-28T18:09:09-05:00,FILLER_01_PRESSURE,LOW_PRESSURE,HIGH,Low pressure,1.07
EVT-00004143,2026-09-04T16:44:48-05:00,TANK_IN_01_LEVEL,LOW_LEVEL,HIGH,Low level,3.01
EVT-00004144,2026-09-04T19:54:31-05:00,TANK_OUT_01_LEVEL,LOW_LEVEL,HIGH,Low level,5.88
EVT-00004145,2026-09-29T13:40:45-05:00,FILTER_01_DIFF_PRESSURE,HIGH_DIFF_PRESSURE,MEDIUM,High diff pressure,2.60
EVT-00004146,2026-09-02T12:19:20-05:00,FILLER_01_PRESSURE,LOW_PRESSURE,HIGH,Low pressure,1.75
EVT-00004147,2026-09-28T14:23:15-05:00,CONVEYOR_01_JAM,JAM,MEDIUM,Jam,1.00
EVT-00004148,2026-09-27T20:39:30-05:00,COMPRESSOR_01_PRESSURE,LOW_PRESSURE,HIGH,Low pressure,4.21
EVT-00004149,2026-09-14T18:10:48-05:00,FILLER_01_CYCLE_FAULT,CYCLE_FAULT,HIGH,Cycle fault,1.00
EVT-00004150,2026-09-06T06:26:22-05:00,PUMP_01_FLOW,LOW_FLOW,HIGH,Low flow,13.91
EVT-00004151,2026-09-04T11:19:14-05:00,COMPRESSOR_01_PRESSURE,LOW_PRESSURE,CRITICAL,Low pressure,3.11
EVT-00004152,2026-09-24T14:18:45-05:00,CONVEYOR_01_JAM,JAM,MEDIUM,Jam,1.00
EVT-00004153,2026-09-15T12:24:53-05:00,FILTER_01_DIFF_PRESSURE,HIGH_DIFF_PRESSURE,MEDIUM,High diff pressure,2.23
EVT-00004154,2026-09-01T11:54:27-05:00,FILTER_01_DIFF_PRESSURE,HIGH_DIFF_PRESSURE,MEDIUM,High diff pressure,2.77
EVT-00004155,2026-09-21T10:47:27-05:00,FILLER_01_PRESSURE,LOW_PRESSURE,HIGH,Low pressure,0.51
EVT-00004156,2026-09-25T21:43:09-05:00,PUMP_01_FLOW,LOW_FLOW,HIGH,Low flow,12.20
EVT-00004157,2026-09-24T13:18:20-05:00,FILLER_01_PRESSURE,LOW_PRESSURE,HIGH,Low pressure,0.99
EVT-00004158,2026-09-06T21:22:39-05:00,FILLER_01_CYCLE_FAULT,CYCLE_FAULT,HIGH,Cycle fault,1.00
EVT-00004159,2026-09-11T12:24:15-05:00,CONVEYOR_01_MOTOR_TEMP,HIGH_TEMPERATURE,LOW,High temperature,83.62
EVT-00004160,2026-09-26T21:13:23-05:00,TANK_OUT_01_LEVEL,LOW_LEVEL,HIGH,Low level,5.66
EVT-00004161,2026-09-15T07:50:38-05:00,FILTER_01_DIFF_PRESSURE,HIGH_DIFF_PRESSURE,MEDIUM,High diff pressure,1.83
EVT-00004162,2026-09-11T17:19:10-05:00,FILLER_01_PRESSURE,LOW_PRESSURE,HIGH,Low pressure,1.37
EVT-00004163,2026-09-25T12:58:00-05:00,FILLER_01_PRESSURE,LOW_PRESSURE,HIGH,Low pressure,0.61
EVT-00004164,2026-09-23T14:50:13-05:00,PUMP_01_MOTOR_FAULT,MOTOR_FAULT,CRITICAL,Motor fault,1.00
EVT-00004165,2026-09-22T12:34:48-05:00,FILTER_01_DIFF_PRESSURE,HIGH_DIFF_PRESSURE,MEDIUM,High diff pressure,2.00
EVT-00004166,2026-09-11T06:17:23-05:00,COMPRESSOR_01_PRESSURE,LOW_PRESSURE,HIGH,Low pressure,1.57
EVT-00004167,2026-09-10T15:12:49-05:00,PUMP_01_FLOW,LOW_FLOW,HIGH,Low flow,15.34
EVT-00004168,2026-09-10T19:46:35-05:00,FILLER_01_PRESSURE,LOW_PRESSURE,HIGH,Low pressure,1.53
EVT-00004169,2026-09-13T17:15:32-05:00,TANK_OUT_01_LEVEL,LOW_LEVEL,HIGH,Low level,2.55
EVT-00004170,2026-09-03T18:57:19-05:00,PUMP_01_FLOW,LOW_FLOW,HIGH,Low flow,13.24
EVT-00004171,2026-09-22T13:21:58-05:00,COMPRESSOR_01_PRESSURE,LOW_PRESSURE,HIGH,Low pressure,2.34
EVT-00004172,2026-09-11T15:41:59-05:00,PUMP_01_FLOW,LOW_FLOW,HIGH,Low flow,8.24
EVT-00004173,2026-09-22T07:53:11-05:00,FILTER_01_DIFF_PRESSURE,HIGH_DIFF_PRESSURE,MEDIUM,High diff pressure,2.35
EVT-00004174,2026-09-03T11:53:42-05:00,FILLER_01_PRESSURE,LOW_PRESSURE,HIGH,Low pressure,0.67
EVT-00004175,2026-09-01T10:28:35-05:00,FILTER_01_DIFF_PRESSURE,HIGH_DIFF_PRESSURE,MEDIUM,High diff pressure,3.00
EVT-00004176,2026-09-09T06:28:47-05:00,PUMP_01_FLOW,LOW_FLOW,HIGH,Low flow,11.12
EVT-00004177,2026-09-23T09:59:10-05:00,PUMP_01_FLOW,LOW_FLOW,HIGH,Low flow,6.02
EVT-00004178,2026-09-15T17:47:40-05:00,CONVEYOR_01_MOTOR_TEMP,HIGH_TEMPERATURE,LOW,High temperature,87.62
EVT-00004179,2026-09-01T11:24:10-05:00,PUMP_01_FLOW,LOW_FLOW,HIGH,Low flow,5.99
EVT-00004180,2026-09-28T17:08:42-05:00,COMPRESSOR_01_PRESSURE,LOW_PRESSURE,HIGH,Low pressure,3.47
EVT-00004181,2026-09-14T16:07:39-05:00,CONVEYOR_01_JAM,JAM,MEDIUM,Jam,1.00
EVT-00004182,2026-09-29T16:34:29-05:00,FILTER_01_DIFF_PRESSURE,HIGH_DIFF_PRESSURE,MEDIUM,High diff pressure,2.62
EVT-00004183,2026-09-29T13:02:49-05:00,FILLER_01_PRESSURE,LOW_PRESSURE,HIGH,Low pressure,0.76
EVT-00004184,2026-09-12T20:37:33-05:00,FILLER_01_PRESSURE,LOW_PRESSURE,HIGH,Low pressure,0.77
EVT-00004185,2026-09-15T10:16:21-05:00,FILTER_01_DIFF_PRESSURE,HIGH_DIFF_PRESSURE,MEDIUM,High diff pressure,2.41
EVT-00004186,2026-09-03T18:37:09-05:00,TANK_OUT_01_LEVEL,LOW_LEVEL,HIGH,Low level,3.75
EVT-00004187,2026-09-08T20:28:57-05:00,FILTER_01_DIFF_PRESSURE,HIGH_DIFF_PRESSURE,MEDIUM,High diff pressure,2.97
EVT-00004188,2026-09-04T20:16:34-05:00,TANK_OUT_01_LEVEL,HIGH_LEVEL,MEDIUM,High level,96.19
EVT-00004189,2026-09-18T11:42:24-05:00,FILLER_01_PRESSURE,LOW_PRESSURE,HIGH,Low pressure,0.36
EVT-00004190,2026-09-20T10:08:50-05:00,CONVEYOR_01_JAM,JAM,MEDIUM,Jam,1.00
EVT-00004191,2026-09-21T16:05:11-05:00,FILLER_01_PRESSURE,LOW_PRESSURE,HIGH,Low pressure,0.67
EVT-00004192,2026-09-19T21:13:48-05:00,FILTER_01_PRESSURE,HIGH_PRESSURE,HIGH,High pressure,6.37
EVT-00004193,2026-09-15T15:03:00-05:00,FILTER_01_PRESSURE,HIGH_PRESSURE,HIGH,High pressure,8.33
EVT-00004194,2026-09-06T06:24:09-05:00,TANK_IN_01_LEVEL,LOW_LEVEL,HIGH,Low level,12.46
EVT-00004195,2026-09-01T12:19:40-05:00,FILTER_01_DIFF_PRESSURE,HIGH_DIFF_PRESSURE,MEDIUM,High diff pressure,2.82
EVT-00004196,2026-09-05T07:09:39-05:00,CONVEYOR_01_MOTOR_TEMP,HIGH_TEMPERATURE,LOW,High temperature,84.96
EVT-00004197,2026-09-15T16:22:19-05:00,FILTER_01_DIFF_PRESSURE,HIGH_DIFF_PRESSURE,MEDIUM,High diff pressure,2.24
EVT-00004198,2026-09-24T06:30:07-05:00,COMPRESSOR_01_PRESSURE,LOW_PRESSURE,HIGH,Low pressure,4.65
EVT-00004199,2026-09-14T18:49:11-05:00,TANK_OUT_01_LEVEL,HIGH_LEVEL,MEDIUM,High level,98.82
EVT-00004200,2026-09-13T09:55:03-05:00,COMPRESSOR_01_PRESSURE,LOW_PRESSURE,HIGH,Low pressure,4.38
EVT-00004201,2026-09-29T18:41:32-05:00,FILTER_01_DIFF_PRESSURE,HIGH_DIFF_PRESSURE,MEDIUM,High diff pressure,0.5
EVT-00004202,2026-09-29T20:32:05-05:00,FILTER_01_DIFF_PRESSURE,HIGH_DIFF_PRESSURE,MEDIUM,High diff pressure,2.90
EVT-00004203,2026-09-05T19:57:00-05:00,COMPRESSOR_01_PRESSURE,LOW_PRESSURE,HIGH,Low pressure,3.76
EVT-00004204,2026-09-19T11:43:28-05:00,COMPRESSOR_01_TEMP,HIGH_TEMPERATURE,HIGH,High temperature,96.27
EVT-00004205,2026-09-02T18:57:49-05:00,COMPRESSOR_01_TEMP,HIGH_TEMPERATURE,HIGH,High temperature,110.67
EVT-00004206,2026-09-25T07:17:33-05:00,TANK_OUT_01_LEVEL,HIGH_LEVEL,MEDIUM,High level,97.28
EVT-00004207,2026-09-14T19:17:46-05:00,TANK_IN_01_LEVEL,LOW_LEVEL,HIGH,Low level,4.30
EVT-00004208,2026-09-08T16:57:01-05:00,FILLER_01_CYCLE_FAULT,CYCLE_FAULT,HIGH,Cycle fault,1.00
EVT-00004209,2026-09-01T17:49:19-05:00,CONVEYOR_01_JAM,JAM,MEDIUM,Jam,1.00
EVT-00004210,2026-09-11T07:37:19-05:00,FILLER_01_CYCLE_FAULT,CYCLE_FAULT,HIGH,Cycle fault,1.00
EVT-00004211,2026-09-19T18:45:36-05:00,COMPRESSOR_01_PRESSURE,LOW_PRESSURE,HIGH,Low pressure,4.50
EVT-00004212,2026-09-22T12:56:28-05:00,FILTER_01_DIFF_PRESSURE,HIGH_DIFF_PRESSURE,MEDIUM,High diff pressure,2.81
EVT-00004213,2026-09-11T09:19:52-05:00,PUMP_01_FLOW,LOW_FLOW,HIGH,Low flow,2.96
EVT-00004214,2026-09-08T18:52:31-05:00,FILTER_01_DIFF_PRESSURE,HIGH_DIFF_PRESSURE,MEDIUM,High diff pressure,2.70
EVT-00004215,2026-09-16T07:39:06-05:00,COMPRESSOR_01_PRESSURE,LOW_PRESSURE,HIGH,Low pressure,1.94
EVT-00004216,2026-09-07T10:07:33-05:00,PUMP_01_MOTOR_FAULT,MOTOR_FAULT,CRITICAL,Motor fault,1.00
EVT-00004217,2026-09-21T07:29:05-05:00,COMPRESSOR_01_TEMP,HIGH_TEMPERATURE,HIGH,High temperature,109.91
EVT-00004218,2026-09-01T15:32:12-05:00,FILTER_01_DIFF_PRESSURE,HIGH_DIFF_PRESSURE,MEDIUM,High diff pressure,2.25
EVT-00004219,2026-09-20T07:06:31-05:00,TANK_IN_01_LEVEL,LOW_LEVEL,HIGH,Low level,12.40
EVT-00004220,2026-09-12T07:44:18-05:00,TANK_IN_01_LEVEL,LOW_LEVEL,HIGH,Low level,4.45
EVT-00004221,2026-09-17T06:13:44-05:00,TANK_IN_01_LEVEL,LOW_LEVEL,HIGH,Low level,1.09
EVT-00004222,2026-09-15T06:30:12-05:00,FILTER_01_DIFF_PRESSURE,HIGH_DIFF_PRESSURE,MEDIUM,High diff pressure,2.55
EVT-00004223,2026-09-06T09:25:52-05:00,CONVEYOR_01_MOTOR_TEMP,HIGH_TEMPERATURE,LOW,High temperature,84.03
EVT-00004224,2026-09-06T15:44:35-05:00,FILLER_01_PRESSURE,LOW_PRESSURE,HIGH,Low pressure,0.65
EVT-00004225,2026-09-04T21:52:33-05:00,COMPRESSOR_01_TEMP,HIGH_TEMPERATURE,HIGH,High temperature,102.33
EVT-00004226,2026-09-19T09:13:15-05:00,TANK_OUT_01_LEVEL,HIGH_LEVEL,MEDIUM,High level,95.51
EVT-00004227,2026-09-29T20:03:12-05:00,FILLER_01_PRESSURE,LOW_PRESSURE,HIGH,Low pressure,0.55
EVT-00004228,2026-09-27T20:54:33-05:00,TANK_OUT_01_LEVEL,LOW_LEVEL,HIGH,Low level,10.11
EVT-00004229,2026-09-02T15:47:11-05:00,TANK_IN_01_LEVEL,LOW_LEVEL,HIGH,Low level,3.46
EVT-00004230,2026-09-10T11:18:19-05:00,CONVEYOR_01_JAM,JAM,MEDIUM,Jam,1.00
EVT-00004231,2026-09-08T16:44:33-05:00,FILTER_01_DIFF_PRESSURE,HIGH_DIFF_PRESSURE,MEDIUM,High diff pressure,2.92
EVT-00004232,2026-09-04T15:03:34-05:00,PUMP_01_FLOW,LOW_FLOW,HIGH,Low flow,4.95
EVT-00004233,2026-09-20T12:08:31-05:00,TANK_OUT_01_LEVEL,HIGH_LEVEL,MEDIUM,High level,95.65
EVT-00004234,2026-09-18T21:08:30-05:00,COMPRESSOR_01_PRESSURE,LOW_PRESSURE,HIGH,Low pressure,2.99
EVT-00004235,2026-09-04T18:10:24-05:00,FILLER_01_CYCLE_FAULT,CYCLE_FAULT,HIGH,Cycle fault,1.00
EVT-00004236,2026-09-15T08:34:25-05:00,FILTER_01_DIFF_PRESSURE,HIGH_DIFF_PRESSURE,MEDIUM,High diff pressure,2.21
EVT-00004237,2026-09-16T09:25:43-05:00,COMPRESSOR_01_PRESSURE,LOW_PRESSURE,HIGH,Low pressure,3.06
EVT-00004238,2026-09-02T14:44:45-05:00,TANK_IN_01_LEVEL,LOW_LEVEL,HIGH,Low level,13.10
EVT-00004239,2026-09-17T07:39:20-05:00,TANK_IN_01_LEVEL,HIGH_LEVEL,MEDIUM,High level,97.79
EVT-00004240,2026-09-30T15:35:59-05:00,FILLER_01_PRESSURE,LOW_PRESSURE,HIGH,Low pressure,1.54
EVT-00004241,2026-09-18T15:29:48-05:00,TANK_OUT_01_LEVEL,LOW_LEVEL,HIGH,Low level,9.07
EVT-00004242,2026-09-21T09:39:28-05:00,FILLER_01_CYCLE_FAULT,CYCLE_FAULT,HIGH,Cycle fault,1.00
EVT-00004243,2026-09-22T19:53:58-05:00,FILTER_01_DIFF_PRESSURE,HIGH_DIFF_PRESSURE,MEDIUM,High diff pressure,2.10
EVT-00004244,2026-09-22T13:21:32-05:00,FILTER_01_DIFF_PRESSURE,HIGH_DIFF_PRESSURE,MEDIUM,High diff pressure,2.71
EVT-00004245,2026-09-22T06:26:01-05:00,FILTER_01_DIFF_PRESSURE,HIGH_DIFF_PRESSURE,MEDIUM,High diff pressure,2.85
EVT-00004246,2026-09-18T14:48:46-05:00,TANK_IN_01_LEVEL,HIGH_LEVEL,MEDIUM,High level,97.24
EVT-00004247,2026-09-22T20:18:54-05:00,FILTER_01_DIFF_PRESSURE,HIGH_DIFF_PRESSURE,MEDIUM,High diff pressure,2.33
EVT-00004248,2026-09-23T07:00:12-05:00,FILLER_01_CYCLE_FAULT,CYCLE_FAULT,HIGH,Cycle fault,1.00
EVT-00004249,2026-09-03T11:35:27-05:00,PUMP_01_FLOW,LOW_FLOW,HIGH,Low flow,13.03
EVT-00004250,2026-09-19T15:52:52-05:00,FILLER_01_CYCLE_FAULT,CYCLE_FAULT,HIGH,Cycle fault,1.00
EVT-00004251,2026-09-24T06:52:22-05:00,FILLER_01_PRESSURE,LOW_PRESSURE,CRITICAL,Low pressure,1.46
EVT-00004252,2026-09-10T13:00:24-05:00,TANK_IN_01_LEVEL,LOW_LEVEL,HIGH,Low level,4.85
EVT-00004253,2026-09-29T06:57:16-05:00,FILTER_01_DIFF_PRESSURE,HIGH_DIFF_PRESSURE,MEDIUM,High diff pressure,2.71
EVT-00004254,2026-09-17T21:27:34-05:00,FILLER_01_CYCLE_FAULT,CYCLE_FAULT,HIGH,Cycle fault,1.00
EVT-00004255,2026-09-22T18:43:41-05:00,TANK_OUT_01_LEVEL,LOW_LEVEL,HIGH,Low level,1.91
EVT-00004256,2026-09-04T14:19:25-05:00,COMPRESSOR_01_PRESSURE,LOW_PRESSURE,HIGH,Low pressure,1.95
EVT-00004257,2026-09-23T11:49:51-05:00,COMPRESSOR_01_PRESSURE,LOW_PRESSURE,HIGH,Low pressure,1.37
EVT-00004258,2026-09-16T09:45:48-05:00,FILLER_01_PRESSURE,LOW_PRESSURE,HIGH,Low pressure,1.56
EVT-00004259,2026-09-01T06:49:24-05:00,FILLER_01_PRESSURE,LOW_PRESSURE,HIGH,Low pressure,1.07
EVT-00004260,2026-09-23T08:07:03-05:00,PUMP_01_FLOW,LOW_FLOW,HIGH,Low flow,6.94
EVT-00004261,2026-09-08T18:00:27-05:00,TANK_IN_01_LEVEL,LOW_LEVEL,HIGH,Low level,7.77
EVT-00004262,2026-09-13T21:02:50-05:00,COMPRESSOR_01_TEMP,HIGH_TEMPERATURE,HIGH,High temperature,105.35
EVT-00004263,2026-09-22T06:48:53-05:00,FILTER_01_DIFF_PRESSURE,HIGH_DIFF_PRESSURE,MEDIUM,High diff pressure,1.99
EVT-00004264,2026-09-08T17:19:07-05:00,PUMP_01_FLOW,LOW_FLOW,HIGH,Low flow,14.69
EVT-00004265,2026-09-30T13:41:51-05:00,PUMP_01_MOTOR_FAULT,MOTOR_FAULT,CRITICAL,Motor fault,1.00
EVT-00004266,2026-09-29T17:53:37-05:00,PUMP_01_FLOW,LOW_FLOW,HIGH,Low flow,16.08
EVT-00004267,2026-09-14T18:33:58-05:00,COMPRESSOR_01_PRESSURE,LOW_PRESSURE,HIGH,Low pressure,1.05
EVT-00004268,2026-09-22T12:51:55-05:00,FILTER_01_DIFF_PRESSURE,HIGH_DIFF_PRESSURE,MEDIUM,High diff pressure,2.31
EVT-00004269,2026-09-07T20:52:04-05:00,CONVEYOR_01_JAM,JAM,MEDIUM,Jam,1.00
EVT-00004270,2026-09-01T17:24:20-05:00,PUMP_01_MOTOR_FAULT,MOTOR_FAULT,CRITICAL,Motor fault,1.00
EVT-00004271,2026-09-25T14:10:34-05:00,TANK_IN_01_LEVEL,LOW_LEVEL,HIGH,Low level,3.63
EVT-00004272,2026-09-08T07:17:01-05:00,FILLER_01_PRESSURE,LOW_PRESSURE,HIGH,Low pressure,1.73
EVT-00004273,2026-09-06T20:24:11-05:00,TANK_IN_01_LEVEL,HIGH_LEVEL,MEDIUM,High level,96.00
EVT-00004274,2026-09-18T11:57:35-05:00,TANK_IN_01_LEVEL,LOW_LEVEL,HIGH,Low level,4.42
EVT-00004275,2026-09-09T18:23:43-05:00,COMPRESSOR_01_PRESSURE,LOW_PRESSURE,HIGH,Low pressure,4.66
EVT-00004276,2026-09-13T11:11:05-05:00,COMPRESSOR_01_PRESSURE,LOW_PRESSURE,HIGH,Low pressure,3.74
EVT-00004277,2026-09-29T10:45:37-05:00,FILTER_01_DIFF_PRESSURE,HIGH_DIFF_PRESSURE,MEDIUM,High diff pressure,1.87
EVT-00004278,2026-09-13T20:58:48-05:00,FILLER_01_CYCLE_FAULT,CYCLE_FAULT,HIGH,Cycle fault,1.00
EVT-00004279,2026-09-18T21:24:33-05:00,COMPRESSOR_01_PRESSURE,LOW_PRESSURE,HIGH,Low pressure,3.54
EVT-00004280,2026-09-17T06:38:59-05:00,PUMP_01_FLOW,LOW_FLOW,HIGH,Low flow,10.60
EVT-00004281,2026-09-04T10:09:44-05:00,FILTER_01_PRESSURE,HIGH_PRESSURE,HIGH,High pressure,6.29
EVT-00004282,2026-09-06T07:31:19-05:00,CONVEYOR_01_JAM,JAM,MEDIUM,Jam,1.00
EVT-00004283,2026-09-20T12:45:07-05:00,PUMP_01_FLOW,LOW_FLOW,HIGH,Low flow,9.97
EVT-00004284,2026-09-15T16:52:05-05:00,FILLER_01_CYCLE_FAULT,CYCLE_FAULT,HIGH,Cycle fault,1.00
EVT-00004285,2026-09-17T19:57:32-05:00,FILLER_01_PRESSURE,LOW_PRESSURE,HIGH,Low pressure,0.58
EVT-00004286,2026-09-24T11:47:15-05:00,FILLER_01_CYCLE_FAULT,CYCLE_FAULT,HIGH,Cycle fault,1.00
EVT-00004287,2026-09-05T12:12:50-05:00,TANK_OUT_01_LEVEL,LOW_LEVEL,HIGH,Low level,6.13
EVT-00004288,2026-09-12T14:24:39-05:00,COMPRESSOR_01_PRESSURE,LOW_PRESSURE,HIGH,Low pressure,2.02
EVT-00004289,2026-09-02T13:07:25-05:00,COMPRESSOR_01_PRESSURE,LOW_PRESSURE,HIGH,Low pressure,2.94
EVT-00004290,2026-09-10T15:12:14-05:00,PUMP_01_FLOW,LOW_FLOW,HIGH,Low flow,2.30
EVT-00004291,2026-09-21T09:32:16-05:00,PUMP_01_FLOW,LOW_FLOW,HIGH,Low flow,7.87
EVT-00004292,2026-09-15T06:27:38-05:00,FILLER_01_PRESSURE,LOW_PRESSURE,HIGH,Low pressure,1.22
EVT-00004293,2026-09-08T16:57:10-05:00,TANK_IN_01_LEVEL,LOW_LEVEL,HIGH,Low level,11.82
EVT-00004294,2026-09-08T08:36:35-05:00,FILTER_01_DIFF_PRESSURE,HIGH_DIFF_PRESSURE,MEDIUM,High diff pressure,3.00
EVT-00004295,2026-09-02T08:01:38-05:00,COMPRESSOR_01_PRESSURE,LOW_PRESSURE,HIGH,Low pressure,4.50
EVT-00004296,2026-09-17T15:43:34-05:00,TANK_IN_01_LEVEL,LOW_LEVEL,HIGH,Low level,1.35
EVT-00004297,2026-09-06T19:10:53-05:00,FILLER_01_PRESSURE,LOW_PRESSURE,HIGH,Low pressure,0.92
EVT-00004298,2026-09-08T07:53:22-05:00,FILTER_01_DIFF_PRESSURE,HIGH_DIFF_PRESSURE,MEDIUM,High diff pressure,2.19
EVT-00004299,2026-09-01T16:14:37-05:00,TANK_IN_01_LEVEL,LOW_LEVEL,HIGH,Low level,2.19
EVT-00004300,2026-09-25T16:19:15-05:00,CONVEYOR_01_JAM,JAM,MEDIUM,Jam,1.00
EVT-00004301,2026-09-25T17:26:15-05:00,CONVEYOR_01_MOTOR_TEMP,HIGH_TEMPERATURE,LOW,High temperature,69
EVT-00004302,2026-09-03T06:21:37-05:00,TANK_OUT_01_LEVEL,LOW_LEVEL,HIGH,Low level,10.75
EVT-00004303,2026-09-21T13:01:40-05:00,COMPRESSOR_01_PRESSURE,LOW_PRESSURE,HIGH,Low pressure,2.44
EVT-00004304,2026-09-13T14:11:09-05:00,FILLER_01_PRESSURE,LOW_PRESSURE,HIGH,Low pressure,0.70
EVT-00004305,2026-09-20T10:33:06-05:00,FILLER_01_PRESSURE,LOW_PRESSURE,HIGH,Low pressure,0.98
EVT-00004306,2026-09-21T14:16:57-05:00,COMPRESSOR_01_TEMP,HIGH_TEMPERATURE,HIGH,High temperature,115.62
EVT-00004307,2026-09-05T14:16:07-05:00,COMPRESSOR_01_PRESSURE,LOW_PRESSURE,HIGH,Low pressure,3.74
EVT-00004308,2026-09-08T08:37:43-05:00,COMPRESSOR_01_PRESSURE,LOW_PRESSURE,HIGH,Low pressure,2.46
EVT-00004309,2026-09-06T13:04:17-05:00,FILLER_01_PRESSURE,LOW_PRESSURE,HIGH,Low pressure,0.75
EVT-00004310,2026-09-12T19:28:17-05:00,COMPRESSOR_01_PRESSURE,LOW_PRESSURE,HIGH,Low pressure,1.10
EVT-00004311,2026-09-15T08:37:16-05:00,FILTER_01_DIFF_PRESSURE,HIGH_DIFF_PRESSURE,MEDIUM,High diff pressure,1.70
EVT-00004312,2026-09-23T15:51:27-05:00,FILTER_01_PRESSURE,HIGH_PRESSURE,HIGH,High pressure,7.26
EVT-00004313,2026-09-05T21:17:39-05:00,COMPRESSOR_01_TEMP,HIGH_TEMPERATURE,HIGH,High temperature,110.45
EVT-00004314,2026-09-13T13:39:59-05:00,PUMP_01_FLOW,LOW_FLOW,HIGH,Low flow,9.55
EVT-00004315,2026-09-15T14:04:50-05:00,FILTER_01_PRESSURE,HIGH_PRESSURE,HIGH,High pressure,8.08
EVT-00004316,2026-09-11T11:56:05-05:00,FILTER_01_PRESSURE,HIGH_PRESSURE,HIGH,High pressure,8.14
EVT-00004317,2026-09-17T09:44:54-05:00,PUMP_01_FLOW,LOW_FLOW,HIGH,Low flow,6.03
EVT-00004318,2026-09-07T16:20:49-05:00,PUMP_01_FLOW,LOW_FLOW,HIGH,Low flow,4.98
EVT-00004319,2026-09-24T18:00:09-05:00,COMPRESSOR_01_PRESSURE,LOW_PRESSURE,HIGH,Low pressure,4.16
EVT-00004320,2026-09-22T15:58:47-05:00,FILTER_01_DIFF_PRESSURE,HIGH_DIFF_PRESSURE,MEDIUM,High diff pressure,2.64
EVT-00004321,2026-09-15T09:53:12-05:00,FILTER_01_DIFF_PRESSURE,HIGH_DIFF_PRESSURE,MEDIUM,High diff pressure,2.60
EVT-00004322,2026-09-04T15:52:54-05:00,PUMP_01_FLOW,LOW_FLOW,HIGH,Low flow,14.35
EVT-00004323,2026-09-29T13:30:08-05:00,FILTER_01_DIFF_PRESSURE,HIGH_DIFF_PRESSURE,MEDIUM,High diff pressure,1.73
EVT-00004324,2026-09-11T16:02:35-05:00,PUMP_01_FLOW,LOW_FLOW,HIGH,Low flow,4.20
EVT-00004325,2026-09-30T15:25:14-05:00,FILLER_01_PRESSURE,LOW_PRESSURE,HIGH,Low pressure,1.20
EVT-00004326,2026-09-15T06:26:02-05:00,PUMP_01_FLOW,LOW_FLOW,HIGH,Low flow,15.21
EVT-00004327,2026-09-19T18:08:32-05:00,PUMP_01_FLOW,LOW_FLOW,HIGH,Low flow,4.52
EVT-00004328,2026-09-29T20:00:12-05:00,FILTER_01_DIFF_PRESSURE,HIGH_DIFF_PRESSURE,MEDIUM,High diff pressure,1.99
EVT-00004329,2026-09-19T20:13:59-05:00,FILLER_01_PRESSURE,LOW_PRESSURE,HIGH,Low pressure,0.60
EVT-00004330,2026-09-11T14:31:48-05:00,PUMP_01_FLOW,LOW_FLOW,HIGH,Low flow,6.03
EVT-00004331,2026-09-05T19:52:59-05:00,CONVEYOR_01_MOTOR_TEMP,HIGH_TEMPERATURE,LOW,High temperature,80.96
EVT-00004332,2026-09-29T15:39:32-05:00,FILTER_01_DIFF_PRESSURE,HIGH_DIFF_PRESSURE,MEDIUM,High diff pressure,1.69
EVT-00004333,2026-09-26T07:11:23-05:00,FILLER_01_PRESSURE,LOW_PRESSURE,HIGH,Low pressure,0.31
EVT-00004334,2026-09-30T21:41:48-05:00,TANK_IN_01_LEVEL,LOW_LEVEL,HIGH,Low level,2.08
EVT-00004335,2026-09-01T11:42:12-05:00,FILTER_01_DIFF_PRESSURE,HIGH_DIFF_PRESSURE,MEDIUM,High diff pressure,2.51
EVT-00004336,2026-09-05T09:52:39-05:00,PUMP_01_FLOW,LOW_FLOW,HIGH,Low flow,7.29
EVT-00004337,2026-09-12T17:20:44-05:00,CONVEYOR_01_JAM,JAM,MEDIUM,Jam,1.00
EVT-00004338,2026-09-27T14:07:49-05:00,TANK_OUT_01_LEVEL,HIGH_LEVEL,MEDIUM,High level,95.86
EVT-00004339,2026-09-08T11:16:28-05:00,FILTER_01_DIFF_PRESSURE,HIGH_DIFF_PRESSURE,MEDIUM,High diff pressure,2.37
EVT-00004340,2026-09-18T08:54:33-05:00,TANK_IN_01_LEVEL,HIGH_LEVEL,MEDIUM,High level,92.55
EVT-00004341,2026-09-04T15:41:25-05:00,PUMP_01_FLOW,LOW_FLOW,HIGH,Low flow,13.66
EVT-00004342,2026-09-29T16:03:16-05:00,FILTER_01_DIFF_PRESSURE,HIGH_DIFF_PRESSURE,MEDIUM,High diff pressure,2.80
EVT-00004343,2026-09-09T18:33:37-05:00,FILLER_01_PRESSURE,LOW_PRESSURE,HIGH,Low pressure,0.73
EVT-00004344,2026-09-22T08:40:10-05:00,COMPRESSOR_01_TEMP,HIGH_TEMPERATURE,HIGH,High temperature,114.22
EVT-00004345,2026-09-02T08:28:06-05:00,TANK_IN_01_LEVEL,HIGH_LEVEL,MEDIUM,High level,94.90
EVT-00004346,2026-09-16T09:06:11-05:00,FILTER_01_PRESSURE,HIGH_PRESSURE,HIGH,High pressure,6.20
EVT-00004347,2026-09-27T12:35:49-05:00,TANK_OUT_01_LEVEL,HIGH_LEVEL,MEDIUM,High level,95.51
EVT-00004348,2026-09-06T14:08:36-05:00,TANK_OUT_01_LEVEL,HIGH_LEVEL,MEDIUM,High level,91.20
EVT-00004349,2026-09-22T16:19:04-05:00,COMPRESSOR_01_TEMP,HIGH_TEMPERATURE,HIGH,High temperature,110.08
EVT-00004350,2026-09-03T12:44:06-05:00,COMPRESSOR_01_PRESSURE,LOW_PRESSURE,HIGH,Low pressure,1.35
EVT-00004351,2026-09-20T11:27:47-05:00,PUMP_01_FLOW,LOW_FLOW,CRITICAL,Low flow,14.87
EVT-00004352,2026-09-08T08:01:12-05:00,FILTER_01_DIFF_PRESSURE,HIGH_DIFF_PRESSURE,MEDIUM,High diff pressure,2.10
EVT-00004353,2026-09-11T11:19:19-05:00,COMPRESSOR_01_PRESSURE,LOW_PRESSURE,HIGH,Low pressure,4.64
EVT-00004354,2026-09-26T07:30:44-05:00,CONVEYOR_01_JAM,JAM,MEDIUM,Jam,1.00
EVT-00004355,2026-09-26T15:00:23-05:00,TANK_OUT_01_LEVEL,HIGH_LEVEL,MEDIUM,High level,91.16
EVT-00004356,2026-09-19T13:36:16-05:00,FILLER_01_PRESSURE,LOW_PRESSURE,HIGH,Low pressure,0.53
EVT-00004357,2026-09-15T09:29:44-05:00,FILTER_01_DIFF_PRESSURE,HIGH_DIFF_PRESSURE,MEDIUM,High diff pressure,2.91
EVT-00004358,2026-09-29T06:25:36-05:00,FILTER_01_DIFF_PRESSURE,HIGH_DIFF_PRESSURE,MEDIUM,High diff pressure,2.85
EVT-00004359,2026-09-08T06:56:48-05:00,FILTER_01_DIFF_PRESSURE,HIGH_DIFF_PRESSURE,MEDIUM,High diff pressure,2.21
EVT-00004360,2026-09-09T14:10:21-05:00,FILLER_01_PRESSURE,LOW_PRESSURE,HIGH,Low pressure,1.20
EVT-00004361,2026-09-15T19:39:11-05:00,FILTER_01_DIFF_PRESSURE,HIGH_DIFF_PRESSURE,MEDIUM,High diff pressure,2.77
EVT-00004362,2026-09-11T16:02:08-05:00,FILLER_01_PRESSURE,LOW_PRESSURE,HIGH,Low pressure,0.18
EVT-00004363,2026-09-30T17:21:45-05:00,PUMP_01_FLOW,LOW_FLOW,HIGH,Low flow,1.21
EVT-00004364,2026-09-01T11:30:38-05:00,FILLER_01_CYCLE_FAULT,CYCLE_FAULT,HIGH,Cycle fault,1.00
EVT-00004365,2026-09-16T12:55:04-05:00,PUMP_01_FLOW,LOW_FLOW,HIGH,Low flow,8.95
EVT-00004366,2026-09-22T10:55:13-05:00,TANK_IN_01_LEVEL,LOW_LEVEL,HIGH,Low level,8.68
EVT-00004367,2026-09-29T21:32:23-05:00,FILTER_01_DIFF_PRESSURE,HIGH_DIFF_PRESSURE,MEDIUM,High diff pressure,2.68
EVT-00004368,2026-09-15T08:24:33-05:00,FILTER_01_DIFF_PRESSURE,HIGH_DIFF_PRESSURE,MEDIUM,High diff pressure,2.48
EVT-00004369,2026-09-18T09:30:42-05:00,FILLER_01_PRESSURE,LOW_PRESSURE,HIGH,Low pressure,1.35
EVT-00004370,2026-09-01T14:11:22-05:00,FILTER_01_DIFF_PRESSURE,HIGH_DIFF_PRESSURE,MEDIUM,High diff pressure,1.81
EVT-00004371,2026-09-30T11:48:00-05:00,CONVEYOR_01_JAM,JAM,MEDIUM,Jam,1.00
EVT-00004372,2026-09-05T20:40:36-05:00,TANK_IN_01_LEVEL,LOW_LEVEL,HIGH,Low level,3.19
EVT-00004373,2026-09-06T12:47:50-05:00,PUMP_01_MOTOR_FAULT,MOTOR_FAULT,CRITICAL,Motor fault,1.00
EVT-00004374,2026-09-26T10:18:48-05:00,PUMP_01_FLOW,LOW_FLOW,HIGH,Low flow,16.95
EVT-00004375,2026-09-03T06:10:32-05:00,TANK_IN_01_LEVEL,LOW_LEVEL,HIGH,Low level,1.27
EVT-00004376,2026-09-11T21:50:26-05:00,FILLER_01_CYCLE_FAULT,CYCLE_FAULT,HIGH,Cycle fault,1.00
EVT-00004377,2026-09-21T21:51:44-05:00,PUMP_01_FLOW,LOW_FLOW,HIGH,Low flow,10.43
EVT-00004378,2026-09-11T20:18:39-05:00,FILLER_01_PRESSURE,LOW_PRESSURE,HIGH,Low pressure,1.80
EVT-00004379,2026-09-04T07:01:20-05:00,TANK_IN_01_LEVEL,HIGH_LEVEL,MEDIUM,High level,98.21
EVT-00004380,2026-09-30T19:34:54-05:00,PUMP_01_FLOW,LOW_FLOW,HIGH,Low flow,2.66
EVT-00004381,2026-09-23T07:40:02-05:00,PUMP_01_FLOW,LOW_FLOW,HIGH,Low flow,1.07
EVT-00004382,2026-09-08T09:49:36-05:00,FILTER_01_DIFF_PRESSURE,HIGH_DIFF_PRESSURE,MEDIUM,High diff pressure,1.72
EVT-00004383,2026-09-13T11:49:58-05:00,FILLER_01_PRESSURE,LOW_PRESSURE,HIGH,Low pressure,1.70
EVT-00004384,2026-09-16T20:52:59-05:00,TANK_OUT_01_LEVEL,LOW_LEVEL,HIGH,Low level,5.04
EVT-00004385,2026-09-16T17:01:19-05:00,FILLER_01_PRESSURE,LOW_PRESSURE,HIGH,Low pressure,1.90
EVT-00004386,2026-09-10T19:19:03-05:00,PUMP_01_FLOW,LOW_FLOW,HIGH,Low flow,14.84
EVT-00004387,2026-09-28T07:06:55-05:00,TANK_OUT_01_LEVEL,HIGH_LEVEL,MEDIUM,High level,95.53
EVT-00004388,2026-09-01T07:26:53-05:00,PUMP_01_FLOW,LOW_FLOW,HIGH,Low flow,4.60
EVT-00004389,2026-09-09T08:37:10-05:00,COMPRESSOR_01_TEMP,HIGH_TEMPERATURE,HIGH,High temperature,118.20
EVT-00004390,2026-09-07T18:44:33-05:00,TANK_OUT_01_LEVEL,LOW_LEVEL,HIGH,Low level,3.53
EVT-00004391,2026-09-03T09:25:33-05:00,FILLER_01_PRESSURE,LOW_PRESSURE,HIGH,Low pressure,0.57
EVT-00004392,2026-09-25T10:08:43-05:00,CONVEYOR_01_MOTOR_TEMP,HIGH_TEMPERATURE,LOW,High temperature,74.32
EVT-00004393,2026-09-29T11:24:05-05:00,FILTER_01_DIFF_PRESSURE,HIGH_DIFF_PRESSURE,MEDIUM,High diff pressure,2.65
EVT-00004394,2026-09-10T09:58:23-05:00,TANK_OUT_01_LEVEL,LOW_LEVEL,HIGH,Low level,9.73
EVT-00004395,2026-09-12T19:23:18-05:00,PUMP_01_MOTOR_FAULT,MOTOR_FAULT,CRITICAL,Motor fault,1.00
EVT-00004396,2026-09-21T18:26:35-05:00,TANK_OUT_01_LEVEL,LOW_LEVEL,HIGH,Low level,6.15
EVT-00004397,2026-09-08T07:10:37-05:00,FILTER_01_DIFF_PRESSURE,HIGH_DIFF_PRESSURE,MEDIUM,High diff pressure,1.75
EVT-00004398,2026-09-12T19:20:32-05:00,TANK_IN_01_LEVEL,LOW_LEVEL,HIGH,Low level,2.23
EVT-00004399,2026-09-27T13:49:46-05:00,FILLER_01_PRESSURE,LOW_PRESSURE,HIGH,Low pressure,0.30
EVT-00004400,2026-09-29T19:02:10-05:00,FILLER_01_PRESSURE,LOW_PRESSURE,HIGH,Low pressure,1.24
EVT-00004401,2026-09-24T18:16:44-05:00,TANK_IN_01_LEVEL,LOW_LEVEL,HIGH,Low level,16
EVT-00004402,2026-09-15T18:42:29-05:00,FILTER_01_DIFF_PRESSURE,HIGH_DIFF_PRESSURE,MEDIUM,High diff pressure,1.76
EVT-00004403,2026-09-24T21:17:12-05:00,TANK_OUT_01_LEVEL,LOW_LEVEL,HIGH,Low level,7.53
EVT-00004404,2026-09-22T12:44:37-05:00,FILTER_01_DIFF_PRESSURE,HIGH_DIFF_PRESSURE,MEDIUM,High diff pressure,2.87
EVT-00004405,2026-09-22T11:42:23-05:00,FILTER_01_DIFF_PRESSURE,HIGH_DIFF_PRESSURE,MEDIUM,High diff pressure,2.99
EVT-00004406,2026-09-07T10:09:09-05:00,COMPRESSOR_01_TEMP,HIGH_TEMPERATURE,HIGH,High temperature,102.98
EVT-00004407,2026-09-12T13:27:32-05:00,TANK_IN_01_LEVEL,LOW_LEVEL,HIGH,Low level,10.52
EVT-00004408,2026-09-11T20:29:43-05:00,COMPRESSOR_01_PRESSURE,LOW_PRESSURE,HIGH,Low pressure,3.06
EVT-00004409,2026-09-29T14:27:14-05:00,FILTER_01_PRESSURE,HIGH_PRESSURE,HIGH,High pressure,8.41
EVT-00004410,2026-09-24T19:39:48-05:00,PUMP_01_FLOW,LOW_FLOW,HIGH,Low flow,8.89
EVT-00004411,2026-09-01T21:53:56-05:00,FILTER_01_DIFF_PRESSURE,HIGH_DIFF_PRESSURE,MEDIUM,High diff pressure,1.95
EVT-00004412,2026-09-13T21:50:32-05:00,CONVEYOR_01_JAM,JAM,MEDIUM,Jam,1.00
EVT-00004413,2026-09-01T13:54:27-05:00,FILTER_01_DIFF_PRESSURE,HIGH_DIFF_PRESSURE,MEDIUM,High diff pressure,2.04
EVT-00004414,2026-09-06T09:57:00-05:00,PUMP_01_FLOW,LOW_FLOW,HIGH,Low flow,2.94
EVT-00004415,2026-09-16T08:43:43-05:00,TANK_IN_01_LEVEL,LOW_LEVEL,HIGH,Low level,6.54
EVT-00004416,2026-09-01T15:03:12-05:00,FILTER_01_DIFF_PRESSURE,HIGH_DIFF_PRESSURE,MEDIUM,High diff pressure,2.60
EVT-00004417,2026-09-27T21:32:35-05:00,PUMP_01_FLOW,LOW_FLOW,HIGH,Low flow,12.25
EVT-00004418,2026-09-08T14:51:25-05:00,FILTER_01_DIFF_PRESSURE,HIGH_DIFF_PRESSURE,MEDIUM,High diff pressure,2.87
EVT-00004419,2026-09-08T14:52:18-05:00,FILTER_01_DIFF_PRESSURE,HIGH_DIFF_PRESSURE,MEDIUM,High diff pressure,1.75
EVT-00004420,2026-09-01T07:13:04-05:00,FILTER_01_DIFF_PRESSURE,HIGH_DIFF_PRESSURE,MEDIUM,High diff pressure,2.42
EVT-00004421,2026-09-20T11:16:00-05:00,FILLER_01_PRESSURE,LOW_PRESSURE,HIGH,Low pressure,0.46
EVT-00004422,2026-09-16T20:37:46-05:00,PUMP_01_FLOW,LOW_FLOW,HIGH,Low flow,5.43
EVT-00004423,2026-09-01T11:36:25-05:00,FILTER_01_DIFF_PRESSURE,HIGH_DIFF_PRESSURE,MEDIUM,High diff pressure,2.00
EVT-00004424,2026-09-15T18:27:10-05:00,FILTER_01_DIFF_PRESSURE,HIGH_DIFF_PRESSURE,MEDIUM,High diff pressure,2.69
EVT-00004425,2026-09-20T08:21:22-05:00,FILLER_01_PRESSURE,LOW_PRESSURE,HIGH,Low pressure,1.45
EVT-00004426,2026-09-15T20:41:35-05:00,FILTER_01_DIFF_PRESSURE,HIGH_DIFF_PRESSURE,MEDIUM,High diff pressure,1.92
EVT-00004427,2026-09-22T07:08:56-05:00,FILTER_01_DIFF_PRESSURE,HIGH_DIFF_PRESSURE,MEDIUM,High diff pressure,1.64
EVT-00004428,2026-09-22T10:28:49-05:00,FILTER_01_DIFF_PRESSURE,HIGH_DIFF_PRESSURE,MEDIUM,High diff pressure,2.13
EVT-00004429,2026-09-23T10:14:58-05:00,COMPRESSOR_01_PRESSURE,LOW_PRESSURE,HIGH,Low pressure,2.60
EVT-00004430,2026-09-29T14:40:07-05:00,FILLER_01_PRESSURE,LOW_PRESSURE,HIGH,Low pressure,0.81
EVT-00004431,2026-09-19T20:27:03-05:00,TANK_OUT_01_LEVEL,LOW_LEVEL,HIGH,Low level,7.78
EVT-00004432,2026-09-29T08:18:51-05:00,FILLER_01_PRESSURE,LOW_PRESSURE,HIGH,Low pressure,0.92
EVT-00004433,2026-09-19T10:10:02-05:00,FILLER_01_CYCLE_FAULT,CYCLE_FAULT,HIGH,Cycle fault,1.00
EVT-00004434,2026-09-08T14:53:40-05:00,CONVEYOR_01_JAM,JAM,MEDIUM,Jam,1.00
EVT-00004435,2026-09-11T15:18:06-05:00,COMPRESSOR_01_PRESSURE,LOW_PRESSURE,HIGH,Low pressure,1.48
EVT-00004436,2026-09-08T17:21:08-05:00,FILTER_01_DIFF_PRESSURE,HIGH_DIFF_PRESSURE,MEDIUM,High diff pressure,2.42
EVT-00004437,2026-09-16T14:25:22-05:00,TANK_IN_01_LEVEL,LOW_LEVEL,HIGH,Low level,13.34
EVT-00004438,2026-09-24T10:50:33-05:00,COMPRESSOR_01_PRESSURE,LOW_PRESSURE,HIGH,Low pressure,1.34
EVT-00004439,2026-09-08T20:24:17-05:00,FILTER_01_DIFF_PRESSURE,HIGH_DIFF_PRESSURE,MEDIUM,High diff pressure,2.30
EVT-00004440,2026-09-12T21:25:59-05:00,FILLER_01_PRESSURE,LOW_PRESSURE,HIGH,Low pressure,0.25
EVT-00004441,2026-09-08T17:31:28-05:00,FILTER_01_PRESSURE,HIGH_PRESSURE,HIGH,High pressure,6.11
EVT-00004442,2026-09-29T14:47:04-05:00,FILTER_01_DIFF_PRESSURE,HIGH_DIFF_PRESSURE,MEDIUM,High diff pressure,1.97
EVT-00004443,2026-09-11T14:49:25-05:00,FILLER_01_CYCLE_FAULT,CYCLE_FAULT,HIGH,Cycle fault,1.00
EVT-00004444,2026-09-18T09:38:31-05:00,TANK_OUT_01_LEVEL,HIGH_LEVEL,MEDIUM,High level,97.61
EVT-00004445,2026-09-30T16:52:43-05:00,PUMP_01_FLOW,LOW_FLOW,HIGH,Low flow,13.39
EVT-00004446,2026-09-24T07:06:09-05:00,TANK_IN_01_LEVEL,HIGH_LEVEL,MEDIUM,High level,98.53
EVT-00004447,2026-09-17T20:32:33-05:00,COMPRESSOR_01_PRESSURE,LOW_PRESSURE,HIGH,Low pressure,3.58
EVT-00004448,2026-09-22T13:42:01-05:00,FILTER_01_DIFF_PRESSURE,HIGH_DIFF_PRESSURE,MEDIUM,High diff pressure,1.62
EVT-00004449,2026-09-08T08:37:21-05:00,FILTER_01_DIFF_PRESSURE,HIGH_DIFF_PRESSURE,MEDIUM,High diff pressure,2.35
EVT-00004450,2026-09-21T17:43:24-05:00,TANK_IN_01_LEVEL,LOW_LEVEL,HIGH,Low level,9.63
EVT-00004451,2026-09-15T20:07:22-05:00,TANK_IN_01_LEVEL,LOW_LEVEL,CRITICAL,Low level,4.02
EVT-00004452,2026-09-22T16:06:29-05:00,FILTER_01_DIFF_PRESSURE,HIGH_DIFF_PRESSURE,MEDIUM,High diff pressure,2.00
EVT-00004453,2026-09-25T11:43:04-05:00,TANK_OUT_01_LEVEL,HIGH_LEVEL,MEDIUM,High level,92.10
EVT-00004454,2026-09-15T11:01:24-05:00,COMPRESSOR_01_PRESSURE,LOW_PRESSURE,HIGH,Low pressure,2.01
EVT-00004455,2026-09-15T11:11:02-05:00,FILLER_01_PRESSURE,LOW_PRESSURE,HIGH,Low pressure,0.51
EVT-00004456,2026-09-11T06:18:31-05:00,TANK_OUT_01_LEVEL,HIGH_LEVEL,MEDIUM,High level,92.26
EVT-00004457,2026-09-11T16:03:33-05:00,TANK_IN_01_LEVEL,LOW_LEVEL,HIGH,Low level,10.77
EVT-00004458,2026-09-15T21:08:33-05:00,FILTER_01_DIFF_PRESSURE,HIGH_DIFF_PRESSURE,MEDIUM,High diff pressure,2.56
EVT-00004459,2026-09-21T13:54:19-05:00,TANK_OUT_01_LEVEL,LOW_LEVEL,HIGH,Low level,7.63
EVT-00004460,2026-09-15T17:09:38-05:00,FILTER_01_DIFF_PRESSURE,HIGH_DIFF_PRESSURE,MEDIUM,High diff pressure,1.68
EVT-00004461,2026-09-11T16:17:48-05:00,FILLER_01_PRESSURE,LOW_PRESSURE,HIGH,Low pressure,1.55
EVT-00004462,2026-09-17T07:01:00-05:00,TANK_IN_01_LEVEL,LOW_LEVEL,HIGH,Low level,3.70
EVT-00004463,2026-09-30T07:14:09-05:00,TANK_OUT_01_LEVEL,LOW_LEVEL,HIGH,Low level,3.86
EVT-00004464,2026-09-17T08:58:27-05:00,PUMP_01_FLOW,LOW_FLOW,HIGH,Low flow,15.61
EVT-00004465,2026-09-25T12:33:33-05:00,PUMP_01_FLOW,LOW_FLOW,HIGH,Low flow,8.31
EVT-00004466,2026-09-22T12:15:16-05:00,FILTER_01_DIFF_PRESSURE,HIGH_DIFF_PRESSURE,MEDIUM,High diff pressure,1.77
EVT-00004467,2026-09-18T07:07:53-05:00,TANK_OUT_01_LEVEL,LOW_LEVEL,HIGH,Low level,11.74
EVT-00004468,2026-09-22T18:38:40-05:00,FILTER_01_DIFF_PRESSURE,HIGH_DIFF_PRESSURE,MEDIUM,High diff pressure,1.99
EVT-00004469,2026-09-03T20:49:30-05:00,TANK_OUT_01_LEVEL,LOW_LEVEL,HIGH,Low level,5.24
EVT-00004470,2026-09-01T19:53:08-05:00,FILTER_01_DIFF_PRESSURE,HIGH_DIFF_PRESSURE,MEDIUM,High diff pressure,2.26
EVT-00004471,2026-09-02T17:44:14-05:00,PUMP_01_FLOW,LOW_FLOW,HIGH,Low flow,14.99
EVT-00004472,2026-09-02T17:42:13-05:00,TANK_OUT_01_LEVEL,LOW_LEVEL,HIGH,Low level,5.61
EVT-00004473,2026-09-02T09:59:12-05:00,FILTER_01_PRESSURE,HIGH_PRESSURE,HIGH,High pressure,7.29
EVT-00004474,2026-09-28T08:30:22-05:00,COMPRESSOR_01_PRESSURE,LOW_PRESSURE,HIGH,Low pressure,3.56
EVT-00004475,2026-09-22T19:45:42-05:00,FILTER_01_DIFF_PRESSURE,HIGH_DIFF_PRESSURE,MEDIUM,High diff pressure,2.61
EVT-00004476,2026-09-25T11:16:21-05:00,TANK_IN_01_LEVEL,LOW_LEVEL,HIGH,Low level,11.08
EVT-00004477,2026-09-23T18:41:26-05:00,TANK_IN_01_LEVEL,LOW_LEVEL,HIGH,Low level,9.49
EVT-00004478,2026-09-02T09:38:35-05:00,TANK_OUT_01_LEVEL,LOW_LEVEL,HIGH,Low level,13.07
EVT-00004479,2026-09-08T16:36:30-05:00,TANK_IN_01_LEVEL,LOW_LEVEL,HIGH,Low level,11.06
EVT-00004480,2026-09-23T07:28:03-05:00,TANK_IN_01_LEVEL,LOW_LEVEL,HIGH,Low level,12.91
EVT-00004481,2026-09-17T21:05:31-05:00,COMPRESSOR_01_PRESSURE,LOW_PRESSURE,HIGH,Low pressure,1.84
EVT-00004482,2026-09-08T15:45:42-05:00,FILTER_01_DIFF_PRESSURE,HIGH_DIFF_PRESSURE,MEDIUM,High diff pressure,1.61
EVT-00004483,2026-09-24T17:20:15-05:00,COMPRESSOR_01_PRESSURE,LOW_PRESSURE,HIGH,Low pressure,2.44
EVT-00004484,2026-09-12T15:18:01-05:00,PUMP_01_MOTOR_FAULT,MOTOR_FAULT,CRITICAL,Motor fault,1.00
EVT-00004485,2026-09-07T19:43:45-05:00,PUMP_01_FLOW,LOW_FLOW,HIGH,Low flow,13.44
EVT-00004486,2026-09-07T11:57:14-05:00,PUMP_01_MOTOR_FAULT,MOTOR_FAULT,CRITICAL,Motor fault,1.00
EVT-00004487,2026-09-15T14:13:19-05:00,FILTER_01_DIFF_PRESSURE,HIGH_DIFF_PRESSURE,MEDIUM,High diff pressure,1.67
EVT-00004488,2026-09-29T20:01:03-05:00,FILTER_01_DIFF_PRESSURE,HIGH_DIFF_PRESSURE,MEDIUM,High diff pressure,2.63
EVT-00004489,2026-09-04T06:45:30-05:00,PUMP_01_FLOW,LOW_FLOW,HIGH,Low flow,8.93
EVT-00004490,2026-09-24T21:54:53-05:00,CONVEYOR_01_JAM,JAM,MEDIUM,Jam,1.00
EVT-00004491,2026-09-19T19:23:35-05:00,PUMP_01_FLOW,LOW_FLOW,HIGH,Low flow,16.30
EVT-00004492,2026-09-08T16:47:59-05:00,FILTER_01_DIFF_PRESSURE,HIGH_DIFF_PRESSURE,MEDIUM,High diff pressure,2.37
EVT-00004493,2026-09-01T17:47:36-05:00,FILTER_01_DIFF_PRESSURE,HIGH_DIFF_PRESSURE,MEDIUM,High diff pressure,2.18
EVT-00004494,2026-09-29T21:21:23-05:00,TANK_OUT_01_LEVEL,LOW_LEVEL,HIGH,Low level,6.16
EVT-00004495,2026-09-01T11:38:29-05:00,PUMP_01_FLOW,LOW_FLOW,HIGH,Low flow,1.25
EVT-00004496,2026-09-06T21:39:44-05:00,PUMP_01_FLOW,LOW_FLOW,HIGH,Low flow,7.83
EVT-00004497,2026-09-24T13:04:25-05:00,PUMP_01_FLOW,LOW_FLOW,HIGH,Low flow,15.74
EVT-00004498,2026-09-22T16:57:20-05:00,FILTER_01_DIFF_PRESSURE,HIGH_DIFF_PRESSURE,MEDIUM,High diff pressure,2.02
EVT-00004499,2026-09-16T16:12:34-05:00,COMPRESSOR_01_PRESSURE,LOW_PRESSURE,HIGH,Low pressure,4.05
EVT-00004500,2026-09-08T07:24:50-05:00,FILTER_01_DIFF_PRESSURE,HIGH_DIFF_PRESSURE,MEDIUM,High diff pressure,1.87
EVT-00004501,2026-09-28T06:34:04-05:00,COMPRESSOR_01_PRESSURE,LOW_PRESSURE,HIGH,Low pressure,6
EVT-00004502,2026-09-01T10:59:32-05:00,TANK_IN_01_LEVEL,LOW_LEVEL,HIGH,Low level,1.00
EVT-00004503,2026-09-22T19:15:59-05:00,FILTER_01_DIFF_PRESSURE,HIGH_DIFF_PRESSURE,MEDIUM,High diff pressure,2.00
EVT-00004504,2026-09-12T09:55:10-05:00,TANK_IN_01_LEVEL,HIGH_LEVEL,MEDIUM,High level,97.61
EVT-00004505,2026-09-14T19:30:17-05:00,PUMP_01_FLOW,LOW_FLOW,HIGH,Low flow,18.94
EVT-00004506,2026-09-15T13:36:00-05:00,FILTER_01_DIFF_PRESSURE,HIGH_DIFF_PRESSURE,MEDIUM,High diff pressure,1.65
EVT-00004507,2026-09-01T08:11:09-05:00,FILTER_01_DIFF_PRESSURE,HIGH_DIFF_PRESSURE,MEDIUM,High diff pressure,2.37
EVT-00004508,2026-09-15T20:34:25-05:00,PUMP_01_FLOW,LOW_FLOW,HIGH,Low flow,5.19
EVT-00004509,2026-09-21T19:32:55-05:00,TANK_IN_01_LEVEL,HIGH_LEVEL,MEDIUM,High level,97.98
EVT-00004510,2026-09-29T14:40:28-05:00,CONVEYOR_01_JAM,JAM,MEDIUM,Jam,1.00
EVT-00004511,2026-09-03T19:11:41-05:00,TANK_IN_01_LEVEL,LOW_LEVEL,HIGH,Low level,5.80
EVT-00004512,2026-09-29T16:33:16-05:00,FILTER_01_PRESSURE,HIGH_PRESSURE,HIGH,High pressure,8.95
EVT-00004513,2026-09-01T18:47:43-05:00,FILTER_01_DIFF_PRESSURE,HIGH_DIFF_PRESSURE,MEDIUM,High diff pressure,2.82
EVT-00004514,2026-09-23T08:47:26-05:00,TANK_IN_01_LEVEL,LOW_LEVEL,HIGH,Low level,5.41
EVT-00004515,2026-09-22T12:52:14-05:00,TANK_IN_01_LEVEL,LOW_LEVEL,HIGH,Low level,1.61
EVT-00004516,2026-09-14T21:07:04-05:00,TANK_IN_01_LEVEL,LOW_LEVEL,HIGH,Low level,10.53
EVT-00004517,2026-09-01T16:29:58-05:00,FILTER_01_DIFF_PRESSURE,HIGH_DIFF_PRESSURE,MEDIUM,High diff pressure,1.71
EVT-00004518,2026-09-25T21:57:14-05:00,FILLER_01_PRESSURE,LOW_PRESSURE,HIGH,Low pressure,0.81
EVT-00004519,2026-09-24T14:43:22-05:00,FILLER_01_PRESSURE,LOW_PRESSURE,HIGH,Low pressure,0.61
EVT-00004520,2026-09-01T18:13:10-05:00,CONVEYOR_01_JAM,JAM,MEDIUM,Jam,1.00
EVT-00004521,2026-09-07T10:16:29-05:00,COMPRESSOR_01_PRESSURE,LOW_PRESSURE,HIGH,Low pressure,4.53
EVT-00004522,2026-09-01T17:50:10-05:00,FILTER_01_DIFF_PRESSURE,HIGH_DIFF_PRESSURE,MEDIUM,High diff pressure,1.71
EVT-00004523,2026-09-27T21:36:04-05:00,CONVEYOR_01_MOTOR_TEMP,HIGH_TEMPERATURE,LOW,High temperature,79.91
EVT-00004524,2026-09-23T14:53:36-05:00,TANK_OUT_01_LEVEL,LOW_LEVEL,HIGH,Low level,5.74
EVT-00004525,2026-09-24T06:51:39-05:00,FILLER_01_PRESSURE,LOW_PRESSURE,HIGH,Low pressure,0.83
EVT-00004526,2026-09-29T12:41:11-05:00,FILTER_01_DIFF_PRESSURE,HIGH_DIFF_PRESSURE,MEDIUM,High diff pressure,2.76
EVT-00004527,2026-09-18T08:59:01-05:00,CONVEYOR_01_JAM,JAM,MEDIUM,Jam,1.00
EVT-00004528,2026-09-12T19:13:12-05:00,FILLER_01_PRESSURE,LOW_PRESSURE,HIGH,Low pressure,1.51
EVT-00004529,2026-09-11T19:23:01-05:00,TANK_OUT_01_LEVEL,LOW_LEVEL,HIGH,Low level,8.10
EVT-00004530,2026-09-29T13:18:51-05:00,FILTER_01_DIFF_PRESSURE,HIGH_DIFF_PRESSURE,MEDIUM,High diff pressure,2.55
EVT-00004531,2026-09-12T19:58:06-05:00,FILTER_01_PRESSURE,HIGH_PRESSURE,HIGH,High pressure,7.59
EVT-00004532,2026-09-22T19:41:00-05:00,PUMP_01_FLOW,LOW_FLOW,HIGH,Low flow,11.12
EVT-00004533,2026-09-14T12:33:34-05:00,FILLER_01_PRESSURE,LOW_PRESSURE,HIGH,Low pressure,1.20
EVT-00004534,2026-09-09T08:30:20-05:00,TANK_IN_01_LEVEL,LOW_LEVEL,HIGH,Low level,7.81
EVT-00004535,2026-09-21T14:29:36-05:00,COMPRESSOR_01_PRESSURE,LOW_PRESSURE,HIGH,Low pressure,3.30
EVT-00004536,2026-09-28T18:23:06-05:00,FILLER_01_CYCLE_FAULT,CYCLE_FAULT,HIGH,Cycle fault,1.00
EVT-00004537,2026-09-11T15:13:04-05:00,COMPRESSOR_01_PRESSURE,LOW_PRESSURE,HIGH,Low pressure,4.20
EVT-00004538,2026-09-11T15:50:03-05:00,PUMP_01_FLOW,LOW_FLOW,HIGH,Low flow,13.95
EVT-00004539,2026-09-06T21:29:37-05:00,CONVEYOR_01_JAM,JAM,MEDIUM,Jam,1.00
EVT-00004540,2026-09-26T09:44:48-05:00,COMPRESSOR_01_TEMP,HIGH_TEMPERATURE,HIGH,High temperature,112.23
EVT-00004541,2026-09-14T08:02:12-05:00,TANK_IN_01_LEVEL,LOW_LEVEL,HIGH,Low level,11.26
EVT-00004542,2026-09-17T07:53:23-05:00,TANK_OUT_01_LEVEL,LOW_LEVEL,HIGH,Low level,12.78
EVT-00004543,2026-09-30T16:01:14-05:00,TANK_IN_01_LEVEL,LOW_LEVEL,HIGH,Low level,4.37
EVT-00004544,2026-09-22T18:55:14-05:00,FILLER_01_CYCLE_FAULT,CYCLE_FAULT,HIGH,Cycle fault,1.00
EVT-00004545,2026-09-11T19:19:22-05:00,TANK_OUT_01_LEVEL,LOW_LEVEL,HIGH,Low level,8.64
EVT-00004546,2026-09-13T15:31:23-05:00,TANK_OUT_01_LEVEL,LOW_LEVEL,HIGH,Low level,9.04
EVT-00004547,2026-09-12T19:39:00-05:00,PUMP_01_FLOW,LOW_FLOW,HIGH,Low flow,9.35
EVT-00004548,2026-09-04T10:06:38-05:00,FILLER_01_PRESSURE,LOW_PRESSURE,HIGH,Low pressure,1.73
EVT-00004549,2026-09-05T21:11:19-05:00,FILLER_01_PRESSURE,LOW_PRESSURE,HIGH,Low pressure,1.87
EVT-00004550,2026-09-07T19:02:17-05:00,COMPRESSOR_01_PRESSURE,LOW_PRESSURE,HIGH,Low pressure,1.00
EVT-00004551,2026-09-17T20:33:44-05:00,COMPRESSOR_01_PRESSURE,LOW_PRESSURE,CRITICAL,Low pressure,1.55
EVT-00004552,2026-09-30T07:18:52-05:00,TANK_OUT_01_LEVEL,LOW_LEVEL,HIGH,Low level,7.27
EVT-00004553,2026-09-13T11:30:48-05:00,PUMP_01_FLOW,LOW_FLOW,HIGH,Low flow,17.90
EVT-00004554,2026-09-21T07:45:29-05:00,PUMP_01_FLOW,LOW_FLOW,HIGH,Low flow,17.68
EVT-00004555,2026-09-01T06:33:58-05:00,PUMP_01_FLOW,LOW_FLOW,HIGH,Low flow,7.05
EVT-00004556,2026-09-06T21:04:01-05:00,TANK_IN_01_LEVEL,HIGH_LEVEL,MEDIUM,High level,98.94
EVT-00004557,2026-09-03T10:36:49-05:00,FILLER_01_PRESSURE,LOW_PRESSURE,HIGH,Low pressure,1.25
EVT-00004558,2026-09-14T12:30:30-05:00,COMPRESSOR_01_PRESSURE,LOW_PRESSURE,HIGH,Low pressure,4.38
EVT-00004559,2026-09-29T11:27:54-05:00,FILTER_01_DIFF_PRESSURE,HIGH_DIFF_PRESSURE,MEDIUM,High diff pressure,2.47
EVT-00004560,2026-09-08T11:31:48-05:00,FILTER_01_DIFF_PRESSURE,HIGH_DIFF_PRESSURE,MEDIUM,High diff pressure,2.69
EVT-00004561,2026-09-30T14:42:35-05:00,FILLER_01_PRESSURE,LOW_PRESSURE,HIGH,Low pressure,1.72
EVT-00004562,2026-09-02T18:21:46-05:00,FILLER_01_PRESSURE,LOW_PRESSURE,HIGH,Low pressure,1.35
EVT-00004563,2026-09-16T11:49:07-05:00,COMPRESSOR_01_TEMP,HIGH_TEMPERATURE,HIGH,High temperature,110.39
EVT-00004564,2026-09-23T14:37:17-05:00,TANK_IN_01_LEVEL,LOW_LEVEL,HIGH,Low level,8.85
EVT-00004565,2026-09-25T07:47:02-05:00,FILLER_01_CYCLE_FAULT,CYCLE_FAULT,HIGH,Cycle fault,1.00
EVT-00004566,2026-09-20T12:23:26-05:00,FILLER_01_PRESSURE,LOW_PRESSURE,HIGH,Low pressure,1.85
EVT-00004567,2026-09-01T12:55:01-05:00,TANK_OUT_01_LEVEL,LOW_LEVEL,HIGH,Low level,1.79
EVT-00004568,2026-09-25T07:34:50-05:00,COMPRESSOR_01_PRESSURE,LOW_PRESSURE,HIGH,Low pressure,3.43
EVT-00004569,2026-09-03T07:30:37-05:00,PUMP_01_MOTOR_FAULT,MOTOR_FAULT,CRITICAL,Motor fault,1.00
EVT-00004570,2026-09-23T17:29:32-05:00,FILLER_01_PRESSURE,LOW_PRESSURE,HIGH,Low pressure,0.34
EVT-00004571,2026-09-24T12:08:30-05:00,FILTER_01_PRESSURE,HIGH_PRESSURE,HIGH,High pressure,7.33
EVT-00004572,2026-09-16T06:37:30-05:00,TANK_OUT_01_LEVEL,HIGH_LEVEL,MEDIUM,High level,94.30
EVT-00004573,2026-09-22T09:56:32-05:00,FILTER_01_DIFF_PRESSURE,HIGH_DIFF_PRESSURE,MEDIUM,High diff pressure,2.65
EVT-00004574,2026-09-22T08:20:13-05:00,TANK_IN_01_LEVEL,HIGH_LEVEL,MEDIUM,High level,97.07
EVT-00004575,2026-09-25T06:30:50-05:00,CONVEYOR_01_MOTOR_TEMP,HIGH_TEMPERATURE,LOW,High temperature,81.36
EVT-00004576,2026-09-29T09:17:57-05:00,FILTER_01_DIFF_PRESSURE,HIGH_DIFF_PRESSURE,MEDIUM,High diff pressure,2.78
EVT-00004577,2026-09-29T13:03:59-05:00,FILTER_01_DIFF_PRESSURE,HIGH_DIFF_PRESSURE,MEDIUM,High diff pressure,2.97
EVT-00004578,2026-09-02T10:36:33-05:00,FILLER_01_PRESSURE,LOW_PRESSURE,HIGH,Low pressure,1.59
EVT-00004579,2026-09-17T14:56:24-05:00,TANK_IN_01_LEVEL,HIGH_LEVEL,MEDIUM,High level,92.78
EVT-00004580,2026-09-10T21:32:18-05:00,COMPRESSOR_01_PRESSURE,LOW_PRESSURE,HIGH,Low pressure,1.83
EVT-00004581,2026-09-20T12:01:59-05:00,TANK_IN_01_LEVEL,LOW_LEVEL,HIGH,Low level,9.73
EVT-00004582,2026-09-05T21:14:38-05:00,TANK_IN_01_LEVEL,HIGH_LEVEL,MEDIUM,High level,91.78
EVT-00004583,2026-09-16T10:32:01-05:00,PUMP_01_FLOW,LOW_FLOW,HIGH,Low flow,1.11
EVT-00004584,2026-09-08T20:03:44-05:00,FILTER_01_DIFF_PRESSURE,HIGH_DIFF_PRESSURE,MEDIUM,High diff pressure,2.56
EVT-00004585,2026-09-06T10:04:02-05:00,TANK_IN_01_LEVEL,LOW_LEVEL,HIGH,Low level,7.96
EVT-00004586,2026-09-19T21:23:33-05:00,CONVEYOR_01_MOTOR_TEMP,HIGH_TEMPERATURE,LOW,High temperature,81.10
EVT-00004587,2026-09-15T20:43:00-05:00,PUMP_01_FLOW,LOW_FLOW,HIGH,Low flow,15.35
EVT-00004588,2026-09-04T07:50:54-05:00,COMPRESSOR_01_PRESSURE,LOW_PRESSURE,HIGH,Low pressure,1.84
EVT-00004589,2026-09-24T17:01:02-05:00,PUMP_01_FLOW,LOW_FLOW,HIGH,Low flow,12.52
EVT-00004590,2026-09-16T12:40:30-05:00,TANK_IN_01_LEVEL,LOW_LEVEL,HIGH,Low level,9.80
EVT-00004591,2026-09-17T18:37:49-05:00,TANK_IN_01_LEVEL,LOW_LEVEL,HIGH,Low level,8.54
EVT-00004592,2026-09-04T13:37:14-05:00,FILLER_01_PRESSURE,LOW_PRESSURE,HIGH,Low pressure,1.31
EVT-00004593,2026-09-14T16:08:42-05:00,TANK_IN_01_LEVEL,LOW_LEVEL,HIGH,Low level,9.64
EVT-00004594,2026-09-03T10:47:01-05:00,TANK_IN_01_LEVEL,LOW_LEVEL,HIGH,Low level,8.32
EVT-00004595,2026-09-17T10:25:40-05:00,FILTER_01_PRESSURE,HIGH_PRESSURE,HIGH,High pressure,6.80
EVT-00004596,2026-09-06T07:34:20-05:00,TANK_IN_01_LEVEL,HIGH_LEVEL,MEDIUM,High level,96.84
EVT-00004597,2026-09-07T14:07:15-05:00,PUMP_01_FLOW,LOW_FLOW,HIGH,Low flow,14.51
EVT-00004598,2026-09-12T16:08:47-05:00,COMPRESSOR_01_TEMP,HIGH_TEMPERATURE,HIGH,High temperature,106.77
EVT-00004599,2026-09-26T17:56:48-05:00,FILTER_01_PRESSURE,HIGH_PRESSURE,HIGH,High pressure,7.04
EVT-00004600,2026-09-04T16:11:18-05:00,TANK_OUT_01_LEVEL,HIGH_LEVEL,MEDIUM,High level,91.40
EVT-00004601,2026-09-05T11:28:03-05:00,PUMP_01_FLOW,LOW_FLOW,HIGH,Low flow,21
EVT-00004602,2026-09-13T06:12:13-05:00,FILLER_01_CYCLE_FAULT,CYCLE_FAULT,HIGH,Cycle fault,1.00
EVT-00004603,2026-09-26T06:13:17-05:00,TANK_IN_01_LEVEL,LOW_LEVEL,HIGH,Low level,3.30
EVT-00004604,2026-09-09T16:39:36-05:00,TANK_OUT_01_LEVEL,LOW_LEVEL,HIGH,Low level,11.86
EVT-00004605,2026-09-29T20:46:19-05:00,TANK_IN_01_LEVEL,LOW_LEVEL,HIGH,Low level,3.80
EVT-00004606,2026-09-08T21:39:59-05:00,FILTER_01_DIFF_PRESSURE,HIGH_DIFF_PRESSURE,MEDIUM,High diff pressure,2.82
EVT-00004607,2026-09-07T18:05:18-05:00,CONVEYOR_01_JAM,JAM,MEDIUM,Jam,1.00
EVT-00004608,2026-09-07T07:48:11-05:00,FILTER_01_PRESSURE,HIGH_PRESSURE,HIGH,High pressure,6.98
EVT-00004609,2026-09-29T21:37:55-05:00,FILTER_01_DIFF_PRESSURE,HIGH_DIFF_PRESSURE,MEDIUM,High diff pressure,1.78
EVT-00004610,2026-09-05T21:36:59-05:00,PUMP_01_FLOW,LOW_FLOW,HIGH,Low flow,11.44
EVT-00004611,2026-09-25T07:14:16-05:00,PUMP_01_FLOW,LOW_FLOW,HIGH,Low flow,10.78
EVT-00004612,2026-09-03T16:18:23-05:00,TANK_OUT_01_LEVEL,LOW_LEVEL,HIGH,Low level,4.37
EVT-00004613,2026-09-25T13:31:39-05:00,PUMP_01_MOTOR_FAULT,MOTOR_FAULT,CRITICAL,Motor fault,1.00
EVT-00004614,2026-09-27T10:46:41-05:00,COMPRESSOR_01_PRESSURE,LOW_PRESSURE,HIGH,Low pressure,3.08
EVT-00004615,2026-09-14T06:46:52-05:00,TANK_IN_01_LEVEL,LOW_LEVEL,HIGH,Low level,7.56
EVT-00004616,2026-09-01T09:30:22-05:00,FILLER_01_CYCLE_FAULT,CYCLE_FAULT,HIGH,Cycle fault,1.00
EVT-00004617,2026-09-29T21:13:32-05:00,FILTER_01_DIFF_PRESSURE,HIGH_DIFF_PRESSURE,MEDIUM,High diff pressure,2.17
EVT-00004618,2026-09-05T14:43:35-05:00,FILLER_01_CYCLE_FAULT,CYCLE_FAULT,HIGH,Cycle fault,1.00
EVT-00004619,2026-09-25T17:33:57-05:00,FILLER_01_PRESSURE,LOW_PRESSURE,HIGH,Low pressure,0.50
EVT-00004620,2026-09-17T11:14:09-05:00,PUMP_01_FLOW,LOW_FLOW,HIGH,Low flow,11.18
EVT-00004621,2026-09-14T16:55:09-05:00,FILLER_01_CYCLE_FAULT,CYCLE_FAULT,HIGH,Cycle fault,1.00
EVT-00004622,2026-09-29T07:32:40-05:00,FILTER_01_DIFF_PRESSURE,HIGH_DIFF_PRESSURE,MEDIUM,High diff pressure,1.97
EVT-00004623,2026-09-02T12:43:36-05:00,FILLER_01_CYCLE_FAULT,CYCLE_FAULT,HIGH,Cycle fault,1.00
EVT-00004624,2026-09-22T17:50:09-05:00,FILTER_01_DIFF_PRESSURE,HIGH_DIFF_PRESSURE,MEDIUM,High diff pressure,2.47
EVT-00004625,2026-09-29T17:01:08-05:00,FILTER_01_DIFF_PRESSURE,HIGH_DIFF_PRESSURE,MEDIUM,High diff pressure,2.43
EVT-00004626,2026-09-28T14:33:16-05:00,COMPRESSOR_01_PRESSURE,LOW_PRESSURE,HIGH,Low pressure,3.61
EVT-00004627,2026-09-25T21:51:32-05:00,TANK_OUT_01_LEVEL,LOW_LEVEL,HIGH,Low level,13.07
EVT-00004628,2026-09-30T18:25:07-05:00,FILLER_01_PRESSURE,LOW_PRESSURE,HIGH,Low pressure,1.64
EVT-00004629,2026-09-26T16:26:56-05:00,TANK_OUT_01_LEVEL,HIGH_LEVEL,MEDIUM,High level,92.40
EVT-00004630,2026-09-03T18:35:13-05:00,FILTER_01_PRESSURE,HIGH_PRESSURE,HIGH,High pressure,8.60
EVT-00004631,2026-09-18T15:24:41-05:00,COMPRESSOR_01_TEMP,HIGH_TEMPERATURE,HIGH,High temperature,98.57
EVT-00004632,2026-09-09T10:56:16-05:00,PUMP_01_MOTOR_FAULT,MOTOR_FAULT,CRITICAL,Motor fault,1.00
EVT-00004633,2026-09-08T11:41:56-05:00,TANK_OUT_01_LEVEL,HIGH_LEVEL,MEDIUM,High level,94.31
EVT-00004634,2026-09-19T09:28:54-05:00,COMPRESSOR_01_PRESSURE,LOW_PRESSURE,HIGH,Low pressure,2.78
EVT-00004635,2026-09-07T21:01:55-05:00,COMPRESSOR_01_TEMP,HIGH_TEMPERATURE,HIGH,High temperature,109.72
EVT-00004636,2026-09-14T11:04:13-05:00,TANK_OUT_01_LEVEL,LOW_LEVEL,HIGH,Low level,6.40
EVT-00004637,2026-09-22T17:59:55-05:00,TANK_OUT_01_LEVEL,HIGH_LEVEL,MEDIUM,High level,92.92
EVT-00004638,2026-09-29T20:19:29-05:00,FILLER_01_CYCLE_FAULT,CYCLE_FAULT,HIGH,Cycle fault,1.00
EVT-00004639,2026-09-23T11:22:14-05:00,CONVEYOR_01_JAM,JAM,MEDIUM,Jam,1.00
EVT-00004640,2026-09-12T18:58:22-05:00,FILLER_01_PRESSURE,LOW_PRESSURE,HIGH,Low pressure,1.48
EVT-00004641,2026-09-07T20:31:39-05:00,TANK_OUT_01_LEVEL,LOW_LEVEL,HIGH,Low level,10.47
EVT-00004642,2026-09-06T08:08:01-05:00,TANK_OUT_01_LEVEL,HIGH_LEVEL,MEDIUM,High level,98.41
EVT-00004643,2026-09-10T17:37:30-05:00,FILLER_01_PRESSURE,LOW_PRESSURE,HIGH,Low pressure,0.73
EVT-00004644,2026-09-26T17:31:53-05:00,PUMP_01_FLOW,LOW_FLOW,HIGH,Low flow,18.00
EVT-00004645,2026-09-22T12:49:35-05:00,FILTER_01_DIFF_PRESSURE,HIGH_DIFF_PRESSURE,MEDIUM,High diff pressure,2.22
EVT-00004646,2026-09-15T16:20:36-05:00,FILTER_01_DIFF_PRESSURE,HIGH_DIFF_PRESSURE,MEDIUM,High diff pressure,2.77
EVT-00004647,2026-09-05T10:38:13-05:00,TANK_OUT_01_LEVEL,LOW_LEVEL,HIGH,Low level,13.41
EVT-00004648,2026-09-04T12:51:18-05:00,TANK_IN_01_LEVEL,LOW_LEVEL,HIGH,Low level,12.27
EVT-00004649,2026-09-01T07:12:41-05:00,COMPRESSOR_01_TEMP,HIGH_TEMPERATURE,HIGH,High temperature,103.73
EVT-00004650,2026-09-09T15:00:43-05:00,CONVEYOR_01_JAM,JAM,MEDIUM,Jam,1.00
EVT-00004651,2026-09-18T16:37:25-05:00,COMPRESSOR_01_PRESSURE,LOW_PRESSURE,CRITICAL,Low pressure,2.41
EVT-00004652,2026-09-14T09:37:34-05:00,TANK_OUT_01_LEVEL,LOW_LEVEL,HIGH,Low level,6.44
EVT-00004653,2026-09-14T17:26:03-05:00,TANK_IN_01_LEVEL,LOW_LEVEL,HIGH,Low level,11.02
EVT-00004654,2026-09-16T13:57:30-05:00,TANK_OUT_01_LEVEL,HIGH_LEVEL,MEDIUM,High level,94.96
EVT-00004655,2026-09-08T09:17:48-05:00,FILTER_01_DIFF_PRESSURE,HIGH_DIFF_PRESSURE,MEDIUM,High diff pressure,1.91
EVT-00004656,2026-09-01T06:44:49-05:00,FILTER_01_DIFF_PRESSURE,HIGH_DIFF_PRESSURE,MEDIUM,High diff pressure,1.77
EVT-00004657,2026-09-29T15:44:36-05:00,FILTER_01_DIFF_PRESSURE,HIGH_DIFF_PRESSURE,MEDIUM,High diff pressure,2.28
EVT-00004658,2026-09-04T19:31:34-05:00,PUMP_01_FLOW,LOW_FLOW,HIGH,Low flow,15.06
EVT-00004659,2026-09-01T18:01:13-05:00,FILTER_01_DIFF_PRESSURE,HIGH_DIFF_PRESSURE,MEDIUM,High diff pressure,1.75
EVT-00004660,2026-09-11T17:21:58-05:00,TANK_IN_01_LEVEL,LOW_LEVEL,HIGH,Low level,6.67
EVT-00004661,2026-09-08T10:11:45-05:00,FILTER_01_DIFF_PRESSURE,HIGH_DIFF_PRESSURE,MEDIUM,High diff pressure,2.16
EVT-00004662,2026-09-19T19:41:05-05:00,FILLER_01_PRESSURE,LOW_PRESSURE,HIGH,Low pressure,0.78
EVT-00004663,2026-09-12T21:18:20-05:00,COMPRESSOR_01_PRESSURE,LOW_PRESSURE,HIGH,Low pressure,2.21
EVT-00004664,2026-09-18T16:38:00-05:00,PUMP_01_FLOW,LOW_FLOW,HIGH,Low flow,7.48
EVT-00004665,2026-09-06T20:40:03-05:00,FILLER_01_CYCLE_FAULT,CYCLE_FAULT,HIGH,Cycle fault,1.00
EVT-00004666,2026-09-20T06:19:02-05:00,PUMP_01_FLOW,LOW_FLOW,HIGH,Low flow,4.28
EVT-00004667,2026-09-24T17:10:47-05:00,TANK_IN_01_LEVEL,HIGH_LEVEL,MEDIUM,High level,93.76
EVT-00004668,2026-09-04T07:44:30-05:00,CONVEYOR_01_JAM,JAM,MEDIUM,Jam,1.00
EVT-00004669,2026-09-08T10:24:21-05:00,CONVEYOR_01_JAM,JAM,MEDIUM,Jam,1.00
EVT-00004670,2026-09-29T09:09:33-05:00,FILLER_01_PRESSURE,LOW_PRESSURE,HIGH,Low pressure,0.66
EVT-00004671,2026-09-01T10:20:48-05:00,FILTER_01_DIFF_PRESSURE,HIGH_DIFF_PRESSURE,MEDIUM,High diff pressure,2.38
EVT-00004672,2026-09-29T21:27:58-05:00,FILTER_01_DIFF_PRESSURE,HIGH_DIFF_PRESSURE,MEDIUM,High diff pressure,2.58
EVT-00004673,2026-09-08T07:49:37-05:00,FILTER_01_DIFF_PRESSURE,HIGH_DIFF_PRESSURE,MEDIUM,High diff pressure,1.80
EVT-00004674,2026-09-22T14:03:21-05:00,FILTER_01_DIFF_PRESSURE,HIGH_DIFF_PRESSURE,MEDIUM,High diff pressure,1.98
EVT-00004675,2026-09-13T21:29:04-05:00,FILLER_01_CYCLE_FAULT,CYCLE_FAULT,HIGH,Cycle fault,1.00
EVT-00004676,2026-09-25T10:56:47-05:00,TANK_IN_01_LEVEL,LOW_LEVEL,HIGH,Low level,5.20
EVT-00004677,2026-09-16T13:56:56-05:00,COMPRESSOR_01_PRESSURE,LOW_PRESSURE,HIGH,Low pressure,3.68
EVT-00004678,2026-09-01T15:05:04-05:00,FILTER_01_DIFF_PRESSURE,HIGH_DIFF_PRESSURE,MEDIUM,High diff pressure,2.89
EVT-00004679,2026-09-27T14:02:59-05:00,FILLER_01_PRESSURE,LOW_PRESSURE,HIGH,Low pressure,1.65
EVT-00004680,2026-09-05T18:48:21-05:00,PUMP_01_FLOW,LOW_FLOW,HIGH,Low flow,2.58
EVT-00004681,2026-09-23T18:26:19-05:00,TANK_OUT_01_LEVEL,HIGH_LEVEL,MEDIUM,High level,94.86
EVT-00004682,2026-09-13T09:46:14-05:00,PUMP_01_FLOW,LOW_FLOW,HIGH,Low flow,5.46
EVT-00004683,2026-09-22T10:59:26-05:00,FILTER_01_DIFF_PRESSURE,HIGH_DIFF_PRESSURE,MEDIUM,High diff pressure,2.23
EVT-00004684,2026-09-29T10:12:11-05:00,FILLER_01_PRESSURE,LOW_PRESSURE,HIGH,Low pressure,1.07
EVT-00004685,2026-09-16T06:26:30-05:00,TANK_OUT_01_LEVEL,HIGH_LEVEL,MEDIUM,High level,98.02
EVT-00004686,2026-09-08T17:45:01-05:00,COMPRESSOR_01_PRESSURE,LOW_PRESSURE,HIGH,Low pressure,4.57
EVT-00004687,2026-09-23T20:33:55-05:00,TANK_IN_01_LEVEL,LOW_LEVEL,HIGH,Low level,1.44
EVT-00004688,2026-09-15T12:32:41-05:00,FILTER_01_DIFF_PRESSURE,HIGH_DIFF_PRESSURE,MEDIUM,High diff pressure,2.57
EVT-00004689,2026-09-14T19:10:59-05:00,TANK_IN_01_LEVEL,LOW_LEVEL,HIGH,Low level,10.12
EVT-00004690,2026-09-03T13:57:42-05:00,COMPRESSOR_01_PRESSURE,LOW_PRESSURE,HIGH,Low pressure,2.30
EVT-00004691,2026-09-15T12:40:25-05:00,FILTER_01_DIFF_PRESSURE,HIGH_DIFF_PRESSURE,MEDIUM,High diff pressure,2.26
EVT-00004692,2026-09-06T09:59:21-05:00,FILTER_01_PRESSURE,HIGH_PRESSURE,HIGH,High pressure,8.74
EVT-00004693,2026-09-26T09:33:46-05:00,TANK_OUT_01_LEVEL,HIGH_LEVEL,MEDIUM,High level,91.37
EVT-00004694,2026-09-12T06:52:24-05:00,COMPRESSOR_01_TEMP,HIGH_TEMPERATURE,HIGH,High temperature,105.36
EVT-00004695,2026-09-30T08:53:24-05:00,TANK_IN_01_LEVEL,LOW_LEVEL,HIGH,Low level,2.89
EVT-00004696,2026-09-18T06:54:41-05:00,FILLER_01_PRESSURE,LOW_PRESSURE,HIGH,Low pressure,0.74
EVT-00004697,2026-09-30T10:38:41-05:00,TANK_IN_01_LEVEL,LOW_LEVEL,HIGH,Low level,10.27
EVT-00004698,2026-09-05T21:37:42-05:00,PUMP_01_FLOW,LOW_FLOW,HIGH,Low flow,9.92
EVT-00004699,2026-09-08T10:10:13-05:00,FILTER_01_DIFF_PRESSURE,HIGH_DIFF_PRESSURE,MEDIUM,High diff pressure,2.64
EVT-00004700,2026-09-29T07:12:56-05:00,FILTER_01_DIFF_PRESSURE,HIGH_DIFF_PRESSURE,MEDIUM,High diff pressure,2.19
EVT-00004701,2026-09-20T06:56:57-05:00,CONVEYOR_01_MOTOR_TEMP,HIGH_TEMPERATURE,LOW,High temperature,69
EVT-00004702,2026-09-26T21:52:16-05:00,FILLER_01_PRESSURE,LOW_PRESSURE,HIGH,Low pressure,0.55
EVT-00004703,2026-09-22T13:42:19-05:00,FILTER_01_DIFF_PRESSURE,HIGH_DIFF_PRESSURE,MEDIUM,High diff pressure,2.02
EVT-00004704,2026-09-26T09:33:24-05:00,PUMP_01_FLOW,LOW_FLOW,HIGH,Low flow,13.34
EVT-00004705,2026-09-03T20:04:08-05:00,FILLER_01_PRESSURE,LOW_PRESSURE,HIGH,Low pressure,0.35
EVT-00004706,2026-09-26T09:15:13-05:00,PUMP_01_MOTOR_FAULT,MOTOR_FAULT,CRITICAL,Motor fault,1.00
EVT-00004707,2026-09-18T19:51:03-05:00,FILLER_01_CYCLE_FAULT,CYCLE_FAULT,HIGH,Cycle fault,1.00
EVT-00004708,2026-09-05T15:42:53-05:00,FILLER_01_PRESSURE,LOW_PRESSURE,HIGH,Low pressure,0.57
EVT-00004709,2026-09-01T11:55:30-05:00,PUMP_01_MOTOR_FAULT,MOTOR_FAULT,CRITICAL,Motor fault,1.00
EVT-00004710,2026-09-17T20:48:20-05:00,FILLER_01_CYCLE_FAULT,CYCLE_FAULT,HIGH,Cycle fault,1.00
EVT-00004711,2026-09-29T07:02:05-05:00,TANK_OUT_01_LEVEL,LOW_LEVEL,HIGH,Low level,9.06
EVT-00004712,2026-09-02T14:32:20-05:00,PUMP_01_FLOW,LOW_FLOW,HIGH,Low flow,4.19
EVT-00004713,2026-09-08T21:41:11-05:00,CONVEYOR_01_JAM,JAM,MEDIUM,Jam,1.00
EVT-00004714,2026-09-09T14:25:04-05:00,TANK_OUT_01_LEVEL,LOW_LEVEL,HIGH,Low level,6.03
EVT-00004715,2026-09-23T08:00:00-05:00,FILTER_01_PRESSURE,HIGH_PRESSURE,HIGH,High pressure,7.37
EVT-00004716,2026-09-20T19:44:07-05:00,PUMP_01_FLOW,LOW_FLOW,HIGH,Low flow,1.86
EVT-00004717,2026-09-13T08:28:26-05:00,TANK_IN_01_LEVEL,LOW_LEVEL,HIGH,Low level,1.01
EVT-00004718,2026-09-29T20:32:32-05:00,FILTER_01_DIFF_PRESSURE,HIGH_DIFF_PRESSURE,MEDIUM,High diff pressure,2.85
EVT-00004719,2026-09-13T16:01:05-05:00,FILLER_01_PRESSURE,LOW_PRESSURE,HIGH,Low pressure,1.48
EVT-00004720,2026-09-29T15:33:29-05:00,FILLER_01_PRESSURE,LOW_PRESSURE,HIGH,Low pressure,1.29
EVT-00004721,2026-09-17T12:26:35-05:00,COMPRESSOR_01_PRESSURE,LOW_PRESSURE,HIGH,Low pressure,4.10
EVT-00004722,2026-09-27T19:38:28-05:00,TANK_OUT_01_LEVEL,HIGH_LEVEL,MEDIUM,High level,95.14
EVT-00004723,2026-09-17T13:25:17-05:00,FILLER_01_CYCLE_FAULT,CYCLE_FAULT,HIGH,Cycle fault,1.00
EVT-00004724,2026-09-16T08:17:53-05:00,TANK_OUT_01_LEVEL,LOW_LEVEL,HIGH,Low level,1.74
EVT-00004725,2026-09-20T12:41:24-05:00,PUMP_01_FLOW,LOW_FLOW,HIGH,Low flow,18.24
EVT-00004726,2026-09-29T13:30:27-05:00,FILTER_01_DIFF_PRESSURE,HIGH_DIFF_PRESSURE,MEDIUM,High diff pressure,2.57
EVT-00004727,2026-09-15T06:26:04-05:00,FILTER_01_DIFF_PRESSURE,HIGH_DIFF_PRESSURE,MEDIUM,High diff pressure,2.40
EVT-00004728,2026-09-25T06:17:31-05:00,TANK_OUT_01_LEVEL,LOW_LEVEL,HIGH,Low level,5.41
EVT-00004729,2026-09-08T14:11:27-05:00,FILTER_01_DIFF_PRESSURE,HIGH_DIFF_PRESSURE,MEDIUM,High diff pressure,1.95
EVT-00004730,2026-09-10T13:12:55-05:00,FILLER_01_PRESSURE,LOW_PRESSURE,HIGH,Low pressure,0.72
EVT-00004731,2026-09-29T10:08:01-05:00,PUMP_01_FLOW,LOW_FLOW,HIGH,Low flow,9.99
EVT-00004732,2026-09-13T14:29:22-05:00,PUMP_01_MOTOR_FAULT,MOTOR_FAULT,CRITICAL,Motor fault,1.00
EVT-00004733,2026-09-08T14:26:02-05:00,FILTER_01_DIFF_PRESSURE,HIGH_DIFF_PRESSURE,MEDIUM,High diff pressure,1.93
EVT-00004734,2026-09-01T10:28:00-05:00,FILTER_01_DIFF_PRESSURE,HIGH_DIFF_PRESSURE,MEDIUM,High diff pressure,1.97
EVT-00004735,2026-09-30T07:50:37-05:00,COMPRESSOR_01_PRESSURE,LOW_PRESSURE,HIGH,Low pressure,2.51
EVT-00004736,2026-09-15T14:28:00-05:00,FILTER_01_DIFF_PRESSURE,HIGH_DIFF_PRESSURE,MEDIUM,High diff pressure,2.58
EVT-00004737,2026-09-28T13:53:22-05:00,COMPRESSOR_01_PRESSURE,LOW_PRESSURE,HIGH,Low pressure,1.39
EVT-00004738,2026-09-12T20:56:51-05:00,TANK_OUT_01_LEVEL,HIGH_LEVEL,MEDIUM,High level,96.24
EVT-00004739,2026-09-02T21:48:46-05:00,TANK_OUT_01_LEVEL,LOW_LEVEL,HIGH,Low level,10.81
EVT-00004740,2026-09-11T09:31:19-05:00,TANK_IN_01_LEVEL,LOW_LEVEL,HIGH,Low level,7.35
EVT-00004741,2026-09-06T06:12:04-05:00,COMPRESSOR_01_PRESSURE,LOW_PRESSURE,HIGH,Low pressure,1.51
EVT-00004742,2026-09-23T16:13:24-05:00,PUMP_01_FLOW,LOW_FLOW,HIGH,Low flow,6.52
EVT-00004743,2026-09-17T09:58:52-05:00,TANK_IN_01_LEVEL,LOW_LEVEL,HIGH,Low level,13.91
EVT-00004744,2026-09-01T14:09:43-05:00,TANK_OUT_01_LEVEL,LOW_LEVEL,HIGH,Low level,9.26
EVT-00004745,2026-09-29T14:22:45-05:00,FILTER_01_DIFF_PRESSURE,HIGH_DIFF_PRESSURE,MEDIUM,High diff pressure,2.48
EVT-00004746,2026-09-10T12:41:55-05:00,FILLER_01_PRESSURE,LOW_PRESSURE,HIGH,Low pressure,0.23
EVT-00004747,2026-09-19T08:14:40-05:00,CONVEYOR_01_JAM,JAM,MEDIUM,Jam,1.00
EVT-00004748,2026-09-14T19:54:05-05:00,FILLER_01_CYCLE_FAULT,CYCLE_FAULT,HIGH,Cycle fault,1.00
EVT-00004749,2026-09-18T19:15:53-05:00,FILLER_01_PRESSURE,LOW_PRESSURE,HIGH,Low pressure,1.54
EVT-00004750,2026-09-05T21:00:48-05:00,TANK_OUT_01_LEVEL,LOW_LEVEL,HIGH,Low level,8.73
EVT-00004751,2026-09-22T19:18:56-05:00,FILTER_01_DIFF_PRESSURE,HIGH_DIFF_PRESSURE,HIGH,High diff pressure,2.28
EVT-00004752,2026-09-25T09:34:26-05:00,PUMP_01_FLOW,LOW_FLOW,HIGH,Low flow,2.90
EVT-00004753,2026-09-09T13:10:47-05:00,FILLER_01_PRESSURE,LOW_PRESSURE,HIGH,Low pressure,0.66
EVT-00004754,2026-09-10T06:13:13-05:00,TANK_IN_01_LEVEL,LOW_LEVEL,HIGH,Low level,3.72
EVT-00004755,2026-09-19T09:31:31-05:00,PUMP_01_FLOW,LOW_FLOW,HIGH,Low flow,9.55
EVT-00004756,2026-09-29T08:45:38-05:00,CONVEYOR_01_JAM,JAM,MEDIUM,Jam,1.00
EVT-00004757,2026-09-09T09:50:02-05:00,TANK_OUT_01_LEVEL,LOW_LEVEL,HIGH,Low level,1.01
EVT-00004758,2026-09-06T21:38:04-05:00,COMPRESSOR_01_TEMP,HIGH_TEMPERATURE,HIGH,High temperature,97.53
EVT-00004759,2026-09-16T20:19:37-05:00,PUMP_01_MOTOR_FAULT,MOTOR_FAULT,CRITICAL,Motor fault,1.00
EVT-00004760,2026-09-30T09:00:53-05:00,PUMP_01_FLOW,LOW_FLOW,HIGH,Low flow,14.77
EVT-00004761,2026-09-03T18:11:10-05:00,TANK_OUT_01_LEVEL,LOW_LEVEL,HIGH,Low level,10.41
EVT-00004762,2026-09-11T17:13:42-05:00,CONVEYOR_01_JAM,JAM,MEDIUM,Jam,1.00
EVT-00004763,2026-09-09T16:30:17-05:00,CONVEYOR_01_MOTOR_TEMP,HIGH_TEMPERATURE,LOW,High temperature,82.43
EVT-00004764,2026-09-29T20:49:31-05:00,TANK_OUT_01_LEVEL,LOW_LEVEL,HIGH,Low level,7.77
EVT-00004765,2026-09-11T15:35:18-05:00,FILLER_01_PRESSURE,LOW_PRESSURE,HIGH,Low pressure,0.49
EVT-00004766,2026-09-27T19:02:40-05:00,FILLER_01_PRESSURE,LOW_PRESSURE,HIGH,Low pressure,1.60
EVT-00004767,2026-09-09T20:40:34-05:00,TANK_OUT_01_LEVEL,LOW_LEVEL,HIGH,Low level,13.16
EVT-00004768,2026-09-08T10:07:04-05:00,FILLER_01_CYCLE_FAULT,CYCLE_FAULT,HIGH,Cycle fault,1.00
EVT-00004769,2026-09-15T11:58:25-05:00,FILTER_01_DIFF_PRESSURE,HIGH_DIFF_PRESSURE,MEDIUM,High diff pressure,2.90
EVT-00004770,2026-09-22T06:56:01-05:00,FILTER_01_DIFF_PRESSURE,HIGH_DIFF_PRESSURE,MEDIUM,High diff pressure,2.36
EVT-00004771,2026-09-09T07:56:19-05:00,CONVEYOR_01_JAM,JAM,MEDIUM,Jam,1.00
EVT-00004772,2026-09-28T20:15:45-05:00,TANK_OUT_01_LEVEL,LOW_LEVEL,HIGH,Low level,5.48
EVT-00004773,2026-09-08T14:27:11-05:00,COMPRESSOR_01_PRESSURE,LOW_PRESSURE,HIGH,Low pressure,1.78
EVT-00004774,2026-09-23T15:52:14-05:00,COMPRESSOR_01_PRESSURE,LOW_PRESSURE,HIGH,Low pressure,3.58
EVT-00004775,2026-09-22T13:37:58-05:00,FILTER_01_DIFF_PRESSURE,HIGH_DIFF_PRESSURE,MEDIUM,High diff pressure,2.44
EVT-00004776,2026-09-08T08:57:26-05:00,FILTER_01_DIFF_PRESSURE,HIGH_DIFF_PRESSURE,MEDIUM,High diff pressure,2.83
EVT-00004777,2026-09-22T07:12:26-05:00,COMPRESSOR_01_PRESSURE,LOW_PRESSURE,HIGH,Low pressure,2.60
EVT-00004778,2026-09-02T13:55:49-05:00,COMPRESSOR_01_PRESSURE,LOW_PRESSURE,HIGH,Low pressure,3.07
EVT-00004779,2026-09-05T13:32:26-05:00,CONVEYOR_01_JAM,JAM,MEDIUM,Jam,1.00
EVT-00004780,2026-09-11T12:44:33-05:00,COMPRESSOR_01_TEMP,HIGH_TEMPERATURE,HIGH,High temperature,100.84
EVT-00004781,2026-09-22T14:57:14-05:00,FILTER_01_DIFF_PRESSURE,HIGH_DIFF_PRESSURE,MEDIUM,High diff pressure,2.61
EVT-00004782,2026-09-13T13:49:47-05:00,TANK_OUT_01_LEVEL,HIGH_LEVEL,MEDIUM,High level,93.40
EVT-00004783,2026-09-29T20:38:45-05:00,FILTER_01_DIFF_PRESSURE,HIGH_DIFF_PRESSURE,MEDIUM,High diff pressure,2.02
EVT-00004784,2026-09-29T11:57:19-05:00,FILTER_01_DIFF_PRESSURE,HIGH_DIFF_PRESSURE,MEDIUM,High diff pressure,2.56
EVT-00004785,2026-09-04T07:29:40-05:00,CONVEYOR_01_MOTOR_TEMP,HIGH_TEMPERATURE,LOW,High temperature,72.68
EVT-00004786,2026-09-01T08:43:53-05:00,CONVEYOR_01_JAM,JAM,MEDIUM,Jam,1.00
EVT-00004787,2026-09-03T20:26:48-05:00,TANK_OUT_01_LEVEL,LOW_LEVEL,HIGH,Low level,4.11
EVT-00004788,2026-09-01T14:34:41-05:00,COMPRESSOR_01_TEMP,HIGH_TEMPERATURE,HIGH,High temperature,103.27
EVT-00004789,2026-09-10T21:21:24-05:00,TANK_IN_01_LEVEL,LOW_LEVEL,HIGH,Low level,8.51
EVT-00004790,2026-09-30T21:03:02-05:00,FILLER_01_PRESSURE,LOW_PRESSURE,HIGH,Low pressure,1.89
EVT-00004791,2026-09-29T07:35:35-05:00,FILTER_01_DIFF_PRESSURE,HIGH_DIFF_PRESSURE,MEDIUM,High diff pressure,1.70
EVT-00004792,2026-09-10T12:00:36-05:00,PUMP_01_FLOW,LOW_FLOW,HIGH,Low flow,3.04
EVT-00004793,2026-09-19T07:29:56-05:00,TANK_IN_01_LEVEL,LOW_LEVEL,HIGH,Low level,1.80
EVT-00004794,2026-09-27T09:29:59-05:00,FILLER_01_PRESSURE,LOW_PRESSURE,HIGH,Low pressure,0.53
EVT-00004795,2026-09-27T14:55:36-05:00,COMPRESSOR_01_PRESSURE,LOW_PRESSURE,HIGH,Low pressure,1.55
EVT-00004796,2026-09-10T17:12:13-05:00,PUMP_01_MOTOR_FAULT,MOTOR_FAULT,CRITICAL,Motor fault,1.00
EVT-00004797,2026-09-10T08:31:24-05:00,CONVEYOR_01_JAM,JAM,MEDIUM,Jam,1.00
EVT-00004798,2026-09-28T10:43:58-05:00,FILTER_01_PRESSURE,HIGH_PRESSURE,HIGH,High pressure,6.90
EVT-00004799,2026-09-23T15:22:23-05:00,FILLER_01_PRESSURE,LOW_PRESSURE,HIGH,Low pressure,0.34
EVT-00004800,2026-09-08T18:32:36-05:00,TANK_OUT_01_LEVEL,LOW_LEVEL,HIGH,Low level,6.81
EVT-00004801,2026-09-28T12:09:54-05:00,TANK_IN_01_LEVEL,LOW_LEVEL,HIGH,Low level,16
EVT-00004802,2026-09-26T14:14:15-05:00,FILLER_01_PRESSURE,LOW_PRESSURE,HIGH,Low pressure,1.01
EVT-00004803,2026-09-10T11:20:44-05:00,COMPRESSOR_01_PRESSURE,LOW_PRESSURE,HIGH,Low pressure,4.34
EVT-00004804,2026-09-13T13:36:32-05:00,FILLER_01_PRESSURE,LOW_PRESSURE,HIGH,Low pressure,0.70
EVT-00004805,2026-09-28T11:37:51-05:00,CONVEYOR_01_JAM,JAM,MEDIUM,Jam,1.00
EVT-00004806,2026-09-15T08:42:26-05:00,PUMP_01_FLOW,LOW_FLOW,HIGH,Low flow,15.40
EVT-00004807,2026-09-03T07:04:10-05:00,PUMP_01_FLOW,LOW_FLOW,HIGH,Low flow,13.03
EVT-00004808,2026-09-05T07:57:36-05:00,CONVEYOR_01_MOTOR_TEMP,HIGH_TEMPERATURE,LOW,High temperature,80.19
EVT-00004809,2026-09-24T07:20:13-05:00,PUMP_01_FLOW,LOW_FLOW,HIGH,Low flow,6.78
EVT-00004810,2026-09-23T11:49:28-05:00,FILLER_01_CYCLE_FAULT,CYCLE_FAULT,HIGH,Cycle fault,1.00
EVT-00004811,2026-09-14T13:27:41-05:00,FILLER_01_PRESSURE,LOW_PRESSURE,HIGH,Low pressure,0.41
EVT-00004812,2026-09-22T18:13:36-05:00,COMPRESSOR_01_PRESSURE,LOW_PRESSURE,HIGH,Low pressure,3.82
EVT-00004813,2026-09-10T18:54:32-05:00,FILLER_01_CYCLE_FAULT,CYCLE_FAULT,HIGH,Cycle fault,1.00
EVT-00004814,2026-09-21T06:36:57-05:00,COMPRESSOR_01_PRESSURE,LOW_PRESSURE,HIGH,Low pressure,2.86
EVT-00004815,2026-09-07T12:16:55-05:00,PUMP_01_FLOW,LOW_FLOW,HIGH,Low flow,2.35
EVT-00004816,2026-09-27T21:31:46-05:00,TANK_IN_01_LEVEL,LOW_LEVEL,HIGH,Low level,6.16
EVT-00004817,2026-09-22T14:26:16-05:00,FILTER_01_DIFF_PRESSURE,HIGH_DIFF_PRESSURE,MEDIUM,High diff pressure,2.61
EVT-00004818,2026-09-28T11:53:26-05:00,FILLER_01_CYCLE_FAULT,CYCLE_FAULT,HIGH,Cycle fault,1.00
EVT-00004819,2026-09-11T19:34:02-05:00,PUMP_01_FLOW,LOW_FLOW,HIGH,Low flow,15.48
EVT-00004820,2026-09-15T19:40:51-05:00,FILTER_01_DIFF_PRESSURE,HIGH_DIFF_PRESSURE,MEDIUM,High diff pressure,2.07
EVT-00004821,2026-09-26T08:59:19-05:00,TANK_IN_01_LEVEL,LOW_LEVEL,HIGH,Low level,6.13
EVT-00004822,2026-09-22T21:56:18-05:00,FILTER_01_DIFF_PRESSURE,HIGH_DIFF_PRESSURE,MEDIUM,High diff pressure,2.45
EVT-00004823,2026-09-29T08:33:17-05:00,PUMP_01_FLOW,LOW_FLOW,HIGH,Low flow,5.91
EVT-00004824,2026-09-16T11:03:29-05:00,TANK_OUT_01_LEVEL,LOW_LEVEL,HIGH,Low level,5.14
EVT-00004825,2026-09-14T06:41:59-05:00,FILLER_01_PRESSURE,LOW_PRESSURE,HIGH,Low pressure,0.12
EVT-00004826,2026-09-23T12:14:36-05:00,FILLER_01_PRESSURE,LOW_PRESSURE,HIGH,Low pressure,1.67
EVT-00004827,2026-09-01T07:54:14-05:00,FILTER_01_DIFF_PRESSURE,HIGH_DIFF_PRESSURE,MEDIUM,High diff pressure,2.83
EVT-00004828,2026-09-17T09:40:19-05:00,FILLER_01_CYCLE_FAULT,CYCLE_FAULT,HIGH,Cycle fault,1.00
EVT-00004829,2026-09-22T17:59:26-05:00,PUMP_01_FLOW,LOW_FLOW,HIGH,Low flow,18.56
EVT-00004830,2026-09-17T10:58:40-05:00,FILLER_01_CYCLE_FAULT,CYCLE_FAULT,HIGH,Cycle fault,1.00
EVT-00004831,2026-09-19T17:08:58-05:00,COMPRESSOR_01_PRESSURE,LOW_PRESSURE,HIGH,Low pressure,4.13
EVT-00004832,2026-09-25T19:18:44-05:00,PUMP_01_FLOW,LOW_FLOW,HIGH,Low flow,17.38
EVT-00004833,2026-09-24T16:45:30-05:00,TANK_IN_01_LEVEL,LOW_LEVEL,HIGH,Low level,12.20
EVT-00004834,2026-09-22T06:48:37-05:00,FILTER_01_DIFF_PRESSURE,HIGH_DIFF_PRESSURE,MEDIUM,High diff pressure,2.32
EVT-00004835,2026-09-22T16:43:41-05:00,FILTER_01_DIFF_PRESSURE,HIGH_DIFF_PRESSURE,MEDIUM,High diff pressure,1.76
EVT-00004836,2026-09-29T13:35:44-05:00,FILTER_01_PRESSURE,HIGH_PRESSURE,HIGH,High pressure,8.47
EVT-00004837,2026-09-20T16:24:39-05:00,COMPRESSOR_01_PRESSURE,LOW_PRESSURE,HIGH,Low pressure,2.18
EVT-00004838,2026-09-27T16:45:24-05:00,COMPRESSOR_01_PRESSURE,LOW_PRESSURE,HIGH,Low pressure,2.14
EVT-00004839,2026-09-15T17:52:13-05:00,FILTER_01_DIFF_PRESSURE,HIGH_DIFF_PRESSURE,MEDIUM,High diff pressure,1.69
EVT-00004840,2026-09-22T16:33:02-05:00,CONVEYOR_01_JAM,JAM,MEDIUM,Jam,1.00
EVT-00004841,2026-09-01T15:39:42-05:00,FILTER_01_DIFF_PRESSURE,HIGH_DIFF_PRESSURE,MEDIUM,High diff pressure,2.18
EVT-00004842,2026-09-27T14:10:42-05:00,TANK_IN_01_LEVEL,LOW_LEVEL,HIGH,Low level,5.89
EVT-00004843,2026-09-22T06:52:10-05:00,FILTER_01_DIFF_PRESSURE,HIGH_DIFF_PRESSURE,MEDIUM,High diff pressure,1.79
EVT-00004844,2026-09-09T15:44:38-05:00,CONVEYOR_01_JAM,JAM,MEDIUM,Jam,1.00
EVT-00004845,2026-09-28T19:20:21-05:00,TANK_IN_01_LEVEL,LOW_LEVEL,HIGH,Low level,7.27
EVT-00004846,2026-09-22T06:55:55-05:00,FILLER_01_CYCLE_FAULT,CYCLE_FAULT,HIGH,Cycle fault,1.00
EVT-00004847,2026-09-07T15:43:22-05:00,COMPRESSOR_01_TEMP,HIGH_TEMPERATURE,HIGH,High temperature,118.62
EVT-00004848,2026-09-01T21:34:08-05:00,FILTER_01_DIFF_PRESSURE,HIGH_DIFF_PRESSURE,MEDIUM,High diff pressure,2.20
EVT-00004849,2026-09-13T16:12:29-05:00,COMPRESSOR_01_PRESSURE,LOW_PRESSURE,HIGH,Low pressure,4.71
EVT-00004850,2026-09-29T17:56:38-05:00,FILTER_01_DIFF_PRESSURE,HIGH_DIFF_PRESSURE,MEDIUM,High diff pressure,2.11
EVT-00004851,2026-09-14T07:27:01-05:00,TANK_IN_01_LEVEL,LOW_LEVEL,CRITICAL,Low level,7.73
EVT-00004852,2026-09-16T06:22:35-05:00,FILLER_01_PRESSURE,LOW_PRESSURE,HIGH,Low pressure,0.35
EVT-00004853,2026-09-24T19:18:27-05:00,PUMP_01_FLOW,LOW_FLOW,HIGH,Low flow,6.28
EVT-00004854,2026-09-10T18:13:47-05:00,PUMP_01_FLOW,LOW_FLOW,HIGH,Low flow,6.26
EVT-00004855,2026-09-22T09:42:55-05:00,FILTER_01_DIFF_PRESSURE,HIGH_DIFF_PRESSURE,MEDIUM,High diff pressure,2.01
EVT-00004856,2026-09-15T11:38:02-05:00,FILTER_01_DIFF_PRESSURE,HIGH_DIFF_PRESSURE,MEDIUM,High diff pressure,2.98
EVT-00004857,2026-09-21T07:14:55-05:00,FILLER_01_PRESSURE,LOW_PRESSURE,HIGH,Low pressure,0.29
EVT-00004858,2026-09-28T08:12:38-05:00,COMPRESSOR_01_TEMP,HIGH_TEMPERATURE,HIGH,High temperature,96.13
EVT-00004859,2026-09-03T20:10:30-05:00,COMPRESSOR_01_PRESSURE,LOW_PRESSURE,HIGH,Low pressure,4.88
EVT-00004860,2026-09-06T08:03:49-05:00,COMPRESSOR_01_PRESSURE,LOW_PRESSURE,HIGH,Low pressure,3.31
EVT-00004861,2026-09-29T19:56:40-05:00,FILTER_01_DIFF_PRESSURE,HIGH_DIFF_PRESSURE,MEDIUM,High diff pressure,2.96
EVT-00004862,2026-09-04T14:45:38-05:00,FILTER_01_PRESSURE,HIGH_PRESSURE,HIGH,High pressure,7.52
EVT-00004863,2026-09-12T20:21:47-05:00,FILLER_01_CYCLE_FAULT,CYCLE_FAULT,HIGH,Cycle fault,1.00
EVT-00004864,2026-09-22T20:41:01-05:00,FILTER_01_DIFF_PRESSURE,HIGH_DIFF_PRESSURE,MEDIUM,High diff pressure,2.08
EVT-00004865,2026-09-09T19:12:14-05:00,TANK_OUT_01_LEVEL,LOW_LEVEL,HIGH,Low level,1.37
EVT-00004866,2026-09-20T20:38:35-05:00,COMPRESSOR_01_PRESSURE,LOW_PRESSURE,HIGH,Low pressure,1.44
EVT-00004867,2026-09-06T08:39:15-05:00,COMPRESSOR_01_TEMP,HIGH_TEMPERATURE,HIGH,High temperature,110.01
EVT-00004868,2026-09-27T18:33:09-05:00,PUMP_01_FLOW,LOW_FLOW,HIGH,Low flow,11.95
EVT-00004869,2026-09-30T19:47:11-05:00,PUMP_01_FLOW,LOW_FLOW,HIGH,Low flow,13.93
EVT-00004870,2026-09-15T21:32:15-05:00,FILTER_01_DIFF_PRESSURE,HIGH_DIFF_PRESSURE,MEDIUM,High diff pressure,2.59
EVT-00004871,2026-09-14T07:53:07-05:00,CONVEYOR_01_JAM,JAM,MEDIUM,Jam,1.00
EVT-00004872,2026-09-07T17:18:22-05:00,PUMP_01_FLOW,LOW_FLOW,HIGH,Low flow,14.05
EVT-00004873,2026-09-19T19:36:43-05:00,FILTER_01_PRESSURE,HIGH_PRESSURE,HIGH,High pressure,6.44
EVT-00004874,2026-09-24T10:07:40-05:00,COMPRESSOR_01_TEMP,HIGH_TEMPERATURE,HIGH,High temperature,116.24
EVT-00004875,2026-09-15T13:03:00-05:00,TANK_OUT_01_LEVEL,LOW_LEVEL,HIGH,Low level,7.59
EVT-00004876,2026-09-07T06:45:50-05:00,FILLER_01_PRESSURE,LOW_PRESSURE,HIGH,Low pressure,0.19
EVT-00004877,2026-09-01T16:23:37-05:00,FILTER_01_DIFF_PRESSURE,HIGH_DIFF_PRESSURE,MEDIUM,High diff pressure,2.50
EVT-00004878,2026-09-22T12:46:54-05:00,TANK_IN_01_LEVEL,LOW_LEVEL,HIGH,Low level,7.93
EVT-00004879,2026-09-01T11:44:14-05:00,FILTER_01_DIFF_PRESSURE,HIGH_DIFF_PRESSURE,MEDIUM,High diff pressure,2.78
EVT-00004880,2026-09-27T07:44:49-05:00,TANK_IN_01_LEVEL,LOW_LEVEL,HIGH,Low level,13.17
EVT-00004881,2026-09-25T08:07:14-05:00,TANK_OUT_01_LEVEL,LOW_LEVEL,HIGH,Low level,13.14
EVT-00004882,2026-09-16T16:04:39-05:00,PUMP_01_FLOW,LOW_FLOW,HIGH,Low flow,12.29
EVT-00004883,2026-09-11T08:10:48-05:00,FILLER_01_PRESSURE,LOW_PRESSURE,HIGH,Low pressure,1.69
EVT-00004884,2026-09-26T21:12:17-05:00,CONVEYOR_01_JAM,JAM,MEDIUM,Jam,1.00
EVT-00004885,2026-09-18T20:58:01-05:00,PUMP_01_MOTOR_FAULT,MOTOR_FAULT,CRITICAL,Motor fault,1.00
EVT-00004886,2026-09-01T06:59:58-05:00,FILTER_01_DIFF_PRESSURE,HIGH_DIFF_PRESSURE,MEDIUM,High diff pressure,2.36
EVT-00004887,2026-09-05T18:40:06-05:00,FILLER_01_PRESSURE,LOW_PRESSURE,HIGH,Low pressure,0.76
EVT-00004888,2026-09-05T11:06:33-05:00,CONVEYOR_01_JAM,JAM,MEDIUM,Jam,1.00
EVT-00004889,2026-09-03T15:39:57-05:00,CONVEYOR_01_MOTOR_TEMP,HIGH_TEMPERATURE,LOW,High temperature,78.45
EVT-00004890,2026-09-10T19:26:46-05:00,TANK_IN_01_LEVEL,LOW_LEVEL,HIGH,Low level,7.14
EVT-00004891,2026-09-01T11:11:27-05:00,FILTER_01_DIFF_PRESSURE,HIGH_DIFF_PRESSURE,MEDIUM,High diff pressure,2.43
EVT-00004892,2026-09-03T21:49:43-05:00,PUMP_01_FLOW,LOW_FLOW,HIGH,Low flow,3.81
EVT-00004893,2026-09-20T16:54:51-05:00,COMPRESSOR_01_PRESSURE,LOW_PRESSURE,HIGH,Low pressure,1.51
EVT-00004894,2026-09-01T10:48:34-05:00,FILTER_01_DIFF_PRESSURE,HIGH_DIFF_PRESSURE,MEDIUM,High diff pressure,2.45
EVT-00004895,2026-09-01T09:19:28-05:00,FILTER_01_DIFF_PRESSURE,HIGH_DIFF_PRESSURE,MEDIUM,High diff pressure,2.14
EVT-00004896,2026-09-03T10:12:52-05:00,TANK_OUT_01_LEVEL,HIGH_LEVEL,MEDIUM,High level,91.50
EVT-00004897,2026-09-29T19:44:29-05:00,FILTER_01_DIFF_PRESSURE,HIGH_DIFF_PRESSURE,MEDIUM,High diff pressure,2.98
EVT-00004898,2026-09-03T20:46:27-05:00,COMPRESSOR_01_PRESSURE,LOW_PRESSURE,HIGH,Low pressure,4.64
EVT-00004899,2026-09-19T21:50:36-05:00,TANK_OUT_01_LEVEL,LOW_LEVEL,HIGH,Low level,12.18
EVT-00004900,2026-09-29T17:58:36-05:00,FILTER_01_DIFF_PRESSURE,HIGH_DIFF_PRESSURE,MEDIUM,High diff pressure,2.36
EVT-00004901,2026-09-13T19:41:42-05:00,TANK_IN_01_LEVEL,HIGH_LEVEL,MEDIUM,High level,89
EVT-00004902,2026-09-22T07:41:32-05:00,FILTER_01_DIFF_PRESSURE,HIGH_DIFF_PRESSURE,MEDIUM,High diff pressure,2.45
EVT-00004903,2026-09-02T08:29:31-05:00,PUMP_01_MOTOR_FAULT,MOTOR_FAULT,CRITICAL,Motor fault,1.00
EVT-00004904,2026-09-19T06:04:22-05:00,TANK_IN_01_LEVEL,HIGH_LEVEL,MEDIUM,High level,92.09
EVT-00004905,2026-09-02T14:32:31-05:00,COMPRESSOR_01_PRESSURE,LOW_PRESSURE,HIGH,Low pressure,2.84
EVT-00004906,2026-09-01T10:48:40-05:00,FILTER_01_DIFF_PRESSURE,HIGH_DIFF_PRESSURE,MEDIUM,High diff pressure,2.00
EVT-00004907,2026-09-18T20:27:22-05:00,TANK_OUT_01_LEVEL,HIGH_LEVEL,MEDIUM,High level,93.53
EVT-00004908,2026-09-06T09:22:12-05:00,TANK_IN_01_LEVEL,LOW_LEVEL,HIGH,Low level,12.65
EVT-00004909,2026-09-04T17:29:02-05:00,FILLER_01_PRESSURE,LOW_PRESSURE,HIGH,Low pressure,0.14
EVT-00004910,2026-09-24T18:53:30-05:00,FILTER_01_PRESSURE,HIGH_PRESSURE,HIGH,High pressure,6.74
EVT-00004911,2026-09-27T21:43:31-05:00,PUMP_01_FLOW,LOW_FLOW,HIGH,Low flow,14.97
EVT-00004912,2026-09-14T06:05:46-05:00,TANK_OUT_01_LEVEL,LOW_LEVEL,HIGH,Low level,11.71
EVT-00004913,2026-09-19T20:27:58-05:00,CONVEYOR_01_MOTOR_TEMP,HIGH_TEMPERATURE,LOW,High temperature,85.94
EVT-00004914,2026-09-07T14:58:06-05:00,FILLER_01_CYCLE_FAULT,CYCLE_FAULT,HIGH,Cycle fault,1.00
EVT-00004915,2026-09-07T17:09:50-05:00,TANK_IN_01_LEVEL,LOW_LEVEL,HIGH,Low level,8.95
EVT-00004916,2026-09-17T11:19:42-05:00,PUMP_01_FLOW,LOW_FLOW,HIGH,Low flow,8.05
EVT-00004917,2026-09-19T13:29:30-05:00,PUMP_01_FLOW,LOW_FLOW,HIGH,Low flow,12.84
EVT-00004918,2026-09-08T17:13:15-05:00,FILTER_01_DIFF_PRESSURE,HIGH_DIFF_PRESSURE,MEDIUM,High diff pressure,1.91
EVT-00004919,2026-09-09T17:48:09-05:00,FILLER_01_PRESSURE,LOW_PRESSURE,HIGH,Low pressure,1.64
EVT-00004920,2026-09-04T13:22:57-05:00,TANK_OUT_01_LEVEL,LOW_LEVEL,HIGH,Low level,13.09
EVT-00004921,2026-09-09T18:35:05-05:00,PUMP_01_FLOW,LOW_FLOW,HIGH,Low flow,3.62
EVT-00004922,2026-09-27T17:39:56-05:00,TANK_OUT_01_LEVEL,HIGH_LEVEL,MEDIUM,High level,96.94
EVT-00004923,2026-09-22T10:31:44-05:00,TANK_IN_01_LEVEL,HIGH_LEVEL,MEDIUM,High level,92.35
EVT-00004924,2026-09-08T10:33:03-05:00,FILLER_01_PRESSURE,LOW_PRESSURE,HIGH,Low pressure,0.21
EVT-00004925,2026-09-22T13:11:08-05:00,FILLER_01_CYCLE_FAULT,CYCLE_FAULT,HIGH,Cycle fault,1.00
EVT-00004926,2026-09-09T08:03:00-05:00,COMPRESSOR_01_PRESSURE,LOW_PRESSURE,HIGH,Low pressure,3.94
EVT-00004927,2026-09-07T19:03:24-05:00,TANK_IN_01_LEVEL,LOW_LEVEL,HIGH,Low level,3.26
EVT-00004928,2026-09-01T13:31:29-05:00,CONVEYOR_01_JAM,JAM,MEDIUM,Jam,1.00
EVT-00004929,2026-09-22T08:37:42-05:00,FILTER_01_DIFF_PRESSURE,HIGH_DIFF_PRESSURE,MEDIUM,High diff pressure,1.97
EVT-00004930,2026-09-26T08:14:36-05:00,FILLER_01_PRESSURE,LOW_PRESSURE,HIGH,Low pressure,1.04
EVT-00004931,2026-09-22T12:53:40-05:00,FILTER_01_DIFF_PRESSURE,HIGH_DIFF_PRESSURE,MEDIUM,High diff pressure,2.92
EVT-00004932,2026-09-15T18:04:18-05:00,FILLER_01_PRESSURE,LOW_PRESSURE,HIGH,Low pressure,0.61
EVT-00004933,2026-09-05T09:45:51-05:00,CONVEYOR_01_MOTOR_TEMP,HIGH_TEMPERATURE,LOW,High temperature,78.97
EVT-00004934,2026-09-08T14:55:06-05:00,FILTER_01_DIFF_PRESSURE,HIGH_DIFF_PRESSURE,MEDIUM,High diff pressure,2.85
EVT-00004935,2026-09-14T06:53:26-05:00,COMPRESSOR_01_PRESSURE,LOW_PRESSURE,HIGH,Low pressure,2.29
EVT-00004936,2026-09-15T08:53:14-05:00,TANK_IN_01_LEVEL,LOW_LEVEL,HIGH,Low level,2.25
EVT-00004937,2026-09-27T07:05:05-05:00,FILLER_01_CYCLE_FAULT,CYCLE_FAULT,HIGH,Cycle fault,1.00
EVT-00004938,2026-09-07T13:31:32-05:00,TANK_OUT_01_LEVEL,LOW_LEVEL,HIGH,Low level,3.26
EVT-00004939,2026-09-05T11:09:35-05:00,COMPRESSOR_01_PRESSURE,LOW_PRESSURE,HIGH,Low pressure,2.43
EVT-00004940,2026-09-25T06:15:02-05:00,PUMP_01_FLOW,LOW_FLOW,HIGH,Low flow,10.69
EVT-00004941,2026-09-17T07:11:19-05:00,FILLER_01_CYCLE_FAULT,CYCLE_FAULT,HIGH,Cycle fault,1.00
EVT-00004942,2026-09-08T14:10:48-05:00,FILTER_01_DIFF_PRESSURE,HIGH_DIFF_PRESSURE,MEDIUM,High diff pressure,2.11
EVT-00004943,2026-09-09T21:16:55-05:00,FILLER_01_PRESSURE,LOW_PRESSURE,HIGH,Low pressure,1.32
EVT-00004944,2026-09-09T08:55:15-05:00,COMPRESSOR_01_PRESSURE,LOW_PRESSURE,HIGH,Low pressure,3.45
EVT-00004945,2026-09-29T08:25:48-05:00,PUMP_01_FLOW,LOW_FLOW,HIGH,Low flow,1.35
EVT-00004946,2026-09-21T14:50:44-05:00,FILLER_01_CYCLE_FAULT,CYCLE_FAULT,HIGH,Cycle fault,1.00
EVT-00004947,2026-09-18T15:16:43-05:00,PUMP_01_FLOW,LOW_FLOW,HIGH,Low flow,14.14
EVT-00004948,2026-09-04T10:52:22-05:00,COMPRESSOR_01_PRESSURE,LOW_PRESSURE,HIGH,Low pressure,4.69
EVT-00004949,2026-09-15T18:33:33-05:00,FILTER_01_DIFF_PRESSURE,HIGH_DIFF_PRESSURE,MEDIUM,High diff pressure,1.85
EVT-00004950,2026-09-22T15:24:08-05:00,PUMP_01_MOTOR_FAULT,MOTOR_FAULT,CRITICAL,Motor fault,1.00
EVT-00004951,2026-09-01T07:08:46-05:00,FILLER_01_CYCLE_FAULT,CYCLE_FAULT,CRITICAL,Cycle fault,1.00
EVT-00004952,2026-09-10T10:35:21-05:00,PUMP_01_FLOW,LOW_FLOW,HIGH,Low flow,17.58
EVT-00004953,2026-09-22T16:07:15-05:00,PUMP_01_MOTOR_FAULT,MOTOR_FAULT,CRITICAL,Motor fault,1.00
EVT-00004954,2026-09-17T06:03:40-05:00,FILLER_01_PRESSURE,LOW_PRESSURE,HIGH,Low pressure,0.48
EVT-00004955,2026-09-11T19:59:23-05:00,COMPRESSOR_01_PRESSURE,LOW_PRESSURE,HIGH,Low pressure,4.53
EVT-00004956,2026-09-14T16:20:21-05:00,FILLER_01_CYCLE_FAULT,CYCLE_FAULT,HIGH,Cycle fault,1.00
EVT-00004957,2026-09-07T09:24:39-05:00,TANK_IN_01_LEVEL,LOW_LEVEL,HIGH,Low level,3.22
EVT-00004958,2026-09-24T19:54:40-05:00,FILLER_01_CYCLE_FAULT,CYCLE_FAULT,HIGH,Cycle fault,1.00
EVT-00004959,2026-09-26T10:57:01-05:00,PUMP_01_MOTOR_FAULT,MOTOR_FAULT,CRITICAL,Motor fault,1.00
EVT-00004960,2026-09-22T21:19:35-05:00,FILLER_01_PRESSURE,LOW_PRESSURE,HIGH,Low pressure,1.64
EVT-00004961,2026-09-12T07:44:57-05:00,TANK_OUT_01_LEVEL,LOW_LEVEL,HIGH,Low level,8.78
EVT-00004962,2026-09-07T10:27:28-05:00,FILTER_01_PRESSURE,HIGH_PRESSURE,HIGH,High pressure,7.76
EVT-00004963,2026-09-11T12:29:48-05:00,TANK_IN_01_LEVEL,LOW_LEVEL,HIGH,Low level,10.65
EVT-00004964,2026-09-18T12:04:11-05:00,FILLER_01_CYCLE_FAULT,CYCLE_FAULT,HIGH,Cycle fault,1.00
EVT-00004965,2026-09-18T06:17:56-05:00,PUMP_01_FLOW,LOW_FLOW,HIGH,Low flow,15.12
EVT-00004966,2026-09-19T08:29:38-05:00,TANK_IN_01_LEVEL,LOW_LEVEL,HIGH,Low level,5.73
EVT-00004967,2026-09-01T09:43:52-05:00,FILTER_01_DIFF_PRESSURE,HIGH_DIFF_PRESSURE,MEDIUM,High diff pressure,2.79
EVT-00004968,2026-09-01T07:52:04-05:00,FILTER_01_DIFF_PRESSURE,HIGH_DIFF_PRESSURE,MEDIUM,High diff pressure,3.00
EVT-00004969,2026-09-08T10:01:05-05:00,FILTER_01_DIFF_PRESSURE,HIGH_DIFF_PRESSURE,MEDIUM,High diff pressure,2.14
EVT-00004970,2026-09-04T06:39:59-05:00,PUMP_01_FLOW,LOW_FLOW,HIGH,Low flow,6.25
EVT-00004971,2026-09-19T13:26:53-05:00,TANK_IN_01_LEVEL,LOW_LEVEL,HIGH,Low level,3.46
EVT-00004972,2026-09-21T16:42:56-05:00,COMPRESSOR_01_TEMP,HIGH_TEMPERATURE,HIGH,High temperature,114.42
EVT-00004973,2026-09-03T12:12:15-05:00,COMPRESSOR_01_PRESSURE,LOW_PRESSURE,HIGH,Low pressure,2.21
EVT-00004974,2026-09-03T20:39:43-05:00,FILLER_01_PRESSURE,LOW_PRESSURE,HIGH,Low pressure,0.74
EVT-00004975,2026-09-18T19:35:17-05:00,CONVEYOR_01_JAM,JAM,MEDIUM,Jam,1.00
EVT-00004976,2026-09-23T11:02:38-05:00,TANK_IN_01_LEVEL,LOW_LEVEL,HIGH,Low level,12.08
EVT-00004977,2026-09-25T18:40:04-05:00,PUMP_01_FLOW,LOW_FLOW,HIGH,Low flow,15.92
EVT-00004978,2026-09-27T14:54:43-05:00,TANK_IN_01_LEVEL,LOW_LEVEL,HIGH,Low level,5.43
EVT-00004979,2026-09-29T12:01:15-05:00,CONVEYOR_01_JAM,JAM,MEDIUM,Jam,1.00
EVT-00004980,2026-09-19T10:10:29-05:00,TANK_IN_01_LEVEL,LOW_LEVEL,HIGH,Low level,12.78
EVT-00004981,2026-09-22T18:40:37-05:00,FILTER_01_DIFF_PRESSURE,HIGH_DIFF_PRESSURE,MEDIUM,High diff pressure,2.49
EVT-00004982,2026-09-25T14:14:05-05:00,COMPRESSOR_01_PRESSURE,LOW_PRESSURE,HIGH,Low pressure,3.84
EVT-00004983,2026-09-01T19:27:04-05:00,FILLER_01_PRESSURE,LOW_PRESSURE,HIGH,Low pressure,0.34
EVT-00004984,2026-09-19T06:23:19-05:00,COMPRESSOR_01_TEMP,HIGH_TEMPERATURE,HIGH,High temperature,107.27
EVT-00004985,2026-09-27T08:51:26-05:00,PUMP_01_FLOW,LOW_FLOW,HIGH,Low flow,5.79
EVT-00004986,2026-09-24T09:15:56-05:00,FILLER_01_CYCLE_FAULT,CYCLE_FAULT,HIGH,Cycle fault,1.00
EVT-00004987,2026-09-07T08:24:51-05:00,CONVEYOR_01_JAM,JAM,MEDIUM,Jam,1.00
EVT-00004988,2026-09-22T14:10:56-05:00,FILTER_01_PRESSURE,HIGH_PRESSURE,HIGH,High pressure,7.25
EVT-00004989,2026-09-02T08:08:45-05:00,FILLER_01_PRESSURE,LOW_PRESSURE,HIGH,Low pressure,0.62
EVT-00004990,2026-09-15T21:11:45-05:00,FILTER_01_DIFF_PRESSURE,HIGH_DIFF_PRESSURE,MEDIUM,High diff pressure,2.70
EVT-00004991,2026-09-03T21:10:32-05:00,PUMP_01_FLOW,LOW_FLOW,HIGH,Low flow,4.25
EVT-00004992,2026-09-01T09:07:11-05:00,FILTER_01_PRESSURE,HIGH_PRESSURE,HIGH,High pressure,8.01
EVT-00004993,2026-09-06T18:27:35-05:00,TANK_IN_01_LEVEL,LOW_LEVEL,HIGH,Low level,9.60
EVT-00004994,2026-09-25T08:52:04-05:00,TANK_IN_01_LEVEL,HIGH_LEVEL,MEDIUM,High level,93.16
EVT-00004995,2026-09-14T07:58:26-05:00,TANK_IN_01_LEVEL,LOW_LEVEL,HIGH,Low level,9.90
EVT-00004996,2026-09-27T09:01:31-05:00,PUMP_01_FLOW,LOW_FLOW,HIGH,Low flow,6.45
EVT-00004997,2026-09-23T16:06:12-05:00,FILLER_01_PRESSURE,LOW_PRESSURE,HIGH,Low pressure,1.83
EVT-00004998,2026-09-29T16:46:16-05:00,TANK_OUT_01_LEVEL,LOW_LEVEL,HIGH,Low level,12.99
EVT-00004999,2026-09-29T14:14:51-05:00,COMPRESSOR_01_TEMP,HIGH_TEMPERATURE,HIGH,High temperature,102.44
EVT-00005000,2026-09-20T15:42:00-05:00,CONVEYOR_01_JAM,JAM,MEDIUM,Jam,1.00
EVT-00005001,2026-09-14T09:08:01-05:00,COMPRESSOR_01_PRESSURE,LOW_PRESSURE,HIGH,Low pressure,6
EVT-00005002,2026-09-15T11:04:56-05:00,CONVEYOR_01_JAM,JAM,MEDIUM,Jam,1.00
EVT-00005003,2026-09-07T19:21:05-05:00,PUMP_01_MOTOR_FAULT,MOTOR_FAULT,CRITICAL,Motor fault,1.00
EVT-00005004,2026-09-10T12:50:10-05:00,PUMP_01_FLOW,LOW_FLOW,HIGH,Low flow,16.82
EVT-00005005,2026-09-30T07:39:25-05:00,TANK_OUT_01_LEVEL,LOW_LEVEL,HIGH,Low level,12.90
EVT-00005006,2026-09-23T08:18:28-05:00,TANK_IN_01_LEVEL,HIGH_LEVEL,MEDIUM,High level,91.55
EVT-00005007,2026-09-23T15:42:46-05:00,PUMP_01_FLOW,LOW_FLOW,HIGH,Low flow,18.55
EVT-00005008,2026-09-16T13:11:00-05:00,TANK_IN_01_LEVEL,HIGH_LEVEL,MEDIUM,High level,97.65
EVT-00005009,2026-09-24T20:52:03-05:00,TANK_OUT_01_LEVEL,HIGH_LEVEL,MEDIUM,High level,92.38
EVT-00005010,2026-09-06T15:48:45-05:00,TANK_IN_01_LEVEL,LOW_LEVEL,HIGH,Low level,5.74
EVT-00005011,2026-09-08T06:55:26-05:00,CONVEYOR_01_JAM,JAM,MEDIUM,Jam,1.00
EVT-00005012,2026-09-18T07:31:16-05:00,PUMP_01_FLOW,LOW_FLOW,HIGH,Low flow,7.94
EVT-00005013,2026-09-03T10:43:36-05:00,TANK_OUT_01_LEVEL,LOW_LEVEL,HIGH,Low level,6.34
EVT-00005014,2026-09-08T21:04:31-05:00,FILTER_01_DIFF_PRESSURE,HIGH_DIFF_PRESSURE,MEDIUM,High diff pressure,2.05
EVT-00005015,2026-09-16T21:28:41-05:00,TANK_IN_01_LEVEL,LOW_LEVEL,HIGH,Low level,5.20
EVT-00005016,2026-09-26T10:00:51-05:00,PUMP_01_FLOW,LOW_FLOW,HIGH,Low flow,15.31
EVT-00005017,2026-09-17T08:41:27-05:00,FILLER_01_PRESSURE,LOW_PRESSURE,HIGH,Low pressure,1.69
EVT-00005018,2026-09-22T19:07:26-05:00,FILTER_01_DIFF_PRESSURE,HIGH_DIFF_PRESSURE,MEDIUM,High diff pressure,2.99
EVT-00005019,2026-09-25T11:51:32-05:00,TANK_IN_01_LEVEL,LOW_LEVEL,HIGH,Low level,10.43
EVT-00005020,2026-09-09T21:25:23-05:00,PUMP_01_FLOW,LOW_FLOW,HIGH,Low flow,7.91
EVT-00005021,2026-09-25T06:12:35-05:00,TANK_IN_01_LEVEL,LOW_LEVEL,HIGH,Low level,1.55
EVT-00005022,2026-09-23T06:26:26-05:00,FILLER_01_CYCLE_FAULT,CYCLE_FAULT,HIGH,Cycle fault,1.00
EVT-00005023,2026-09-06T19:47:27-05:00,TANK_IN_01_LEVEL,LOW_LEVEL,HIGH,Low level,12.99
EVT-00005024,2026-09-23T09:27:59-05:00,TANK_IN_01_LEVEL,LOW_LEVEL,HIGH,Low level,10.84
EVT-00005025,2026-09-04T13:59:28-05:00,COMPRESSOR_01_PRESSURE,LOW_PRESSURE,HIGH,Low pressure,3.75
EVT-00005026,2026-09-02T20:20:07-05:00,FILLER_01_PRESSURE,LOW_PRESSURE,HIGH,Low pressure,1.71
EVT-00005027,2026-09-20T06:28:13-05:00,FILLER_01_CYCLE_FAULT,CYCLE_FAULT,HIGH,Cycle fault,1.00
EVT-00005028,2026-09-11T12:54:01-05:00,COMPRESSOR_01_TEMP,HIGH_TEMPERATURE,HIGH,High temperature,100.71
EVT-00005029,2026-09-17T17:45:10-05:00,CONVEYOR_01_JAM,JAM,MEDIUM,Jam,1.00
EVT-00005030,2026-09-09T08:53:58-05:00,FILLER_01_CYCLE_FAULT,CYCLE_FAULT,HIGH,Cycle fault,1.00
EVT-00005031,2026-09-05T16:55:44-05:00,TANK_OUT_01_LEVEL,LOW_LEVEL,HIGH,Low level,12.80
EVT-00005032,2026-09-10T14:56:27-05:00,TANK_OUT_01_LEVEL,LOW_LEVEL,HIGH,Low level,11.69
EVT-00005033,2026-09-03T08:44:28-05:00,COMPRESSOR_01_PRESSURE,LOW_PRESSURE,HIGH,Low pressure,1.89
EVT-00005034,2026-09-10T15:07:40-05:00,CONVEYOR_01_JAM,JAM,MEDIUM,Jam,1.00
EVT-00005035,2026-09-22T06:44:06-05:00,FILTER_01_DIFF_PRESSURE,HIGH_DIFF_PRESSURE,MEDIUM,High diff pressure,2.89
EVT-00005036,2026-09-01T06:48:13-05:00,FILTER_01_DIFF_PRESSURE,HIGH_DIFF_PRESSURE,MEDIUM,High diff pressure,1.72
EVT-00005037,2026-09-09T10:28:16-05:00,TANK_IN_01_LEVEL,LOW_LEVEL,HIGH,Low level,8.73
EVT-00005038,2026-09-15T07:36:52-05:00,FILTER_01_DIFF_PRESSURE,HIGH_DIFF_PRESSURE,MEDIUM,High diff pressure,2.52
EVT-00005039,2026-09-09T15:38:56-05:00,FILLER_01_PRESSURE,LOW_PRESSURE,HIGH,Low pressure,0.48
EVT-00005040,2026-09-29T08:14:17-05:00,FILTER_01_DIFF_PRESSURE,HIGH_DIFF_PRESSURE,MEDIUM,High diff pressure,2.20
EVT-00005041,2026-09-15T15:18:53-05:00,FILTER_01_DIFF_PRESSURE,HIGH_DIFF_PRESSURE,MEDIUM,High diff pressure,2.18
EVT-00005042,2026-09-12T18:02:20-05:00,COMPRESSOR_01_TEMP,HIGH_TEMPERATURE,HIGH,High temperature,98.00
EVT-00005043,2026-09-08T20:17:34-05:00,FILTER_01_DIFF_PRESSURE,HIGH_DIFF_PRESSURE,MEDIUM,High diff pressure,2.56
EVT-00005044,2026-09-18T19:00:11-05:00,FILLER_01_CYCLE_FAULT,CYCLE_FAULT,HIGH,Cycle fault,1.00
EVT-00005045,2026-09-02T13:24:15-05:00,FILLER_01_PRESSURE,LOW_PRESSURE,HIGH,Low pressure,0.63
EVT-00005046,2026-09-20T21:35:00-05:00,PUMP_01_FLOW,LOW_FLOW,HIGH,Low flow,13.57
EVT-00005047,2026-09-20T12:27:50-05:00,TANK_OUT_01_LEVEL,LOW_LEVEL,HIGH,Low level,1.34
EVT-00005048,2026-09-25T17:34:56-05:00,FILLER_01_CYCLE_FAULT,CYCLE_FAULT,HIGH,Cycle fault,1.00
EVT-00005049,2026-09-02T10:52:31-05:00,PUMP_01_FLOW,LOW_FLOW,HIGH,Low flow,17.42
EVT-00005050,2026-09-04T21:45:05-05:00,TANK_IN_01_LEVEL,LOW_LEVEL,HIGH,Low level,9.02
EVT-00005051,2026-09-17T08:15:43-05:00,PUMP_01_MOTOR_FAULT,MOTOR_FAULT,LOW,Motor fault,1.00
EVT-00005052,2026-09-24T10:42:31-05:00,PUMP_01_MOTOR_FAULT,MOTOR_FAULT,CRITICAL,Motor fault,1.00
EVT-00005053,2026-09-16T15:04:26-05:00,TANK_OUT_01_LEVEL,LOW_LEVEL,HIGH,Low level,6.09
EVT-00005054,2026-09-13T19:04:26-05:00,TANK_OUT_01_LEVEL,LOW_LEVEL,HIGH,Low level,4.84
EVT-00005055,2026-09-03T13:16:35-05:00,TANK_OUT_01_LEVEL,LOW_LEVEL,HIGH,Low level,6.48
EVT-00005056,2026-09-22T07:11:34-05:00,PUMP_01_FLOW,LOW_FLOW,HIGH,Low flow,3.89
EVT-00005057,2026-09-20T18:20:27-05:00,FILLER_01_PRESSURE,LOW_PRESSURE,HIGH,Low pressure,0.85
EVT-00005058,2026-09-17T16:24:08-05:00,FILLER_01_PRESSURE,LOW_PRESSURE,HIGH,Low pressure,1.75
EVT-00005059,2026-09-24T11:35:52-05:00,FILLER_01_PRESSURE,LOW_PRESSURE,HIGH,Low pressure,1.14
EVT-00005060,2026-09-01T10:25:06-05:00,FILTER_01_DIFF_PRESSURE,HIGH_DIFF_PRESSURE,MEDIUM,High diff pressure,2.67
EVT-00005061,2026-09-05T12:42:14-05:00,FILLER_01_CYCLE_FAULT,CYCLE_FAULT,HIGH,Cycle fault,1.00
EVT-00005062,2026-09-10T20:10:06-05:00,PUMP_01_FLOW,LOW_FLOW,HIGH,Low flow,6.15
EVT-00005063,2026-09-28T06:44:32-05:00,TANK_IN_01_LEVEL,LOW_LEVEL,HIGH,Low level,8.99
EVT-00005064,2026-09-22T08:51:07-05:00,FILTER_01_DIFF_PRESSURE,HIGH_DIFF_PRESSURE,MEDIUM,High diff pressure,2.50
EVT-00005065,2026-09-12T19:47:33-05:00,COMPRESSOR_01_PRESSURE,LOW_PRESSURE,HIGH,Low pressure,2.48
EVT-00005066,2026-09-02T09:23:48-05:00,CONVEYOR_01_MOTOR_TEMP,HIGH_TEMPERATURE,LOW,High temperature,79.25
EVT-00005067,2026-09-24T18:18:06-05:00,CONVEYOR_01_JAM,JAM,MEDIUM,Jam,1.00
EVT-00005068,2026-09-08T11:20:56-05:00,FILTER_01_DIFF_PRESSURE,HIGH_DIFF_PRESSURE,MEDIUM,High diff pressure,2.09
EVT-00005069,2026-09-30T19:16:31-05:00,COMPRESSOR_01_PRESSURE,LOW_PRESSURE,HIGH,Low pressure,1.11
EVT-00005070,2026-09-16T12:52:04-05:00,FILLER_01_PRESSURE,LOW_PRESSURE,HIGH,Low pressure,0.88
EVT-00005071,2026-09-15T21:42:43-05:00,FILTER_01_DIFF_PRESSURE,HIGH_DIFF_PRESSURE,MEDIUM,High diff pressure,2.34
EVT-00005072,2026-09-27T15:39:17-05:00,TANK_OUT_01_LEVEL,LOW_LEVEL,HIGH,Low level,11.34
EVT-00005073,2026-09-01T20:03:16-05:00,COMPRESSOR_01_PRESSURE,LOW_PRESSURE,HIGH,Low pressure,2.15
EVT-00005074,2026-09-12T10:23:43-05:00,FILLER_01_CYCLE_FAULT,CYCLE_FAULT,HIGH,Cycle fault,1.00
EVT-00005075,2026-09-09T12:02:08-05:00,CONVEYOR_01_JAM,JAM,MEDIUM,Jam,1.00
EVT-00005076,2026-09-27T18:41:31-05:00,FILTER_01_PRESSURE,HIGH_PRESSURE,HIGH,High pressure,6.41
EVT-00005077,2026-09-11T06:41:00-05:00,FILLER_01_PRESSURE,LOW_PRESSURE,HIGH,Low pressure,0.84
EVT-00005078,2026-09-02T21:31:39-05:00,FILLER_01_PRESSURE,LOW_PRESSURE,HIGH,Low pressure,0.84
EVT-00005079,2026-09-30T09:56:04-05:00,PUMP_01_FLOW,LOW_FLOW,HIGH,Low flow,5.27
EVT-00005080,2026-09-27T12:27:49-05:00,COMPRESSOR_01_TEMP,HIGH_TEMPERATURE,HIGH,High temperature,103.95
EVT-00005081,2026-09-09T16:41:17-05:00,CONVEYOR_01_JAM,JAM,MEDIUM,Jam,1.00
EVT-00005082,2026-09-04T13:11:08-05:00,COMPRESSOR_01_PRESSURE,LOW_PRESSURE,HIGH,Low pressure,4.72
EVT-00005083,2026-09-05T20:40:18-05:00,PUMP_01_FLOW,LOW_FLOW,HIGH,Low flow,3.09
EVT-00005084,2026-09-23T16:55:12-05:00,TANK_IN_01_LEVEL,LOW_LEVEL,HIGH,Low level,10.31
EVT-00005085,2026-09-24T21:59:39-05:00,TANK_OUT_01_LEVEL,LOW_LEVEL,HIGH,Low level,3.53
EVT-00005086,2026-09-20T09:36:56-05:00,TANK_OUT_01_LEVEL,LOW_LEVEL,HIGH,Low level,5.93
EVT-00005087,2026-09-21T18:21:24-05:00,TANK_OUT_01_LEVEL,HIGH_LEVEL,MEDIUM,High level,93.02
EVT-00005088,2026-09-05T13:22:21-05:00,TANK_OUT_01_LEVEL,LOW_LEVEL,HIGH,Low level,7.61
EVT-00005089,2026-09-02T13:24:10-05:00,COMPRESSOR_01_TEMP,HIGH_TEMPERATURE,HIGH,High temperature,97.42
EVT-00005090,2026-09-03T19:39:14-05:00,FILLER_01_PRESSURE,LOW_PRESSURE,HIGH,Low pressure,1.66
EVT-00005091,2026-09-16T19:48:22-05:00,FILLER_01_CYCLE_FAULT,CYCLE_FAULT,HIGH,Cycle fault,1.00
EVT-00005092,2026-09-04T14:24:18-05:00,COMPRESSOR_01_TEMP,HIGH_TEMPERATURE,HIGH,High temperature,116.50
EVT-00005093,2026-09-25T16:03:31-05:00,CONVEYOR_01_MOTOR_TEMP,HIGH_TEMPERATURE,LOW,High temperature,85.75
EVT-00005094,2026-09-29T06:09:09-05:00,CONVEYOR_01_MOTOR_TEMP,HIGH_TEMPERATURE,LOW,High temperature,71.21
EVT-00005095,2026-09-07T20:56:02-05:00,COMPRESSOR_01_PRESSURE,LOW_PRESSURE,HIGH,Low pressure,1.13
EVT-00005096,2026-09-01T16:40:10-05:00,COMPRESSOR_01_TEMP,HIGH_TEMPERATURE,HIGH,High temperature,100.37
EVT-00005097,2026-09-22T08:02:20-05:00,FILTER_01_DIFF_PRESSURE,HIGH_DIFF_PRESSURE,MEDIUM,High diff pressure,3.00
EVT-00005098,2026-09-20T15:32:12-05:00,PUMP_01_FLOW,LOW_FLOW,HIGH,Low flow,1.26
EVT-00005099,2026-09-13T12:04:39-05:00,PUMP_01_MOTOR_FAULT,MOTOR_FAULT,CRITICAL,Motor fault,1.00
EVT-00005100,2026-09-16T10:48:14-05:00,FILLER_01_PRESSURE,LOW_PRESSURE,HIGH,Low pressure,0.82
EVT-00005101,2026-09-20T08:10:44-05:00,CONVEYOR_01_JAM,JAM,MEDIUM,Jam,0
EVT-00005102,2026-09-29T17:18:21-05:00,COMPRESSOR_01_PRESSURE,LOW_PRESSURE,HIGH,Low pressure,4.48
EVT-00005103,2026-09-12T17:06:00-05:00,PUMP_01_FLOW,LOW_FLOW,HIGH,Low flow,17.22
EVT-00005104,2026-09-01T07:23:17-05:00,FILTER_01_DIFF_PRESSURE,HIGH_DIFF_PRESSURE,MEDIUM,High diff pressure,2.39
EVT-00005105,2026-09-26T08:14:32-05:00,TANK_OUT_01_LEVEL,HIGH_LEVEL,MEDIUM,High level,96.38
EVT-00005106,2026-09-19T11:13:18-05:00,FILLER_01_PRESSURE,LOW_PRESSURE,HIGH,Low pressure,0.37
EVT-00005107,2026-09-08T10:12:41-05:00,TANK_OUT_01_LEVEL,LOW_LEVEL,HIGH,Low level,9.13
EVT-00005108,2026-09-11T21:15:23-05:00,TANK_OUT_01_LEVEL,LOW_LEVEL,HIGH,Low level,1.54
EVT-00005109,2026-09-25T13:24:51-05:00,TANK_OUT_01_LEVEL,HIGH_LEVEL,MEDIUM,High level,92.99
EVT-00005110,2026-09-24T08:52:13-05:00,PUMP_01_FLOW,LOW_FLOW,HIGH,Low flow,5.41
EVT-00005111,2026-09-17T08:41:31-05:00,FILLER_01_PRESSURE,LOW_PRESSURE,HIGH,Low pressure,0.28
EVT-00005112,2026-09-09T12:06:07-05:00,PUMP_01_FLOW,LOW_FLOW,HIGH,Low flow,7.91
EVT-00005113,2026-09-01T10:38:41-05:00,FILTER_01_DIFF_PRESSURE,HIGH_DIFF_PRESSURE,MEDIUM,High diff pressure,1.69
EVT-00005114,2026-09-28T19:18:08-05:00,FILLER_01_PRESSURE,LOW_PRESSURE,HIGH,Low pressure,0.85
EVT-00005115,2026-09-18T13:24:49-05:00,PUMP_01_FLOW,LOW_FLOW,HIGH,Low flow,16.30
EVT-00005116,2026-09-12T17:28:39-05:00,TANK_IN_01_LEVEL,LOW_LEVEL,HIGH,Low level,1.43
EVT-00005117,2026-09-11T10:19:34-05:00,FILLER_01_CYCLE_FAULT,CYCLE_FAULT,HIGH,Cycle fault,1.00
EVT-00005118,2026-09-14T13:55:32-05:00,COMPRESSOR_01_PRESSURE,LOW_PRESSURE,HIGH,Low pressure,4.80
EVT-00005119,2026-09-23T07:44:50-05:00,TANK_IN_01_LEVEL,LOW_LEVEL,HIGH,Low level,3.38
EVT-00005120,2026-09-14T20:12:18-05:00,FILLER_01_CYCLE_FAULT,CYCLE_FAULT,HIGH,Cycle fault,1.00
EVT-00005121,2026-09-07T21:55:32-05:00,COMPRESSOR_01_PRESSURE,LOW_PRESSURE,HIGH,Low pressure,1.28
EVT-00005122,2026-09-07T12:34:39-05:00,TANK_OUT_01_LEVEL,LOW_LEVEL,HIGH,Low level,8.99
EVT-00005123,2026-09-29T07:36:32-05:00,FILTER_01_DIFF_PRESSURE,HIGH_DIFF_PRESSURE,MEDIUM,High diff pressure,1.66
EVT-00005124,2026-09-22T07:19:23-05:00,FILTER_01_DIFF_PRESSURE,HIGH_DIFF_PRESSURE,MEDIUM,High diff pressure,2.42
EVT-00005125,2026-09-07T07:49:10-05:00,COMPRESSOR_01_PRESSURE,LOW_PRESSURE,HIGH,Low pressure,1.89
EVT-00005126,2026-09-09T12:11:57-05:00,FILLER_01_CYCLE_FAULT,CYCLE_FAULT,HIGH,Cycle fault,1.00
EVT-00005127,2026-09-14T15:16:02-05:00,TANK_IN_01_LEVEL,LOW_LEVEL,HIGH,Low level,12.26
EVT-00005128,2026-09-19T07:58:48-05:00,PUMP_01_FLOW,LOW_FLOW,HIGH,Low flow,10.94
EVT-00005129,2026-09-16T13:43:38-05:00,FILLER_01_PRESSURE,LOW_PRESSURE,HIGH,Low pressure,1.53
EVT-00005130,2026-09-05T17:18:29-05:00,FILLER_01_PRESSURE,LOW_PRESSURE,HIGH,Low pressure,0.63
EVT-00005131,2026-09-27T10:48:07-05:00,COMPRESSOR_01_TEMP,HIGH_TEMPERATURE,HIGH,High temperature,107.89
EVT-00005132,2026-09-02T08:06:30-05:00,FILLER_01_CYCLE_FAULT,CYCLE_FAULT,HIGH,Cycle fault,1.00
EVT-00005133,2026-09-29T06:05:24-05:00,FILTER_01_DIFF_PRESSURE,HIGH_DIFF_PRESSURE,MEDIUM,High diff pressure,2.95
EVT-00005134,2026-09-25T09:31:58-05:00,COMPRESSOR_01_TEMP,HIGH_TEMPERATURE,HIGH,High temperature,110.03
EVT-00005135,2026-09-22T21:42:26-05:00,FILTER_01_DIFF_PRESSURE,HIGH_DIFF_PRESSURE,MEDIUM,High diff pressure,3.00
EVT-00005136,2026-09-17T08:29:05-05:00,FILLER_01_CYCLE_FAULT,CYCLE_FAULT,HIGH,Cycle fault,1.00
EVT-00005137,2026-09-08T17:44:39-05:00,TANK_IN_01_LEVEL,LOW_LEVEL,HIGH,Low level,8.66
EVT-00005138,2026-09-04T06:58:19-05:00,FILLER_01_PRESSURE,LOW_PRESSURE,HIGH,Low pressure,0.36
EVT-00005139,2026-09-15T18:34:52-05:00,FILLER_01_PRESSURE,LOW_PRESSURE,HIGH,Low pressure,1.87
EVT-00005140,2026-09-27T06:51:52-05:00,TANK_IN_01_LEVEL,LOW_LEVEL,HIGH,Low level,11.39
EVT-00005141,2026-09-29T16:34:26-05:00,FILTER_01_DIFF_PRESSURE,HIGH_DIFF_PRESSURE,MEDIUM,High diff pressure,1.76
EVT-00005142,2026-09-10T16:27:03-05:00,CONVEYOR_01_JAM,JAM,MEDIUM,Jam,1.00
EVT-00005143,2026-09-23T14:14:54-05:00,COMPRESSOR_01_PRESSURE,LOW_PRESSURE,HIGH,Low pressure,2.30
EVT-00005144,2026-09-06T13:20:01-05:00,TANK_OUT_01_LEVEL,HIGH_LEVEL,MEDIUM,High level,98.74
EVT-00005145,2026-09-19T17:21:19-05:00,TANK_OUT_01_LEVEL,HIGH_LEVEL,MEDIUM,High level,97.40
EVT-00005146,2026-09-29T16:25:33-05:00,FILTER_01_DIFF_PRESSURE,HIGH_DIFF_PRESSURE,MEDIUM,High diff pressure,2.56
EVT-00005147,2026-09-22T11:23:45-05:00,CONVEYOR_01_MOTOR_TEMP,HIGH_TEMPERATURE,LOW,High temperature,88.00
EVT-00005148,2026-09-20T19:49:34-05:00,TANK_OUT_01_LEVEL,LOW_LEVEL,HIGH,Low level,13.29
EVT-00005149,2026-09-22T18:20:51-05:00,FILLER_01_CYCLE_FAULT,CYCLE_FAULT,HIGH,Cycle fault,1.00
EVT-00005150,2026-09-17T11:22:49-05:00,TANK_IN_01_LEVEL,LOW_LEVEL,HIGH,Low level,3.97
EVT-00005151,2026-09-12T16:32:43-05:00,TANK_OUT_01_LEVEL,LOW_LEVEL,CRITICAL,Low level,8.86
EVT-00005152,2026-09-19T10:31:06-05:00,FILLER_01_PRESSURE,LOW_PRESSURE,HIGH,Low pressure,0.47
EVT-00005153,2026-09-01T11:21:34-05:00,FILTER_01_DIFF_PRESSURE,HIGH_DIFF_PRESSURE,MEDIUM,High diff pressure,1.65
EVT-00005154,2026-09-29T11:38:09-05:00,FILLER_01_CYCLE_FAULT,CYCLE_FAULT,HIGH,Cycle fault,1.00
EVT-00005155,2026-09-29T09:27:56-05:00,COMPRESSOR_01_PRESSURE,LOW_PRESSURE,HIGH,Low pressure,1.55
EVT-00005156,2026-09-25T20:41:32-05:00,PUMP_01_FLOW,LOW_FLOW,HIGH,Low flow,17.78
EVT-00005157,2026-09-25T08:34:19-05:00,PUMP_01_FLOW,LOW_FLOW,HIGH,Low flow,16.89
EVT-00005158,2026-09-13T16:15:56-05:00,COMPRESSOR_01_PRESSURE,LOW_PRESSURE,HIGH,Low pressure,3.86
EVT-00005159,2026-09-02T13:25:26-05:00,COMPRESSOR_01_PRESSURE,LOW_PRESSURE,HIGH,Low pressure,4.18
EVT-00005160,2026-09-18T14:36:37-05:00,FILLER_01_PRESSURE,LOW_PRESSURE,HIGH,Low pressure,0.49
EVT-00005161,2026-09-01T14:19:21-05:00,FILTER_01_DIFF_PRESSURE,HIGH_DIFF_PRESSURE,MEDIUM,High diff pressure,2.66
EVT-00005162,2026-09-01T17:41:09-05:00,COMPRESSOR_01_TEMP,HIGH_TEMPERATURE,HIGH,High temperature,114.10
EVT-00005163,2026-09-07T11:38:03-05:00,PUMP_01_FLOW,LOW_FLOW,HIGH,Low flow,12.50
EVT-00005164,2026-09-24T10:09:09-05:00,COMPRESSOR_01_PRESSURE,LOW_PRESSURE,HIGH,Low pressure,3.66
EVT-00005165,2026-09-11T18:11:58-05:00,FILLER_01_PRESSURE,LOW_PRESSURE,HIGH,Low pressure,1.79
EVT-00005166,2026-09-12T17:50:10-05:00,TANK_OUT_01_LEVEL,HIGH_LEVEL,MEDIUM,High level,93.49
EVT-00005167,2026-09-17T08:31:18-05:00,COMPRESSOR_01_PRESSURE,LOW_PRESSURE,HIGH,Low pressure,4.36
EVT-00005168,2026-09-25T06:19:06-05:00,COMPRESSOR_01_PRESSURE,LOW_PRESSURE,HIGH,Low pressure,2.45
EVT-00005169,2026-09-29T12:16:29-05:00,CONVEYOR_01_JAM,JAM,MEDIUM,Jam,1.00
EVT-00005170,2026-09-04T08:35:36-05:00,COMPRESSOR_01_PRESSURE,LOW_PRESSURE,HIGH,Low pressure,4.55
EVT-00005171,2026-09-14T12:12:50-05:00,TANK_OUT_01_LEVEL,LOW_LEVEL,HIGH,Low level,1.61
EVT-00005172,2026-09-28T20:16:25-05:00,TANK_OUT_01_LEVEL,LOW_LEVEL,HIGH,Low level,4.01
EVT-00005173,2026-09-15T15:54:44-05:00,FILTER_01_DIFF_PRESSURE,HIGH_DIFF_PRESSURE,MEDIUM,High diff pressure,1.97
EVT-00005174,2026-09-15T07:42:07-05:00,FILTER_01_DIFF_PRESSURE,HIGH_DIFF_PRESSURE,MEDIUM,High diff pressure,3.00
EVT-00005175,2026-09-22T12:16:31-05:00,FILTER_01_DIFF_PRESSURE,HIGH_DIFF_PRESSURE,MEDIUM,High diff pressure,2.64
EVT-00005176,2026-09-30T21:05:43-05:00,FILLER_01_PRESSURE,LOW_PRESSURE,HIGH,Low pressure,0.65
EVT-00005177,2026-09-16T20:43:21-05:00,TANK_IN_01_LEVEL,LOW_LEVEL,HIGH,Low level,9.72
EVT-00005178,2026-09-27T18:28:56-05:00,TANK_IN_01_LEVEL,HIGH_LEVEL,MEDIUM,High level,92.49
EVT-00005179,2026-09-26T15:37:16-05:00,FILLER_01_CYCLE_FAULT,CYCLE_FAULT,HIGH,Cycle fault,1.00
EVT-00005180,2026-09-30T19:39:39-05:00,TANK_OUT_01_LEVEL,LOW_LEVEL,HIGH,Low level,3.46
EVT-00005181,2026-09-07T20:08:55-05:00,PUMP_01_MOTOR_FAULT,MOTOR_FAULT,CRITICAL,Motor fault,1.00
EVT-00005182,2026-09-08T10:22:48-05:00,FILTER_01_DIFF_PRESSURE,HIGH_DIFF_PRESSURE,MEDIUM,High diff pressure,2.39
EVT-00005183,2026-09-09T17:23:48-05:00,CONVEYOR_01_MOTOR_TEMP,HIGH_TEMPERATURE,LOW,High temperature,89.41
EVT-00005184,2026-09-01T21:09:20-05:00,TANK_IN_01_LEVEL,LOW_LEVEL,HIGH,Low level,4.36
EVT-00005185,2026-09-08T06:01:04-05:00,FILTER_01_PRESSURE,HIGH_PRESSURE,HIGH,High pressure,6.13
EVT-00005186,2026-09-17T13:54:18-05:00,FILLER_01_PRESSURE,LOW_PRESSURE,HIGH,Low pressure,1.63
EVT-00005187,2026-09-22T07:08:22-05:00,FILTER_01_DIFF_PRESSURE,HIGH_DIFF_PRESSURE,MEDIUM,High diff pressure,1.74
EVT-00005188,2026-09-25T13:02:54-05:00,TANK_IN_01_LEVEL,HIGH_LEVEL,MEDIUM,High level,96.15
EVT-00005189,2026-09-03T18:09:58-05:00,PUMP_01_FLOW,LOW_FLOW,HIGH,Low flow,4.95
EVT-00005190,2026-09-11T20:59:32-05:00,CONVEYOR_01_JAM,JAM,MEDIUM,Jam,1.00
EVT-00005191,2026-09-03T12:49:48-05:00,TANK_IN_01_LEVEL,LOW_LEVEL,HIGH,Low level,11.80
EVT-00005192,2026-09-21T11:05:00-05:00,TANK_IN_01_LEVEL,LOW_LEVEL,HIGH,Low level,2.64
EVT-00005193,2026-09-29T07:19:54-05:00,FILTER_01_DIFF_PRESSURE,HIGH_DIFF_PRESSURE,MEDIUM,High diff pressure,2.42
EVT-00005194,2026-09-14T20:05:02-05:00,TANK_IN_01_LEVEL,LOW_LEVEL,HIGH,Low level,4.62
EVT-00005195,2026-09-17T09:33:58-05:00,CONVEYOR_01_MOTOR_TEMP,HIGH_TEMPERATURE,LOW,High temperature,88.85
EVT-00005196,2026-09-15T17:41:18-05:00,TANK_OUT_01_LEVEL,HIGH_LEVEL,MEDIUM,High level,95.21
EVT-00005197,2026-09-02T19:17:19-05:00,FILLER_01_PRESSURE,LOW_PRESSURE,HIGH,Low pressure,1.04
EVT-00005198,2026-09-09T10:55:02-05:00,PUMP_01_FLOW,LOW_FLOW,HIGH,Low flow,1.34
EVT-00005199,2026-09-15T14:03:32-05:00,COMPRESSOR_01_PRESSURE,LOW_PRESSURE,HIGH,Low pressure,4.06
EVT-00005200,2026-09-08T07:03:33-05:00,FILTER_01_DIFF_PRESSURE,HIGH_DIFF_PRESSURE,MEDIUM,High diff pressure,2.74
EVT-00005201,2026-09-24T13:20:25-05:00,COMPRESSOR_01_PRESSURE,LOW_PRESSURE,HIGH,Low pressure,6
EVT-00005202,2026-09-22T08:22:01-05:00,CONVEYOR_01_MOTOR_TEMP,HIGH_TEMPERATURE,LOW,High temperature,83.21
EVT-00005203,2026-09-01T16:06:42-05:00,PUMP_01_FLOW,LOW_FLOW,HIGH,Low flow,17.35
EVT-00005204,2026-09-28T14:57:29-05:00,TANK_IN_01_LEVEL,HIGH_LEVEL,MEDIUM,High level,98.42
EVT-00005205,2026-09-16T12:59:56-05:00,FILLER_01_PRESSURE,LOW_PRESSURE,HIGH,Low pressure,0.22
EVT-00005206,2026-09-19T18:43:48-05:00,COMPRESSOR_01_TEMP,HIGH_TEMPERATURE,HIGH,High temperature,98.73
EVT-00005207,2026-09-09T06:24:49-05:00,FILLER_01_CYCLE_FAULT,CYCLE_FAULT,HIGH,Cycle fault,1.00
EVT-00005208,2026-09-22T15:42:45-05:00,COMPRESSOR_01_PRESSURE,LOW_PRESSURE,HIGH,Low pressure,2.34
EVT-00005209,2026-09-07T09:36:44-05:00,TANK_IN_01_LEVEL,LOW_LEVEL,HIGH,Low level,5.15
EVT-00005210,2026-09-01T08:24:54-05:00,FILTER_01_DIFF_PRESSURE,HIGH_DIFF_PRESSURE,MEDIUM,High diff pressure,2.40
EVT-00005211,2026-09-08T09:41:18-05:00,FILTER_01_DIFF_PRESSURE,HIGH_DIFF_PRESSURE,MEDIUM,High diff pressure,2.48
EVT-00005212,2026-09-13T07:58:44-05:00,COMPRESSOR_01_PRESSURE,LOW_PRESSURE,HIGH,Low pressure,3.39
EVT-00005213,2026-09-03T14:27:05-05:00,TANK_OUT_01_LEVEL,LOW_LEVEL,HIGH,Low level,1.21
EVT-00005214,2026-09-29T08:59:25-05:00,PUMP_01_FLOW,LOW_FLOW,HIGH,Low flow,14.88
EVT-00005215,2026-09-20T08:58:27-05:00,TANK_IN_01_LEVEL,HIGH_LEVEL,MEDIUM,High level,91.00
EVT-00005216,2026-09-08T19:39:34-05:00,FILTER_01_DIFF_PRESSURE,HIGH_DIFF_PRESSURE,MEDIUM,High diff pressure,2.68
EVT-00005217,2026-09-17T18:11:25-05:00,PUMP_01_FLOW,LOW_FLOW,HIGH,Low flow,7.50
EVT-00005218,2026-09-16T15:56:30-05:00,PUMP_01_FLOW,LOW_FLOW,HIGH,Low flow,12.74
EVT-00005219,2026-09-13T08:12:27-05:00,COMPRESSOR_01_TEMP,HIGH_TEMPERATURE,HIGH,High temperature,103.79
EVT-00005220,2026-09-03T18:09:29-05:00,PUMP_01_FLOW,LOW_FLOW,HIGH,Low flow,12.16
EVT-00005221,2026-09-15T16:47:13-05:00,FILTER_01_DIFF_PRESSURE,HIGH_DIFF_PRESSURE,MEDIUM,High diff pressure,1.72
EVT-00005222,2026-09-06T21:44:19-05:00,FILLER_01_PRESSURE,LOW_PRESSURE,HIGH,Low pressure,1.58
EVT-00005223,2026-09-08T21:43:51-05:00,FILTER_01_DIFF_PRESSURE,HIGH_DIFF_PRESSURE,MEDIUM,High diff pressure,2.61
EVT-00005224,2026-09-01T20:52:53-05:00,FILTER_01_DIFF_PRESSURE,HIGH_DIFF_PRESSURE,MEDIUM,High diff pressure,1.84
EVT-00005225,2026-09-15T06:57:46-05:00,FILTER_01_DIFF_PRESSURE,HIGH_DIFF_PRESSURE,MEDIUM,High diff pressure,2.20
EVT-00005226,2026-09-15T21:08:45-05:00,FILTER_01_DIFF_PRESSURE,HIGH_DIFF_PRESSURE,MEDIUM,High diff pressure,1.86
EVT-00005227,2026-09-29T07:58:16-05:00,FILTER_01_DIFF_PRESSURE,HIGH_DIFF_PRESSURE,MEDIUM,High diff pressure,1.96
EVT-00005228,2026-09-24T20:23:54-05:00,COMPRESSOR_01_PRESSURE,LOW_PRESSURE,HIGH,Low pressure,3.55
EVT-00005229,2026-09-06T09:23:52-05:00,FILLER_01_PRESSURE,LOW_PRESSURE,HIGH,Low pressure,0.29
EVT-00005230,2026-09-06T17:38:01-05:00,TANK_IN_01_LEVEL,LOW_LEVEL,HIGH,Low level,2.88
EVT-00005231,2026-09-29T20:56:21-05:00,CONVEYOR_01_MOTOR_TEMP,HIGH_TEMPERATURE,LOW,High temperature,83.06
EVT-00005232,2026-09-06T07:51:46-05:00,TANK_OUT_01_LEVEL,LOW_LEVEL,HIGH,Low level,13.86
EVT-00005233,2026-09-17T13:38:36-05:00,PUMP_01_FLOW,LOW_FLOW,HIGH,Low flow,4.51
EVT-00005234,2026-09-11T19:22:19-05:00,TANK_OUT_01_LEVEL,LOW_LEVEL,HIGH,Low level,11.06
EVT-00005235,2026-09-22T17:02:27-05:00,FILLER_01_CYCLE_FAULT,CYCLE_FAULT,HIGH,Cycle fault,1.00
EVT-00005236,2026-09-14T21:46:32-05:00,PUMP_01_FLOW,LOW_FLOW,HIGH,Low flow,17.92
EVT-00005237,2026-09-27T15:49:07-05:00,PUMP_01_FLOW,LOW_FLOW,HIGH,Low flow,5.97
EVT-00005238,2026-09-28T15:22:50-05:00,CONVEYOR_01_MOTOR_TEMP,HIGH_TEMPERATURE,LOW,High temperature,74.62
EVT-00005239,2026-09-11T13:26:06-05:00,TANK_OUT_01_LEVEL,LOW_LEVEL,HIGH,Low level,1.59
EVT-00005240,2026-09-29T19:39:29-05:00,FILTER_01_DIFF_PRESSURE,HIGH_DIFF_PRESSURE,MEDIUM,High diff pressure,2.75
EVT-00005241,2026-09-01T14:58:17-05:00,COMPRESSOR_01_PRESSURE,LOW_PRESSURE,HIGH,Low pressure,4.59
EVT-00005242,2026-09-24T17:35:23-05:00,TANK_OUT_01_LEVEL,HIGH_LEVEL,MEDIUM,High level,95.38
EVT-00005243,2026-09-01T14:15:25-05:00,FILTER_01_DIFF_PRESSURE,HIGH_DIFF_PRESSURE,MEDIUM,High diff pressure,2.82
EVT-00005244,2026-09-13T21:40:20-05:00,FILLER_01_PRESSURE,LOW_PRESSURE,HIGH,Low pressure,1.37
EVT-00005245,2026-09-13T15:26:05-05:00,PUMP_01_FLOW,LOW_FLOW,HIGH,Low flow,16.97
EVT-00005246,2026-09-28T20:25:30-05:00,CONVEYOR_01_JAM,JAM,MEDIUM,Jam,1.00
EVT-00005247,2026-09-01T12:50:49-05:00,FILTER_01_DIFF_PRESSURE,HIGH_DIFF_PRESSURE,MEDIUM,High diff pressure,2.98
EVT-00005248,2026-09-22T21:18:14-05:00,PUMP_01_FLOW,LOW_FLOW,HIGH,Low flow,4.50
EVT-00005249,2026-09-21T12:21:31-05:00,PUMP_01_FLOW,LOW_FLOW,HIGH,Low flow,7.71
EVT-00005250,2026-09-03T13:09:39-05:00,FILLER_01_PRESSURE,LOW_PRESSURE,HIGH,Low pressure,1.83
EVT-00005251,2026-09-12T06:16:12-05:00,CONVEYOR_01_MOTOR_TEMP,HIGH_TEMPERATURE,MEDIUM,High temperature,86.91
EVT-00005252,2026-09-22T07:54:34-05:00,FILTER_01_DIFF_PRESSURE,HIGH_DIFF_PRESSURE,MEDIUM,High diff pressure,2.27
EVT-00005253,2026-09-08T19:20:04-05:00,FILTER_01_DIFF_PRESSURE,HIGH_DIFF_PRESSURE,MEDIUM,High diff pressure,1.78
EVT-00005254,2026-09-25T09:10:17-05:00,TANK_OUT_01_LEVEL,LOW_LEVEL,HIGH,Low level,2.48
EVT-00005255,2026-09-05T11:57:35-05:00,COMPRESSOR_01_TEMP,HIGH_TEMPERATURE,HIGH,High temperature,119.25
EVT-00005256,2026-09-22T19:44:37-05:00,FILTER_01_DIFF_PRESSURE,HIGH_DIFF_PRESSURE,MEDIUM,High diff pressure,1.70
EVT-00005257,2026-09-18T20:03:51-05:00,TANK_OUT_01_LEVEL,LOW_LEVEL,HIGH,Low level,6.49
EVT-00005258,2026-09-20T17:05:08-05:00,PUMP_01_FLOW,LOW_FLOW,HIGH,Low flow,12.09
EVT-00005259,2026-09-29T21:48:10-05:00,FILTER_01_DIFF_PRESSURE,HIGH_DIFF_PRESSURE,MEDIUM,High diff pressure,1.64
EVT-00005260,2026-09-05T06:41:16-05:00,COMPRESSOR_01_PRESSURE,LOW_PRESSURE,HIGH,Low pressure,2.69
EVT-00005261,2026-09-20T18:35:37-05:00,CONVEYOR_01_JAM,JAM,MEDIUM,Jam,1.00
EVT-00005262,2026-09-18T13:53:06-05:00,FILLER_01_PRESSURE,LOW_PRESSURE,HIGH,Low pressure,1.63
EVT-00005263,2026-09-09T15:14:10-05:00,FILLER_01_PRESSURE,LOW_PRESSURE,HIGH,Low pressure,0.84
EVT-00005264,2026-09-10T17:01:28-05:00,FILLER_01_PRESSURE,LOW_PRESSURE,HIGH,Low pressure,0.96
EVT-00005265,2026-09-20T15:19:27-05:00,CONVEYOR_01_JAM,JAM,MEDIUM,Jam,1.00
EVT-00005266,2026-09-10T12:18:46-05:00,FILLER_01_PRESSURE,LOW_PRESSURE,HIGH,Low pressure,1.25
EVT-00005267,2026-09-17T14:20:07-05:00,FILLER_01_PRESSURE,LOW_PRESSURE,HIGH,Low pressure,0.19
EVT-00005268,2026-09-15T07:40:07-05:00,FILLER_01_PRESSURE,LOW_PRESSURE,HIGH,Low pressure,1.01
EVT-00005269,2026-09-08T15:54:09-05:00,COMPRESSOR_01_PRESSURE,LOW_PRESSURE,HIGH,Low pressure,3.05
EVT-00005270,2026-09-22T09:34:04-05:00,FILTER_01_DIFF_PRESSURE,HIGH_DIFF_PRESSURE,MEDIUM,High diff pressure,2.98
EVT-00005271,2026-09-22T09:23:59-05:00,FILLER_01_CYCLE_FAULT,CYCLE_FAULT,HIGH,Cycle fault,1.00
EVT-00005272,2026-09-15T11:00:15-05:00,COMPRESSOR_01_PRESSURE,LOW_PRESSURE,HIGH,Low pressure,2.94
EVT-00005273,2026-09-20T07:09:20-05:00,FILLER_01_CYCLE_FAULT,CYCLE_FAULT,HIGH,Cycle fault,1.00
EVT-00005274,2026-09-18T14:57:54-05:00,TANK_OUT_01_LEVEL,LOW_LEVEL,HIGH,Low level,8.87
EVT-00005275,2026-09-28T17:21:10-05:00,TANK_OUT_01_LEVEL,LOW_LEVEL,HIGH,Low level,12.76
EVT-00005276,2026-09-17T15:03:06-05:00,COMPRESSOR_01_PRESSURE,LOW_PRESSURE,HIGH,Low pressure,4.67
EVT-00005277,2026-09-27T21:11:02-05:00,CONVEYOR_01_JAM,JAM,MEDIUM,Jam,1.00
EVT-00005278,2026-09-29T09:34:15-05:00,FILTER_01_DIFF_PRESSURE,HIGH_DIFF_PRESSURE,MEDIUM,High diff pressure,2.86
EVT-00005279,2026-09-02T20:23:28-05:00,COMPRESSOR_01_TEMP,HIGH_TEMPERATURE,HIGH,High temperature,117.79
EVT-00005280,2026-09-29T06:00:42-05:00,FILTER_01_DIFF_PRESSURE,HIGH_DIFF_PRESSURE,MEDIUM,High diff pressure,2.62
EVT-00005281,2026-09-22T17:22:53-05:00,FILLER_01_PRESSURE,LOW_PRESSURE,HIGH,Low pressure,0.70
EVT-00005282,2026-09-15T06:32:39-05:00,FILTER_01_DIFF_PRESSURE,HIGH_DIFF_PRESSURE,MEDIUM,High diff pressure,2.52
EVT-00005283,2026-09-13T12:56:05-05:00,FILLER_01_CYCLE_FAULT,CYCLE_FAULT,HIGH,Cycle fault,1.00
EVT-00005284,2026-09-19T06:41:51-05:00,FILLER_01_PRESSURE,LOW_PRESSURE,HIGH,Low pressure,0.17
EVT-00005285,2026-09-06T11:05:23-05:00,FILLER_01_PRESSURE,LOW_PRESSURE,HIGH,Low pressure,1.48
EVT-00005286,2026-09-24T12:14:14-05:00,PUMP_01_FLOW,LOW_FLOW,HIGH,Low flow,18.45
EVT-00005287,2026-09-15T09:19:23-05:00,FILTER_01_DIFF_PRESSURE,HIGH_DIFF_PRESSURE,MEDIUM,High diff pressure,2.94
EVT-00005288,2026-09-29T13:10:25-05:00,FILTER_01_DIFF_PRESSURE,HIGH_DIFF_PRESSURE,MEDIUM,High diff pressure,2.10
EVT-00005289,2026-09-27T20:50:26-05:00,PUMP_01_FLOW,LOW_FLOW,HIGH,Low flow,13.52
EVT-00005290,2026-09-08T17:32:26-05:00,FILTER_01_DIFF_PRESSURE,HIGH_DIFF_PRESSURE,MEDIUM,High diff pressure,1.94
EVT-00005291,2026-09-24T16:29:12-05:00,FILLER_01_PRESSURE,LOW_PRESSURE,HIGH,Low pressure,0.78
EVT-00005292,2026-09-27T21:46:18-05:00,CONVEYOR_01_JAM,JAM,MEDIUM,Jam,1.00
EVT-00005293,2026-09-07T15:56:34-05:00,CONVEYOR_01_MOTOR_TEMP,HIGH_TEMPERATURE,LOW,High temperature,89.46
EVT-00005294,2026-09-30T07:52:36-05:00,COMPRESSOR_01_PRESSURE,LOW_PRESSURE,HIGH,Low pressure,2.74
EVT-00005295,2026-09-15T07:26:57-05:00,FILTER_01_DIFF_PRESSURE,HIGH_DIFF_PRESSURE,MEDIUM,High diff pressure,2.43
EVT-00005296,2026-09-25T12:09:03-05:00,PUMP_01_FLOW,LOW_FLOW,HIGH,Low flow,15.79
EVT-00005297,2026-09-16T09:14:18-05:00,COMPRESSOR_01_TEMP,HIGH_TEMPERATURE,HIGH,High temperature,110.06
EVT-00005298,2026-09-29T09:07:42-05:00,FILTER_01_DIFF_PRESSURE,HIGH_DIFF_PRESSURE,MEDIUM,High diff pressure,2.63
EVT-00005299,2026-09-08T21:48:27-05:00,COMPRESSOR_01_PRESSURE,LOW_PRESSURE,HIGH,Low pressure,4.55
EVT-00005300,2026-09-17T17:04:01-05:00,PUMP_01_FLOW,LOW_FLOW,HIGH,Low flow,17.00
EVT-00005301,2026-09-04T10:04:10-05:00,FILLER_01_PRESSURE,LOW_PRESSURE,HIGH,Low pressure,3
EVT-00005302,2026-09-23T13:07:18-05:00,TANK_IN_01_LEVEL,HIGH_LEVEL,MEDIUM,High level,94.78
EVT-00005303,2026-09-22T15:26:48-05:00,FILTER_01_DIFF_PRESSURE,HIGH_DIFF_PRESSURE,MEDIUM,High diff pressure,2.27
EVT-00005304,2026-09-28T16:10:13-05:00,COMPRESSOR_01_PRESSURE,LOW_PRESSURE,HIGH,Low pressure,2.66
EVT-00005305,2026-09-11T19:45:44-05:00,TANK_IN_01_LEVEL,LOW_LEVEL,HIGH,Low level,10.98
EVT-00005306,2026-09-10T21:00:58-05:00,FILLER_01_CYCLE_FAULT,CYCLE_FAULT,HIGH,Cycle fault,1.00
EVT-00005307,2026-09-07T11:34:54-05:00,PUMP_01_FLOW,LOW_FLOW,HIGH,Low flow,13.86
EVT-00005308,2026-09-29T18:17:44-05:00,FILLER_01_PRESSURE,LOW_PRESSURE,HIGH,Low pressure,1.41
EVT-00005309,2026-09-03T21:09:11-05:00,CONVEYOR_01_JAM,JAM,MEDIUM,Jam,1.00
EVT-00005310,2026-09-20T14:48:55-05:00,COMPRESSOR_01_PRESSURE,LOW_PRESSURE,HIGH,Low pressure,1.84
EVT-00005311,2026-09-17T21:09:53-05:00,TANK_IN_01_LEVEL,LOW_LEVEL,HIGH,Low level,7.83
EVT-00005312,2026-09-09T20:26:39-05:00,TANK_OUT_01_LEVEL,HIGH_LEVEL,MEDIUM,High level,91.38
EVT-00005313,2026-09-12T09:49:34-05:00,TANK_IN_01_LEVEL,LOW_LEVEL,HIGH,Low level,9.07
EVT-00005314,2026-09-15T11:20:44-05:00,FILTER_01_DIFF_PRESSURE,HIGH_DIFF_PRESSURE,MEDIUM,High diff pressure,2.76
EVT-00005315,2026-09-27T11:58:00-05:00,TANK_IN_01_LEVEL,HIGH_LEVEL,MEDIUM,High level,93.07
EVT-00005316,2026-09-24T09:09:31-05:00,TANK_IN_01_LEVEL,HIGH_LEVEL,MEDIUM,High level,94.74
EVT-00005317,2026-09-07T20:52:58-05:00,FILLER_01_PRESSURE,LOW_PRESSURE,HIGH,Low pressure,1.17
EVT-00005318,2026-09-28T15:32:55-05:00,FILTER_01_PRESSURE,HIGH_PRESSURE,HIGH,High pressure,6.59
EVT-00005319,2026-09-14T14:08:36-05:00,PUMP_01_FLOW,LOW_FLOW,HIGH,Low flow,18.43
EVT-00005320,2026-09-01T17:18:02-05:00,FILTER_01_DIFF_PRESSURE,HIGH_DIFF_PRESSURE,MEDIUM,High diff pressure,2.28
EVT-00005321,2026-09-05T18:41:26-05:00,COMPRESSOR_01_PRESSURE,LOW_PRESSURE,HIGH,Low pressure,4.29
EVT-00005322,2026-09-10T20:00:46-05:00,CONVEYOR_01_JAM,JAM,MEDIUM,Jam,1.00
EVT-00005323,2026-09-12T09:13:41-05:00,TANK_IN_01_LEVEL,LOW_LEVEL,HIGH,Low level,10.35
EVT-00005324,2026-09-29T08:13:16-05:00,FILTER_01_DIFF_PRESSURE,HIGH_DIFF_PRESSURE,MEDIUM,High diff pressure,2.94
EVT-00005325,2026-09-02T17:00:53-05:00,FILTER_01_PRESSURE,HIGH_PRESSURE,HIGH,High pressure,6.77
EVT-00005326,2026-09-01T10:56:44-05:00,FILLER_01_CYCLE_FAULT,CYCLE_FAULT,HIGH,Cycle fault,1.00
EVT-00005327,2026-09-28T15:21:42-05:00,PUMP_01_FLOW,LOW_FLOW,HIGH,Low flow,11.78
EVT-00005328,2026-09-25T12:20:27-05:00,TANK_OUT_01_LEVEL,LOW_LEVEL,HIGH,Low level,9.23
EVT-00005329,2026-09-05T12:01:25-05:00,PUMP_01_FLOW,LOW_FLOW,HIGH,Low flow,12.41
EVT-00005330,2026-09-26T20:07:26-05:00,CONVEYOR_01_JAM,JAM,MEDIUM,Jam,1.00
EVT-00005331,2026-09-15T21:43:45-05:00,FILTER_01_DIFF_PRESSURE,HIGH_DIFF_PRESSURE,MEDIUM,High diff pressure,2.89
EVT-00005332,2026-09-22T15:48:38-05:00,FILTER_01_DIFF_PRESSURE,HIGH_DIFF_PRESSURE,MEDIUM,High diff pressure,2.73
EVT-00005333,2026-09-08T08:30:58-05:00,FILTER_01_DIFF_PRESSURE,HIGH_DIFF_PRESSURE,MEDIUM,High diff pressure,2.86
EVT-00005334,2026-09-17T12:08:24-05:00,FILLER_01_PRESSURE,LOW_PRESSURE,HIGH,Low pressure,1.81
EVT-00005335,2026-09-15T19:20:30-05:00,FILTER_01_DIFF_PRESSURE,HIGH_DIFF_PRESSURE,MEDIUM,High diff pressure,2.68
EVT-00005336,2026-09-26T21:46:46-05:00,COMPRESSOR_01_PRESSURE,LOW_PRESSURE,HIGH,Low pressure,2.62
EVT-00005337,2026-09-27T17:10:16-05:00,FILLER_01_CYCLE_FAULT,CYCLE_FAULT,HIGH,Cycle fault,1.00
EVT-00005338,2026-09-05T11:32:38-05:00,PUMP_01_FLOW,LOW_FLOW,HIGH,Low flow,13.58
EVT-00005339,2026-09-03T20:47:22-05:00,COMPRESSOR_01_PRESSURE,LOW_PRESSURE,HIGH,Low pressure,4.54
EVT-00005340,2026-09-15T06:27:44-05:00,FILTER_01_DIFF_PRESSURE,HIGH_DIFF_PRESSURE,MEDIUM,High diff pressure,1.94
EVT-00005341,2026-09-01T06:43:02-05:00,COMPRESSOR_01_PRESSURE,LOW_PRESSURE,HIGH,Low pressure,1.21
EVT-00005342,2026-09-10T12:46:52-05:00,PUMP_01_FLOW,LOW_FLOW,HIGH,Low flow,14.09
EVT-00005343,2026-09-21T21:59:27-05:00,PUMP_01_FLOW,LOW_FLOW,HIGH,Low flow,5.75
EVT-00005344,2026-09-08T08:23:13-05:00,TANK_IN_01_LEVEL,LOW_LEVEL,HIGH,Low level,3.37
EVT-00005345,2026-09-28T11:46:39-05:00,CONVEYOR_01_JAM,JAM,MEDIUM,Jam,1.00
EVT-00005346,2026-09-11T12:11:17-05:00,PUMP_01_FLOW,LOW_FLOW,HIGH,Low flow,10.84
EVT-00005347,2026-09-07T17:31:51-05:00,TANK_IN_01_LEVEL,LOW_LEVEL,HIGH,Low level,13.96
EVT-00005348,2026-09-08T18:24:55-05:00,FILTER_01_DIFF_PRESSURE,HIGH_DIFF_PRESSURE,MEDIUM,High diff pressure,1.85
EVT-00005349,2026-09-15T21:29:39-05:00,FILTER_01_DIFF_PRESSURE,HIGH_DIFF_PRESSURE,MEDIUM,High diff pressure,2.93
EVT-00005350,2026-09-13T13:01:25-05:00,TANK_OUT_01_LEVEL,LOW_LEVEL,HIGH,Low level,13.01
EVT-00005351,2026-09-23T14:55:53-05:00,FILLER_01_PRESSURE,LOW_PRESSURE,CRITICAL,Low pressure,0.46
EVT-00005352,2026-09-28T18:34:03-05:00,TANK_OUT_01_LEVEL,LOW_LEVEL,HIGH,Low level,5.54
EVT-00005353,2026-09-22T19:05:44-05:00,FILTER_01_DIFF_PRESSURE,HIGH_DIFF_PRESSURE,MEDIUM,High diff pressure,2.34
EVT-00005354,2026-09-05T19:35:48-05:00,FILLER_01_PRESSURE,LOW_PRESSURE,HIGH,Low pressure,0.11
EVT-00005355,2026-09-28T15:22:51-05:00,PUMP_01_FLOW,LOW_FLOW,HIGH,Low flow,16.12
EVT-00005356,2026-09-30T12:42:51-05:00,FILLER_01_PRESSURE,LOW_PRESSURE,HIGH,Low pressure,0.83
EVT-00005357,2026-09-03T15:34:20-05:00,PUMP_01_FLOW,LOW_FLOW,HIGH,Low flow,5.47
EVT-00005358,2026-09-06T18:52:51-05:00,CONVEYOR_01_JAM,JAM,MEDIUM,Jam,1.00
EVT-00005359,2026-09-07T21:13:30-05:00,FILLER_01_CYCLE_FAULT,CYCLE_FAULT,HIGH,Cycle fault,1.00
EVT-00005360,2026-09-20T08:36:25-05:00,PUMP_01_FLOW,LOW_FLOW,HIGH,Low flow,18.99
EVT-00005361,2026-09-01T17:24:45-05:00,CONVEYOR_01_JAM,JAM,MEDIUM,Jam,1.00
EVT-00005362,2026-09-02T12:51:57-05:00,FILLER_01_PRESSURE,LOW_PRESSURE,HIGH,Low pressure,0.12
EVT-00005363,2026-09-17T10:27:19-05:00,COMPRESSOR_01_PRESSURE,LOW_PRESSURE,HIGH,Low pressure,3.12
EVT-00005364,2026-09-06T09:42:46-05:00,PUMP_01_MOTOR_FAULT,MOTOR_FAULT,CRITICAL,Motor fault,1.00
EVT-00005365,2026-09-29T09:00:17-05:00,FILTER_01_DIFF_PRESSURE,HIGH_DIFF_PRESSURE,MEDIUM,High diff pressure,2.80
EVT-00005366,2026-09-01T18:06:31-05:00,FILTER_01_DIFF_PRESSURE,HIGH_DIFF_PRESSURE,MEDIUM,High diff pressure,2.76
EVT-00005367,2026-09-06T12:22:23-05:00,PUMP_01_FLOW,LOW_FLOW,HIGH,Low flow,10.83
EVT-00005368,2026-09-09T19:35:44-05:00,FILTER_01_PRESSURE,HIGH_PRESSURE,HIGH,High pressure,7.95
EVT-00005369,2026-09-09T14:48:28-05:00,TANK_OUT_01_LEVEL,LOW_LEVEL,HIGH,Low level,3.77
EVT-00005370,2026-09-29T06:35:42-05:00,FILTER_01_DIFF_PRESSURE,HIGH_DIFF_PRESSURE,MEDIUM,High diff pressure,2.43
EVT-00005371,2026-09-03T15:18:04-05:00,PUMP_01_FLOW,LOW_FLOW,HIGH,Low flow,17.72
EVT-00005372,2026-09-22T19:30:21-05:00,FILLER_01_CYCLE_FAULT,CYCLE_FAULT,HIGH,Cycle fault,1.00
EVT-00005373,2026-09-29T10:23:20-05:00,FILTER_01_DIFF_PRESSURE,HIGH_DIFF_PRESSURE,MEDIUM,High diff pressure,1.86
EVT-00005374,2026-09-29T21:49:12-05:00,FILTER_01_DIFF_PRESSURE,HIGH_DIFF_PRESSURE,MEDIUM,High diff pressure,2.06
EVT-00005375,2026-09-04T17:44:58-05:00,FILLER_01_PRESSURE,LOW_PRESSURE,HIGH,Low pressure,1.30
EVT-00005376,2026-09-15T18:30:54-05:00,PUMP_01_FLOW,LOW_FLOW,HIGH,Low flow,5.40
EVT-00005377,2026-09-26T19:03:22-05:00,PUMP_01_FLOW,LOW_FLOW,HIGH,Low flow,15.91
EVT-00005378,2026-09-19T17:55:52-05:00,PUMP_01_FLOW,LOW_FLOW,HIGH,Low flow,12.93
EVT-00005379,2026-09-27T06:31:58-05:00,COMPRESSOR_01_PRESSURE,LOW_PRESSURE,HIGH,Low pressure,2.66
EVT-00005380,2026-09-05T16:29:51-05:00,PUMP_01_FLOW,LOW_FLOW,HIGH,Low flow,12.60
EVT-00005381,2026-09-07T19:29:21-05:00,COMPRESSOR_01_PRESSURE,LOW_PRESSURE,HIGH,Low pressure,3.10
EVT-00005382,2026-09-04T19:20:25-05:00,COMPRESSOR_01_PRESSURE,LOW_PRESSURE,HIGH,Low pressure,3.18
EVT-00005383,2026-09-22T21:32:39-05:00,CONVEYOR_01_JAM,JAM,MEDIUM,Jam,1.00
EVT-00005384,2026-09-08T16:04:10-05:00,FILLER_01_PRESSURE,LOW_PRESSURE,HIGH,Low pressure,1.50
EVT-00005385,2026-09-29T09:01:55-05:00,PUMP_01_FLOW,LOW_FLOW,HIGH,Low flow,7.65
EVT-00005386,2026-09-23T10:27:04-05:00,FILLER_01_PRESSURE,LOW_PRESSURE,HIGH,Low pressure,1.57
EVT-00005387,2026-09-18T09:41:56-05:00,CONVEYOR_01_MOTOR_TEMP,HIGH_TEMPERATURE,LOW,High temperature,77.55
EVT-00005388,2026-09-10T10:51:23-05:00,TANK_OUT_01_LEVEL,LOW_LEVEL,HIGH,Low level,9.55
EVT-00005389,2026-09-24T17:44:04-05:00,PUMP_01_FLOW,LOW_FLOW,HIGH,Low flow,10.48
EVT-00005390,2026-09-29T14:58:35-05:00,FILLER_01_CYCLE_FAULT,CYCLE_FAULT,HIGH,Cycle fault,1.00
EVT-00005391,2026-09-13T11:16:35-05:00,PUMP_01_FLOW,LOW_FLOW,HIGH,Low flow,6.06
EVT-00005392,2026-09-19T12:03:18-05:00,COMPRESSOR_01_PRESSURE,LOW_PRESSURE,HIGH,Low pressure,2.33
EVT-00005393,2026-09-19T20:45:34-05:00,CONVEYOR_01_MOTOR_TEMP,HIGH_TEMPERATURE,LOW,High temperature,86.87
EVT-00005394,2026-09-23T19:11:55-05:00,TANK_OUT_01_LEVEL,LOW_LEVEL,HIGH,Low level,3.38
EVT-00005395,2026-09-15T16:59:18-05:00,PUMP_01_FLOW,LOW_FLOW,HIGH,Low flow,17.89
EVT-00005396,2026-09-19T13:59:16-05:00,CONVEYOR_01_JAM,JAM,MEDIUM,Jam,1.00
EVT-00005397,2026-09-06T14:00:45-05:00,PUMP_01_FLOW,LOW_FLOW,HIGH,Low flow,2.43
EVT-00005398,2026-09-11T10:29:13-05:00,PUMP_01_FLOW,LOW_FLOW,HIGH,Low flow,14.65
EVT-00005399,2026-09-15T19:49:50-05:00,COMPRESSOR_01_PRESSURE,LOW_PRESSURE,HIGH,Low pressure,3.69
EVT-00005400,2026-09-24T08:02:53-05:00,COMPRESSOR_01_PRESSURE,LOW_PRESSURE,HIGH,Low pressure,2.09
EVT-00005401,2026-09-29T20:52:55-05:00,TANK_OUT_01_LEVEL,LOW_LEVEL,HIGH,Low level,16
EVT-00005402,2026-09-18T15:26:49-05:00,PUMP_01_FLOW,LOW_FLOW,HIGH,Low flow,5.97
EVT-00005403,2026-09-01T20:47:16-05:00,PUMP_01_FLOW,LOW_FLOW,HIGH,Low flow,14.82
EVT-00005404,2026-09-04T08:27:08-05:00,FILLER_01_CYCLE_FAULT,CYCLE_FAULT,HIGH,Cycle fault,1.00
EVT-00005405,2026-09-01T15:58:32-05:00,FILTER_01_DIFF_PRESSURE,HIGH_DIFF_PRESSURE,MEDIUM,High diff pressure,2.08
EVT-00005406,2026-09-29T06:48:34-05:00,PUMP_01_FLOW,LOW_FLOW,HIGH,Low flow,6.43
EVT-00005407,2026-09-16T17:02:32-05:00,FILLER_01_CYCLE_FAULT,CYCLE_FAULT,HIGH,Cycle fault,1.00
EVT-00005408,2026-09-17T21:43:18-05:00,TANK_OUT_01_LEVEL,LOW_LEVEL,HIGH,Low level,12.65
EVT-00005409,2026-09-08T18:37:17-05:00,FILTER_01_DIFF_PRESSURE,HIGH_DIFF_PRESSURE,MEDIUM,High diff pressure,2.55
EVT-00005410,2026-09-12T09:21:41-05:00,FILLER_01_PRESSURE,LOW_PRESSURE,HIGH,Low pressure,0.70
EVT-00005411,2026-09-13T07:06:29-05:00,FILLER_01_PRESSURE,LOW_PRESSURE,HIGH,Low pressure,0.20
EVT-00005412,2026-09-09T11:29:58-05:00,PUMP_01_FLOW,LOW_FLOW,HIGH,Low flow,5.83
EVT-00005413,2026-09-21T07:29:34-05:00,COMPRESSOR_01_PRESSURE,LOW_PRESSURE,HIGH,Low pressure,3.93
EVT-00005414,2026-09-19T11:50:19-05:00,CONVEYOR_01_MOTOR_TEMP,HIGH_TEMPERATURE,LOW,High temperature,73.24
EVT-00005415,2026-09-12T21:12:14-05:00,FILTER_01_PRESSURE,HIGH_PRESSURE,HIGH,High pressure,6.93
EVT-00005416,2026-09-28T19:15:07-05:00,COMPRESSOR_01_PRESSURE,LOW_PRESSURE,HIGH,Low pressure,3.92
EVT-00005417,2026-09-28T07:42:12-05:00,COMPRESSOR_01_PRESSURE,LOW_PRESSURE,HIGH,Low pressure,1.11
EVT-00005418,2026-09-21T16:30:26-05:00,FILLER_01_CYCLE_FAULT,CYCLE_FAULT,HIGH,Cycle fault,1.00
EVT-00005419,2026-09-24T16:41:01-05:00,FILLER_01_CYCLE_FAULT,CYCLE_FAULT,HIGH,Cycle fault,1.00
EVT-00005420,2026-09-03T11:30:43-05:00,FILLER_01_PRESSURE,LOW_PRESSURE,HIGH,Low pressure,0.60
EVT-00005421,2026-09-21T21:47:55-05:00,FILTER_01_PRESSURE,HIGH_PRESSURE,HIGH,High pressure,8.71
EVT-00005422,2026-09-20T20:59:12-05:00,PUMP_01_FLOW,LOW_FLOW,HIGH,Low flow,5.02
EVT-00005423,2026-09-19T13:33:55-05:00,COMPRESSOR_01_PRESSURE,LOW_PRESSURE,HIGH,Low pressure,3.40
EVT-00005424,2026-09-22T16:48:14-05:00,TANK_IN_01_LEVEL,LOW_LEVEL,HIGH,Low level,11.23
EVT-00005425,2026-09-04T08:38:34-05:00,TANK_IN_01_LEVEL,HIGH_LEVEL,MEDIUM,High level,95.07
EVT-00005426,2026-09-05T19:19:16-05:00,TANK_IN_01_LEVEL,LOW_LEVEL,HIGH,Low level,4.10
EVT-00005427,2026-09-06T08:08:58-05:00,TANK_IN_01_LEVEL,HIGH_LEVEL,MEDIUM,High level,98.03
EVT-00005428,2026-09-15T13:27:57-05:00,COMPRESSOR_01_PRESSURE,LOW_PRESSURE,HIGH,Low pressure,3.38
EVT-00005429,2026-09-05T06:58:26-05:00,FILLER_01_CYCLE_FAULT,CYCLE_FAULT,HIGH,Cycle fault,1.00
EVT-00005430,2026-09-24T18:15:34-05:00,TANK_OUT_01_LEVEL,HIGH_LEVEL,MEDIUM,High level,91.91
EVT-00005431,2026-09-13T13:19:51-05:00,TANK_IN_01_LEVEL,HIGH_LEVEL,MEDIUM,High level,92.07
EVT-00005432,2026-09-06T06:45:42-05:00,PUMP_01_FLOW,LOW_FLOW,HIGH,Low flow,3.47
EVT-00005433,2026-09-02T14:07:41-05:00,FILLER_01_PRESSURE,LOW_PRESSURE,HIGH,Low pressure,0.44
EVT-00005434,2026-09-22T19:31:05-05:00,FILLER_01_PRESSURE,LOW_PRESSURE,HIGH,Low pressure,1.45
EVT-00005435,2026-09-30T10:31:37-05:00,FILLER_01_CYCLE_FAULT,CYCLE_FAULT,HIGH,Cycle fault,1.00
EVT-00005436,2026-09-24T19:17:00-05:00,COMPRESSOR_01_PRESSURE,LOW_PRESSURE,HIGH,Low pressure,2.09
EVT-00005437,2026-09-19T09:30:12-05:00,TANK_IN_01_LEVEL,LOW_LEVEL,HIGH,Low level,9.83
EVT-00005438,2026-09-08T15:45:37-05:00,FILTER_01_DIFF_PRESSURE,HIGH_DIFF_PRESSURE,MEDIUM,High diff pressure,1.63
EVT-00005439,2026-09-15T17:50:39-05:00,FILLER_01_PRESSURE,LOW_PRESSURE,HIGH,Low pressure,1.80
EVT-00005440,2026-09-25T15:29:03-05:00,CONVEYOR_01_JAM,JAM,MEDIUM,Jam,1.00
EVT-00005441,2026-09-26T11:08:04-05:00,PUMP_01_FLOW,LOW_FLOW,HIGH,Low flow,4.60
EVT-00005442,2026-09-10T06:24:48-05:00,TANK_IN_01_LEVEL,HIGH_LEVEL,MEDIUM,High level,96.71
EVT-00005443,2026-09-21T15:33:14-05:00,FILLER_01_PRESSURE,LOW_PRESSURE,HIGH,Low pressure,0.45
EVT-00005444,2026-09-28T06:09:32-05:00,COMPRESSOR_01_PRESSURE,LOW_PRESSURE,HIGH,Low pressure,3.95
EVT-00005445,2026-09-05T08:43:58-05:00,FILLER_01_PRESSURE,LOW_PRESSURE,HIGH,Low pressure,1.62
EVT-00005446,2026-09-08T06:18:41-05:00,FILTER_01_DIFF_PRESSURE,HIGH_DIFF_PRESSURE,MEDIUM,High diff pressure,2.09
EVT-00005447,2026-09-12T12:22:15-05:00,FILLER_01_PRESSURE,LOW_PRESSURE,HIGH,Low pressure,1.07
EVT-00005448,2026-09-03T20:45:14-05:00,CONVEYOR_01_JAM,JAM,MEDIUM,Jam,1.00
EVT-00005449,2026-09-07T19:01:42-05:00,CONVEYOR_01_JAM,JAM,MEDIUM,Jam,1.00
EVT-00005450,2026-09-23T16:37:17-05:00,PUMP_01_FLOW,LOW_FLOW,HIGH,Low flow,11.16
EVT-00005451,2026-09-25T07:46:08-05:00,CONVEYOR_01_JAM,JAM,HIGH,Jam,1.00
EVT-00005452,2026-09-04T08:34:58-05:00,COMPRESSOR_01_PRESSURE,LOW_PRESSURE,HIGH,Low pressure,2.41
EVT-00005453,2026-09-30T12:32:08-05:00,PUMP_01_FLOW,LOW_FLOW,HIGH,Low flow,12.25
EVT-00005454,2026-09-15T13:03:06-05:00,FILTER_01_DIFF_PRESSURE,HIGH_DIFF_PRESSURE,MEDIUM,High diff pressure,2.38
EVT-00005455,2026-09-05T09:51:34-05:00,FILLER_01_CYCLE_FAULT,CYCLE_FAULT,HIGH,Cycle fault,1.00
EVT-00005456,2026-09-03T19:31:10-05:00,PUMP_01_MOTOR_FAULT,MOTOR_FAULT,CRITICAL,Motor fault,1.00
EVT-00005457,2026-09-16T06:58:46-05:00,TANK_IN_01_LEVEL,LOW_LEVEL,HIGH,Low level,9.65
EVT-00005458,2026-09-20T08:56:53-05:00,PUMP_01_FLOW,LOW_FLOW,HIGH,Low flow,10.81
EVT-00005459,2026-09-16T11:03:34-05:00,PUMP_01_FLOW,LOW_FLOW,HIGH,Low flow,2.23
EVT-00005460,2026-09-20T07:07:11-05:00,PUMP_01_FLOW,LOW_FLOW,HIGH,Low flow,10.07
EVT-00005461,2026-09-03T13:51:00-05:00,FILLER_01_PRESSURE,LOW_PRESSURE,HIGH,Low pressure,1.19
EVT-00005462,2026-09-01T13:30:23-05:00,CONVEYOR_01_MOTOR_TEMP,HIGH_TEMPERATURE,LOW,High temperature,75.67
EVT-00005463,2026-09-28T11:07:21-05:00,PUMP_01_FLOW,LOW_FLOW,HIGH,Low flow,11.87
EVT-00005464,2026-09-29T07:56:54-05:00,FILLER_01_PRESSURE,LOW_PRESSURE,HIGH,Low pressure,0.97
EVT-00005465,2026-09-08T21:04:08-05:00,FILTER_01_DIFF_PRESSURE,HIGH_DIFF_PRESSURE,MEDIUM,High diff pressure,1.61
EVT-00005466,2026-09-23T21:46:23-05:00,PUMP_01_FLOW,LOW_FLOW,HIGH,Low flow,6.84
EVT-00005467,2026-09-02T08:16:11-05:00,TANK_IN_01_LEVEL,LOW_LEVEL,HIGH,Low level,1.34
EVT-00005468,2026-09-30T13:22:57-05:00,FILLER_01_PRESSURE,LOW_PRESSURE,HIGH,Low pressure,1.37
EVT-00005469,2026-09-25T17:38:52-05:00,TANK_OUT_01_LEVEL,LOW_LEVEL,HIGH,Low level,10.24
EVT-00005470,2026-09-15T17:20:22-05:00,FILTER_01_DIFF_PRESSURE,HIGH_DIFF_PRESSURE,MEDIUM,High diff pressure,1.76
EVT-00005471,2026-09-29T18:19:32-05:00,FILTER_01_DIFF_PRESSURE,HIGH_DIFF_PRESSURE,MEDIUM,High diff pressure,2.49
EVT-00005472,2026-09-22T21:21:19-05:00,FILTER_01_DIFF_PRESSURE,HIGH_DIFF_PRESSURE,MEDIUM,High diff pressure,2.04
EVT-00005473,2026-09-09T14:43:49-05:00,COMPRESSOR_01_PRESSURE,LOW_PRESSURE,HIGH,Low pressure,1.54
EVT-00005474,2026-09-26T10:34:16-05:00,PUMP_01_FLOW,LOW_FLOW,HIGH,Low flow,10.45
EVT-00005475,2026-09-01T06:48:11-05:00,FILTER_01_DIFF_PRESSURE,HIGH_DIFF_PRESSURE,MEDIUM,High diff pressure,1.75
EVT-00005476,2026-09-26T20:15:54-05:00,FILLER_01_CYCLE_FAULT,CYCLE_FAULT,HIGH,Cycle fault,1.00
EVT-00005477,2026-09-01T20:40:28-05:00,TANK_IN_01_LEVEL,LOW_LEVEL,HIGH,Low level,9.44
EVT-00005478,2026-09-04T14:10:47-05:00,TANK_OUT_01_LEVEL,LOW_LEVEL,HIGH,Low level,9.16
EVT-00005479,2026-09-01T14:54:06-05:00,FILTER_01_DIFF_PRESSURE,HIGH_DIFF_PRESSURE,MEDIUM,High diff pressure,2.01
EVT-00005480,2026-09-01T15:54:36-05:00,FILTER_01_DIFF_PRESSURE,HIGH_DIFF_PRESSURE,MEDIUM,High diff pressure,1.63
EVT-00005481,2026-09-26T19:13:49-05:00,TANK_OUT_01_LEVEL,LOW_LEVEL,HIGH,Low level,8.50
EVT-00005482,2026-09-08T16:47:26-05:00,FILTER_01_DIFF_PRESSURE,HIGH_DIFF_PRESSURE,MEDIUM,High diff pressure,1.67
EVT-00005483,2026-09-04T12:14:20-05:00,CONVEYOR_01_MOTOR_TEMP,HIGH_TEMPERATURE,LOW,High temperature,85.42
EVT-00005484,2026-09-03T09:33:31-05:00,TANK_IN_01_LEVEL,LOW_LEVEL,HIGH,Low level,11.41
EVT-00005485,2026-09-15T07:51:02-05:00,TANK_IN_01_LEVEL,LOW_LEVEL,HIGH,Low level,6.04
EVT-00005486,2026-09-23T10:10:20-05:00,TANK_IN_01_LEVEL,LOW_LEVEL,HIGH,Low level,7.80
EVT-00005487,2026-09-02T20:48:00-05:00,TANK_IN_01_LEVEL,LOW_LEVEL,HIGH,Low level,6.89
EVT-00005488,2026-09-29T11:00:58-05:00,FILTER_01_DIFF_PRESSURE,HIGH_DIFF_PRESSURE,MEDIUM,High diff pressure,2.85
EVT-00005489,2026-09-22T09:11:07-05:00,FILTER_01_DIFF_PRESSURE,HIGH_DIFF_PRESSURE,MEDIUM,High diff pressure,1.89
EVT-00005490,2026-09-01T06:19:02-05:00,FILLER_01_PRESSURE,LOW_PRESSURE,HIGH,Low pressure,1.54
EVT-00005491,2026-09-15T15:40:44-05:00,FILTER_01_DIFF_PRESSURE,HIGH_DIFF_PRESSURE,MEDIUM,High diff pressure,2.95
EVT-00005492,2026-09-15T13:45:12-05:00,FILLER_01_PRESSURE,LOW_PRESSURE,HIGH,Low pressure,1.90
EVT-00005493,2026-09-15T15:01:57-05:00,FILTER_01_DIFF_PRESSURE,HIGH_DIFF_PRESSURE,MEDIUM,High diff pressure,1.67
EVT-00005494,2026-09-18T06:05:58-05:00,PUMP_01_FLOW,LOW_FLOW,HIGH,Low flow,7.83
EVT-00005495,2026-09-22T20:37:48-05:00,PUMP_01_FLOW,LOW_FLOW,HIGH,Low flow,18.86
EVT-00005496,2026-09-20T13:19:43-05:00,FILLER_01_CYCLE_FAULT,CYCLE_FAULT,HIGH,Cycle fault,1.00
EVT-00005497,2026-09-30T14:00:01-05:00,CONVEYOR_01_JAM,JAM,MEDIUM,Jam,1.00
EVT-00005498,2026-09-29T13:09:56-05:00,CONVEYOR_01_JAM,JAM,MEDIUM,Jam,1.00
EVT-00005499,2026-09-03T12:25:49-05:00,CONVEYOR_01_JAM,JAM,MEDIUM,Jam,1.00
EVT-00005500,2026-09-27T08:30:58-05:00,TANK_OUT_01_LEVEL,LOW_LEVEL,HIGH,Low level,10.72
EVT-00005501,2026-09-02T10:50:32-05:00,TANK_IN_01_LEVEL,LOW_LEVEL,HIGH,Low level,16
EVT-00005502,2026-09-01T11:39:15-05:00,FILTER_01_DIFF_PRESSURE,HIGH_DIFF_PRESSURE,MEDIUM,High diff pressure,2.44
EVT-00005503,2026-09-01T19:44:45-05:00,FILLER_01_PRESSURE,LOW_PRESSURE,HIGH,Low pressure,0.27
EVT-00005504,2026-09-02T14:08:10-05:00,CONVEYOR_01_JAM,JAM,MEDIUM,Jam,1.00
EVT-00005505,2026-09-04T10:35:35-05:00,FILLER_01_PRESSURE,LOW_PRESSURE,HIGH,Low pressure,0.19
EVT-00005506,2026-09-21T10:46:55-05:00,TANK_IN_01_LEVEL,LOW_LEVEL,HIGH,Low level,12.99
EVT-00005507,2026-09-25T16:02:58-05:00,PUMP_01_FLOW,LOW_FLOW,HIGH,Low flow,2.39
EVT-00005508,2026-09-19T19:47:09-05:00,CONVEYOR_01_JAM,JAM,MEDIUM,Jam,1.00
EVT-00005509,2026-09-11T10:32:17-05:00,TANK_OUT_01_LEVEL,LOW_LEVEL,HIGH,Low level,2.34
EVT-00005510,2026-09-08T06:46:11-05:00,FILTER_01_DIFF_PRESSURE,HIGH_DIFF_PRESSURE,MEDIUM,High diff pressure,2.25
EVT-00005511,2026-09-17T06:41:23-05:00,FILLER_01_PRESSURE,LOW_PRESSURE,HIGH,Low pressure,1.60
EVT-00005512,2026-09-29T20:57:31-05:00,FILTER_01_DIFF_PRESSURE,HIGH_DIFF_PRESSURE,MEDIUM,High diff pressure,2.87
EVT-00005513,2026-09-13T20:15:36-05:00,COMPRESSOR_01_PRESSURE,LOW_PRESSURE,HIGH,Low pressure,4.10
EVT-00005514,2026-09-16T17:37:49-05:00,TANK_OUT_01_LEVEL,LOW_LEVEL,HIGH,Low level,5.58
EVT-00005515,2026-09-07T14:25:59-05:00,FILLER_01_PRESSURE,LOW_PRESSURE,HIGH,Low pressure,1.61
EVT-00005516,2026-09-01T20:48:44-05:00,FILTER_01_DIFF_PRESSURE,HIGH_DIFF_PRESSURE,MEDIUM,High diff pressure,2.66
EVT-00005517,2026-09-29T19:39:05-05:00,FILTER_01_DIFF_PRESSURE,HIGH_DIFF_PRESSURE,MEDIUM,High diff pressure,2.34
EVT-00005518,2026-09-30T12:57:15-05:00,TANK_IN_01_LEVEL,HIGH_LEVEL,MEDIUM,High level,92.01
EVT-00005519,2026-09-16T11:13:06-05:00,PUMP_01_FLOW,LOW_FLOW,HIGH,Low flow,2.00
EVT-00005520,2026-09-19T10:50:43-05:00,TANK_OUT_01_LEVEL,LOW_LEVEL,HIGH,Low level,6.08
EVT-00005521,2026-09-06T19:52:31-05:00,PUMP_01_FLOW,LOW_FLOW,HIGH,Low flow,7.60
EVT-00005522,2026-09-08T19:24:57-05:00,FILTER_01_DIFF_PRESSURE,HIGH_DIFF_PRESSURE,MEDIUM,High diff pressure,2.91
EVT-00005523,2026-09-20T11:15:46-05:00,FILLER_01_PRESSURE,LOW_PRESSURE,HIGH,Low pressure,1.59
EVT-00005524,2026-09-04T17:06:52-05:00,TANK_OUT_01_LEVEL,LOW_LEVEL,HIGH,Low level,10.13
EVT-00005525,2026-09-03T18:57:08-05:00,CONVEYOR_01_JAM,JAM,MEDIUM,Jam,1.00
EVT-00005526,2026-09-14T21:26:22-05:00,PUMP_01_FLOW,LOW_FLOW,HIGH,Low flow,14.52
EVT-00005527,2026-09-07T14:30:22-05:00,PUMP_01_FLOW,LOW_FLOW,HIGH,Low flow,2.04
EVT-00005528,2026-09-27T15:50:25-05:00,TANK_OUT_01_LEVEL,LOW_LEVEL,HIGH,Low level,4.51
EVT-00005529,2026-09-14T06:59:59-05:00,TANK_IN_01_LEVEL,HIGH_LEVEL,MEDIUM,High level,92.62
EVT-00005530,2026-09-22T06:29:57-05:00,FILLER_01_PRESSURE,LOW_PRESSURE,HIGH,Low pressure,1.71
EVT-00005531,2026-09-21T10:43:26-05:00,CONVEYOR_01_JAM,JAM,MEDIUM,Jam,1.00
EVT-00005532,2026-09-29T15:56:06-05:00,CONVEYOR_01_MOTOR_TEMP,HIGH_TEMPERATURE,LOW,High temperature,87.36
EVT-00005533,2026-09-12T18:27:29-05:00,TANK_IN_01_LEVEL,LOW_LEVEL,HIGH,Low level,13.59
EVT-00005534,2026-09-20T15:11:00-05:00,TANK_OUT_01_LEVEL,LOW_LEVEL,HIGH,Low level,12.97
EVT-00005535,2026-09-08T08:02:17-05:00,FILTER_01_DIFF_PRESSURE,HIGH_DIFF_PRESSURE,MEDIUM,High diff pressure,1.81
EVT-00005536,2026-09-01T19:18:23-05:00,COMPRESSOR_01_TEMP,HIGH_TEMPERATURE,HIGH,High temperature,118.01
EVT-00005537,2026-09-19T11:16:30-05:00,TANK_OUT_01_LEVEL,LOW_LEVEL,HIGH,Low level,11.40
EVT-00005538,2026-09-27T21:29:57-05:00,TANK_IN_01_LEVEL,LOW_LEVEL,HIGH,Low level,2.44
EVT-00005539,2026-09-30T13:15:48-05:00,COMPRESSOR_01_TEMP,HIGH_TEMPERATURE,HIGH,High temperature,106.65
EVT-00005540,2026-09-08T08:55:32-05:00,FILTER_01_DIFF_PRESSURE,HIGH_DIFF_PRESSURE,MEDIUM,High diff pressure,1.90
EVT-00005541,2026-09-15T15:30:06-05:00,FILTER_01_DIFF_PRESSURE,HIGH_DIFF_PRESSURE,MEDIUM,High diff pressure,2.91
EVT-00005542,2026-09-08T16:23:46-05:00,FILLER_01_CYCLE_FAULT,CYCLE_FAULT,HIGH,Cycle fault,1.00
EVT-00005543,2026-09-12T13:58:02-05:00,COMPRESSOR_01_TEMP,HIGH_TEMPERATURE,HIGH,High temperature,96.47
EVT-00005544,2026-09-02T20:46:46-05:00,TANK_OUT_01_LEVEL,LOW_LEVEL,HIGH,Low level,1.52
EVT-00005545,2026-09-02T13:37:25-05:00,PUMP_01_MOTOR_FAULT,MOTOR_FAULT,CRITICAL,Motor fault,1.00
EVT-00005546,2026-09-01T21:05:16-05:00,FILTER_01_DIFF_PRESSURE,HIGH_DIFF_PRESSURE,MEDIUM,High diff pressure,2.06
EVT-00005547,2026-09-13T16:15:24-05:00,CONVEYOR_01_JAM,JAM,MEDIUM,Jam,1.00
EVT-00005548,2026-09-22T07:39:56-05:00,FILTER_01_DIFF_PRESSURE,HIGH_DIFF_PRESSURE,MEDIUM,High diff pressure,1.81
EVT-00005549,2026-09-17T15:05:47-05:00,COMPRESSOR_01_PRESSURE,LOW_PRESSURE,HIGH,Low pressure,4.45
EVT-00005550,2026-09-09T20:24:29-05:00,CONVEYOR_01_JAM,JAM,MEDIUM,Jam,1.00
EVT-00005551,2026-09-14T16:11:19-05:00,TANK_OUT_01_LEVEL,HIGH_LEVEL,HIGH,High level,96.16
EVT-00005552,2026-09-24T19:41:33-05:00,PUMP_01_FLOW,LOW_FLOW,HIGH,Low flow,9.03
EVT-00005553,2026-09-22T21:26:10-05:00,TANK_OUT_01_LEVEL,HIGH_LEVEL,MEDIUM,High level,95.88
EVT-00005554,2026-09-02T10:51:46-05:00,FILLER_01_PRESSURE,LOW_PRESSURE,HIGH,Low pressure,0.21
EVT-00005555,2026-09-08T18:59:12-05:00,TANK_OUT_01_LEVEL,HIGH_LEVEL,MEDIUM,High level,92.20
EVT-00005556,2026-09-26T07:36:35-05:00,PUMP_01_MOTOR_FAULT,MOTOR_FAULT,CRITICAL,Motor fault,1.00
EVT-00005557,2026-09-14T06:48:04-05:00,TANK_IN_01_LEVEL,HIGH_LEVEL,MEDIUM,High level,96.06
EVT-00005558,2026-09-21T10:31:00-05:00,COMPRESSOR_01_PRESSURE,LOW_PRESSURE,HIGH,Low pressure,1.90
EVT-00005559,2026-09-22T20:43:04-05:00,TANK_OUT_01_LEVEL,LOW_LEVEL,HIGH,Low level,12.32
EVT-00005560,2026-09-11T19:09:33-05:00,TANK_OUT_01_LEVEL,LOW_LEVEL,HIGH,Low level,8.72
EVT-00005561,2026-09-22T16:34:38-05:00,FILTER_01_DIFF_PRESSURE,HIGH_DIFF_PRESSURE,MEDIUM,High diff pressure,2.61
EVT-00005562,2026-09-21T06:49:20-05:00,PUMP_01_FLOW,LOW_FLOW,HIGH,Low flow,13.38
EVT-00005563,2026-09-23T17:38:40-05:00,COMPRESSOR_01_PRESSURE,LOW_PRESSURE,HIGH,Low pressure,2.44
EVT-00005564,2026-09-13T12:59:08-05:00,CONVEYOR_01_JAM,JAM,MEDIUM,Jam,1.00
EVT-00005565,2026-09-30T17:08:15-05:00,FILLER_01_PRESSURE,LOW_PRESSURE,HIGH,Low pressure,1.19
EVT-00005566,2026-09-15T15:18:54-05:00,TANK_IN_01_LEVEL,LOW_LEVEL,HIGH,Low level,7.39
EVT-00005567,2026-09-15T06:12:41-05:00,PUMP_01_FLOW,LOW_FLOW,HIGH,Low flow,4.13
EVT-00005568,2026-09-04T13:01:32-05:00,TANK_OUT_01_LEVEL,LOW_LEVEL,HIGH,Low level,3.91
EVT-00005569,2026-09-30T12:28:22-05:00,PUMP_01_FLOW,LOW_FLOW,HIGH,Low flow,12.87
EVT-00005570,2026-09-27T17:28:28-05:00,FILLER_01_CYCLE_FAULT,CYCLE_FAULT,HIGH,Cycle fault,1.00
EVT-00005571,2026-09-29T08:16:35-05:00,FILTER_01_DIFF_PRESSURE,HIGH_DIFF_PRESSURE,MEDIUM,High diff pressure,1.60
EVT-00005572,2026-09-19T20:22:10-05:00,TANK_OUT_01_LEVEL,LOW_LEVEL,HIGH,Low level,5.54
EVT-00005573,2026-09-13T15:41:51-05:00,PUMP_01_MOTOR_FAULT,MOTOR_FAULT,CRITICAL,Motor fault,1.00
EVT-00005574,2026-09-29T13:56:07-05:00,FILLER_01_PRESSURE,LOW_PRESSURE,HIGH,Low pressure,0.45
EVT-00005575,2026-09-13T14:43:46-05:00,COMPRESSOR_01_TEMP,HIGH_TEMPERATURE,HIGH,High temperature,102.19
EVT-00005576,2026-09-25T15:35:51-05:00,COMPRESSOR_01_TEMP,HIGH_TEMPERATURE,HIGH,High temperature,114.23
EVT-00005577,2026-09-03T13:44:07-05:00,TANK_OUT_01_LEVEL,HIGH_LEVEL,MEDIUM,High level,91.22
EVT-00005578,2026-09-03T07:37:24-05:00,FILLER_01_PRESSURE,LOW_PRESSURE,HIGH,Low pressure,0.86
EVT-00005579,2026-09-27T08:03:22-05:00,TANK_IN_01_LEVEL,LOW_LEVEL,HIGH,Low level,13.01
EVT-00005580,2026-09-24T10:31:11-05:00,COMPRESSOR_01_PRESSURE,LOW_PRESSURE,HIGH,Low pressure,2.83
EVT-00005581,2026-09-20T17:39:09-05:00,FILLER_01_PRESSURE,LOW_PRESSURE,HIGH,Low pressure,0.51
EVT-00005582,2026-09-28T09:43:26-05:00,COMPRESSOR_01_TEMP,HIGH_TEMPERATURE,HIGH,High temperature,112.68
EVT-00005583,2026-09-07T14:38:56-05:00,TANK_IN_01_LEVEL,HIGH_LEVEL,MEDIUM,High level,98.36
EVT-00005584,2026-09-01T12:13:15-05:00,FILTER_01_DIFF_PRESSURE,HIGH_DIFF_PRESSURE,MEDIUM,High diff pressure,2.07
EVT-00005585,2026-09-02T10:37:59-05:00,COMPRESSOR_01_TEMP,HIGH_TEMPERATURE,HIGH,High temperature,109.15
EVT-00005586,2026-09-04T13:17:34-05:00,TANK_OUT_01_LEVEL,LOW_LEVEL,HIGH,Low level,7.80
EVT-00005587,2026-09-23T06:23:57-05:00,FILLER_01_CYCLE_FAULT,CYCLE_FAULT,HIGH,Cycle fault,1.00
EVT-00005588,2026-09-15T19:39:43-05:00,FILTER_01_DIFF_PRESSURE,HIGH_DIFF_PRESSURE,MEDIUM,High diff pressure,2.37
EVT-00005589,2026-09-09T08:16:03-05:00,TANK_OUT_01_LEVEL,LOW_LEVEL,HIGH,Low level,13.62
EVT-00005590,2026-09-11T17:50:17-05:00,TANK_IN_01_LEVEL,HIGH_LEVEL,MEDIUM,High level,91.32
EVT-00005591,2026-09-23T11:15:49-05:00,CONVEYOR_01_MOTOR_TEMP,HIGH_TEMPERATURE,LOW,High temperature,76.60
EVT-00005592,2026-09-19T13:34:48-05:00,TANK_IN_01_LEVEL,LOW_LEVEL,HIGH,Low level,9.23
EVT-00005593,2026-09-16T19:45:19-05:00,CONVEYOR_01_JAM,JAM,MEDIUM,Jam,1.00
EVT-00005594,2026-09-30T19:36:29-05:00,COMPRESSOR_01_PRESSURE,LOW_PRESSURE,HIGH,Low pressure,1.33
EVT-00005595,2026-09-05T18:44:47-05:00,FILLER_01_CYCLE_FAULT,CYCLE_FAULT,HIGH,Cycle fault,1.00
EVT-00005596,2026-09-19T19:42:29-05:00,TANK_OUT_01_LEVEL,HIGH_LEVEL,MEDIUM,High level,96.59
EVT-00005597,2026-09-18T15:50:57-05:00,FILLER_01_PRESSURE,LOW_PRESSURE,HIGH,Low pressure,0.10
EVT-00005598,2026-09-15T21:10:12-05:00,CONVEYOR_01_MOTOR_TEMP,HIGH_TEMPERATURE,LOW,High temperature,82.28
EVT-00005599,2026-09-09T07:26:57-05:00,PUMP_01_FLOW,LOW_FLOW,HIGH,Low flow,10.06
EVT-00005600,2026-09-17T21:26:00-05:00,PUMP_01_MOTOR_FAULT,MOTOR_FAULT,CRITICAL,Motor fault,1.00
EVT-00005601,2026-09-27T11:56:34-05:00,FILLER_01_CYCLE_FAULT,CYCLE_FAULT,HIGH,Cycle fault,0
EVT-00005602,2026-09-21T12:51:16-05:00,COMPRESSOR_01_PRESSURE,LOW_PRESSURE,HIGH,Low pressure,2.35
EVT-00005603,2026-09-20T18:04:21-05:00,TANK_OUT_01_LEVEL,LOW_LEVEL,HIGH,Low level,12.02
EVT-00005604,2026-09-30T10:31:56-05:00,FILLER_01_PRESSURE,LOW_PRESSURE,HIGH,Low pressure,1.88
EVT-00005605,2026-09-13T18:40:44-05:00,COMPRESSOR_01_TEMP,HIGH_TEMPERATURE,HIGH,High temperature,118.50
EVT-00005606,2026-09-29T12:56:19-05:00,FILTER_01_DIFF_PRESSURE,HIGH_DIFF_PRESSURE,MEDIUM,High diff pressure,2.39
EVT-00005607,2026-09-28T07:38:37-05:00,FILLER_01_PRESSURE,LOW_PRESSURE,HIGH,Low pressure,0.93
EVT-00005608,2026-09-15T11:42:29-05:00,FILTER_01_DIFF_PRESSURE,HIGH_DIFF_PRESSURE,MEDIUM,High diff pressure,1.72
EVT-00005609,2026-09-20T08:27:12-05:00,TANK_IN_01_LEVEL,HIGH_LEVEL,MEDIUM,High level,98.39
EVT-00005610,2026-09-06T07:03:59-05:00,TANK_OUT_01_LEVEL,HIGH_LEVEL,MEDIUM,High level,98.03
EVT-00005611,2026-09-12T10:29:07-05:00,FILLER_01_CYCLE_FAULT,CYCLE_FAULT,HIGH,Cycle fault,1.00
EVT-00005612,2026-09-02T12:23:40-05:00,COMPRESSOR_01_PRESSURE,LOW_PRESSURE,HIGH,Low pressure,1.58
EVT-00005613,2026-09-03T13:41:27-05:00,TANK_IN_01_LEVEL,LOW_LEVEL,HIGH,Low level,2.26
EVT-00005614,2026-09-20T15:47:26-05:00,PUMP_01_FLOW,LOW_FLOW,HIGH,Low flow,16.41
EVT-00005615,2026-09-26T13:11:19-05:00,FILLER_01_CYCLE_FAULT,CYCLE_FAULT,HIGH,Cycle fault,1.00
EVT-00005616,2026-09-08T13:28:41-05:00,FILTER_01_DIFF_PRESSURE,HIGH_DIFF_PRESSURE,MEDIUM,High diff pressure,1.92
EVT-00005617,2026-09-19T10:43:53-05:00,TANK_IN_01_LEVEL,HIGH_LEVEL,MEDIUM,High level,94.35
EVT-00005618,2026-09-01T12:53:57-05:00,FILTER_01_DIFF_PRESSURE,HIGH_DIFF_PRESSURE,MEDIUM,High diff pressure,2.84
EVT-00005619,2026-09-01T16:48:56-05:00,TANK_IN_01_LEVEL,LOW_LEVEL,HIGH,Low level,12.72
EVT-00005620,2026-09-08T11:26:16-05:00,FILTER_01_DIFF_PRESSURE,HIGH_DIFF_PRESSURE,MEDIUM,High diff pressure,2.95
EVT-00005621,2026-09-09T09:15:26-05:00,COMPRESSOR_01_TEMP,HIGH_TEMPERATURE,HIGH,High temperature,97.92
EVT-00005622,2026-09-22T12:49:38-05:00,FILTER_01_DIFF_PRESSURE,HIGH_DIFF_PRESSURE,MEDIUM,High diff pressure,2.30
EVT-00005623,2026-09-24T21:41:03-05:00,FILLER_01_CYCLE_FAULT,CYCLE_FAULT,HIGH,Cycle fault,1.00
EVT-00005624,2026-09-22T06:54:36-05:00,FILTER_01_DIFF_PRESSURE,HIGH_DIFF_PRESSURE,MEDIUM,High diff pressure,2.43
EVT-00005625,2026-09-09T08:56:45-05:00,CONVEYOR_01_JAM,JAM,MEDIUM,Jam,1.00
EVT-00005626,2026-09-30T11:39:24-05:00,CONVEYOR_01_JAM,JAM,MEDIUM,Jam,1.00
EVT-00005627,2026-09-15T14:55:14-05:00,FILTER_01_DIFF_PRESSURE,HIGH_DIFF_PRESSURE,MEDIUM,High diff pressure,2.73
EVT-00005628,2026-09-01T16:23:54-05:00,FILTER_01_DIFF_PRESSURE,HIGH_DIFF_PRESSURE,MEDIUM,High diff pressure,2.75
EVT-00005629,2026-09-10T19:58:52-05:00,FILLER_01_CYCLE_FAULT,CYCLE_FAULT,HIGH,Cycle fault,1.00
EVT-00005630,2026-09-07T20:13:20-05:00,COMPRESSOR_01_PRESSURE,LOW_PRESSURE,HIGH,Low pressure,3.59
EVT-00005631,2026-09-01T13:44:22-05:00,CONVEYOR_01_JAM,JAM,MEDIUM,Jam,1.00
EVT-00005632,2026-09-26T12:43:37-05:00,PUMP_01_MOTOR_FAULT,MOTOR_FAULT,CRITICAL,Motor fault,1.00
EVT-00005633,2026-09-29T12:56:26-05:00,CONVEYOR_01_JAM,JAM,MEDIUM,Jam,1.00
EVT-00005634,2026-09-06T20:01:30-05:00,CONVEYOR_01_MOTOR_TEMP,HIGH_TEMPERATURE,LOW,High temperature,79.57
EVT-00005635,2026-09-15T06:59:11-05:00,FILTER_01_DIFF_PRESSURE,HIGH_DIFF_PRESSURE,MEDIUM,High diff pressure,1.87
EVT-00005636,2026-09-15T16:59:20-05:00,FILTER_01_DIFF_PRESSURE,HIGH_DIFF_PRESSURE,MEDIUM,High diff pressure,2.48
EVT-00005637,2026-09-02T06:10:00-05:00,PUMP_01_FLOW,LOW_FLOW,HIGH,Low flow,15.22
EVT-00005638,2026-09-14T08:55:03-05:00,COMPRESSOR_01_PRESSURE,LOW_PRESSURE,HIGH,Low pressure,1.95
EVT-00005639,2026-09-05T11:21:14-05:00,TANK_IN_01_LEVEL,HIGH_LEVEL,MEDIUM,High level,92.85
EVT-00005640,2026-09-26T14:13:37-05:00,COMPRESSOR_01_PRESSURE,LOW_PRESSURE,HIGH,Low pressure,3.19
EVT-00005641,2026-09-16T18:37:58-05:00,COMPRESSOR_01_PRESSURE,LOW_PRESSURE,HIGH,Low pressure,4.36
EVT-00005642,2026-09-13T08:26:43-05:00,FILTER_01_PRESSURE,HIGH_PRESSURE,HIGH,High pressure,7.71
EVT-00005643,2026-09-13T06:30:18-05:00,FILLER_01_PRESSURE,LOW_PRESSURE,HIGH,Low pressure,0.36
EVT-00005644,2026-09-09T18:54:34-05:00,TANK_IN_01_LEVEL,LOW_LEVEL,HIGH,Low level,3.04
EVT-00005645,2026-09-30T21:30:22-05:00,TANK_IN_01_LEVEL,HIGH_LEVEL,MEDIUM,High level,96.15
EVT-00005646,2026-09-09T15:42:37-05:00,CONVEYOR_01_JAM,JAM,MEDIUM,Jam,1.00
EVT-00005647,2026-09-01T19:50:39-05:00,COMPRESSOR_01_TEMP,HIGH_TEMPERATURE,HIGH,High temperature,117.98
EVT-00005648,2026-09-16T16:43:08-05:00,TANK_IN_01_LEVEL,LOW_LEVEL,HIGH,Low level,11.57
EVT-00005649,2026-09-16T18:56:33-05:00,COMPRESSOR_01_TEMP,HIGH_TEMPERATURE,HIGH,High temperature,116.25
EVT-00005650,2026-09-05T09:33:57-05:00,COMPRESSOR_01_TEMP,HIGH_TEMPERATURE,HIGH,High temperature,99.24
EVT-00005651,2026-09-20T12:31:25-05:00,PUMP_01_FLOW,LOW_FLOW,CRITICAL,Low flow,10.09
EVT-00005652,2026-09-29T06:14:52-05:00,COMPRESSOR_01_PRESSURE,LOW_PRESSURE,HIGH,Low pressure,2.39
EVT-00005653,2026-09-22T20:25:39-05:00,FILTER_01_DIFF_PRESSURE,HIGH_DIFF_PRESSURE,MEDIUM,High diff pressure,2.27
EVT-00005654,2026-09-21T20:46:54-05:00,CONVEYOR_01_MOTOR_TEMP,HIGH_TEMPERATURE,LOW,High temperature,79.70
EVT-00005655,2026-09-24T08:01:08-05:00,TANK_IN_01_LEVEL,LOW_LEVEL,HIGH,Low level,4.37
EVT-00005656,2026-09-17T10:34:24-05:00,TANK_IN_01_LEVEL,LOW_LEVEL,HIGH,Low level,5.68
EVT-00005657,2026-09-29T14:42:53-05:00,FILLER_01_CYCLE_FAULT,CYCLE_FAULT,HIGH,Cycle fault,1.00
EVT-00005658,2026-09-12T18:40:41-05:00,PUMP_01_FLOW,LOW_FLOW,HIGH,Low flow,13.05
EVT-00005659,2026-09-28T19:41:59-05:00,FILLER_01_CYCLE_FAULT,CYCLE_FAULT,HIGH,Cycle fault,1.00
EVT-00005660,2026-09-12T20:54:34-05:00,FILTER_01_PRESSURE,HIGH_PRESSURE,HIGH,High pressure,6.96
EVT-00005661,2026-09-15T15:21:29-05:00,FILTER_01_DIFF_PRESSURE,HIGH_DIFF_PRESSURE,MEDIUM,High diff pressure,2.04
EVT-00005662,2026-09-01T18:13:43-05:00,FILTER_01_DIFF_PRESSURE,HIGH_DIFF_PRESSURE,MEDIUM,High diff pressure,2.19
EVT-00005663,2026-09-29T10:36:34-05:00,TANK_OUT_01_LEVEL,LOW_LEVEL,HIGH,Low level,8.41
EVT-00005664,2026-09-09T06:51:29-05:00,CONVEYOR_01_JAM,JAM,MEDIUM,Jam,1.00
EVT-00005665,2026-09-14T10:37:56-05:00,FILLER_01_PRESSURE,LOW_PRESSURE,HIGH,Low pressure,0.88
EVT-00005666,2026-09-10T17:52:23-05:00,FILLER_01_PRESSURE,LOW_PRESSURE,HIGH,Low pressure,1.29
EVT-00005667,2026-09-08T21:50:07-05:00,FILTER_01_DIFF_PRESSURE,HIGH_DIFF_PRESSURE,MEDIUM,High diff pressure,2.10
EVT-00005668,2026-09-03T08:01:40-05:00,CONVEYOR_01_JAM,JAM,MEDIUM,Jam,1.00
EVT-00005669,2026-09-05T18:58:42-05:00,COMPRESSOR_01_PRESSURE,LOW_PRESSURE,HIGH,Low pressure,3.29
EVT-00005670,2026-09-29T17:11:30-05:00,FILTER_01_DIFF_PRESSURE,HIGH_DIFF_PRESSURE,MEDIUM,High diff pressure,2.85
EVT-00005671,2026-09-20T19:21:06-05:00,FILLER_01_PRESSURE,LOW_PRESSURE,HIGH,Low pressure,0.31
EVT-00005672,2026-09-22T19:54:39-05:00,FILTER_01_DIFF_PRESSURE,HIGH_DIFF_PRESSURE,MEDIUM,High diff pressure,2.12
EVT-00005673,2026-09-10T17:44:34-05:00,PUMP_01_MOTOR_FAULT,MOTOR_FAULT,CRITICAL,Motor fault,1.00
EVT-00005674,2026-09-01T09:29:18-05:00,TANK_OUT_01_LEVEL,LOW_LEVEL,HIGH,Low level,12.36
EVT-00005675,2026-09-22T09:05:22-05:00,TANK_OUT_01_LEVEL,LOW_LEVEL,HIGH,Low level,2.49
EVT-00005676,2026-09-12T19:00:06-05:00,COMPRESSOR_01_PRESSURE,LOW_PRESSURE,HIGH,Low pressure,1.06
EVT-00005677,2026-09-02T20:35:07-05:00,FILLER_01_PRESSURE,LOW_PRESSURE,HIGH,Low pressure,0.27
EVT-00005678,2026-09-13T10:29:43-05:00,FILLER_01_PRESSURE,LOW_PRESSURE,HIGH,Low pressure,0.20
EVT-00005679,2026-09-23T17:33:57-05:00,PUMP_01_MOTOR_FAULT,MOTOR_FAULT,CRITICAL,Motor fault,1.00
EVT-00005680,2026-09-20T20:25:58-05:00,TANK_IN_01_LEVEL,LOW_LEVEL,HIGH,Low level,5.70
EVT-00005681,2026-09-29T15:09:27-05:00,FILTER_01_DIFF_PRESSURE,HIGH_DIFF_PRESSURE,MEDIUM,High diff pressure,1.97
EVT-00005682,2026-09-29T10:10:36-05:00,PUMP_01_MOTOR_FAULT,MOTOR_FAULT,CRITICAL,Motor fault,1.00
EVT-00005683,2026-09-29T11:33:46-05:00,CONVEYOR_01_JAM,JAM,MEDIUM,Jam,1.00
EVT-00005684,2026-09-30T21:42:52-05:00,TANK_IN_01_LEVEL,LOW_LEVEL,HIGH,Low level,13.99
EVT-00005685,2026-09-17T07:15:30-05:00,FILLER_01_CYCLE_FAULT,CYCLE_FAULT,HIGH,Cycle fault,1.00
EVT-00005686,2026-09-29T11:13:02-05:00,FILTER_01_DIFF_PRESSURE,HIGH_DIFF_PRESSURE,MEDIUM,High diff pressure,2.91
EVT-00005687,2026-09-27T13:44:11-05:00,COMPRESSOR_01_PRESSURE,LOW_PRESSURE,HIGH,Low pressure,2.76
EVT-00005688,2026-09-09T10:37:32-05:00,COMPRESSOR_01_TEMP,HIGH_TEMPERATURE,HIGH,High temperature,106.41
EVT-00005689,2026-09-12T10:45:47-05:00,COMPRESSOR_01_PRESSURE,LOW_PRESSURE,HIGH,Low pressure,2.34
EVT-00005690,2026-09-29T09:49:39-05:00,FILTER_01_DIFF_PRESSURE,HIGH_DIFF_PRESSURE,MEDIUM,High diff pressure,2.96
EVT-00005691,2026-09-23T07:12:02-05:00,COMPRESSOR_01_PRESSURE,LOW_PRESSURE,HIGH,Low pressure,3.43
EVT-00005692,2026-09-07T14:11:53-05:00,TANK_OUT_01_LEVEL,HIGH_LEVEL,MEDIUM,High level,98.21
EVT-00005693,2026-09-04T06:17:00-05:00,FILLER_01_CYCLE_FAULT,CYCLE_FAULT,HIGH,Cycle fault,1.00
EVT-00005694,2026-09-20T08:14:42-05:00,PUMP_01_FLOW,LOW_FLOW,HIGH,Low flow,4.01
EVT-00005695,2026-09-17T15:19:46-05:00,TANK_OUT_01_LEVEL,LOW_LEVEL,HIGH,Low level,6.23
EVT-00005696,2026-09-24T13:01:36-05:00,CONVEYOR_01_MOTOR_TEMP,HIGH_TEMPERATURE,LOW,High temperature,87.46
EVT-00005697,2026-09-19T13:44:51-05:00,FILLER_01_PRESSURE,LOW_PRESSURE,HIGH,Low pressure,1.60
EVT-00005698,2026-09-25T08:49:18-05:00,TANK_OUT_01_LEVEL,LOW_LEVEL,HIGH,Low level,13.26
EVT-00005699,2026-09-11T14:45:38-05:00,TANK_IN_01_LEVEL,LOW_LEVEL,HIGH,Low level,12.85
EVT-00005700,2026-09-27T14:43:34-05:00,FILLER_01_PRESSURE,LOW_PRESSURE,HIGH,Low pressure,0.36
EVT-00005701,2026-09-22T18:23:51-05:00,FILTER_01_DIFF_PRESSURE,HIGH_DIFF_PRESSURE,MEDIUM,High diff pressure,0.5
EVT-00005702,2026-09-08T06:39:47-05:00,PUMP_01_MOTOR_FAULT,MOTOR_FAULT,CRITICAL,Motor fault,1.00
EVT-00005703,2026-09-20T15:50:18-05:00,CONVEYOR_01_MOTOR_TEMP,HIGH_TEMPERATURE,LOW,High temperature,86.31
EVT-00005704,2026-09-23T10:35:56-05:00,COMPRESSOR_01_PRESSURE,LOW_PRESSURE,HIGH,Low pressure,1.89
EVT-00005705,2026-09-29T09:42:31-05:00,PUMP_01_MOTOR_FAULT,MOTOR_FAULT,CRITICAL,Motor fault,1.00
EVT-00005706,2026-09-06T15:29:34-05:00,TANK_OUT_01_LEVEL,HIGH_LEVEL,MEDIUM,High level,93.41
EVT-00005707,2026-09-26T07:52:43-05:00,PUMP_01_FLOW,LOW_FLOW,HIGH,Low flow,4.09
EVT-00005708,2026-09-21T18:00:23-05:00,COMPRESSOR_01_TEMP,HIGH_TEMPERATURE,HIGH,High temperature,118.51
EVT-00005709,2026-09-13T20:52:17-05:00,TANK_OUT_01_LEVEL,LOW_LEVEL,HIGH,Low level,4.21
EVT-00005710,2026-09-19T09:49:28-05:00,COMPRESSOR_01_PRESSURE,LOW_PRESSURE,HIGH,Low pressure,1.88
EVT-00005711,2026-09-17T06:53:55-05:00,TANK_OUT_01_LEVEL,LOW_LEVEL,HIGH,Low level,12.83
EVT-00005712,2026-09-07T09:03:15-05:00,TANK_OUT_01_LEVEL,LOW_LEVEL,HIGH,Low level,3.98
EVT-00005713,2026-09-27T08:07:45-05:00,TANK_IN_01_LEVEL,HIGH_LEVEL,MEDIUM,High level,91.15
EVT-00005714,2026-09-06T06:02:18-05:00,PUMP_01_FLOW,LOW_FLOW,HIGH,Low flow,1.33
EVT-00005715,2026-09-17T13:01:32-05:00,TANK_IN_01_LEVEL,LOW_LEVEL,HIGH,Low level,10.44
EVT-00005716,2026-09-01T06:49:29-05:00,FILTER_01_DIFF_PRESSURE,HIGH_DIFF_PRESSURE,MEDIUM,High diff pressure,1.67
EVT-00005717,2026-09-21T16:51:56-05:00,TANK_OUT_01_LEVEL,LOW_LEVEL,HIGH,Low level,12.43
EVT-00005718,2026-09-22T14:45:12-05:00,COMPRESSOR_01_PRESSURE,LOW_PRESSURE,HIGH,Low pressure,4.66
EVT-00005719,2026-09-01T15:58:16-05:00,FILTER_01_DIFF_PRESSURE,HIGH_DIFF_PRESSURE,MEDIUM,High diff pressure,1.81
EVT-00005720,2026-09-07T12:47:03-05:00,CONVEYOR_01_JAM,JAM,MEDIUM,Jam,1.00
EVT-00005721,2026-09-10T07:07:24-05:00,CONVEYOR_01_JAM,JAM,MEDIUM,Jam,1.00
EVT-00005722,2026-09-10T11:48:47-05:00,COMPRESSOR_01_PRESSURE,LOW_PRESSURE,HIGH,Low pressure,4.32
EVT-00005723,2026-09-03T16:44:02-05:00,PUMP_01_MOTOR_FAULT,MOTOR_FAULT,CRITICAL,Motor fault,1.00
EVT-00005724,2026-09-09T13:39:59-05:00,FILLER_01_CYCLE_FAULT,CYCLE_FAULT,HIGH,Cycle fault,1.00
EVT-00005725,2026-09-10T13:26:22-05:00,PUMP_01_FLOW,LOW_FLOW,HIGH,Low flow,18.74
EVT-00005726,2026-09-11T21:08:49-05:00,COMPRESSOR_01_TEMP,HIGH_TEMPERATURE,HIGH,High temperature,100.00
EVT-00005727,2026-09-07T19:20:59-05:00,TANK_IN_01_LEVEL,LOW_LEVEL,HIGH,Low level,1.34
EVT-00005728,2026-09-25T13:21:34-05:00,FILTER_01_PRESSURE,HIGH_PRESSURE,HIGH,High pressure,7.03
EVT-00005729,2026-09-27T20:50:49-05:00,TANK_IN_01_LEVEL,LOW_LEVEL,HIGH,Low level,6.71
EVT-00005730,2026-09-24T16:42:36-05:00,COMPRESSOR_01_PRESSURE,LOW_PRESSURE,HIGH,Low pressure,2.94
EVT-00005731,2026-09-01T12:01:59-05:00,FILTER_01_DIFF_PRESSURE,HIGH_DIFF_PRESSURE,MEDIUM,High diff pressure,1.65
EVT-00005732,2026-09-02T13:56:07-05:00,COMPRESSOR_01_PRESSURE,LOW_PRESSURE,HIGH,Low pressure,3.21
EVT-00005733,2026-09-22T13:05:54-05:00,COMPRESSOR_01_TEMP,HIGH_TEMPERATURE,HIGH,High temperature,113.28
EVT-00005734,2026-09-03T06:14:14-05:00,PUMP_01_MOTOR_FAULT,MOTOR_FAULT,CRITICAL,Motor fault,1.00
EVT-00005735,2026-09-10T21:47:32-05:00,COMPRESSOR_01_PRESSURE,LOW_PRESSURE,HIGH,Low pressure,1.44
EVT-00005736,2026-09-23T21:18:17-05:00,FILLER_01_PRESSURE,LOW_PRESSURE,HIGH,Low pressure,0.67
EVT-00005737,2026-09-01T20:42:17-05:00,COMPRESSOR_01_TEMP,HIGH_TEMPERATURE,HIGH,High temperature,114.30
EVT-00005738,2026-09-04T13:15:37-05:00,TANK_OUT_01_LEVEL,LOW_LEVEL,HIGH,Low level,13.57
EVT-00005739,2026-09-30T16:46:03-05:00,CONVEYOR_01_JAM,JAM,MEDIUM,Jam,1.00
EVT-00005740,2026-09-16T06:45:49-05:00,FILLER_01_CYCLE_FAULT,CYCLE_FAULT,HIGH,Cycle fault,1.00
EVT-00005741,2026-09-29T19:50:21-05:00,FILTER_01_DIFF_PRESSURE,HIGH_DIFF_PRESSURE,MEDIUM,High diff pressure,2.09
EVT-00005742,2026-09-29T09:40:58-05:00,FILTER_01_DIFF_PRESSURE,HIGH_DIFF_PRESSURE,MEDIUM,High diff pressure,2.35
EVT-00005743,2026-09-13T15:43:35-05:00,TANK_OUT_01_LEVEL,LOW_LEVEL,HIGH,Low level,12.62
EVT-00005744,2026-09-13T08:54:00-05:00,TANK_OUT_01_LEVEL,LOW_LEVEL,HIGH,Low level,8.95
EVT-00005745,2026-09-26T06:16:50-05:00,FILLER_01_PRESSURE,LOW_PRESSURE,HIGH,Low pressure,1.45
EVT-00005746,2026-09-14T16:09:31-05:00,PUMP_01_FLOW,LOW_FLOW,HIGH,Low flow,12.37
EVT-00005747,2026-09-21T16:17:57-05:00,TANK_OUT_01_LEVEL,LOW_LEVEL,HIGH,Low level,3.42
EVT-00005748,2026-09-22T18:01:20-05:00,FILTER_01_PRESSURE,HIGH_PRESSURE,HIGH,High pressure,8.58
EVT-00005749,2026-09-03T12:37:40-05:00,FILLER_01_CYCLE_FAULT,CYCLE_FAULT,HIGH,Cycle fault,1.00
EVT-00005750,2026-09-29T13:48:18-05:00,FILTER_01_DIFF_PRESSURE,HIGH_DIFF_PRESSURE,MEDIUM,High diff pressure,2.06
EVT-00005751,2026-09-01T16:21:52-05:00,FILTER_01_DIFF_PRESSURE,HIGH_DIFF_PRESSURE,HIGH,High diff pressure,2.76
EVT-00005752,2026-09-01T18:37:10-05:00,COMPRESSOR_01_PRESSURE,LOW_PRESSURE,HIGH,Low pressure,4.04
EVT-00005753,2026-09-01T07:35:00-05:00,PUMP_01_FLOW,LOW_FLOW,HIGH,Low flow,3.71
EVT-00005754,2026-09-15T14:16:29-05:00,FILTER_01_DIFF_PRESSURE,HIGH_DIFF_PRESSURE,MEDIUM,High diff pressure,2.93
EVT-00005755,2026-09-27T21:53:12-05:00,TANK_OUT_01_LEVEL,HIGH_LEVEL,MEDIUM,High level,92.91
EVT-00005756,2026-09-15T07:25:55-05:00,FILTER_01_DIFF_PRESSURE,HIGH_DIFF_PRESSURE,MEDIUM,High diff pressure,1.61
EVT-00005757,2026-09-29T16:24:22-05:00,FILLER_01_CYCLE_FAULT,CYCLE_FAULT,HIGH,Cycle fault,1.00
EVT-00005758,2026-09-03T20:16:17-05:00,COMPRESSOR_01_PRESSURE,LOW_PRESSURE,HIGH,Low pressure,3.36
EVT-00005759,2026-09-29T11:43:21-05:00,FILTER_01_DIFF_PRESSURE,HIGH_DIFF_PRESSURE,MEDIUM,High diff pressure,1.90
EVT-00005760,2026-09-15T11:17:37-05:00,FILTER_01_PRESSURE,HIGH_PRESSURE,HIGH,High pressure,6.56
EVT-00005761,2026-09-05T14:53:19-05:00,FILLER_01_PRESSURE,LOW_PRESSURE,HIGH,Low pressure,0.85
EVT-00005762,2026-09-08T20:16:24-05:00,FILTER_01_DIFF_PRESSURE,HIGH_DIFF_PRESSURE,MEDIUM,High diff pressure,1.79
EVT-00005763,2026-09-22T20:30:47-05:00,TANK_IN_01_LEVEL,HIGH_LEVEL,MEDIUM,High level,97.60
EVT-00005764,2026-09-09T07:40:22-05:00,TANK_OUT_01_LEVEL,LOW_LEVEL,HIGH,Low level,13.46
EVT-00005765,2026-09-13T08:30:28-05:00,FILLER_01_PRESSURE,LOW_PRESSURE,HIGH,Low pressure,1.21
EVT-00005766,2026-09-06T08:33:54-05:00,PUMP_01_MOTOR_FAULT,MOTOR_FAULT,CRITICAL,Motor fault,1.00
EVT-00005767,2026-09-29T07:21:19-05:00,FILTER_01_DIFF_PRESSURE,HIGH_DIFF_PRESSURE,MEDIUM,High diff pressure,2.75
EVT-00005768,2026-09-23T10:48:43-05:00,TANK_IN_01_LEVEL,LOW_LEVEL,HIGH,Low level,8.50
EVT-00005769,2026-09-05T07:54:56-05:00,PUMP_01_MOTOR_FAULT,MOTOR_FAULT,CRITICAL,Motor fault,1.00
EVT-00005770,2026-09-12T14:50:57-05:00,FILLER_01_PRESSURE,LOW_PRESSURE,HIGH,Low pressure,0.21
EVT-00005771,2026-09-29T08:18:04-05:00,FILTER_01_DIFF_PRESSURE,HIGH_DIFF_PRESSURE,MEDIUM,High diff pressure,1.60
EVT-00005772,2026-09-05T08:17:59-05:00,CONVEYOR_01_JAM,JAM,MEDIUM,Jam,1.00
EVT-00005773,2026-09-01T18:55:50-05:00,TANK_OUT_01_LEVEL,LOW_LEVEL,HIGH,Low level,12.76
EVT-00005774,2026-09-24T06:54:22-05:00,TANK_IN_01_LEVEL,LOW_LEVEL,HIGH,Low level,2.29
EVT-00005775,2026-09-08T18:49:05-05:00,FILLER_01_PRESSURE,LOW_PRESSURE,HIGH,Low pressure,0.97
EVT-00005776,2026-09-01T14:21:44-05:00,FILTER_01_DIFF_PRESSURE,HIGH_DIFF_PRESSURE,MEDIUM,High diff pressure,2.03
EVT-00005777,2026-09-05T11:04:08-05:00,PUMP_01_FLOW,LOW_FLOW,HIGH,Low flow,18.35
EVT-00005778,2026-09-06T15:09:31-05:00,CONVEYOR_01_MOTOR_TEMP,HIGH_TEMPERATURE,LOW,High temperature,74.33
EVT-00005779,2026-09-20T11:58:22-05:00,COMPRESSOR_01_PRESSURE,LOW_PRESSURE,HIGH,Low pressure,4.69
EVT-00005780,2026-09-09T06:05:31-05:00,COMPRESSOR_01_PRESSURE,LOW_PRESSURE,HIGH,Low pressure,1.29
EVT-00005781,2026-09-17T17:52:06-05:00,TANK_IN_01_LEVEL,LOW_LEVEL,HIGH,Low level,11.58
EVT-00005782,2026-09-23T10:45:58-05:00,PUMP_01_FLOW,LOW_FLOW,HIGH,Low flow,15.68
EVT-00005783,2026-09-01T08:28:49-05:00,FILTER_01_DIFF_PRESSURE,HIGH_DIFF_PRESSURE,MEDIUM,High diff pressure,2.67
EVT-00005784,2026-09-30T15:52:16-05:00,TANK_IN_01_LEVEL,LOW_LEVEL,HIGH,Low level,8.64
EVT-00005785,2026-09-03T07:04:21-05:00,TANK_IN_01_LEVEL,LOW_LEVEL,HIGH,Low level,8.19
EVT-00005786,2026-09-21T18:42:25-05:00,COMPRESSOR_01_PRESSURE,LOW_PRESSURE,HIGH,Low pressure,4.85
EVT-00005787,2026-09-03T08:06:53-05:00,COMPRESSOR_01_PRESSURE,LOW_PRESSURE,HIGH,Low pressure,3.94
EVT-00005788,2026-09-01T17:06:44-05:00,FILTER_01_DIFF_PRESSURE,HIGH_DIFF_PRESSURE,MEDIUM,High diff pressure,2.05
EVT-00005789,2026-09-29T20:41:44-05:00,CONVEYOR_01_JAM,JAM,MEDIUM,Jam,1.00
EVT-00005790,2026-09-22T07:34:07-05:00,COMPRESSOR_01_TEMP,HIGH_TEMPERATURE,HIGH,High temperature,108.90
EVT-00005791,2026-09-03T19:36:30-05:00,PUMP_01_FLOW,LOW_FLOW,HIGH,Low flow,1.89
EVT-00005792,2026-09-08T20:52:19-05:00,FILLER_01_CYCLE_FAULT,CYCLE_FAULT,HIGH,Cycle fault,1.00
EVT-00005793,2026-09-19T08:28:43-05:00,TANK_IN_01_LEVEL,LOW_LEVEL,HIGH,Low level,5.08
EVT-00005794,2026-09-15T07:17:25-05:00,TANK_IN_01_LEVEL,LOW_LEVEL,HIGH,Low level,9.81
EVT-00005795,2026-09-22T06:16:03-05:00,TANK_OUT_01_LEVEL,HIGH_LEVEL,MEDIUM,High level,91.04
EVT-00005796,2026-09-09T18:45:18-05:00,COMPRESSOR_01_PRESSURE,LOW_PRESSURE,HIGH,Low pressure,4.34
EVT-00005797,2026-09-17T16:26:57-05:00,TANK_IN_01_LEVEL,LOW_LEVEL,HIGH,Low level,7.39
EVT-00005798,2026-09-11T18:43:37-05:00,TANK_OUT_01_LEVEL,LOW_LEVEL,HIGH,Low level,7.00
EVT-00005799,2026-09-21T08:33:50-05:00,PUMP_01_FLOW,LOW_FLOW,HIGH,Low flow,17.33
EVT-00005800,2026-09-15T13:31:19-05:00,TANK_OUT_01_LEVEL,LOW_LEVEL,HIGH,Low level,13.14
EVT-00005801,2026-09-07T21:45:02-05:00,TANK_OUT_01_LEVEL,LOW_LEVEL,HIGH,Low level,16
EVT-00005802,2026-09-29T10:40:48-05:00,FILTER_01_DIFF_PRESSURE,HIGH_DIFF_PRESSURE,MEDIUM,High diff pressure,2.31
EVT-00005803,2026-09-25T08:06:13-05:00,COMPRESSOR_01_PRESSURE,LOW_PRESSURE,HIGH,Low pressure,3.11
EVT-00005804,2026-09-03T17:22:01-05:00,CONVEYOR_01_JAM,JAM,MEDIUM,Jam,1.00
EVT-00005805,2026-09-07T20:39:01-05:00,COMPRESSOR_01_TEMP,HIGH_TEMPERATURE,HIGH,High temperature,108.73
EVT-00005806,2026-09-03T09:52:53-05:00,CONVEYOR_01_JAM,JAM,MEDIUM,Jam,1.00
EVT-00005807,2026-09-11T06:49:35-05:00,TANK_IN_01_LEVEL,LOW_LEVEL,HIGH,Low level,4.14
EVT-00005808,2026-09-29T18:05:15-05:00,FILTER_01_DIFF_PRESSURE,HIGH_DIFF_PRESSURE,MEDIUM,High diff pressure,2.63
EVT-00005809,2026-09-06T07:15:03-05:00,PUMP_01_FLOW,LOW_FLOW,HIGH,Low flow,10.59
EVT-00005810,2026-09-07T20:15:58-05:00,COMPRESSOR_01_PRESSURE,LOW_PRESSURE,HIGH,Low pressure,4.72
EVT-00005811,2026-09-15T15:32:22-05:00,FILTER_01_DIFF_PRESSURE,HIGH_DIFF_PRESSURE,MEDIUM,High diff pressure,2.21
EVT-00005812,2026-09-08T13:39:29-05:00,FILTER_01_DIFF_PRESSURE,HIGH_DIFF_PRESSURE,MEDIUM,High diff pressure,2.95
EVT-00005813,2026-09-28T10:58:11-05:00,TANK_IN_01_LEVEL,LOW_LEVEL,HIGH,Low level,12.17
EVT-00005814,2026-09-22T14:09:07-05:00,FILTER_01_DIFF_PRESSURE,HIGH_DIFF_PRESSURE,MEDIUM,High diff pressure,2.09
EVT-00005815,2026-09-08T19:03:58-05:00,TANK_OUT_01_LEVEL,HIGH_LEVEL,MEDIUM,High level,93.57
EVT-00005816,2026-09-30T15:51:56-05:00,COMPRESSOR_01_PRESSURE,LOW_PRESSURE,HIGH,Low pressure,3.57
EVT-00005817,2026-09-10T09:13:11-05:00,PUMP_01_FLOW,LOW_FLOW,HIGH,Low flow,7.51
EVT-00005818,2026-09-13T20:31:24-05:00,CONVEYOR_01_JAM,JAM,MEDIUM,Jam,1.00
EVT-00005819,2026-09-08T15:50:02-05:00,FILTER_01_DIFF_PRESSURE,HIGH_DIFF_PRESSURE,MEDIUM,High diff pressure,1.72
EVT-00005820,2026-09-01T14:06:37-05:00,FILTER_01_DIFF_PRESSURE,HIGH_DIFF_PRESSURE,MEDIUM,High diff pressure,2.73
EVT-00005821,2026-09-23T06:54:44-05:00,COMPRESSOR_01_PRESSURE,LOW_PRESSURE,HIGH,Low pressure,3.01
EVT-00005822,2026-09-29T12:06:31-05:00,FILTER_01_DIFF_PRESSURE,HIGH_DIFF_PRESSURE,MEDIUM,High diff pressure,2.50
EVT-00005823,2026-09-13T08:54:10-05:00,TANK_IN_01_LEVEL,LOW_LEVEL,HIGH,Low level,5.21
EVT-00005824,2026-09-24T21:00:44-05:00,TANK_OUT_01_LEVEL,LOW_LEVEL,HIGH,Low level,1.19
EVT-00005825,2026-09-18T12:04:03-05:00,TANK_OUT_01_LEVEL,HIGH_LEVEL,MEDIUM,High level,98.84
EVT-00005826,2026-09-01T14:58:54-05:00,FILTER_01_DIFF_PRESSURE,HIGH_DIFF_PRESSURE,MEDIUM,High diff pressure,2.39
EVT-00005827,2026-09-22T16:55:27-05:00,FILLER_01_CYCLE_FAULT,CYCLE_FAULT,HIGH,Cycle fault,1.00
EVT-00005828,2026-09-04T07:31:01-05:00,COMPRESSOR_01_PRESSURE,LOW_PRESSURE,HIGH,Low pressure,1.51
EVT-00005829,2026-09-17T13:03:41-05:00,FILTER_01_PRESSURE,HIGH_PRESSURE,HIGH,High pressure,6.58
EVT-00005830,2026-09-22T06:20:51-05:00,TANK_OUT_01_LEVEL,HIGH_LEVEL,MEDIUM,High level,92.45
EVT-00005831,2026-09-15T18:49:07-05:00,FILTER_01_DIFF_PRESSURE,HIGH_DIFF_PRESSURE,MEDIUM,High diff pressure,2.73
EVT-00005832,2026-09-02T18:30:06-05:00,FILLER_01_PRESSURE,LOW_PRESSURE,HIGH,Low pressure,1.89
EVT-00005833,2026-09-21T06:25:59-05:00,PUMP_01_FLOW,LOW_FLOW,HIGH,Low flow,9.31
EVT-00005834,2026-09-12T10:15:22-05:00,FILLER_01_PRESSURE,LOW_PRESSURE,HIGH,Low pressure,0.90
EVT-00005835,2026-09-30T10:52:46-05:00,CONVEYOR_01_JAM,JAM,MEDIUM,Jam,1.00
EVT-00005836,2026-09-01T07:30:19-05:00,FILLER_01_PRESSURE,LOW_PRESSURE,HIGH,Low pressure,1.80
EVT-00005837,2026-09-15T11:42:41-05:00,PUMP_01_FLOW,LOW_FLOW,HIGH,Low flow,17.07
EVT-00005838,2026-09-19T12:30:18-05:00,CONVEYOR_01_JAM,JAM,MEDIUM,Jam,1.00
EVT-00005839,2026-09-28T13:36:13-05:00,TANK_IN_01_LEVEL,LOW_LEVEL,HIGH,Low level,2.03
EVT-00005840,2026-09-04T12:08:22-05:00,TANK_IN_01_LEVEL,LOW_LEVEL,HIGH,Low level,5.39
EVT-00005841,2026-09-30T09:19:59-05:00,CONVEYOR_01_MOTOR_TEMP,HIGH_TEMPERATURE,LOW,High temperature,89.56
EVT-00005842,2026-09-26T17:55:04-05:00,CONVEYOR_01_MOTOR_TEMP,HIGH_TEMPERATURE,LOW,High temperature,85.05
EVT-00005843,2026-09-09T14:00:45-05:00,FILLER_01_PRESSURE,LOW_PRESSURE,HIGH,Low pressure,1.72
EVT-00005844,2026-09-11T06:34:56-05:00,COMPRESSOR_01_PRESSURE,LOW_PRESSURE,HIGH,Low pressure,3.24
EVT-00005845,2026-09-22T07:49:06-05:00,FILTER_01_DIFF_PRESSURE,HIGH_DIFF_PRESSURE,MEDIUM,High diff pressure,2.73
EVT-00005846,2026-09-28T08:21:03-05:00,FILLER_01_PRESSURE,LOW_PRESSURE,HIGH,Low pressure,1.28
EVT-00005847,2026-09-02T12:26:30-05:00,TANK_OUT_01_LEVEL,HIGH_LEVEL,MEDIUM,High level,98.25
EVT-00005848,2026-09-22T12:39:56-05:00,FILLER_01_CYCLE_FAULT,CYCLE_FAULT,HIGH,Cycle fault,1.00
EVT-00005849,2026-09-22T19:40:17-05:00,COMPRESSOR_01_PRESSURE,LOW_PRESSURE,HIGH,Low pressure,1.33
EVT-00005850,2026-09-13T11:14:24-05:00,TANK_IN_01_LEVEL,LOW_LEVEL,HIGH,Low level,13.73
EVT-00005851,2026-09-10T20:04:10-05:00,PUMP_01_FLOW,LOW_FLOW,CRITICAL,Low flow,15.77
EVT-00005852,2026-09-23T16:32:23-05:00,TANK_IN_01_LEVEL,LOW_LEVEL,HIGH,Low level,3.42
EVT-00005853,2026-09-12T08:17:41-05:00,TANK_IN_01_LEVEL,LOW_LEVEL,HIGH,Low level,1.64
EVT-00005854,2026-09-14T06:49:48-05:00,CONVEYOR_01_MOTOR_TEMP,HIGH_TEMPERATURE,LOW,High temperature,81.37
EVT-00005855,2026-09-25T11:10:26-05:00,FILLER_01_PRESSURE,LOW_PRESSURE,HIGH,Low pressure,0.26
EVT-00005856,2026-09-10T17:24:41-05:00,TANK_IN_01_LEVEL,LOW_LEVEL,HIGH,Low level,13.56
EVT-00005857,2026-09-08T17:54:16-05:00,COMPRESSOR_01_PRESSURE,LOW_PRESSURE,HIGH,Low pressure,2.72
EVT-00005858,2026-09-20T09:10:20-05:00,COMPRESSOR_01_PRESSURE,LOW_PRESSURE,HIGH,Low pressure,3.79
EVT-00005859,2026-09-08T12:48:17-05:00,FILTER_01_DIFF_PRESSURE,HIGH_DIFF_PRESSURE,MEDIUM,High diff pressure,2.47
EVT-00005860,2026-09-12T13:03:42-05:00,PUMP_01_FLOW,LOW_FLOW,HIGH,Low flow,2.44
EVT-00005861,2026-09-14T14:51:49-05:00,TANK_IN_01_LEVEL,LOW_LEVEL,HIGH,Low level,12.66
EVT-00005862,2026-09-01T17:43:33-05:00,COMPRESSOR_01_PRESSURE,LOW_PRESSURE,HIGH,Low pressure,1.09
EVT-00005863,2026-09-22T21:00:17-05:00,FILTER_01_DIFF_PRESSURE,HIGH_DIFF_PRESSURE,MEDIUM,High diff pressure,3.00
EVT-00005864,2026-09-18T13:02:33-05:00,TANK_IN_01_LEVEL,LOW_LEVEL,HIGH,Low level,9.99
EVT-00005865,2026-09-02T20:10:06-05:00,FILTER_01_PRESSURE,HIGH_PRESSURE,HIGH,High pressure,7.33
EVT-00005866,2026-09-17T10:51:41-05:00,COMPRESSOR_01_TEMP,HIGH_TEMPERATURE,HIGH,High temperature,101.13
EVT-00005867,2026-09-07T18:03:18-05:00,FILLER_01_PRESSURE,LOW_PRESSURE,HIGH,Low pressure,0.59
EVT-00005868,2026-09-10T11:35:03-05:00,TANK_OUT_01_LEVEL,LOW_LEVEL,HIGH,Low level,12.89
EVT-00005869,2026-09-12T21:41:24-05:00,FILLER_01_PRESSURE,LOW_PRESSURE,HIGH,Low pressure,0.67
EVT-00005870,2026-09-13T14:56:03-05:00,TANK_IN_01_LEVEL,LOW_LEVEL,HIGH,Low level,10.38
EVT-00005871,2026-09-08T12:05:00-05:00,FILTER_01_DIFF_PRESSURE,HIGH_DIFF_PRESSURE,MEDIUM,High diff pressure,2.43
EVT-00005872,2026-09-06T17:31:16-05:00,TANK_IN_01_LEVEL,LOW_LEVEL,HIGH,Low level,8.12
EVT-00005873,2026-09-03T14:58:44-05:00,CONVEYOR_01_JAM,JAM,MEDIUM,Jam,1.00
EVT-00005874,2026-09-11T10:38:38-05:00,COMPRESSOR_01_TEMP,HIGH_TEMPERATURE,HIGH,High temperature,101.32
EVT-00005875,2026-09-06T11:12:14-05:00,COMPRESSOR_01_PRESSURE,LOW_PRESSURE,HIGH,Low pressure,1.54
EVT-00005876,2026-09-09T09:20:43-05:00,FILTER_01_PRESSURE,HIGH_PRESSURE,HIGH,High pressure,6.41
EVT-00005877,2026-09-22T16:25:31-05:00,FILLER_01_PRESSURE,LOW_PRESSURE,HIGH,Low pressure,1.89
EVT-00005878,2026-09-08T20:22:06-05:00,FILLER_01_CYCLE_FAULT,CYCLE_FAULT,HIGH,Cycle fault,1.00
EVT-00005879,2026-09-01T07:16:10-05:00,FILTER_01_DIFF_PRESSURE,HIGH_DIFF_PRESSURE,MEDIUM,High diff pressure,1.63
EVT-00005880,2026-09-02T16:24:01-05:00,FILLER_01_CYCLE_FAULT,CYCLE_FAULT,HIGH,Cycle fault,1.00
EVT-00005881,2026-09-29T13:40:40-05:00,FILLER_01_PRESSURE,LOW_PRESSURE,HIGH,Low pressure,1.83
EVT-00005882,2026-09-08T06:06:08-05:00,TANK_IN_01_LEVEL,LOW_LEVEL,HIGH,Low level,12.07
EVT-00005883,2026-09-14T15:17:31-05:00,TANK_OUT_01_LEVEL,LOW_LEVEL,HIGH,Low level,6.18
EVT-00005884,2026-09-05T08:07:24-05:00,PUMP_01_MOTOR_FAULT,MOTOR_FAULT,CRITICAL,Motor fault,1.00
EVT-00005885,2026-09-22T10:00:14-05:00,FILTER_01_DIFF_PRESSURE,HIGH_DIFF_PRESSURE,MEDIUM,High diff pressure,1.94
EVT-00005886,2026-09-01T11:07:34-05:00,FILLER_01_PRESSURE,LOW_PRESSURE,HIGH,Low pressure,1.83
EVT-00005887,2026-09-22T12:04:54-05:00,FILTER_01_DIFF_PRESSURE,HIGH_DIFF_PRESSURE,MEDIUM,High diff pressure,2.99
EVT-00005888,2026-09-29T21:40:07-05:00,FILTER_01_DIFF_PRESSURE,HIGH_DIFF_PRESSURE,MEDIUM,High diff pressure,2.07
EVT-00005889,2026-09-19T19:24:56-05:00,TANK_IN_01_LEVEL,LOW_LEVEL,HIGH,Low level,13.15
EVT-00005890,2026-09-10T09:02:56-05:00,FILLER_01_CYCLE_FAULT,CYCLE_FAULT,HIGH,Cycle fault,1.00
EVT-00005891,2026-09-27T10:22:26-05:00,TANK_IN_01_LEVEL,LOW_LEVEL,HIGH,Low level,9.58
EVT-00005892,2026-09-29T09:15:42-05:00,FILLER_01_PRESSURE,LOW_PRESSURE,HIGH,Low pressure,0.12
EVT-00005893,2026-09-05T14:19:47-05:00,COMPRESSOR_01_PRESSURE,LOW_PRESSURE,HIGH,Low pressure,2.89
EVT-00005894,2026-09-08T07:24:54-05:00,FILTER_01_DIFF_PRESSURE,HIGH_DIFF_PRESSURE,MEDIUM,High diff pressure,2.25
EVT-00005895,2026-09-15T06:26:56-05:00,FILTER_01_PRESSURE,HIGH_PRESSURE,HIGH,High pressure,6.74
EVT-00005896,2026-09-15T08:05:06-05:00,TANK_IN_01_LEVEL,LOW_LEVEL,HIGH,Low level,2.86
EVT-00005897,2026-09-27T08:57:03-05:00,CONVEYOR_01_JAM,JAM,MEDIUM,Jam,1.00
EVT-00005898,2026-09-18T06:06:41-05:00,FILLER_01_PRESSURE,LOW_PRESSURE,HIGH,Low pressure,0.56
EVT-00005899,2026-09-23T09:03:46-05:00,PUMP_01_FLOW,LOW_FLOW,HIGH,Low flow,3.02
EVT-00005900,2026-09-20T19:12:30-05:00,FILLER_01_PRESSURE,LOW_PRESSURE,HIGH,Low pressure,1.79
EVT-00005901,2026-09-12T15:32:49-05:00,PUMP_01_FLOW,LOW_FLOW,HIGH,Low flow,21
EVT-00005902,2026-09-19T14:53:56-05:00,PUMP_01_FLOW,LOW_FLOW,HIGH,Low flow,15.80
EVT-00005903,2026-09-12T16:17:43-05:00,TANK_IN_01_LEVEL,LOW_LEVEL,HIGH,Low level,2.93
EVT-00005904,2026-09-01T15:09:33-05:00,FILTER_01_DIFF_PRESSURE,HIGH_DIFF_PRESSURE,MEDIUM,High diff pressure,2.71
EVT-00005905,2026-09-12T12:02:58-05:00,PUMP_01_FLOW,LOW_FLOW,HIGH,Low flow,12.26
EVT-00005906,2026-09-24T16:42:50-05:00,TANK_OUT_01_LEVEL,LOW_LEVEL,HIGH,Low level,7.40
EVT-00005907,2026-09-15T18:33:57-05:00,TANK_OUT_01_LEVEL,LOW_LEVEL,HIGH,Low level,10.63
EVT-00005908,2026-09-23T07:42:53-05:00,PUMP_01_FLOW,LOW_FLOW,HIGH,Low flow,8.81
EVT-00005909,2026-09-02T18:54:13-05:00,TANK_OUT_01_LEVEL,LOW_LEVEL,HIGH,Low level,2.03
EVT-00005910,2026-09-25T12:11:00-05:00,FILLER_01_CYCLE_FAULT,CYCLE_FAULT,HIGH,Cycle fault,1.00
EVT-00005911,2026-09-25T20:42:52-05:00,FILTER_01_PRESSURE,HIGH_PRESSURE,HIGH,High pressure,7.20
EVT-00005912,2026-09-13T17:04:48-05:00,TANK_IN_01_LEVEL,LOW_LEVEL,HIGH,Low level,4.16
EVT-00005913,2026-09-19T14:43:50-05:00,TANK_OUT_01_LEVEL,LOW_LEVEL,HIGH,Low level,4.53
EVT-00005914,2026-09-09T12:02:18-05:00,CONVEYOR_01_JAM,JAM,MEDIUM,Jam,1.00
EVT-00005915,2026-09-22T07:44:49-05:00,CONVEYOR_01_MOTOR_TEMP,HIGH_TEMPERATURE,LOW,High temperature,81.52
EVT-00005916,2026-09-24T19:43:33-05:00,PUMP_01_FLOW,LOW_FLOW,HIGH,Low flow,10.76
EVT-00005917,2026-09-02T09:14:01-05:00,PUMP_01_FLOW,LOW_FLOW,HIGH,Low flow,12.28
EVT-00005918,2026-09-10T15:46:10-05:00,PUMP_01_FLOW,LOW_FLOW,HIGH,Low flow,3.61
EVT-00005919,2026-09-27T10:09:44-05:00,FILLER_01_PRESSURE,LOW_PRESSURE,HIGH,Low pressure,0.44
EVT-00005920,2026-09-05T07:04:37-05:00,FILLER_01_PRESSURE,LOW_PRESSURE,HIGH,Low pressure,0.74
EVT-00005921,2026-09-09T14:52:14-05:00,TANK_IN_01_LEVEL,LOW_LEVEL,HIGH,Low level,6.70
EVT-00005922,2026-09-24T08:23:49-05:00,FILLER_01_PRESSURE,LOW_PRESSURE,HIGH,Low pressure,1.44
EVT-00005923,2026-09-03T13:40:20-05:00,FILLER_01_CYCLE_FAULT,CYCLE_FAULT,HIGH,Cycle fault,1.00
EVT-00005924,2026-09-23T09:34:23-05:00,TANK_OUT_01_LEVEL,HIGH_LEVEL,MEDIUM,High level,98.17
EVT-00005925,2026-09-05T19:23:36-05:00,TANK_IN_01_LEVEL,LOW_LEVEL,HIGH,Low level,13.84
EVT-00005926,2026-09-05T06:39:26-05:00,FILLER_01_CYCLE_FAULT,CYCLE_FAULT,HIGH,Cycle fault,1.00
EVT-00005927,2026-09-09T19:00:18-05:00,COMPRESSOR_01_TEMP,HIGH_TEMPERATURE,HIGH,High temperature,102.11
EVT-00005928,2026-09-05T08:22:37-05:00,PUMP_01_FLOW,LOW_FLOW,HIGH,Low flow,15.68
EVT-00005929,2026-09-15T21:28:57-05:00,FILTER_01_DIFF_PRESSURE,HIGH_DIFF_PRESSURE,MEDIUM,High diff pressure,1.92
EVT-00005930,2026-09-04T10:26:11-05:00,FILLER_01_PRESSURE,LOW_PRESSURE,HIGH,Low pressure,1.05
EVT-00005931,2026-09-02T20:08:31-05:00,FILLER_01_PRESSURE,LOW_PRESSURE,HIGH,Low pressure,0.43
EVT-00005932,2026-09-14T12:06:25-05:00,TANK_OUT_01_LEVEL,LOW_LEVEL,HIGH,Low level,1.96
EVT-00005933,2026-09-22T09:35:13-05:00,FILTER_01_DIFF_PRESSURE,HIGH_DIFF_PRESSURE,MEDIUM,High diff pressure,1.60
EVT-00005934,2026-09-27T07:02:44-05:00,FILLER_01_PRESSURE,LOW_PRESSURE,HIGH,Low pressure,0.98
EVT-00005935,2026-09-20T10:12:06-05:00,FILLER_01_PRESSURE,LOW_PRESSURE,HIGH,Low pressure,1.22
EVT-00005936,2026-09-12T13:14:35-05:00,FILTER_01_PRESSURE,HIGH_PRESSURE,HIGH,High pressure,6.59
EVT-00005937,2026-09-08T08:24:12-05:00,FILLER_01_PRESSURE,LOW_PRESSURE,HIGH,Low pressure,0.28
EVT-00005938,2026-09-21T08:56:50-05:00,FILLER_01_PRESSURE,LOW_PRESSURE,HIGH,Low pressure,1.63
EVT-00005939,2026-09-22T20:47:57-05:00,TANK_IN_01_LEVEL,LOW_LEVEL,HIGH,Low level,2.51
EVT-00005940,2026-09-13T21:45:01-05:00,FILTER_01_PRESSURE,HIGH_PRESSURE,HIGH,High pressure,6.30
EVT-00005941,2026-09-06T16:35:44-05:00,CONVEYOR_01_MOTOR_TEMP,HIGH_TEMPERATURE,LOW,High temperature,86.34
EVT-00005942,2026-09-07T08:10:20-05:00,COMPRESSOR_01_PRESSURE,LOW_PRESSURE,HIGH,Low pressure,1.14
EVT-00005943,2026-09-27T19:30:19-05:00,PUMP_01_MOTOR_FAULT,MOTOR_FAULT,CRITICAL,Motor fault,1.00
EVT-00005944,2026-09-13T13:08:02-05:00,TANK_IN_01_LEVEL,LOW_LEVEL,HIGH,Low level,4.32
EVT-00005945,2026-09-03T20:35:24-05:00,PUMP_01_FLOW,LOW_FLOW,HIGH,Low flow,18.78
EVT-00005946,2026-09-04T13:38:31-05:00,PUMP_01_FLOW,LOW_FLOW,HIGH,Low flow,10.97
EVT-00005947,2026-09-02T12:40:44-05:00,TANK_IN_01_LEVEL,LOW_LEVEL,HIGH,Low level,9.31
EVT-00005948,2026-09-12T21:18:51-05:00,TANK_OUT_01_LEVEL,LOW_LEVEL,HIGH,Low level,9.55
EVT-00005949,2026-09-30T13:09:32-05:00,CONVEYOR_01_JAM,JAM,MEDIUM,Jam,1.00
EVT-00005950,2026-09-29T06:44:19-05:00,COMPRESSOR_01_PRESSURE,LOW_PRESSURE,HIGH,Low pressure,2.96
EVT-00005951,2026-09-13T08:47:05-05:00,PUMP_01_FLOW,LOW_FLOW,CRITICAL,Low flow,2.72
EVT-00005952,2026-09-26T13:10:02-05:00,TANK_OUT_01_LEVEL,LOW_LEVEL,HIGH,Low level,8.41
EVT-00005953,2026-09-15T16:34:50-05:00,FILTER_01_DIFF_PRESSURE,HIGH_DIFF_PRESSURE,MEDIUM,High diff pressure,2.33
EVT-00005954,2026-09-26T10:38:14-05:00,FILLER_01_CYCLE_FAULT,CYCLE_FAULT,HIGH,Cycle fault,1.00
EVT-00005955,2026-09-15T13:51:17-05:00,FILLER_01_PRESSURE,LOW_PRESSURE,HIGH,Low pressure,1.10
EVT-00005956,2026-09-22T11:34:25-05:00,COMPRESSOR_01_TEMP,HIGH_TEMPERATURE,HIGH,High temperature,103.72
EVT-00005957,2026-09-19T13:35:17-05:00,FILLER_01_PRESSURE,LOW_PRESSURE,HIGH,Low pressure,0.98
EVT-00005958,2026-09-21T17:00:17-05:00,TANK_IN_01_LEVEL,LOW_LEVEL,HIGH,Low level,8.71
EVT-00005959,2026-09-07T08:21:25-05:00,PUMP_01_FLOW,LOW_FLOW,HIGH,Low flow,18.33
EVT-00005960,2026-09-05T13:53:52-05:00,PUMP_01_FLOW,LOW_FLOW,HIGH,Low flow,18.08
EVT-00005961,2026-09-10T08:40:24-05:00,TANK_IN_01_LEVEL,HIGH_LEVEL,MEDIUM,High level,93.61
EVT-00005962,2026-09-14T18:06:51-05:00,PUMP_01_FLOW,LOW_FLOW,HIGH,Low flow,3.81
EVT-00005963,2026-09-24T12:15:13-05:00,COMPRESSOR_01_PRESSURE,LOW_PRESSURE,HIGH,Low pressure,4.35
EVT-00005964,2026-09-11T10:51:08-05:00,TANK_OUT_01_LEVEL,LOW_LEVEL,HIGH,Low level,4.09
EVT-00005965,2026-09-17T21:28:35-05:00,TANK_IN_01_LEVEL,HIGH_LEVEL,MEDIUM,High level,96.25
EVT-00005966,2026-09-02T15:43:03-05:00,FILLER_01_PRESSURE,LOW_PRESSURE,HIGH,Low pressure,1.36
EVT-00005967,2026-09-20T18:30:39-05:00,COMPRESSOR_01_PRESSURE,LOW_PRESSURE,HIGH,Low pressure,4.16
EVT-00005968,2026-09-20T13:25:10-05:00,TANK_IN_01_LEVEL,HIGH_LEVEL,MEDIUM,High level,92.51
EVT-00005969,2026-09-24T11:39:50-05:00,FILLER_01_PRESSURE,LOW_PRESSURE,HIGH,Low pressure,0.31
EVT-00005970,2026-09-19T18:25:41-05:00,FILLER_01_PRESSURE,LOW_PRESSURE,HIGH,Low pressure,1.07
EVT-00005971,2026-09-07T16:11:20-05:00,PUMP_01_MOTOR_FAULT,MOTOR_FAULT,CRITICAL,Motor fault,1.00
EVT-00005972,2026-09-29T08:26:20-05:00,CONVEYOR_01_JAM,JAM,MEDIUM,Jam,1.00
EVT-00005973,2026-09-06T12:39:22-05:00,COMPRESSOR_01_PRESSURE,LOW_PRESSURE,HIGH,Low pressure,4.41
EVT-00005974,2026-09-18T10:17:36-05:00,TANK_IN_01_LEVEL,LOW_LEVEL,HIGH,Low level,5.60
EVT-00005975,2026-09-07T20:50:27-05:00,PUMP_01_MOTOR_FAULT,MOTOR_FAULT,CRITICAL,Motor fault,1.00
EVT-00005976,2026-09-08T07:24:42-05:00,CONVEYOR_01_JAM,JAM,MEDIUM,Jam,1.00
EVT-00005977,2026-09-12T21:26:36-05:00,FILLER_01_PRESSURE,LOW_PRESSURE,HIGH,Low pressure,1.81
EVT-00005978,2026-09-13T06:30:34-05:00,TANK_OUT_01_LEVEL,LOW_LEVEL,HIGH,Low level,8.65
EVT-00005979,2026-09-09T12:43:54-05:00,COMPRESSOR_01_TEMP,HIGH_TEMPERATURE,HIGH,High temperature,115.12
EVT-00005980,2026-09-13T18:33:28-05:00,FILLER_01_CYCLE_FAULT,CYCLE_FAULT,HIGH,Cycle fault,1.00
EVT-00005981,2026-09-26T14:15:22-05:00,TANK_OUT_01_LEVEL,LOW_LEVEL,HIGH,Low level,9.22
EVT-00005982,2026-09-29T19:07:02-05:00,TANK_OUT_01_LEVEL,HIGH_LEVEL,MEDIUM,High level,93.74
EVT-00005983,2026-09-29T17:34:23-05:00,FILLER_01_PRESSURE,LOW_PRESSURE,HIGH,Low pressure,0.95
EVT-00005984,2026-09-12T10:22:03-05:00,COMPRESSOR_01_PRESSURE,LOW_PRESSURE,HIGH,Low pressure,3.23
EVT-00005985,2026-09-22T21:36:20-05:00,FILTER_01_DIFF_PRESSURE,HIGH_DIFF_PRESSURE,MEDIUM,High diff pressure,2.29
EVT-00005986,2026-09-29T20:08:36-05:00,FILTER_01_DIFF_PRESSURE,HIGH_DIFF_PRESSURE,MEDIUM,High diff pressure,2.88
EVT-00005987,2026-09-01T13:50:39-05:00,FILTER_01_DIFF_PRESSURE,HIGH_DIFF_PRESSURE,MEDIUM,High diff pressure,2.13
EVT-00005988,2026-09-05T07:26:22-05:00,COMPRESSOR_01_PRESSURE,LOW_PRESSURE,HIGH,Low pressure,1.90
EVT-00005989,2026-09-15T06:24:10-05:00,FILTER_01_DIFF_PRESSURE,HIGH_DIFF_PRESSURE,MEDIUM,High diff pressure,2.97
EVT-00005990,2026-09-01T16:25:31-05:00,FILLER_01_PRESSURE,LOW_PRESSURE,HIGH,Low pressure,0.95
EVT-00005991,2026-09-30T17:15:22-05:00,COMPRESSOR_01_PRESSURE,LOW_PRESSURE,HIGH,Low pressure,2.56
EVT-00005992,2026-09-27T12:13:13-05:00,TANK_OUT_01_LEVEL,LOW_LEVEL,HIGH,Low level,4.79
EVT-00005993,2026-09-20T08:35:45-05:00,FILLER_01_CYCLE_FAULT,CYCLE_FAULT,HIGH,Cycle fault,1.00
EVT-00005994,2026-09-12T16:28:50-05:00,FILLER_01_CYCLE_FAULT,CYCLE_FAULT,HIGH,Cycle fault,1.00
EVT-00005995,2026-09-22T09:18:29-05:00,FILTER_01_DIFF_PRESSURE,HIGH_DIFF_PRESSURE,MEDIUM,High diff pressure,1.88
EVT-00005996,2026-09-08T06:14:47-05:00,CONVEYOR_01_MOTOR_TEMP,HIGH_TEMPERATURE,LOW,High temperature,80.28
EVT-00005997,2026-09-09T08:29:19-05:00,CONVEYOR_01_MOTOR_TEMP,HIGH_TEMPERATURE,LOW,High temperature,75.90
EVT-00005998,2026-09-29T08:09:36-05:00,FILTER_01_DIFF_PRESSURE,HIGH_DIFF_PRESSURE,MEDIUM,High diff pressure,2.28
EVT-00005999,2026-09-04T20:48:42-05:00,PUMP_01_FLOW,LOW_FLOW,HIGH,Low flow,6.85
EVT-00006000,2026-09-22T10:49:12-05:00,TANK_IN_01_LEVEL,LOW_LEVEL,HIGH,Low level,12.15
EVT-00006001,2026-09-08T20:25:46-05:00,TANK_OUT_01_LEVEL,HIGH_LEVEL,MEDIUM,High level,89
EVT-00006002,2026-09-27T08:07:04-05:00,COMPRESSOR_01_PRESSURE,LOW_PRESSURE,HIGH,Low pressure,2.54
EVT-00006003,2026-09-29T11:37:27-05:00,FILLER_01_CYCLE_FAULT,CYCLE_FAULT,HIGH,Cycle fault,1.00
EVT-00006004,2026-09-02T14:14:35-05:00,FILLER_01_PRESSURE,LOW_PRESSURE,HIGH,Low pressure,1.55
EVT-00006005,2026-09-22T10:06:51-05:00,FILTER_01_DIFF_PRESSURE,HIGH_DIFF_PRESSURE,MEDIUM,High diff pressure,1.86
EVT-00006006,2026-09-22T06:19:44-05:00,COMPRESSOR_01_PRESSURE,LOW_PRESSURE,HIGH,Low pressure,1.15
EVT-00006007,2026-09-22T19:18:18-05:00,TANK_OUT_01_LEVEL,LOW_LEVEL,HIGH,Low level,3.49
EVT-00006008,2026-09-17T20:57:47-05:00,TANK_OUT_01_LEVEL,LOW_LEVEL,HIGH,Low level,8.29
EVT-00006009,2026-09-05T08:11:20-05:00,COMPRESSOR_01_PRESSURE,LOW_PRESSURE,HIGH,Low pressure,1.40
EVT-00006010,2026-09-29T14:07:50-05:00,FILTER_01_DIFF_PRESSURE,HIGH_DIFF_PRESSURE,MEDIUM,High diff pressure,1.83
EVT-00006011,2026-09-18T11:06:45-05:00,COMPRESSOR_01_PRESSURE,LOW_PRESSURE,HIGH,Low pressure,2.62
EVT-00006012,2026-09-12T20:50:54-05:00,PUMP_01_FLOW,LOW_FLOW,HIGH,Low flow,14.47
EVT-00006013,2026-09-08T13:52:53-05:00,FILTER_01_DIFF_PRESSURE,HIGH_DIFF_PRESSURE,MEDIUM,High diff pressure,2.89
EVT-00006014,2026-09-09T10:51:41-05:00,CONVEYOR_01_JAM,JAM,MEDIUM,Jam,1.00
EVT-00006015,2026-09-16T09:31:53-05:00,TANK_IN_01_LEVEL,LOW_LEVEL,HIGH,Low level,4.35
EVT-00006016,2026-09-30T20:51:08-05:00,CONVEYOR_01_MOTOR_TEMP,HIGH_TEMPERATURE,LOW,High temperature,84.85
EVT-00006017,2026-09-17T13:28:50-05:00,TANK_IN_01_LEVEL,LOW_LEVEL,HIGH,Low level,7.99
EVT-00006018,2026-09-27T08:41:12-05:00,CONVEYOR_01_MOTOR_TEMP,HIGH_TEMPERATURE,LOW,High temperature,75.55
EVT-00006019,2026-09-15T14:14:45-05:00,COMPRESSOR_01_PRESSURE,LOW_PRESSURE,HIGH,Low pressure,1.67
EVT-00006020,2026-09-13T18:24:53-05:00,TANK_OUT_01_LEVEL,HIGH_LEVEL,MEDIUM,High level,94.31
EVT-00006021,2026-09-08T14:31:12-05:00,FILTER_01_DIFF_PRESSURE,HIGH_DIFF_PRESSURE,MEDIUM,High diff pressure,1.60
EVT-00006022,2026-09-30T07:07:39-05:00,TANK_IN_01_LEVEL,HIGH_LEVEL,MEDIUM,High level,97.61
EVT-00006023,2026-09-30T19:53:36-05:00,CONVEYOR_01_JAM,JAM,MEDIUM,Jam,1.00
EVT-00006024,2026-09-27T13:59:51-05:00,CONVEYOR_01_JAM,JAM,MEDIUM,Jam,1.00
EVT-00006025,2026-09-30T12:41:23-05:00,TANK_IN_01_LEVEL,LOW_LEVEL,HIGH,Low level,7.66
EVT-00006026,2026-09-22T06:49:50-05:00,FILLER_01_PRESSURE,LOW_PRESSURE,HIGH,Low pressure,0.19
EVT-00006027,2026-09-05T14:48:29-05:00,TANK_IN_01_LEVEL,LOW_LEVEL,HIGH,Low level,4.64
EVT-00006028,2026-09-03T11:37:42-05:00,FILLER_01_CYCLE_FAULT,CYCLE_FAULT,HIGH,Cycle fault,1.00
EVT-00006029,2026-09-08T08:10:58-05:00,FILTER_01_DIFF_PRESSURE,HIGH_DIFF_PRESSURE,MEDIUM,High diff pressure,2.68
EVT-00006030,2026-09-10T10:07:37-05:00,TANK_IN_01_LEVEL,LOW_LEVEL,HIGH,Low level,12.74
EVT-00006031,2026-09-04T20:00:12-05:00,FILLER_01_PRESSURE,LOW_PRESSURE,HIGH,Low pressure,0.65
EVT-00006032,2026-09-17T20:40:30-05:00,FILLER_01_CYCLE_FAULT,CYCLE_FAULT,HIGH,Cycle fault,1.00
EVT-00006033,2026-09-06T06:38:19-05:00,TANK_OUT_01_LEVEL,LOW_LEVEL,HIGH,Low level,5.06
EVT-00006034,2026-09-13T17:19:51-05:00,PUMP_01_FLOW,LOW_FLOW,HIGH,Low flow,8.08
EVT-00006035,2026-09-08T15:25:54-05:00,FILTER_01_DIFF_PRESSURE,HIGH_DIFF_PRESSURE,MEDIUM,High diff pressure,2.60
EVT-00006036,2026-09-24T06:29:15-05:00,PUMP_01_FLOW,LOW_FLOW,HIGH,Low flow,13.30
EVT-00006037,2026-09-19T19:13:15-05:00,FILLER_01_PRESSURE,LOW_PRESSURE,HIGH,Low pressure,1.71
EVT-00006038,2026-09-26T10:28:50-05:00,CONVEYOR_01_MOTOR_TEMP,HIGH_TEMPERATURE,LOW,High temperature,78.04
EVT-00006039,2026-09-12T17:12:08-05:00,PUMP_01_FLOW,LOW_FLOW,HIGH,Low flow,8.21
EVT-00006040,2026-09-28T18:00:06-05:00,CONVEYOR_01_JAM,JAM,MEDIUM,Jam,1.00
EVT-00006041,2026-09-05T09:04:34-05:00,COMPRESSOR_01_PRESSURE,LOW_PRESSURE,HIGH,Low pressure,1.77
EVT-00006042,2026-09-25T20:49:50-05:00,FILLER_01_PRESSURE,LOW_PRESSURE,HIGH,Low pressure,1.23
EVT-00006043,2026-09-20T09:27:38-05:00,PUMP_01_FLOW,LOW_FLOW,HIGH,Low flow,11.69
EVT-00006044,2026-09-06T06:01:33-05:00,TANK_OUT_01_LEVEL,HIGH_LEVEL,MEDIUM,High level,93.94
EVT-00006045,2026-09-22T18:34:57-05:00,FILTER_01_DIFF_PRESSURE,HIGH_DIFF_PRESSURE,MEDIUM,High diff pressure,2.16
EVT-00006046,2026-09-08T08:21:07-05:00,FILLER_01_CYCLE_FAULT,CYCLE_FAULT,HIGH,Cycle fault,1.00
EVT-00006047,2026-09-01T15:14:04-05:00,FILTER_01_DIFF_PRESSURE,HIGH_DIFF_PRESSURE,MEDIUM,High diff pressure,2.49
EVT-00006048,2026-09-16T13:13:44-05:00,COMPRESSOR_01_TEMP,HIGH_TEMPERATURE,HIGH,High temperature,99.75
EVT-00006049,2026-09-18T14:21:28-05:00,COMPRESSOR_01_PRESSURE,LOW_PRESSURE,HIGH,Low pressure,1.23
EVT-00006050,2026-09-13T17:03:09-05:00,TANK_OUT_01_LEVEL,LOW_LEVEL,HIGH,Low level,11.19
EVT-00006051,2026-09-04T19:55:01-05:00,CONVEYOR_01_JAM,JAM,HIGH,Jam,1.00
EVT-00006052,2026-09-07T12:56:17-05:00,CONVEYOR_01_JAM,JAM,MEDIUM,Jam,1.00
EVT-00006053,2026-09-16T08:16:11-05:00,TANK_IN_01_LEVEL,HIGH_LEVEL,MEDIUM,High level,92.59
EVT-00006054,2026-09-15T17:44:18-05:00,FILTER_01_DIFF_PRESSURE,HIGH_DIFF_PRESSURE,MEDIUM,High diff pressure,2.16
EVT-00006055,2026-09-18T18:20:18-05:00,COMPRESSOR_01_PRESSURE,LOW_PRESSURE,HIGH,Low pressure,3.86
EVT-00006056,2026-09-06T18:51:14-05:00,FILLER_01_PRESSURE,LOW_PRESSURE,HIGH,Low pressure,0.32
EVT-00006057,2026-09-16T18:07:41-05:00,COMPRESSOR_01_PRESSURE,LOW_PRESSURE,HIGH,Low pressure,4.22
EVT-00006058,2026-09-15T15:43:24-05:00,FILTER_01_DIFF_PRESSURE,HIGH_DIFF_PRESSURE,MEDIUM,High diff pressure,2.26
EVT-00006059,2026-09-16T09:38:47-05:00,FILLER_01_CYCLE_FAULT,CYCLE_FAULT,HIGH,Cycle fault,1.00
EVT-00006060,2026-09-15T08:23:06-05:00,FILTER_01_DIFF_PRESSURE,HIGH_DIFF_PRESSURE,MEDIUM,High diff pressure,1.97
EVT-00006061,2026-09-07T18:34:35-05:00,PUMP_01_FLOW,LOW_FLOW,HIGH,Low flow,4.12
EVT-00006062,2026-09-06T18:57:46-05:00,PUMP_01_FLOW,LOW_FLOW,HIGH,Low flow,11.41
EVT-00006063,2026-09-04T19:43:59-05:00,TANK_IN_01_LEVEL,LOW_LEVEL,HIGH,Low level,13.44
EVT-00006064,2026-09-08T12:18:02-05:00,FILTER_01_DIFF_PRESSURE,HIGH_DIFF_PRESSURE,MEDIUM,High diff pressure,1.99
EVT-00006065,2026-09-22T18:28:33-05:00,FILLER_01_PRESSURE,LOW_PRESSURE,HIGH,Low pressure,1.71
EVT-00006066,2026-09-06T19:21:59-05:00,CONVEYOR_01_MOTOR_TEMP,HIGH_TEMPERATURE,LOW,High temperature,78.24
EVT-00006067,2026-09-22T09:19:55-05:00,FILTER_01_DIFF_PRESSURE,HIGH_DIFF_PRESSURE,MEDIUM,High diff pressure,2.46
EVT-00006068,2026-09-21T06:53:51-05:00,PUMP_01_FLOW,LOW_FLOW,HIGH,Low flow,8.97
EVT-00006069,2026-09-29T17:34:03-05:00,PUMP_01_FLOW,LOW_FLOW,HIGH,Low flow,17.18
EVT-00006070,2026-09-28T20:32:26-05:00,FILLER_01_PRESSURE,LOW_PRESSURE,HIGH,Low pressure,0.72
EVT-00006071,2026-09-21T08:05:19-05:00,TANK_IN_01_LEVEL,LOW_LEVEL,HIGH,Low level,11.88
EVT-00006072,2026-09-13T18:26:45-05:00,TANK_IN_01_LEVEL,LOW_LEVEL,HIGH,Low level,11.07
EVT-00006073,2026-09-08T06:06:53-05:00,FILTER_01_DIFF_PRESSURE,HIGH_DIFF_PRESSURE,MEDIUM,High diff pressure,2.84
EVT-00006074,2026-09-08T21:35:49-05:00,FILLER_01_PRESSURE,LOW_PRESSURE,HIGH,Low pressure,1.53
EVT-00006075,2026-09-25T08:13:17-05:00,COMPRESSOR_01_PRESSURE,LOW_PRESSURE,HIGH,Low pressure,4.34
EVT-00006076,2026-09-05T06:14:48-05:00,TANK_OUT_01_LEVEL,LOW_LEVEL,HIGH,Low level,2.46
EVT-00006077,2026-09-13T09:10:37-05:00,PUMP_01_FLOW,LOW_FLOW,HIGH,Low flow,9.21
EVT-00006078,2026-09-17T20:16:55-05:00,FILLER_01_PRESSURE,LOW_PRESSURE,HIGH,Low pressure,0.83
EVT-00006079,2026-09-08T16:23:35-05:00,FILLER_01_PRESSURE,LOW_PRESSURE,HIGH,Low pressure,1.31
EVT-00006080,2026-09-13T07:09:05-05:00,FILLER_01_PRESSURE,LOW_PRESSURE,HIGH,Low pressure,0.90
EVT-00006081,2026-09-26T14:40:04-05:00,FILLER_01_CYCLE_FAULT,CYCLE_FAULT,HIGH,Cycle fault,1.00
EVT-00006082,2026-09-15T16:21:08-05:00,FILTER_01_DIFF_PRESSURE,HIGH_DIFF_PRESSURE,MEDIUM,High diff pressure,1.78
EVT-00006083,2026-09-30T17:23:59-05:00,CONVEYOR_01_JAM,JAM,MEDIUM,Jam,1.00
EVT-00006084,2026-09-22T19:06:50-05:00,FILTER_01_DIFF_PRESSURE,HIGH_DIFF_PRESSURE,MEDIUM,High diff pressure,2.28
EVT-00006085,2026-09-19T19:57:08-05:00,TANK_IN_01_LEVEL,LOW_LEVEL,HIGH,Low level,8.00
EVT-00006086,2026-09-15T06:18:28-05:00,FILTER_01_DIFF_PRESSURE,HIGH_DIFF_PRESSURE,MEDIUM,High diff pressure,1.83
EVT-00006087,2026-09-13T16:47:05-05:00,TANK_OUT_01_LEVEL,HIGH_LEVEL,MEDIUM,High level,93.16
EVT-00006088,2026-09-15T15:57:36-05:00,TANK_OUT_01_LEVEL,HIGH_LEVEL,MEDIUM,High level,96.08
EVT-00006089,2026-09-08T07:05:45-05:00,FILTER_01_DIFF_PRESSURE,HIGH_DIFF_PRESSURE,MEDIUM,High diff pressure,2.82
EVT-00006090,2026-09-26T08:29:44-05:00,CONVEYOR_01_JAM,JAM,MEDIUM,Jam,1.00
EVT-00006091,2026-09-14T08:52:54-05:00,PUMP_01_MOTOR_FAULT,MOTOR_FAULT,CRITICAL,Motor fault,1.00
EVT-00006092,2026-09-28T17:52:11-05:00,TANK_IN_01_LEVEL,LOW_LEVEL,HIGH,Low level,11.16
EVT-00006093,2026-09-24T18:02:40-05:00,TANK_IN_01_LEVEL,HIGH_LEVEL,MEDIUM,High level,91.91
EVT-00006094,2026-09-03T09:40:24-05:00,PUMP_01_FLOW,LOW_FLOW,HIGH,Low flow,12.70
EVT-00006095,2026-09-23T13:49:40-05:00,PUMP_01_MOTOR_FAULT,MOTOR_FAULT,CRITICAL,Motor fault,1.00
EVT-00006096,2026-09-19T17:46:59-05:00,FILTER_01_PRESSURE,HIGH_PRESSURE,HIGH,High pressure,8.42
EVT-00006097,2026-09-29T15:31:29-05:00,FILTER_01_DIFF_PRESSURE,HIGH_DIFF_PRESSURE,MEDIUM,High diff pressure,2.81
EVT-00006098,2026-09-06T13:45:42-05:00,PUMP_01_FLOW,LOW_FLOW,HIGH,Low flow,11.04
EVT-00006099,2026-09-08T07:27:16-05:00,COMPRESSOR_01_PRESSURE,LOW_PRESSURE,HIGH,Low pressure,4.08
EVT-00006100,2026-09-06T08:24:01-05:00,COMPRESSOR_01_TEMP,HIGH_TEMPERATURE,HIGH,High temperature,113.93
EVT-00006101,2026-09-22T19:55:11-05:00,FILLER_01_PRESSURE,LOW_PRESSURE,HIGH,Low pressure,3
EVT-00006102,2026-09-11T18:39:37-05:00,FILTER_01_PRESSURE,HIGH_PRESSURE,HIGH,High pressure,8.81
EVT-00006103,2026-09-16T17:48:36-05:00,TANK_OUT_01_LEVEL,LOW_LEVEL,HIGH,Low level,12.15
EVT-00006104,2026-09-08T21:18:13-05:00,FILTER_01_DIFF_PRESSURE,HIGH_DIFF_PRESSURE,MEDIUM,High diff pressure,2.13
EVT-00006105,2026-09-22T16:24:24-05:00,COMPRESSOR_01_PRESSURE,LOW_PRESSURE,HIGH,Low pressure,4.57
EVT-00006106,2026-09-07T08:05:55-05:00,FILLER_01_PRESSURE,LOW_PRESSURE,HIGH,Low pressure,1.64
EVT-00006107,2026-09-25T12:57:29-05:00,TANK_IN_01_LEVEL,HIGH_LEVEL,MEDIUM,High level,94.36
EVT-00006108,2026-09-01T15:19:46-05:00,FILTER_01_DIFF_PRESSURE,HIGH_DIFF_PRESSURE,MEDIUM,High diff pressure,2.45
EVT-00006109,2026-09-04T08:38:05-05:00,PUMP_01_FLOW,LOW_FLOW,HIGH,Low flow,1.93
EVT-00006110,2026-09-19T07:15:38-05:00,PUMP_01_FLOW,LOW_FLOW,HIGH,Low flow,8.20
EVT-00006111,2026-09-25T12:21:18-05:00,CONVEYOR_01_JAM,JAM,MEDIUM,Jam,1.00
EVT-00006112,2026-09-09T11:08:52-05:00,CONVEYOR_01_JAM,JAM,MEDIUM,Jam,1.00
EVT-00006113,2026-09-10T14:44:13-05:00,CONVEYOR_01_JAM,JAM,MEDIUM,Jam,1.00
EVT-00006114,2026-09-01T08:33:13-05:00,FILLER_01_PRESSURE,LOW_PRESSURE,HIGH,Low pressure,1.17
EVT-00006115,2026-09-15T13:12:08-05:00,COMPRESSOR_01_PRESSURE,LOW_PRESSURE,HIGH,Low pressure,2.56
EVT-00006116,2026-09-22T15:02:12-05:00,FILTER_01_DIFF_PRESSURE,HIGH_DIFF_PRESSURE,MEDIUM,High diff pressure,2.62
EVT-00006117,2026-09-22T16:47:48-05:00,FILTER_01_DIFF_PRESSURE,HIGH_DIFF_PRESSURE,MEDIUM,High diff pressure,2.75
EVT-00006118,2026-09-29T07:37:14-05:00,COMPRESSOR_01_PRESSURE,LOW_PRESSURE,HIGH,Low pressure,3.14
EVT-00006119,2026-09-13T12:19:37-05:00,CONVEYOR_01_JAM,JAM,MEDIUM,Jam,1.00
EVT-00006120,2026-09-02T10:40:38-05:00,FILLER_01_PRESSURE,LOW_PRESSURE,HIGH,Low pressure,0.94
EVT-00006121,2026-09-14T10:26:48-05:00,TANK_IN_01_LEVEL,LOW_LEVEL,HIGH,Low level,8.22
EVT-00006122,2026-09-08T14:33:38-05:00,FILTER_01_DIFF_PRESSURE,HIGH_DIFF_PRESSURE,MEDIUM,High diff pressure,2.10
EVT-00006123,2026-09-24T13:01:44-05:00,TANK_IN_01_LEVEL,LOW_LEVEL,HIGH,Low level,6.57
EVT-00006124,2026-09-20T09:23:40-05:00,TANK_OUT_01_LEVEL,LOW_LEVEL,HIGH,Low level,10.51
EVT-00006125,2026-09-01T17:33:34-05:00,FILTER_01_DIFF_PRESSURE,HIGH_DIFF_PRESSURE,MEDIUM,High diff pressure,2.51
EVT-00006126,2026-09-23T12:55:13-05:00,PUMP_01_FLOW,LOW_FLOW,HIGH,Low flow,5.56
EVT-00006127,2026-09-01T18:38:49-05:00,FILTER_01_DIFF_PRESSURE,HIGH_DIFF_PRESSURE,MEDIUM,High diff pressure,2.54
EVT-00006128,2026-09-24T06:08:41-05:00,TANK_OUT_01_LEVEL,HIGH_LEVEL,MEDIUM,High level,92.83
EVT-00006129,2026-09-01T08:56:24-05:00,FILTER_01_DIFF_PRESSURE,HIGH_DIFF_PRESSURE,MEDIUM,High diff pressure,2.95
EVT-00006130,2026-09-14T18:16:38-05:00,PUMP_01_FLOW,LOW_FLOW,HIGH,Low flow,5.22
EVT-00006131,2026-09-08T07:25:35-05:00,FILTER_01_DIFF_PRESSURE,HIGH_DIFF_PRESSURE,MEDIUM,High diff pressure,2.40
EVT-00006132,2026-09-30T15:32:54-05:00,FILLER_01_PRESSURE,LOW_PRESSURE,HIGH,Low pressure,1.68
EVT-00006133,2026-09-27T16:22:30-05:00,CONVEYOR_01_MOTOR_TEMP,HIGH_TEMPERATURE,LOW,High temperature,86.63
EVT-00006134,2026-09-22T12:20:51-05:00,FILTER_01_DIFF_PRESSURE,HIGH_DIFF_PRESSURE,MEDIUM,High diff pressure,2.32
EVT-00006135,2026-09-22T10:30:53-05:00,FILTER_01_DIFF_PRESSURE,HIGH_DIFF_PRESSURE,MEDIUM,High diff pressure,2.36
EVT-00006136,2026-09-25T10:45:52-05:00,COMPRESSOR_01_TEMP,HIGH_TEMPERATURE,HIGH,High temperature,107.96
EVT-00006137,2026-09-10T18:54:27-05:00,FILLER_01_CYCLE_FAULT,CYCLE_FAULT,HIGH,Cycle fault,1.00
EVT-00006138,2026-09-26T11:33:31-05:00,FILLER_01_CYCLE_FAULT,CYCLE_FAULT,HIGH,Cycle fault,1.00
EVT-00006139,2026-09-29T16:43:26-05:00,FILTER_01_DIFF_PRESSURE,HIGH_DIFF_PRESSURE,MEDIUM,High diff pressure,2.22
EVT-00006140,2026-09-08T21:10:42-05:00,FILLER_01_CYCLE_FAULT,CYCLE_FAULT,HIGH,Cycle fault,1.00
EVT-00006141,2026-09-22T11:11:23-05:00,FILTER_01_DIFF_PRESSURE,HIGH_DIFF_PRESSURE,MEDIUM,High diff pressure,2.17
EVT-00006142,2026-09-09T21:57:59-05:00,TANK_OUT_01_LEVEL,LOW_LEVEL,HIGH,Low level,9.39
EVT-00006143,2026-09-17T19:49:06-05:00,PUMP_01_MOTOR_FAULT,MOTOR_FAULT,CRITICAL,Motor fault,1.00
EVT-00006144,2026-09-02T16:48:03-05:00,PUMP_01_FLOW,LOW_FLOW,HIGH,Low flow,7.72
EVT-00006145,2026-09-05T17:01:18-05:00,TANK_OUT_01_LEVEL,LOW_LEVEL,HIGH,Low level,10.76
EVT-00006146,2026-09-07T16:28:43-05:00,FILLER_01_PRESSURE,LOW_PRESSURE,HIGH,Low pressure,1.81
EVT-00006147,2026-09-21T20:01:37-05:00,CONVEYOR_01_JAM,JAM,MEDIUM,Jam,1.00
EVT-00006148,2026-09-06T07:53:10-05:00,TANK_IN_01_LEVEL,HIGH_LEVEL,MEDIUM,High level,91.08
EVT-00006149,2026-09-25T16:23:41-05:00,COMPRESSOR_01_TEMP,HIGH_TEMPERATURE,HIGH,High temperature,114.24
EVT-00006150,2026-09-23T09:09:19-05:00,PUMP_01_FLOW,LOW_FLOW,HIGH,Low flow,3.35
EVT-00006151,2026-09-25T06:47:21-05:00,CONVEYOR_01_MOTOR_TEMP,HIGH_TEMPERATURE,MEDIUM,High temperature,80.80
EVT-00006152,2026-09-29T12:19:49-05:00,FILTER_01_DIFF_PRESSURE,HIGH_DIFF_PRESSURE,MEDIUM,High diff pressure,2.09
EVT-00006153,2026-09-22T12:44:43-05:00,FILTER_01_DIFF_PRESSURE,HIGH_DIFF_PRESSURE,MEDIUM,High diff pressure,2.46
EVT-00006154,2026-09-19T08:24:04-05:00,FILTER_01_PRESSURE,HIGH_PRESSURE,HIGH,High pressure,6.74
EVT-00006155,2026-09-01T06:46:52-05:00,TANK_IN_01_LEVEL,LOW_LEVEL,HIGH,Low level,7.18
EVT-00006156,2026-09-22T21:26:31-05:00,FILTER_01_DIFF_PRESSURE,HIGH_DIFF_PRESSURE,MEDIUM,High diff pressure,2.37
EVT-00006157,2026-09-01T08:42:04-05:00,FILTER_01_DIFF_PRESSURE,HIGH_DIFF_PRESSURE,MEDIUM,High diff pressure,2.17
EVT-00006158,2026-09-27T06:29:54-05:00,TANK_OUT_01_LEVEL,LOW_LEVEL,HIGH,Low level,3.89
EVT-00006159,2026-09-28T12:28:35-05:00,COMPRESSOR_01_PRESSURE,LOW_PRESSURE,HIGH,Low pressure,1.54
EVT-00006160,2026-09-04T09:42:51-05:00,PUMP_01_FLOW,LOW_FLOW,HIGH,Low flow,16.02
EVT-00006161,2026-09-11T21:37:40-05:00,CONVEYOR_01_MOTOR_TEMP,HIGH_TEMPERATURE,LOW,High temperature,79.05
EVT-00006162,2026-09-17T18:52:12-05:00,CONVEYOR_01_MOTOR_TEMP,HIGH_TEMPERATURE,LOW,High temperature,83.18
EVT-00006163,2026-09-15T16:36:04-05:00,FILTER_01_DIFF_PRESSURE,HIGH_DIFF_PRESSURE,MEDIUM,High diff pressure,2.46
EVT-00006164,2026-09-27T14:34:50-05:00,FILLER_01_PRESSURE,LOW_PRESSURE,HIGH,Low pressure,0.10
EVT-00006165,2026-09-14T20:40:32-05:00,TANK_OUT_01_LEVEL,LOW_LEVEL,HIGH,Low level,2.61
EVT-00006166,2026-09-20T09:58:33-05:00,COMPRESSOR_01_PRESSURE,LOW_PRESSURE,HIGH,Low pressure,1.35
EVT-00006167,2026-09-12T16:03:31-05:00,PUMP_01_MOTOR_FAULT,MOTOR_FAULT,CRITICAL,Motor fault,1.00
EVT-00006168,2026-09-23T11:57:27-05:00,PUMP_01_FLOW,LOW_FLOW,HIGH,Low flow,9.12
EVT-00006169,2026-09-01T07:19:09-05:00,FILTER_01_DIFF_PRESSURE,HIGH_DIFF_PRESSURE,MEDIUM,High diff pressure,2.17
EVT-00006170,2026-09-18T12:45:12-05:00,COMPRESSOR_01_PRESSURE,LOW_PRESSURE,HIGH,Low pressure,1.24
EVT-00006171,2026-09-10T09:20:30-05:00,COMPRESSOR_01_PRESSURE,LOW_PRESSURE,HIGH,Low pressure,1.97
EVT-00006172,2026-09-06T18:12:38-05:00,CONVEYOR_01_JAM,JAM,MEDIUM,Jam,1.00
EVT-00006173,2026-09-08T09:32:53-05:00,TANK_IN_01_LEVEL,LOW_LEVEL,HIGH,Low level,7.34
EVT-00006174,2026-09-06T10:49:35-05:00,FILTER_01_PRESSURE,HIGH_PRESSURE,HIGH,High pressure,8.18
EVT-00006175,2026-09-04T06:20:26-05:00,PUMP_01_FLOW,LOW_FLOW,HIGH,Low flow,7.16
EVT-00006176,2026-09-15T19:00:06-05:00,PUMP_01_FLOW,LOW_FLOW,HIGH,Low flow,12.86
EVT-00006177,2026-09-22T20:13:31-05:00,FILTER_01_DIFF_PRESSURE,HIGH_DIFF_PRESSURE,MEDIUM,High diff pressure,2.98
EVT-00006178,2026-09-02T16:03:06-05:00,CONVEYOR_01_JAM,JAM,MEDIUM,Jam,1.00
EVT-00006179,2026-09-29T08:33:51-05:00,FILLER_01_PRESSURE,LOW_PRESSURE,HIGH,Low pressure,1.55
EVT-00006180,2026-09-13T19:42:45-05:00,CONVEYOR_01_MOTOR_TEMP,HIGH_TEMPERATURE,LOW,High temperature,82.93
EVT-00006181,2026-09-05T20:38:57-05:00,COMPRESSOR_01_PRESSURE,LOW_PRESSURE,HIGH,Low pressure,4.34
EVT-00006182,2026-09-22T14:52:15-05:00,TANK_IN_01_LEVEL,LOW_LEVEL,HIGH,Low level,9.97
EVT-00006183,2026-09-03T14:28:47-05:00,COMPRESSOR_01_PRESSURE,LOW_PRESSURE,HIGH,Low pressure,2.34
EVT-00006184,2026-09-02T11:29:58-05:00,PUMP_01_FLOW,LOW_FLOW,HIGH,Low flow,5.25
EVT-00006185,2026-09-02T08:49:28-05:00,CONVEYOR_01_JAM,JAM,MEDIUM,Jam,1.00
EVT-00006186,2026-09-26T21:11:43-05:00,TANK_OUT_01_LEVEL,LOW_LEVEL,HIGH,Low level,8.50
EVT-00006187,2026-09-06T08:56:55-05:00,COMPRESSOR_01_PRESSURE,LOW_PRESSURE,HIGH,Low pressure,3.86
EVT-00006188,2026-09-09T13:41:04-05:00,FILLER_01_PRESSURE,LOW_PRESSURE,HIGH,Low pressure,1.10
EVT-00006189,2026-09-22T19:40:57-05:00,FILTER_01_DIFF_PRESSURE,HIGH_DIFF_PRESSURE,MEDIUM,High diff pressure,2.46
EVT-00006190,2026-09-25T19:48:47-05:00,FILLER_01_CYCLE_FAULT,CYCLE_FAULT,HIGH,Cycle fault,1.00
EVT-00006191,2026-09-05T15:28:19-05:00,PUMP_01_FLOW,LOW_FLOW,HIGH,Low flow,4.13
EVT-00006192,2026-09-08T06:10:10-05:00,FILLER_01_PRESSURE,LOW_PRESSURE,HIGH,Low pressure,0.44
EVT-00006193,2026-09-11T13:18:17-05:00,TANK_IN_01_LEVEL,LOW_LEVEL,HIGH,Low level,12.74
EVT-00006194,2026-09-07T09:43:16-05:00,COMPRESSOR_01_TEMP,HIGH_TEMPERATURE,HIGH,High temperature,96.40
EVT-00006195,2026-09-08T09:35:28-05:00,PUMP_01_FLOW,LOW_FLOW,HIGH,Low flow,6.19
EVT-00006196,2026-09-22T07:13:58-05:00,FILTER_01_DIFF_PRESSURE,HIGH_DIFF_PRESSURE,MEDIUM,High diff pressure,1.91
EVT-00006197,2026-09-14T20:15:35-05:00,FILLER_01_PRESSURE,LOW_PRESSURE,HIGH,Low pressure,1.26
EVT-00006198,2026-09-01T13:57:54-05:00,FILTER_01_DIFF_PRESSURE,HIGH_DIFF_PRESSURE,MEDIUM,High diff pressure,2.69
EVT-00006199,2026-09-16T17:05:55-05:00,PUMP_01_FLOW,LOW_FLOW,HIGH,Low flow,13.49
EVT-00006200,2026-09-15T10:32:06-05:00,FILTER_01_DIFF_PRESSURE,HIGH_DIFF_PRESSURE,MEDIUM,High diff pressure,1.74
EVT-00006201,2026-09-21T12:44:21-05:00,PUMP_01_FLOW,LOW_FLOW,HIGH,Low flow,21
EVT-00006202,2026-09-29T09:09:00-05:00,TANK_IN_01_LEVEL,LOW_LEVEL,HIGH,Low level,5.72
EVT-00006203,2026-09-18T20:00:35-05:00,FILLER_01_CYCLE_FAULT,CYCLE_FAULT,HIGH,Cycle fault,1.00
EVT-00006204,2026-09-06T10:16:40-05:00,CONVEYOR_01_JAM,JAM,MEDIUM,Jam,1.00
EVT-00006205,2026-09-23T20:25:30-05:00,PUMP_01_FLOW,LOW_FLOW,HIGH,Low flow,3.69
EVT-00006206,2026-09-18T11:23:18-05:00,TANK_IN_01_LEVEL,LOW_LEVEL,HIGH,Low level,10.38
EVT-00006207,2026-09-26T16:35:10-05:00,TANK_IN_01_LEVEL,LOW_LEVEL,HIGH,Low level,1.33
EVT-00006208,2026-09-23T08:58:05-05:00,TANK_IN_01_LEVEL,LOW_LEVEL,HIGH,Low level,4.34
EVT-00006209,2026-09-05T11:19:40-05:00,FILLER_01_PRESSURE,LOW_PRESSURE,HIGH,Low pressure,0.23
EVT-00006210,2026-09-02T13:59:53-05:00,COMPRESSOR_01_PRESSURE,LOW_PRESSURE,HIGH,Low pressure,4.69
EVT-00006211,2026-09-15T18:01:30-05:00,FILTER_01_DIFF_PRESSURE,HIGH_DIFF_PRESSURE,MEDIUM,High diff pressure,2.99
EVT-00006212,2026-09-25T07:50:57-05:00,FILTER_01_PRESSURE,HIGH_PRESSURE,HIGH,High pressure,8.53
EVT-00006213,2026-09-23T15:00:52-05:00,FILLER_01_PRESSURE,LOW_PRESSURE,HIGH,Low pressure,0.92
EVT-00006214,2026-09-14T07:55:38-05:00,CONVEYOR_01_JAM,JAM,MEDIUM,Jam,1.00
EVT-00006215,2026-09-02T13:01:57-05:00,COMPRESSOR_01_PRESSURE,LOW_PRESSURE,HIGH,Low pressure,2.84
EVT-00006216,2026-09-08T15:46:21-05:00,FILLER_01_PRESSURE,LOW_PRESSURE,HIGH,Low pressure,1.22
EVT-00006217,2026-09-22T14:32:26-05:00,PUMP_01_FLOW,LOW_FLOW,HIGH,Low flow,13.88
EVT-00006218,2026-09-17T21:52:41-05:00,PUMP_01_FLOW,LOW_FLOW,HIGH,Low flow,2.31
EVT-00006219,2026-09-11T16:54:02-05:00,PUMP_01_FLOW,LOW_FLOW,HIGH,Low flow,1.82
EVT-00006220,2026-09-19T20:14:05-05:00,CONVEYOR_01_JAM,JAM,MEDIUM,Jam,1.00
EVT-00006221,2026-09-29T11:07:44-05:00,FILTER_01_DIFF_PRESSURE,HIGH_DIFF_PRESSURE,MEDIUM,High diff pressure,2.25
EVT-00006222,2026-09-24T19:27:43-05:00,COMPRESSOR_01_PRESSURE,LOW_PRESSURE,HIGH,Low pressure,1.75
EVT-00006223,2026-09-16T10:32:05-05:00,COMPRESSOR_01_PRESSURE,LOW_PRESSURE,HIGH,Low pressure,4.21
EVT-00006224,2026-09-19T20:00:24-05:00,PUMP_01_FLOW,LOW_FLOW,HIGH,Low flow,2.56
EVT-00006225,2026-09-04T08:21:59-05:00,CONVEYOR_01_JAM,JAM,MEDIUM,Jam,1.00
EVT-00006226,2026-09-02T08:10:13-05:00,TANK_IN_01_LEVEL,LOW_LEVEL,HIGH,Low level,11.87
EVT-00006227,2026-09-17T06:45:50-05:00,FILTER_01_PRESSURE,HIGH_PRESSURE,HIGH,High pressure,7.30
EVT-00006228,2026-09-23T16:03:48-05:00,FILLER_01_PRESSURE,LOW_PRESSURE,HIGH,Low pressure,1.16
EVT-00006229,2026-09-24T17:10:51-05:00,CONVEYOR_01_JAM,JAM,MEDIUM,Jam,1.00
EVT-00006230,2026-09-29T07:20:45-05:00,FILLER_01_PRESSURE,LOW_PRESSURE,HIGH,Low pressure,1.26
EVT-00006231,2026-09-28T21:00:26-05:00,CONVEYOR_01_MOTOR_TEMP,HIGH_TEMPERATURE,LOW,High temperature,80.92
EVT-00006232,2026-09-01T20:31:33-05:00,FILTER_01_DIFF_PRESSURE,HIGH_DIFF_PRESSURE,MEDIUM,High diff pressure,2.17
EVT-00006233,2026-09-12T07:53:07-05:00,TANK_OUT_01_LEVEL,HIGH_LEVEL,MEDIUM,High level,97.01
EVT-00006234,2026-09-20T10:35:03-05:00,COMPRESSOR_01_TEMP,HIGH_TEMPERATURE,HIGH,High temperature,110.53
EVT-00006235,2026-09-11T19:23:03-05:00,PUMP_01_FLOW,LOW_FLOW,HIGH,Low flow,16.65
EVT-00006236,2026-09-04T09:08:35-05:00,TANK_IN_01_LEVEL,HIGH_LEVEL,MEDIUM,High level,92.79
EVT-00006237,2026-09-16T13:03:35-05:00,PUMP_01_FLOW,LOW_FLOW,HIGH,Low flow,16.32
EVT-00006238,2026-09-08T16:09:00-05:00,PUMP_01_MOTOR_FAULT,MOTOR_FAULT,CRITICAL,Motor fault,1.00
EVT-00006239,2026-09-01T12:33:59-05:00,PUMP_01_FLOW,LOW_FLOW,HIGH,Low flow,18.55
EVT-00006240,2026-09-08T08:03:24-05:00,FILTER_01_DIFF_PRESSURE,HIGH_DIFF_PRESSURE,MEDIUM,High diff pressure,2.56
EVT-00006241,2026-09-22T11:50:04-05:00,PUMP_01_FLOW,LOW_FLOW,HIGH,Low flow,15.03
EVT-00006242,2026-09-19T17:45:39-05:00,CONVEYOR_01_JAM,JAM,MEDIUM,Jam,1.00
EVT-00006243,2026-09-07T09:33:19-05:00,CONVEYOR_01_MOTOR_TEMP,HIGH_TEMPERATURE,LOW,High temperature,86.15
EVT-00006244,2026-09-23T15:49:21-05:00,FILLER_01_CYCLE_FAULT,CYCLE_FAULT,HIGH,Cycle fault,1.00
EVT-00006245,2026-09-10T11:21:35-05:00,PUMP_01_FLOW,LOW_FLOW,HIGH,Low flow,7.18
EVT-00006246,2026-09-01T11:32:50-05:00,FILTER_01_DIFF_PRESSURE,HIGH_DIFF_PRESSURE,MEDIUM,High diff pressure,2.88
EVT-00006247,2026-09-16T15:15:29-05:00,CONVEYOR_01_JAM,JAM,MEDIUM,Jam,1.00
EVT-00006248,2026-09-15T06:22:43-05:00,TANK_IN_01_LEVEL,LOW_LEVEL,HIGH,Low level,4.40
EVT-00006249,2026-09-12T17:10:29-05:00,TANK_IN_01_LEVEL,LOW_LEVEL,HIGH,Low level,8.73
EVT-00006250,2026-09-22T12:21:35-05:00,FILLER_01_CYCLE_FAULT,CYCLE_FAULT,HIGH,Cycle fault,1.00
EVT-00006251,2026-09-28T11:42:07-05:00,FILLER_01_PRESSURE,LOW_PRESSURE,CRITICAL,Low pressure,0.58
EVT-00006252,2026-09-15T15:02:40-05:00,CONVEYOR_01_JAM,JAM,MEDIUM,Jam,1.00
EVT-00006253,2026-09-29T09:18:25-05:00,FILLER_01_PRESSURE,LOW_PRESSURE,HIGH,Low pressure,1.11
EVT-00006254,2026-09-08T08:54:43-05:00,FILTER_01_DIFF_PRESSURE,HIGH_DIFF_PRESSURE,MEDIUM,High diff pressure,2.41
EVT-00006255,2026-09-15T09:22:03-05:00,FILTER_01_DIFF_PRESSURE,HIGH_DIFF_PRESSURE,MEDIUM,High diff pressure,2.75
EVT-00006256,2026-09-16T11:48:19-05:00,COMPRESSOR_01_PRESSURE,LOW_PRESSURE,HIGH,Low pressure,1.87
EVT-00006257,2026-09-12T16:19:34-05:00,PUMP_01_FLOW,LOW_FLOW,HIGH,Low flow,4.14
EVT-00006258,2026-09-03T13:16:12-05:00,TANK_IN_01_LEVEL,LOW_LEVEL,HIGH,Low level,8.15
EVT-00006259,2026-09-05T20:44:12-05:00,TANK_OUT_01_LEVEL,LOW_LEVEL,HIGH,Low level,13.38
EVT-00006260,2026-09-21T12:42:55-05:00,PUMP_01_FLOW,LOW_FLOW,HIGH,Low flow,12.72
EVT-00006261,2026-09-06T08:44:49-05:00,FILLER_01_PRESSURE,LOW_PRESSURE,HIGH,Low pressure,1.61
EVT-00006262,2026-09-01T11:52:20-05:00,FILTER_01_DIFF_PRESSURE,HIGH_DIFF_PRESSURE,MEDIUM,High diff pressure,2.65
EVT-00006263,2026-09-05T16:45:58-05:00,PUMP_01_FLOW,LOW_FLOW,HIGH,Low flow,7.50
EVT-00006264,2026-09-29T13:19:20-05:00,FILTER_01_DIFF_PRESSURE,HIGH_DIFF_PRESSURE,MEDIUM,High diff pressure,2.19
EVT-00006265,2026-09-22T18:10:02-05:00,FILTER_01_DIFF_PRESSURE,HIGH_DIFF_PRESSURE,MEDIUM,High diff pressure,1.99
EVT-00006266,2026-09-06T21:02:56-05:00,FILLER_01_PRESSURE,LOW_PRESSURE,HIGH,Low pressure,1.69
EVT-00006267,2026-09-22T19:54:25-05:00,FILLER_01_PRESSURE,LOW_PRESSURE,HIGH,Low pressure,0.56
EVT-00006268,2026-09-13T07:23:00-05:00,TANK_IN_01_LEVEL,LOW_LEVEL,HIGH,Low level,7.86
EVT-00006269,2026-09-20T15:21:49-05:00,FILLER_01_PRESSURE,LOW_PRESSURE,HIGH,Low pressure,0.16
EVT-00006270,2026-09-18T12:10:58-05:00,FILLER_01_PRESSURE,LOW_PRESSURE,HIGH,Low pressure,0.34
EVT-00006271,2026-09-24T07:56:50-05:00,PUMP_01_FLOW,LOW_FLOW,HIGH,Low flow,5.56
EVT-00006272,2026-09-25T21:29:52-05:00,FILLER_01_PRESSURE,LOW_PRESSURE,HIGH,Low pressure,0.20
EVT-00006273,2026-09-19T15:43:44-05:00,TANK_IN_01_LEVEL,LOW_LEVEL,HIGH,Low level,5.59
EVT-00006274,2026-09-06T07:10:09-05:00,FILLER_01_PRESSURE,LOW_PRESSURE,HIGH,Low pressure,1.74
EVT-00006275,2026-09-28T08:45:50-05:00,TANK_IN_01_LEVEL,LOW_LEVEL,HIGH,Low level,2.93
EVT-00006276,2026-09-06T20:14:16-05:00,COMPRESSOR_01_PRESSURE,LOW_PRESSURE,HIGH,Low pressure,1.39
EVT-00006277,2026-09-15T15:18:32-05:00,FILTER_01_DIFF_PRESSURE,HIGH_DIFF_PRESSURE,MEDIUM,High diff pressure,1.88
EVT-00006278,2026-09-18T08:47:49-05:00,FILLER_01_PRESSURE,LOW_PRESSURE,HIGH,Low pressure,1.21
EVT-00006279,2026-09-18T15:05:35-05:00,TANK_OUT_01_LEVEL,LOW_LEVEL,HIGH,Low level,9.22
EVT-00006280,2026-09-01T07:53:34-05:00,FILTER_01_DIFF_PRESSURE,HIGH_DIFF_PRESSURE,MEDIUM,High diff pressure,1.88
EVT-00006281,2026-09-09T16:07:35-05:00,TANK_OUT_01_LEVEL,LOW_LEVEL,HIGH,Low level,12.00
EVT-00006282,2026-09-10T11:33:47-05:00,TANK_IN_01_LEVEL,LOW_LEVEL,HIGH,Low level,3.73
EVT-00006283,2026-09-22T06:01:02-05:00,CONVEYOR_01_JAM,JAM,MEDIUM,Jam,1.00
EVT-00006284,2026-09-06T16:22:36-05:00,CONVEYOR_01_JAM,JAM,MEDIUM,Jam,1.00
EVT-00006285,2026-09-29T14:44:46-05:00,FILTER_01_DIFF_PRESSURE,HIGH_DIFF_PRESSURE,MEDIUM,High diff pressure,2.22
EVT-00006286,2026-09-17T11:57:29-05:00,CONVEYOR_01_JAM,JAM,MEDIUM,Jam,1.00
EVT-00006287,2026-09-10T21:50:30-05:00,FILLER_01_PRESSURE,LOW_PRESSURE,HIGH,Low pressure,1.12
EVT-00006288,2026-09-25T19:34:07-05:00,FILLER_01_CYCLE_FAULT,CYCLE_FAULT,HIGH,Cycle fault,1.00
EVT-00006289,2026-09-24T08:21:13-05:00,TANK_OUT_01_LEVEL,HIGH_LEVEL,MEDIUM,High level,93.22
EVT-00006290,2026-09-08T08:02:06-05:00,FILTER_01_DIFF_PRESSURE,HIGH_DIFF_PRESSURE,MEDIUM,High diff pressure,1.96
EVT-00006291,2026-09-14T20:43:16-05:00,FILLER_01_PRESSURE,LOW_PRESSURE,HIGH,Low pressure,0.47
EVT-00006292,2026-09-07T09:19:54-05:00,PUMP_01_FLOW,LOW_FLOW,HIGH,Low flow,1.35
EVT-00006293,2026-09-01T06:49:40-05:00,FILTER_01_DIFF_PRESSURE,HIGH_DIFF_PRESSURE,MEDIUM,High diff pressure,2.32
EVT-00006294,2026-09-09T15:40:58-05:00,PUMP_01_FLOW,LOW_FLOW,HIGH,Low flow,5.44
EVT-00006295,2026-09-04T11:07:22-05:00,CONVEYOR_01_JAM,JAM,MEDIUM,Jam,1.00
EVT-00006296,2026-09-30T16:20:47-05:00,COMPRESSOR_01_PRESSURE,LOW_PRESSURE,HIGH,Low pressure,4.58
EVT-00006297,2026-09-03T14:34:31-05:00,CONVEYOR_01_MOTOR_TEMP,HIGH_TEMPERATURE,LOW,High temperature,88.66
EVT-00006298,2026-09-05T21:01:32-05:00,FILLER_01_PRESSURE,LOW_PRESSURE,HIGH,Low pressure,1.14
EVT-00006299,2026-09-20T17:09:31-05:00,TANK_OUT_01_LEVEL,HIGH_LEVEL,MEDIUM,High level,93.84
EVT-00006300,2026-09-17T07:45:26-05:00,TANK_OUT_01_LEVEL,LOW_LEVEL,HIGH,Low level,4.29
EVT-00006301,2026-09-07T08:01:07-05:00,TANK_OUT_01_LEVEL,LOW_LEVEL,HIGH,Low level,16
EVT-00006302,2026-09-08T21:55:56-05:00,TANK_IN_01_LEVEL,LOW_LEVEL,HIGH,Low level,9.84
EVT-00006303,2026-09-01T19:25:32-05:00,FILTER_01_DIFF_PRESSURE,HIGH_DIFF_PRESSURE,MEDIUM,High diff pressure,2.03
EVT-00006304,2026-09-02T06:05:52-05:00,FILLER_01_PRESSURE,LOW_PRESSURE,HIGH,Low pressure,0.99
EVT-00006305,2026-09-24T08:56:10-05:00,COMPRESSOR_01_PRESSURE,LOW_PRESSURE,HIGH,Low pressure,3.76
EVT-00006306,2026-09-29T13:12:34-05:00,FILTER_01_DIFF_PRESSURE,HIGH_DIFF_PRESSURE,MEDIUM,High diff pressure,2.08
EVT-00006307,2026-09-01T11:51:27-05:00,CONVEYOR_01_MOTOR_TEMP,HIGH_TEMPERATURE,LOW,High temperature,83.93
EVT-00006308,2026-09-26T09:16:01-05:00,TANK_IN_01_LEVEL,LOW_LEVEL,HIGH,Low level,6.53
EVT-00006309,2026-09-17T10:16:37-05:00,PUMP_01_MOTOR_FAULT,MOTOR_FAULT,CRITICAL,Motor fault,1.00
EVT-00006310,2026-09-18T18:32:41-05:00,COMPRESSOR_01_PRESSURE,LOW_PRESSURE,HIGH,Low pressure,1.82
EVT-00006311,2026-09-27T20:45:04-05:00,COMPRESSOR_01_PRESSURE,LOW_PRESSURE,HIGH,Low pressure,4.15
EVT-00006312,2026-09-25T16:16:38-05:00,PUMP_01_FLOW,LOW_FLOW,HIGH,Low flow,16.71
EVT-00006313,2026-09-02T14:12:43-05:00,FILLER_01_PRESSURE,LOW_PRESSURE,HIGH,Low pressure,1.11
EVT-00006314,2026-09-14T08:59:08-05:00,TANK_OUT_01_LEVEL,LOW_LEVEL,HIGH,Low level,10.36
EVT-00006315,2026-09-30T10:26:35-05:00,FILLER_01_CYCLE_FAULT,CYCLE_FAULT,HIGH,Cycle fault,1.00
EVT-00006316,2026-09-18T09:45:53-05:00,PUMP_01_FLOW,LOW_FLOW,HIGH,Low flow,18.86
EVT-00006317,2026-09-29T13:00:55-05:00,TANK_OUT_01_LEVEL,LOW_LEVEL,HIGH,Low level,5.17
EVT-00006318,2026-09-16T13:25:06-05:00,PUMP_01_FLOW,LOW_FLOW,HIGH,Low flow,16.29
EVT-00006319,2026-09-11T17:33:35-05:00,TANK_IN_01_LEVEL,LOW_LEVEL,HIGH,Low level,3.33
EVT-00006320,2026-09-18T20:46:11-05:00,COMPRESSOR_01_PRESSURE,LOW_PRESSURE,HIGH,Low pressure,4.84
EVT-00006321,2026-09-13T09:13:22-05:00,CONVEYOR_01_JAM,JAM,MEDIUM,Jam,1.00
EVT-00006322,2026-09-08T13:54:06-05:00,FILTER_01_PRESSURE,HIGH_PRESSURE,HIGH,High pressure,8.92
EVT-00006323,2026-09-01T06:00:53-05:00,FILTER_01_DIFF_PRESSURE,HIGH_DIFF_PRESSURE,MEDIUM,High diff pressure,1.79
EVT-00006324,2026-09-22T15:12:30-05:00,PUMP_01_FLOW,LOW_FLOW,HIGH,Low flow,17.20
EVT-00006325,2026-09-29T10:06:25-05:00,PUMP_01_FLOW,LOW_FLOW,HIGH,Low flow,15.68
EVT-00006326,2026-09-04T18:15:07-05:00,FILLER_01_PRESSURE,LOW_PRESSURE,HIGH,Low pressure,1.48
EVT-00006327,2026-09-24T10:04:27-05:00,CONVEYOR_01_MOTOR_TEMP,HIGH_TEMPERATURE,LOW,High temperature,78.15
EVT-00006328,2026-09-15T19:25:11-05:00,COMPRESSOR_01_PRESSURE,LOW_PRESSURE,HIGH,Low pressure,4.07
EVT-00006329,2026-09-03T15:37:06-05:00,FILLER_01_CYCLE_FAULT,CYCLE_FAULT,HIGH,Cycle fault,1.00
EVT-00006330,2026-09-01T13:23:31-05:00,FILTER_01_DIFF_PRESSURE,HIGH_DIFF_PRESSURE,MEDIUM,High diff pressure,2.83
EVT-00006331,2026-09-04T17:50:40-05:00,TANK_OUT_01_LEVEL,LOW_LEVEL,HIGH,Low level,1.88
EVT-00006332,2026-09-15T21:01:41-05:00,FILTER_01_DIFF_PRESSURE,HIGH_DIFF_PRESSURE,MEDIUM,High diff pressure,2.02
EVT-00006333,2026-09-29T15:47:53-05:00,TANK_IN_01_LEVEL,LOW_LEVEL,HIGH,Low level,11.70
EVT-00006334,2026-09-21T20:48:15-05:00,TANK_IN_01_LEVEL,HIGH_LEVEL,MEDIUM,High level,93.72
EVT-00006335,2026-09-03T17:18:28-05:00,PUMP_01_MOTOR_FAULT,MOTOR_FAULT,CRITICAL,Motor fault,1.00
EVT-00006336,2026-09-15T13:27:33-05:00,FILTER_01_PRESSURE,HIGH_PRESSURE,HIGH,High pressure,6.69
EVT-00006337,2026-09-17T18:38:53-05:00,FILTER_01_PRESSURE,HIGH_PRESSURE,HIGH,High pressure,6.66
EVT-00006338,2026-09-29T13:37:39-05:00,FILTER_01_DIFF_PRESSURE,HIGH_DIFF_PRESSURE,MEDIUM,High diff pressure,2.96
EVT-00006339,2026-09-18T18:36:41-05:00,FILLER_01_PRESSURE,LOW_PRESSURE,HIGH,Low pressure,0.86
EVT-00006340,2026-09-22T09:14:38-05:00,FILTER_01_DIFF_PRESSURE,HIGH_DIFF_PRESSURE,MEDIUM,High diff pressure,1.64
EVT-00006341,2026-09-27T19:19:24-05:00,COMPRESSOR_01_TEMP,HIGH_TEMPERATURE,HIGH,High temperature,102.17
EVT-00006342,2026-09-13T12:42:39-05:00,FILLER_01_PRESSURE,LOW_PRESSURE,HIGH,Low pressure,1.88
EVT-00006343,2026-09-13T15:43:07-05:00,COMPRESSOR_01_PRESSURE,LOW_PRESSURE,HIGH,Low pressure,2.96
EVT-00006344,2026-09-20T21:50:08-05:00,FILLER_01_CYCLE_FAULT,CYCLE_FAULT,HIGH,Cycle fault,1.00
EVT-00006345,2026-09-04T08:31:07-05:00,TANK_OUT_01_LEVEL,LOW_LEVEL,HIGH,Low level,7.62
EVT-00006346,2026-09-15T17:13:38-05:00,FILTER_01_DIFF_PRESSURE,HIGH_DIFF_PRESSURE,MEDIUM,High diff pressure,2.89
EVT-00006347,2026-09-29T08:57:30-05:00,TANK_OUT_01_LEVEL,HIGH_LEVEL,MEDIUM,High level,94.51
EVT-00006348,2026-09-29T10:58:00-05:00,FILTER_01_DIFF_PRESSURE,HIGH_DIFF_PRESSURE,MEDIUM,High diff pressure,2.71
EVT-00006349,2026-09-01T19:54:29-05:00,FILLER_01_PRESSURE,LOW_PRESSURE,HIGH,Low pressure,1.23
EVT-00006350,2026-09-29T08:29:05-05:00,FILLER_01_CYCLE_FAULT,CYCLE_FAULT,HIGH,Cycle fault,1.00
EVT-00006351,2026-09-22T08:35:53-05:00,FILTER_01_DIFF_PRESSURE,HIGH_DIFF_PRESSURE,HIGH,High diff pressure,2.65
EVT-00006352,2026-09-15T07:08:44-05:00,FILTER_01_DIFF_PRESSURE,HIGH_DIFF_PRESSURE,MEDIUM,High diff pressure,2.72
EVT-00006353,2026-09-13T14:49:07-05:00,TANK_OUT_01_LEVEL,LOW_LEVEL,HIGH,Low level,1.44
EVT-00006354,2026-09-18T20:13:59-05:00,TANK_OUT_01_LEVEL,LOW_LEVEL,HIGH,Low level,13.19
EVT-00006355,2026-09-22T18:22:25-05:00,FILTER_01_PRESSURE,HIGH_PRESSURE,HIGH,High pressure,8.64
EVT-00006356,2026-09-12T18:28:50-05:00,PUMP_01_MOTOR_FAULT,MOTOR_FAULT,CRITICAL,Motor fault,1.00
EVT-00006357,2026-09-01T15:16:01-05:00,FILTER_01_DIFF_PRESSURE,HIGH_DIFF_PRESSURE,MEDIUM,High diff pressure,2.09
EVT-00006358,2026-09-26T15:10:34-05:00,CONVEYOR_01_JAM,JAM,MEDIUM,Jam,1.00
EVT-00006359,2026-09-15T10:24:54-05:00,TANK_IN_01_LEVEL,HIGH_LEVEL,MEDIUM,High level,93.95
EVT-00006360,2026-09-17T17:28:02-05:00,CONVEYOR_01_JAM,JAM,MEDIUM,Jam,1.00
EVT-00006361,2026-09-24T16:35:10-05:00,PUMP_01_FLOW,LOW_FLOW,HIGH,Low flow,11.98
EVT-00006362,2026-09-04T12:55:57-05:00,CONVEYOR_01_JAM,JAM,MEDIUM,Jam,1.00
EVT-00006363,2026-09-18T06:30:32-05:00,FILLER_01_CYCLE_FAULT,CYCLE_FAULT,HIGH,Cycle fault,1.00
EVT-00006364,2026-09-01T20:25:26-05:00,FILTER_01_DIFF_PRESSURE,HIGH_DIFF_PRESSURE,MEDIUM,High diff pressure,2.02
EVT-00006365,2026-09-17T20:40:35-05:00,FILLER_01_PRESSURE,LOW_PRESSURE,HIGH,Low pressure,1.10
EVT-00006366,2026-09-11T09:06:40-05:00,CONVEYOR_01_MOTOR_TEMP,HIGH_TEMPERATURE,LOW,High temperature,73.42
EVT-00006367,2026-09-02T08:59:09-05:00,CONVEYOR_01_JAM,JAM,MEDIUM,Jam,1.00
EVT-00006368,2026-09-15T06:42:41-05:00,PUMP_01_FLOW,LOW_FLOW,HIGH,Low flow,9.12
EVT-00006369,2026-09-29T16:57:21-05:00,FILTER_01_DIFF_PRESSURE,HIGH_DIFF_PRESSURE,MEDIUM,High diff pressure,1.75
EVT-00006370,2026-09-18T09:15:40-05:00,TANK_IN_01_LEVEL,LOW_LEVEL,HIGH,Low level,6.54
EVT-00006371,2026-09-09T12:31:39-05:00,TANK_OUT_01_LEVEL,LOW_LEVEL,HIGH,Low level,11.65
EVT-00006372,2026-09-08T06:00:35-05:00,TANK_IN_01_LEVEL,HIGH_LEVEL,MEDIUM,High level,96.69
EVT-00006373,2026-09-19T16:06:48-05:00,CONVEYOR_01_MOTOR_TEMP,HIGH_TEMPERATURE,LOW,High temperature,74.89
EVT-00006374,2026-09-26T06:44:56-05:00,CONVEYOR_01_MOTOR_TEMP,HIGH_TEMPERATURE,LOW,High temperature,77.75
EVT-00006375,2026-09-22T20:49:58-05:00,FILTER_01_PRESSURE,HIGH_PRESSURE,HIGH,High pressure,8.86
EVT-00006376,2026-09-20T16:49:54-05:00,TANK_OUT_01_LEVEL,LOW_LEVEL,HIGH,Low level,10.70
EVT-00006377,2026-09-28T19:32:06-05:00,PUMP_01_MOTOR_FAULT,MOTOR_FAULT,CRITICAL,Motor fault,1.00
EVT-00006378,2026-09-14T21:45:20-05:00,TANK_OUT_01_LEVEL,LOW_LEVEL,HIGH,Low level,5.84
EVT-00006379,2026-09-30T14:08:19-05:00,TANK_IN_01_LEVEL,LOW_LEVEL,HIGH,Low level,8.58
EVT-00006380,2026-09-02T06:00:41-05:00,COMPRESSOR_01_PRESSURE,LOW_PRESSURE,HIGH,Low pressure,2.08
EVT-00006381,2026-09-12T19:06:39-05:00,TANK_IN_01_LEVEL,LOW_LEVEL,HIGH,Low level,8.99
EVT-00006382,2026-09-13T07:51:13-05:00,FILLER_01_CYCLE_FAULT,CYCLE_FAULT,HIGH,Cycle fault,1.00
EVT-00006383,2026-09-01T12:30:24-05:00,FILLER_01_PRESSURE,LOW_PRESSURE,HIGH,Low pressure,1.09
EVT-00006384,2026-09-29T10:45:08-05:00,FILTER_01_DIFF_PRESSURE,HIGH_DIFF_PRESSURE,MEDIUM,High diff pressure,2.09
EVT-00006385,2026-09-18T18:06:19-05:00,CONVEYOR_01_JAM,JAM,MEDIUM,Jam,1.00
EVT-00006386,2026-09-29T06:56:33-05:00,FILTER_01_DIFF_PRESSURE,HIGH_DIFF_PRESSURE,MEDIUM,High diff pressure,2.88
EVT-00006387,2026-09-30T19:07:32-05:00,FILLER_01_CYCLE_FAULT,CYCLE_FAULT,HIGH,Cycle fault,1.00
EVT-00006388,2026-09-17T14:35:39-05:00,FILLER_01_PRESSURE,LOW_PRESSURE,HIGH,Low pressure,0.51
EVT-00006389,2026-09-01T06:34:06-05:00,FILTER_01_DIFF_PRESSURE,HIGH_DIFF_PRESSURE,MEDIUM,High diff pressure,1.88
EVT-00006390,2026-09-07T13:47:11-05:00,FILLER_01_PRESSURE,LOW_PRESSURE,HIGH,Low pressure,1.05
EVT-00006391,2026-09-04T06:51:59-05:00,COMPRESSOR_01_PRESSURE,LOW_PRESSURE,HIGH,Low pressure,2.18
EVT-00006392,2026-09-10T11:30:58-05:00,PUMP_01_MOTOR_FAULT,MOTOR_FAULT,CRITICAL,Motor fault,1.00
EVT-00006393,2026-09-20T06:47:15-05:00,PUMP_01_FLOW,LOW_FLOW,HIGH,Low flow,9.05
EVT-00006394,2026-09-22T12:14:35-05:00,FILTER_01_PRESSURE,HIGH_PRESSURE,HIGH,High pressure,8.26
EVT-00006395,2026-09-30T13:17:51-05:00,TANK_OUT_01_LEVEL,LOW_LEVEL,HIGH,Low level,8.66
EVT-00006396,2026-09-02T12:52:41-05:00,PUMP_01_FLOW,LOW_FLOW,HIGH,Low flow,3.90
EVT-00006397,2026-09-05T08:07:36-05:00,FILLER_01_CYCLE_FAULT,CYCLE_FAULT,HIGH,Cycle fault,1.00
EVT-00006398,2026-09-20T16:52:28-05:00,COMPRESSOR_01_PRESSURE,LOW_PRESSURE,HIGH,Low pressure,3.23
EVT-00006399,2026-09-05T11:44:31-05:00,CONVEYOR_01_MOTOR_TEMP,HIGH_TEMPERATURE,LOW,High temperature,79.71
EVT-00006400,2026-09-06T21:34:00-05:00,FILLER_01_CYCLE_FAULT,CYCLE_FAULT,HIGH,Cycle fault,1.00
EVT-00006401,2026-09-01T12:02:23-05:00,PUMP_01_FLOW,LOW_FLOW,HIGH,Low flow,21
EVT-00006402,2026-09-21T17:47:15-05:00,PUMP_01_FLOW,LOW_FLOW,HIGH,Low flow,14.51
EVT-00006403,2026-09-01T10:42:28-05:00,FILTER_01_DIFF_PRESSURE,HIGH_DIFF_PRESSURE,MEDIUM,High diff pressure,2.87
EVT-00006404,2026-09-22T11:31:35-05:00,FILTER_01_DIFF_PRESSURE,HIGH_DIFF_PRESSURE,MEDIUM,High diff pressure,2.98
EVT-00006405,2026-09-15T12:46:43-05:00,FILTER_01_DIFF_PRESSURE,HIGH_DIFF_PRESSURE,MEDIUM,High diff pressure,2.17
EVT-00006406,2026-09-11T09:06:28-05:00,TANK_OUT_01_LEVEL,HIGH_LEVEL,MEDIUM,High level,91.98
EVT-00006407,2026-09-27T10:13:08-05:00,CONVEYOR_01_JAM,JAM,MEDIUM,Jam,1.00
EVT-00006408,2026-09-22T21:07:03-05:00,FILTER_01_DIFF_PRESSURE,HIGH_DIFF_PRESSURE,MEDIUM,High diff pressure,1.80
EVT-00006409,2026-09-10T12:03:44-05:00,COMPRESSOR_01_PRESSURE,LOW_PRESSURE,HIGH,Low pressure,4.73
EVT-00006410,2026-09-01T09:01:33-05:00,FILTER_01_DIFF_PRESSURE,HIGH_DIFF_PRESSURE,MEDIUM,High diff pressure,1.74
EVT-00006411,2026-09-08T13:10:46-05:00,TANK_IN_01_LEVEL,LOW_LEVEL,HIGH,Low level,3.61
EVT-00006412,2026-09-03T21:49:05-05:00,FILLER_01_PRESSURE,LOW_PRESSURE,HIGH,Low pressure,0.27
EVT-00006413,2026-09-25T14:35:52-05:00,COMPRESSOR_01_PRESSURE,LOW_PRESSURE,HIGH,Low pressure,2.21
EVT-00006414,2026-09-21T08:36:23-05:00,COMPRESSOR_01_PRESSURE,LOW_PRESSURE,HIGH,Low pressure,4.24
EVT-00006415,2026-09-16T08:51:32-05:00,COMPRESSOR_01_TEMP,HIGH_TEMPERATURE,HIGH,High temperature,113.43
EVT-00006416,2026-09-18T17:41:49-05:00,FILLER_01_CYCLE_FAULT,CYCLE_FAULT,HIGH,Cycle fault,1.00
EVT-00006417,2026-09-18T11:50:36-05:00,FILLER_01_PRESSURE,LOW_PRESSURE,HIGH,Low pressure,1.82
EVT-00006418,2026-09-15T09:06:44-05:00,FILTER_01_DIFF_PRESSURE,HIGH_DIFF_PRESSURE,MEDIUM,High diff pressure,2.06
EVT-00006419,2026-09-10T09:06:01-05:00,TANK_OUT_01_LEVEL,HIGH_LEVEL,MEDIUM,High level,97.97
EVT-00006420,2026-09-05T18:58:34-05:00,CONVEYOR_01_JAM,JAM,MEDIUM,Jam,1.00
EVT-00006421,2026-09-04T15:08:42-05:00,TANK_IN_01_LEVEL,HIGH_LEVEL,MEDIUM,High level,94.35
EVT-00006422,2026-09-20T07:31:47-05:00,TANK_OUT_01_LEVEL,LOW_LEVEL,HIGH,Low level,10.18
EVT-00006423,2026-09-11T06:57:02-05:00,TANK_IN_01_LEVEL,LOW_LEVEL,HIGH,Low level,11.83
EVT-00006424,2026-09-02T12:36:47-05:00,CONVEYOR_01_MOTOR_TEMP,HIGH_TEMPERATURE,LOW,High temperature,77.31
EVT-00006425,2026-09-09T14:09:35-05:00,TANK_OUT_01_LEVEL,HIGH_LEVEL,MEDIUM,High level,95.65
EVT-00006426,2026-09-22T10:11:34-05:00,FILTER_01_DIFF_PRESSURE,HIGH_DIFF_PRESSURE,MEDIUM,High diff pressure,2.53
EVT-00006427,2026-09-12T20:03:38-05:00,FILLER_01_PRESSURE,LOW_PRESSURE,HIGH,Low pressure,0.46
EVT-00006428,2026-09-29T19:19:19-05:00,FILTER_01_DIFF_PRESSURE,HIGH_DIFF_PRESSURE,MEDIUM,High diff pressure,2.35
EVT-00006429,2026-09-26T21:21:59-05:00,TANK_IN_01_LEVEL,HIGH_LEVEL,MEDIUM,High level,95.72
EVT-00006430,2026-09-19T11:27:59-05:00,TANK_IN_01_LEVEL,HIGH_LEVEL,MEDIUM,High level,98.19
EVT-00006431,2026-09-19T14:21:51-05:00,CONVEYOR_01_JAM,JAM,MEDIUM,Jam,1.00
EVT-00006432,2026-09-28T16:58:40-05:00,PUMP_01_MOTOR_FAULT,MOTOR_FAULT,CRITICAL,Motor fault,1.00
EVT-00006433,2026-09-08T14:53:23-05:00,TANK_IN_01_LEVEL,LOW_LEVEL,HIGH,Low level,11.45
EVT-00006434,2026-09-08T09:33:14-05:00,TANK_OUT_01_LEVEL,LOW_LEVEL,HIGH,Low level,3.55
EVT-00006435,2026-09-14T07:30:49-05:00,TANK_OUT_01_LEVEL,LOW_LEVEL,HIGH,Low level,2.40
EVT-00006436,2026-09-08T21:01:39-05:00,FILLER_01_PRESSURE,LOW_PRESSURE,HIGH,Low pressure,1.74
EVT-00006437,2026-09-20T09:19:01-05:00,TANK_OUT_01_LEVEL,LOW_LEVEL,HIGH,Low level,9.74
EVT-00006438,2026-09-17T14:38:12-05:00,COMPRESSOR_01_PRESSURE,LOW_PRESSURE,HIGH,Low pressure,3.59
EVT-00006439,2026-09-06T20:47:00-05:00,TANK_OUT_01_LEVEL,LOW_LEVEL,HIGH,Low level,12.40
EVT-00006440,2026-09-26T09:10:09-05:00,TANK_IN_01_LEVEL,LOW_LEVEL,HIGH,Low level,10.82
EVT-00006441,2026-09-07T06:10:31-05:00,TANK_OUT_01_LEVEL,LOW_LEVEL,HIGH,Low level,6.84
EVT-00006442,2026-09-14T09:20:55-05:00,CONVEYOR_01_JAM,JAM,MEDIUM,Jam,1.00
EVT-00006443,2026-09-11T09:18:17-05:00,FILLER_01_PRESSURE,LOW_PRESSURE,HIGH,Low pressure,0.41
EVT-00006444,2026-09-15T13:26:17-05:00,FILTER_01_DIFF_PRESSURE,HIGH_DIFF_PRESSURE,MEDIUM,High diff pressure,2.43
EVT-00006445,2026-09-07T11:57:38-05:00,CONVEYOR_01_JAM,JAM,MEDIUM,Jam,1.00
EVT-00006446,2026-09-26T20:16:36-05:00,FILTER_01_PRESSURE,HIGH_PRESSURE,HIGH,High pressure,8.72
EVT-00006447,2026-09-17T16:16:36-05:00,TANK_IN_01_LEVEL,LOW_LEVEL,HIGH,Low level,3.19
EVT-00006448,2026-09-22T09:25:20-05:00,FILTER_01_DIFF_PRESSURE,HIGH_DIFF_PRESSURE,MEDIUM,High diff pressure,2.34
EVT-00006449,2026-09-22T15:02:22-05:00,FILTER_01_DIFF_PRESSURE,HIGH_DIFF_PRESSURE,MEDIUM,High diff pressure,1.82
EVT-00006450,2026-09-15T19:30:47-05:00,FILLER_01_CYCLE_FAULT,CYCLE_FAULT,HIGH,Cycle fault,1.00
EVT-00006451,2026-09-19T20:43:43-05:00,COMPRESSOR_01_PRESSURE,LOW_PRESSURE,CRITICAL,Low pressure,3.03
EVT-00006452,2026-09-03T11:39:01-05:00,TANK_OUT_01_LEVEL,HIGH_LEVEL,MEDIUM,High level,93.29
EVT-00006453,2026-09-13T08:29:09-05:00,PUMP_01_FLOW,LOW_FLOW,HIGH,Low flow,13.03
EVT-00006454,2026-09-09T12:50:46-05:00,TANK_OUT_01_LEVEL,HIGH_LEVEL,MEDIUM,High level,97.44
EVT-00006455,2026-09-09T12:12:57-05:00,CONVEYOR_01_JAM,JAM,MEDIUM,Jam,1.00
EVT-00006456,2026-09-19T16:39:53-05:00,FILLER_01_PRESSURE,LOW_PRESSURE,HIGH,Low pressure,0.17
EVT-00006457,2026-09-04T06:52:40-05:00,FILLER_01_PRESSURE,LOW_PRESSURE,HIGH,Low pressure,1.46
EVT-00006458,2026-09-11T14:43:57-05:00,TANK_OUT_01_LEVEL,HIGH_LEVEL,MEDIUM,High level,93.33
EVT-00006459,2026-09-18T10:15:32-05:00,TANK_OUT_01_LEVEL,HIGH_LEVEL,MEDIUM,High level,98.00
EVT-00006460,2026-09-06T07:43:59-05:00,FILLER_01_PRESSURE,LOW_PRESSURE,HIGH,Low pressure,1.90
EVT-00006461,2026-09-20T13:27:23-05:00,TANK_IN_01_LEVEL,LOW_LEVEL,HIGH,Low level,11.69
EVT-00006462,2026-09-15T09:05:54-05:00,FILTER_01_DIFF_PRESSURE,HIGH_DIFF_PRESSURE,MEDIUM,High diff pressure,2.35
EVT-00006463,2026-09-29T20:08:07-05:00,FILTER_01_DIFF_PRESSURE,HIGH_DIFF_PRESSURE,MEDIUM,High diff pressure,2.92
EVT-00006464,2026-09-29T19:11:00-05:00,FILTER_01_DIFF_PRESSURE,HIGH_DIFF_PRESSURE,MEDIUM,High diff pressure,2.77
EVT-00006465,2026-09-15T09:06:26-05:00,TANK_OUT_01_LEVEL,HIGH_LEVEL,MEDIUM,High level,96.74
EVT-00006466,2026-09-12T20:59:54-05:00,COMPRESSOR_01_PRESSURE,LOW_PRESSURE,HIGH,Low pressure,3.51
EVT-00006467,2026-09-29T12:20:41-05:00,FILTER_01_DIFF_PRESSURE,HIGH_DIFF_PRESSURE,MEDIUM,High diff pressure,2.93
EVT-00006468,2026-09-17T19:30:20-05:00,PUMP_01_FLOW,LOW_FLOW,HIGH,Low flow,3.27
EVT-00006469,2026-09-02T09:15:40-05:00,CONVEYOR_01_JAM,JAM,MEDIUM,Jam,1.00
EVT-00006470,2026-09-24T16:37:40-05:00,TANK_IN_01_LEVEL,LOW_LEVEL,HIGH,Low level,10.47
EVT-00006471,2026-09-20T18:01:15-05:00,FILLER_01_CYCLE_FAULT,CYCLE_FAULT,HIGH,Cycle fault,1.00
EVT-00006472,2026-09-10T15:37:36-05:00,CONVEYOR_01_JAM,JAM,MEDIUM,Jam,1.00
EVT-00006473,2026-09-30T21:39:13-05:00,FILLER_01_PRESSURE,LOW_PRESSURE,HIGH,Low pressure,1.25
EVT-00006474,2026-09-15T06:15:42-05:00,COMPRESSOR_01_PRESSURE,LOW_PRESSURE,HIGH,Low pressure,2.68
EVT-00006475,2026-09-17T11:26:51-05:00,FILLER_01_CYCLE_FAULT,CYCLE_FAULT,HIGH,Cycle fault,1.00
EVT-00006476,2026-09-26T07:48:00-05:00,COMPRESSOR_01_PRESSURE,LOW_PRESSURE,HIGH,Low pressure,2.36
EVT-00006477,2026-09-07T13:44:42-05:00,CONVEYOR_01_JAM,JAM,MEDIUM,Jam,1.00
EVT-00006478,2026-09-06T15:31:20-05:00,FILLER_01_CYCLE_FAULT,CYCLE_FAULT,HIGH,Cycle fault,1.00
EVT-00006479,2026-09-04T07:30:39-05:00,COMPRESSOR_01_TEMP,HIGH_TEMPERATURE,HIGH,High temperature,103.46
EVT-00006480,2026-09-21T06:32:25-05:00,FILLER_01_PRESSURE,LOW_PRESSURE,HIGH,Low pressure,0.63
EVT-00006481,2026-09-11T19:41:22-05:00,TANK_OUT_01_LEVEL,LOW_LEVEL,HIGH,Low level,9.89
EVT-00006482,2026-09-04T20:06:54-05:00,CONVEYOR_01_MOTOR_TEMP,HIGH_TEMPERATURE,LOW,High temperature,72.67
EVT-00006483,2026-09-20T14:57:03-05:00,TANK_OUT_01_LEVEL,HIGH_LEVEL,MEDIUM,High level,96.51
EVT-00006484,2026-09-30T12:07:36-05:00,TANK_IN_01_LEVEL,LOW_LEVEL,HIGH,Low level,12.80
EVT-00006485,2026-09-27T06:24:45-05:00,TANK_IN_01_LEVEL,LOW_LEVEL,HIGH,Low level,13.64
EVT-00006486,2026-09-28T21:21:33-05:00,FILLER_01_PRESSURE,LOW_PRESSURE,HIGH,Low pressure,1.56
EVT-00006487,2026-09-06T21:10:17-05:00,FILLER_01_PRESSURE,LOW_PRESSURE,HIGH,Low pressure,0.36
EVT-00006488,2026-09-29T06:51:19-05:00,FILTER_01_DIFF_PRESSURE,HIGH_DIFF_PRESSURE,MEDIUM,High diff pressure,2.54
EVT-00006489,2026-09-29T21:40:55-05:00,FILTER_01_DIFF_PRESSURE,HIGH_DIFF_PRESSURE,MEDIUM,High diff pressure,2.68
EVT-00006490,2026-09-19T09:46:53-05:00,COMPRESSOR_01_PRESSURE,LOW_PRESSURE,HIGH,Low pressure,2.13
EVT-00006491,2026-09-12T07:37:40-05:00,CONVEYOR_01_JAM,JAM,MEDIUM,Jam,1.00
EVT-00006492,2026-09-18T19:40:08-05:00,FILLER_01_CYCLE_FAULT,CYCLE_FAULT,HIGH,Cycle fault,1.00
EVT-00006493,2026-09-15T19:38:06-05:00,FILLER_01_CYCLE_FAULT,CYCLE_FAULT,HIGH,Cycle fault,1.00
EVT-00006494,2026-09-22T11:47:47-05:00,FILLER_01_CYCLE_FAULT,CYCLE_FAULT,HIGH,Cycle fault,1.00
EVT-00006495,2026-09-13T06:21:49-05:00,PUMP_01_FLOW,LOW_FLOW,HIGH,Low flow,16.28
EVT-00006496,2026-09-04T16:28:47-05:00,FILLER_01_CYCLE_FAULT,CYCLE_FAULT,HIGH,Cycle fault,1.00
EVT-00006497,2026-09-03T06:11:23-05:00,FILLER_01_CYCLE_FAULT,CYCLE_FAULT,HIGH,Cycle fault,1.00
EVT-00006498,2026-09-18T08:17:14-05:00,COMPRESSOR_01_PRESSURE,LOW_PRESSURE,HIGH,Low pressure,3.93
EVT-00006499,2026-09-10T08:26:48-05:00,COMPRESSOR_01_TEMP,HIGH_TEMPERATURE,HIGH,High temperature,108.90
EVT-00006500,2026-09-08T19:10:15-05:00,FILTER_01_DIFF_PRESSURE,HIGH_DIFF_PRESSURE,MEDIUM,High diff pressure,2.69
EVT-00006501,2026-09-02T18:33:45-05:00,TANK_IN_01_LEVEL,LOW_LEVEL,HIGH,Low level,16
EVT-00006502,2026-09-29T20:31:11-05:00,FILTER_01_DIFF_PRESSURE,HIGH_DIFF_PRESSURE,MEDIUM,High diff pressure,1.85
EVT-00006503,2026-09-23T08:14:22-05:00,CONVEYOR_01_MOTOR_TEMP,HIGH_TEMPERATURE,LOW,High temperature,71.87
EVT-00006504,2026-09-01T08:28:08-05:00,FILTER_01_DIFF_PRESSURE,HIGH_DIFF_PRESSURE,MEDIUM,High diff pressure,2.36
EVT-00006505,2026-09-15T09:45:38-05:00,PUMP_01_FLOW,LOW_FLOW,HIGH,Low flow,9.20
EVT-00006506,2026-09-11T18:41:29-05:00,TANK_IN_01_LEVEL,LOW_LEVEL,HIGH,Low level,11.87
EVT-00006507,2026-09-13T19:47:25-05:00,TANK_OUT_01_LEVEL,LOW_LEVEL,HIGH,Low level,9.23
EVT-00006508,2026-09-15T07:26:08-05:00,PUMP_01_FLOW,LOW_FLOW,HIGH,Low flow,5.44
EVT-00006509,2026-09-17T19:07:06-05:00,FILLER_01_PRESSURE,LOW_PRESSURE,HIGH,Low pressure,1.63
EVT-00006510,2026-09-08T09:48:16-05:00,FILTER_01_DIFF_PRESSURE,HIGH_DIFF_PRESSURE,MEDIUM,High diff pressure,2.50
EVT-00006511,2026-09-20T07:05:55-05:00,PUMP_01_FLOW,LOW_FLOW,HIGH,Low flow,15.42
EVT-00006512,2026-09-11T15:54:47-05:00,TANK_IN_01_LEVEL,LOW_LEVEL,HIGH,Low level,7.58
EVT-00006513,2026-09-25T21:19:12-05:00,COMPRESSOR_01_TEMP,HIGH_TEMPERATURE,HIGH,High temperature,113.62
EVT-00006514,2026-09-21T11:18:49-05:00,TANK_IN_01_LEVEL,LOW_LEVEL,HIGH,Low level,10.22
EVT-00006515,2026-09-03T17:50:41-05:00,FILLER_01_PRESSURE,LOW_PRESSURE,HIGH,Low pressure,0.95
EVT-00006516,2026-09-27T12:50:13-05:00,CONVEYOR_01_MOTOR_TEMP,HIGH_TEMPERATURE,LOW,High temperature,75.90
EVT-00006517,2026-09-19T09:23:05-05:00,TANK_OUT_01_LEVEL,HIGH_LEVEL,MEDIUM,High level,94.65
EVT-00006518,2026-09-01T07:50:36-05:00,FILTER_01_DIFF_PRESSURE,HIGH_DIFF_PRESSURE,MEDIUM,High diff pressure,2.57
EVT-00006519,2026-09-22T18:21:28-05:00,FILTER_01_DIFF_PRESSURE,HIGH_DIFF_PRESSURE,MEDIUM,High diff pressure,1.70
EVT-00006520,2026-09-27T15:14:56-05:00,FILLER_01_PRESSURE,LOW_PRESSURE,HIGH,Low pressure,0.71
EVT-00006521,2026-09-06T14:19:05-05:00,FILTER_01_PRESSURE,HIGH_PRESSURE,HIGH,High pressure,6.24
EVT-00006522,2026-09-18T16:49:21-05:00,CONVEYOR_01_MOTOR_TEMP,HIGH_TEMPERATURE,LOW,High temperature,79.63
EVT-00006523,2026-09-21T12:53:06-05:00,COMPRESSOR_01_TEMP,HIGH_TEMPERATURE,HIGH,High temperature,112.78
EVT-00006524,2026-09-30T10:32:22-05:00,TANK_IN_01_LEVEL,LOW_LEVEL,HIGH,Low level,7.04
EVT-00006525,2026-09-03T12:52:33-05:00,PUMP_01_FLOW,LOW_FLOW,HIGH,Low flow,17.53
EVT-00006526,2026-09-03T20:52:22-05:00,PUMP_01_MOTOR_FAULT,MOTOR_FAULT,CRITICAL,Motor fault,1.00
EVT-00006527,2026-09-29T07:54:30-05:00,TANK_IN_01_LEVEL,LOW_LEVEL,HIGH,Low level,13.76
EVT-00006528,2026-09-15T11:53:09-05:00,COMPRESSOR_01_TEMP,HIGH_TEMPERATURE,HIGH,High temperature,104.38
EVT-00006529,2026-09-15T13:27:23-05:00,FILTER_01_DIFF_PRESSURE,HIGH_DIFF_PRESSURE,MEDIUM,High diff pressure,2.27
EVT-00006530,2026-09-12T08:15:55-05:00,TANK_IN_01_LEVEL,LOW_LEVEL,HIGH,Low level,1.76
EVT-00006531,2026-09-18T15:57:19-05:00,PUMP_01_FLOW,LOW_FLOW,HIGH,Low flow,1.02
EVT-00006532,2026-09-07T06:09:02-05:00,PUMP_01_FLOW,LOW_FLOW,HIGH,Low flow,6.40
EVT-00006533,2026-09-14T09:47:46-05:00,PUMP_01_FLOW,LOW_FLOW,HIGH,Low flow,9.64
EVT-00006534,2026-09-28T15:16:05-05:00,PUMP_01_FLOW,LOW_FLOW,HIGH,Low flow,18.86
EVT-00006535,2026-09-21T10:43:04-05:00,TANK_IN_01_LEVEL,HIGH_LEVEL,MEDIUM,High level,97.92
EVT-00006536,2026-09-04T15:37:39-05:00,PUMP_01_MOTOR_FAULT,MOTOR_FAULT,CRITICAL,Motor fault,1.00
EVT-00006537,2026-09-26T09:50:55-05:00,TANK_OUT_01_LEVEL,HIGH_LEVEL,MEDIUM,High level,91.22
EVT-00006538,2026-09-19T20:30:51-05:00,TANK_OUT_01_LEVEL,LOW_LEVEL,HIGH,Low level,1.91
EVT-00006539,2026-09-22T10:44:07-05:00,FILTER_01_DIFF_PRESSURE,HIGH_DIFF_PRESSURE,MEDIUM,High diff pressure,1.60
EVT-00006540,2026-09-06T15:12:18-05:00,TANK_OUT_01_LEVEL,LOW_LEVEL,HIGH,Low level,11.98
EVT-00006541,2026-09-09T17:10:17-05:00,FILLER_01_CYCLE_FAULT,CYCLE_FAULT,HIGH,Cycle fault,1.00
EVT-00006542,2026-09-28T11:49:25-05:00,FILLER_01_CYCLE_FAULT,CYCLE_FAULT,HIGH,Cycle fault,1.00
EVT-00006543,2026-09-23T10:19:00-05:00,TANK_IN_01_LEVEL,HIGH_LEVEL,MEDIUM,High level,98.85
EVT-00006544,2026-09-22T08:28:18-05:00,FILTER_01_DIFF_PRESSURE,HIGH_DIFF_PRESSURE,MEDIUM,High diff pressure,2.85
EVT-00006545,2026-09-09T09:34:40-05:00,PUMP_01_FLOW,LOW_FLOW,HIGH,Low flow,1.43
EVT-00006546,2026-09-14T20:40:24-05:00,FILLER_01_PRESSURE,LOW_PRESSURE,HIGH,Low pressure,1.51
EVT-00006547,2026-09-04T20:21:37-05:00,COMPRESSOR_01_PRESSURE,LOW_PRESSURE,HIGH,Low pressure,1.54
EVT-00006548,2026-09-27T21:08:52-05:00,FILLER_01_CYCLE_FAULT,CYCLE_FAULT,HIGH,Cycle fault,1.00
EVT-00006549,2026-09-25T21:05:29-05:00,FILLER_01_CYCLE_FAULT,CYCLE_FAULT,HIGH,Cycle fault,1.00
EVT-00006550,2026-09-07T16:45:08-05:00,PUMP_01_FLOW,LOW_FLOW,HIGH,Low flow,11.31
EVT-00006551,2026-09-29T07:11:00-05:00,FILLER_01_CYCLE_FAULT,CYCLE_FAULT,CRITICAL,Cycle fault,1.00
EVT-00006552,2026-09-16T14:04:04-05:00,PUMP_01_FLOW,LOW_FLOW,HIGH,Low flow,14.35
EVT-00006553,2026-09-17T10:02:58-05:00,FILLER_01_CYCLE_FAULT,CYCLE_FAULT,HIGH,Cycle fault,1.00
EVT-00006554,2026-09-10T19:51:11-05:00,PUMP_01_FLOW,LOW_FLOW,HIGH,Low flow,10.72
EVT-00006555,2026-09-15T07:42:59-05:00,FILTER_01_DIFF_PRESSURE,HIGH_DIFF_PRESSURE,MEDIUM,High diff pressure,2.19
EVT-00006556,2026-09-20T06:13:36-05:00,FILLER_01_PRESSURE,LOW_PRESSURE,HIGH,Low pressure,1.69
EVT-00006557,2026-09-12T09:30:48-05:00,COMPRESSOR_01_PRESSURE,LOW_PRESSURE,HIGH,Low pressure,3.62
EVT-00006558,2026-09-28T13:37:48-05:00,CONVEYOR_01_JAM,JAM,MEDIUM,Jam,1.00
EVT-00006559,2026-09-05T13:12:25-05:00,PUMP_01_FLOW,LOW_FLOW,HIGH,Low flow,3.72
EVT-00006560,2026-09-08T06:43:09-05:00,FILTER_01_DIFF_PRESSURE,HIGH_DIFF_PRESSURE,MEDIUM,High diff pressure,2.27
EVT-00006561,2026-09-28T09:06:06-05:00,TANK_IN_01_LEVEL,LOW_LEVEL,HIGH,Low level,5.76
EVT-00006562,2026-09-20T06:38:03-05:00,COMPRESSOR_01_PRESSURE,LOW_PRESSURE,HIGH,Low pressure,4.70
EVT-00006563,2026-09-15T14:24:26-05:00,FILLER_01_PRESSURE,LOW_PRESSURE,HIGH,Low pressure,0.44
EVT-00006564,2026-09-25T11:05:17-05:00,TANK_IN_01_LEVEL,LOW_LEVEL,HIGH,Low level,2.35
EVT-00006565,2026-09-23T18:33:49-05:00,TANK_IN_01_LEVEL,LOW_LEVEL,HIGH,Low level,11.13
EVT-00006566,2026-09-27T18:49:07-05:00,FILLER_01_PRESSURE,LOW_PRESSURE,HIGH,Low pressure,0.79
EVT-00006567,2026-09-07T08:54:16-05:00,TANK_IN_01_LEVEL,HIGH_LEVEL,MEDIUM,High level,93.77
EVT-00006568,2026-09-08T21:17:42-05:00,FILTER_01_DIFF_PRESSURE,HIGH_DIFF_PRESSURE,MEDIUM,High diff pressure,1.79
EVT-00006569,2026-09-16T19:00:31-05:00,TANK_IN_01_LEVEL,LOW_LEVEL,HIGH,Low level,13.61
EVT-00006570,2026-09-08T08:37:30-05:00,FILTER_01_DIFF_PRESSURE,HIGH_DIFF_PRESSURE,MEDIUM,High diff pressure,2.30
EVT-00006571,2026-09-15T06:30:45-05:00,TANK_OUT_01_LEVEL,LOW_LEVEL,HIGH,Low level,13.02
EVT-00006572,2026-09-18T14:38:27-05:00,FILLER_01_CYCLE_FAULT,CYCLE_FAULT,HIGH,Cycle fault,1.00
EVT-00006573,2026-09-09T21:45:24-05:00,FILLER_01_CYCLE_FAULT,CYCLE_FAULT,HIGH,Cycle fault,1.00
EVT-00006574,2026-09-06T12:47:37-05:00,PUMP_01_FLOW,LOW_FLOW,HIGH,Low flow,2.60
EVT-00006575,2026-09-27T11:26:05-05:00,COMPRESSOR_01_TEMP,HIGH_TEMPERATURE,HIGH,High temperature,101.90
EVT-00006576,2026-09-01T10:49:28-05:00,PUMP_01_FLOW,LOW_FLOW,HIGH,Low flow,18.04
EVT-00006577,2026-09-21T18:15:35-05:00,COMPRESSOR_01_PRESSURE,LOW_PRESSURE,HIGH,Low pressure,2.09
EVT-00006578,2026-09-04T07:57:50-05:00,PUMP_01_FLOW,LOW_FLOW,HIGH,Low flow,11.92
EVT-00006579,2026-09-02T06:38:42-05:00,CONVEYOR_01_JAM,JAM,MEDIUM,Jam,1.00
EVT-00006580,2026-09-29T13:51:26-05:00,FILTER_01_DIFF_PRESSURE,HIGH_DIFF_PRESSURE,MEDIUM,High diff pressure,1.85
EVT-00006581,2026-09-07T06:54:53-05:00,FILLER_01_PRESSURE,LOW_PRESSURE,HIGH,Low pressure,1.31
EVT-00006582,2026-09-18T13:16:12-05:00,TANK_IN_01_LEVEL,LOW_LEVEL,HIGH,Low level,10.18
EVT-00006583,2026-09-06T07:01:15-05:00,FILLER_01_PRESSURE,LOW_PRESSURE,HIGH,Low pressure,0.48
EVT-00006584,2026-09-02T16:49:24-05:00,FILLER_01_CYCLE_FAULT,CYCLE_FAULT,HIGH,Cycle fault,1.00
EVT-00006585,2026-09-08T13:06:59-05:00,FILLER_01_CYCLE_FAULT,CYCLE_FAULT,HIGH,Cycle fault,1.00
EVT-00006586,2026-09-03T16:23:56-05:00,FILLER_01_PRESSURE,LOW_PRESSURE,HIGH,Low pressure,1.02
EVT-00006587,2026-09-18T16:37:13-05:00,PUMP_01_FLOW,LOW_FLOW,HIGH,Low flow,1.63
EVT-00006588,2026-09-15T14:39:41-05:00,TANK_IN_01_LEVEL,LOW_LEVEL,HIGH,Low level,13.38
EVT-00006589,2026-09-01T07:44:37-05:00,FILTER_01_DIFF_PRESSURE,HIGH_DIFF_PRESSURE,MEDIUM,High diff pressure,2.86
EVT-00006590,2026-09-11T20:31:33-05:00,PUMP_01_MOTOR_FAULT,MOTOR_FAULT,CRITICAL,Motor fault,1.00
EVT-00006591,2026-09-15T09:56:08-05:00,TANK_IN_01_LEVEL,LOW_LEVEL,HIGH,Low level,13.60
EVT-00006592,2026-09-07T19:42:04-05:00,FILTER_01_PRESSURE,HIGH_PRESSURE,HIGH,High pressure,6.27
EVT-00006593,2026-09-06T08:55:01-05:00,FILLER_01_PRESSURE,LOW_PRESSURE,HIGH,Low pressure,0.33
EVT-00006594,2026-09-18T20:48:00-05:00,TANK_IN_01_LEVEL,HIGH_LEVEL,MEDIUM,High level,94.89
EVT-00006595,2026-09-24T15:16:18-05:00,TANK_OUT_01_LEVEL,LOW_LEVEL,HIGH,Low level,10.67
EVT-00006596,2026-09-21T13:05:49-05:00,COMPRESSOR_01_PRESSURE,LOW_PRESSURE,HIGH,Low pressure,3.53
EVT-00006597,2026-09-04T06:27:15-05:00,PUMP_01_FLOW,LOW_FLOW,HIGH,Low flow,17.47
EVT-00006598,2026-09-11T21:50:25-05:00,CONVEYOR_01_JAM,JAM,MEDIUM,Jam,1.00
EVT-00006599,2026-09-26T08:02:11-05:00,FILLER_01_CYCLE_FAULT,CYCLE_FAULT,HIGH,Cycle fault,1.00
EVT-00006600,2026-09-06T15:57:38-05:00,TANK_IN_01_LEVEL,HIGH_LEVEL,MEDIUM,High level,91.70
EVT-00006601,2026-09-01T14:16:44-05:00,FILTER_01_PRESSURE,HIGH_PRESSURE,HIGH,High pressure,5
EVT-00006602,2026-09-22T06:58:45-05:00,FILTER_01_DIFF_PRESSURE,HIGH_DIFF_PRESSURE,MEDIUM,High diff pressure,1.97
EVT-00006603,2026-09-25T11:29:21-05:00,CONVEYOR_01_JAM,JAM,MEDIUM,Jam,1.00
EVT-00006604,2026-09-30T08:23:54-05:00,CONVEYOR_01_MOTOR_TEMP,HIGH_TEMPERATURE,LOW,High temperature,74.76
EVT-00006605,2026-09-01T17:47:43-05:00,FILTER_01_DIFF_PRESSURE,HIGH_DIFF_PRESSURE,MEDIUM,High diff pressure,2.61
EVT-00006606,2026-09-11T09:17:47-05:00,TANK_IN_01_LEVEL,LOW_LEVEL,HIGH,Low level,5.39
EVT-00006607,2026-09-09T19:45:01-05:00,COMPRESSOR_01_PRESSURE,LOW_PRESSURE,HIGH,Low pressure,1.42
EVT-00006608,2026-09-24T18:05:36-05:00,PUMP_01_FLOW,LOW_FLOW,HIGH,Low flow,15.95
EVT-00006609,2026-09-09T11:33:14-05:00,TANK_IN_01_LEVEL,LOW_LEVEL,HIGH,Low level,10.13
EVT-00006610,2026-09-16T09:16:55-05:00,CONVEYOR_01_JAM,JAM,MEDIUM,Jam,1.00
EVT-00006611,2026-09-07T18:16:37-05:00,FILLER_01_PRESSURE,LOW_PRESSURE,HIGH,Low pressure,0.56
EVT-00006612,2026-09-15T11:44:56-05:00,FILTER_01_DIFF_PRESSURE,HIGH_DIFF_PRESSURE,MEDIUM,High diff pressure,1.84
EVT-00006613,2026-09-05T14:33:43-05:00,PUMP_01_FLOW,LOW_FLOW,HIGH,Low flow,9.37
EVT-00006614,2026-09-15T16:58:17-05:00,TANK_IN_01_LEVEL,LOW_LEVEL,HIGH,Low level,7.14
EVT-00006615,2026-09-01T18:19:36-05:00,FILLER_01_PRESSURE,LOW_PRESSURE,HIGH,Low pressure,0.44
EVT-00006616,2026-09-12T21:03:28-05:00,PUMP_01_MOTOR_FAULT,MOTOR_FAULT,CRITICAL,Motor fault,1.00
EVT-00006617,2026-09-12T08:02:16-05:00,TANK_OUT_01_LEVEL,HIGH_LEVEL,MEDIUM,High level,94.91
EVT-00006618,2026-09-04T07:56:06-05:00,TANK_IN_01_LEVEL,LOW_LEVEL,HIGH,Low level,12.77
EVT-00006619,2026-09-11T15:46:34-05:00,FILLER_01_PRESSURE,LOW_PRESSURE,HIGH,Low pressure,1.58
EVT-00006620,2026-09-03T09:06:28-05:00,COMPRESSOR_01_PRESSURE,LOW_PRESSURE,HIGH,Low pressure,3.20
EVT-00006621,2026-09-13T19:47:20-05:00,TANK_OUT_01_LEVEL,LOW_LEVEL,HIGH,Low level,6.84
EVT-00006622,2026-09-26T15:45:18-05:00,FILLER_01_CYCLE_FAULT,CYCLE_FAULT,HIGH,Cycle fault,1.00
EVT-00006623,2026-09-18T13:47:26-05:00,PUMP_01_MOTOR_FAULT,MOTOR_FAULT,CRITICAL,Motor fault,1.00
EVT-00006624,2026-09-15T12:54:22-05:00,PUMP_01_FLOW,LOW_FLOW,HIGH,Low flow,2.20
EVT-00006625,2026-09-17T15:34:00-05:00,COMPRESSOR_01_PRESSURE,LOW_PRESSURE,HIGH,Low pressure,2.37
EVT-00006626,2026-09-15T06:25:48-05:00,FILTER_01_DIFF_PRESSURE,HIGH_DIFF_PRESSURE,MEDIUM,High diff pressure,2.90
EVT-00006627,2026-09-15T20:56:36-05:00,FILLER_01_CYCLE_FAULT,CYCLE_FAULT,HIGH,Cycle fault,1.00
EVT-00006628,2026-09-04T16:24:39-05:00,COMPRESSOR_01_TEMP,HIGH_TEMPERATURE,HIGH,High temperature,97.33
EVT-00006629,2026-09-20T21:24:27-05:00,TANK_OUT_01_LEVEL,LOW_LEVEL,HIGH,Low level,12.61
EVT-00006630,2026-09-14T11:28:31-05:00,PUMP_01_FLOW,LOW_FLOW,HIGH,Low flow,1.89
EVT-00006631,2026-09-19T19:24:58-05:00,TANK_IN_01_LEVEL,LOW_LEVEL,HIGH,Low level,11.83
EVT-00006632,2026-09-25T09:40:12-05:00,COMPRESSOR_01_PRESSURE,LOW_PRESSURE,HIGH,Low pressure,3.01
EVT-00006633,2026-09-24T17:23:01-05:00,FILLER_01_PRESSURE,LOW_PRESSURE,HIGH,Low pressure,0.42
EVT-00006634,2026-09-26T11:56:07-05:00,CONVEYOR_01_JAM,JAM,MEDIUM,Jam,1.00
EVT-00006635,2026-09-15T15:16:54-05:00,FILTER_01_DIFF_PRESSURE,HIGH_DIFF_PRESSURE,MEDIUM,High diff pressure,2.71
EVT-00006636,2026-09-02T15:10:41-05:00,PUMP_01_MOTOR_FAULT,MOTOR_FAULT,CRITICAL,Motor fault,1.00
EVT-00006637,2026-09-19T15:36:28-05:00,TANK_IN_01_LEVEL,HIGH_LEVEL,MEDIUM,High level,95.20
EVT-00006638,2026-09-22T09:24:47-05:00,FILTER_01_DIFF_PRESSURE,HIGH_DIFF_PRESSURE,MEDIUM,High diff pressure,1.97
EVT-00006639,2026-09-01T09:03:41-05:00,FILLER_01_PRESSURE,LOW_PRESSURE,HIGH,Low pressure,0.26
EVT-00006640,2026-09-07T19:32:04-05:00,COMPRESSOR_01_TEMP,HIGH_TEMPERATURE,HIGH,High temperature,116.13
EVT-00006641,2026-09-24T08:42:04-05:00,FILLER_01_PRESSURE,LOW_PRESSURE,HIGH,Low pressure,0.13
EVT-00006642,2026-09-15T06:01:37-05:00,FILTER_01_DIFF_PRESSURE,HIGH_DIFF_PRESSURE,MEDIUM,High diff pressure,2.13
EVT-00006643,2026-09-01T07:06:35-05:00,FILLER_01_CYCLE_FAULT,CYCLE_FAULT,HIGH,Cycle fault,1.00
EVT-00006644,2026-09-17T12:51:40-05:00,TANK_IN_01_LEVEL,LOW_LEVEL,HIGH,Low level,6.09
EVT-00006645,2026-09-24T19:00:13-05:00,CONVEYOR_01_JAM,JAM,MEDIUM,Jam,1.00
EVT-00006646,2026-09-29T08:01:29-05:00,FILTER_01_DIFF_PRESSURE,HIGH_DIFF_PRESSURE,MEDIUM,High diff pressure,1.61
EVT-00006647,2026-09-17T16:24:29-05:00,TANK_IN_01_LEVEL,LOW_LEVEL,HIGH,Low level,12.63
EVT-00006648,2026-09-04T10:35:23-05:00,COMPRESSOR_01_TEMP,HIGH_TEMPERATURE,HIGH,High temperature,100.87
EVT-00006649,2026-09-01T06:25:16-05:00,FILTER_01_DIFF_PRESSURE,HIGH_DIFF_PRESSURE,MEDIUM,High diff pressure,1.83
EVT-00006650,2026-09-08T20:56:05-05:00,FILTER_01_DIFF_PRESSURE,HIGH_DIFF_PRESSURE,MEDIUM,High diff pressure,2.20
EVT-00006651,2026-09-16T09:40:08-05:00,PUMP_01_FLOW,LOW_FLOW,CRITICAL,Low flow,10.35
EVT-00006652,2026-09-19T18:15:22-05:00,FILLER_01_CYCLE_FAULT,CYCLE_FAULT,HIGH,Cycle fault,1.00
EVT-00006653,2026-09-20T06:48:51-05:00,FILLER_01_CYCLE_FAULT,CYCLE_FAULT,HIGH,Cycle fault,1.00
EVT-00006654,2026-09-26T19:20:41-05:00,TANK_IN_01_LEVEL,LOW_LEVEL,HIGH,Low level,7.89
EVT-00006655,2026-09-01T21:33:25-05:00,FILTER_01_DIFF_PRESSURE,HIGH_DIFF_PRESSURE,MEDIUM,High diff pressure,3.00
EVT-00006656,2026-09-15T13:04:21-05:00,FILTER_01_DIFF_PRESSURE,HIGH_DIFF_PRESSURE,MEDIUM,High diff pressure,2.22
EVT-00006657,2026-09-01T16:51:46-05:00,TANK_IN_01_LEVEL,LOW_LEVEL,HIGH,Low level,13.07
EVT-00006658,2026-09-22T09:59:20-05:00,TANK_OUT_01_LEVEL,LOW_LEVEL,HIGH,Low level,6.10
EVT-00006659,2026-09-01T19:09:43-05:00,FILTER_01_DIFF_PRESSURE,HIGH_DIFF_PRESSURE,MEDIUM,High diff pressure,2.22
EVT-00006660,2026-09-03T07:44:59-05:00,COMPRESSOR_01_PRESSURE,LOW_PRESSURE,HIGH,Low pressure,3.67
EVT-00006661,2026-09-11T07:40:59-05:00,COMPRESSOR_01_PRESSURE,LOW_PRESSURE,HIGH,Low pressure,4.39
EVT-00006662,2026-09-21T12:43:27-05:00,TANK_OUT_01_LEVEL,HIGH_LEVEL,MEDIUM,High level,98.10
EVT-00006663,2026-09-17T08:34:34-05:00,PUMP_01_MOTOR_FAULT,MOTOR_FAULT,CRITICAL,Motor fault,1.00
EVT-00006664,2026-09-01T09:26:33-05:00,PUMP_01_FLOW,LOW_FLOW,HIGH,Low flow,14.02
EVT-00006665,2026-09-28T18:06:03-05:00,PUMP_01_MOTOR_FAULT,MOTOR_FAULT,CRITICAL,Motor fault,1.00
EVT-00006666,2026-09-07T11:53:49-05:00,TANK_IN_01_LEVEL,LOW_LEVEL,HIGH,Low level,5.89
EVT-00006667,2026-09-22T06:32:44-05:00,FILTER_01_DIFF_PRESSURE,HIGH_DIFF_PRESSURE,MEDIUM,High diff pressure,2.74
EVT-00006668,2026-09-29T17:03:14-05:00,FILTER_01_DIFF_PRESSURE,HIGH_DIFF_PRESSURE,MEDIUM,High diff pressure,2.24
EVT-00006669,2026-09-15T21:42:52-05:00,FILTER_01_DIFF_PRESSURE,HIGH_DIFF_PRESSURE,MEDIUM,High diff pressure,2.63
EVT-00006670,2026-09-08T19:02:11-05:00,FILTER_01_DIFF_PRESSURE,HIGH_DIFF_PRESSURE,MEDIUM,High diff pressure,1.73
EVT-00006671,2026-09-18T08:30:40-05:00,TANK_IN_01_LEVEL,HIGH_LEVEL,MEDIUM,High level,93.73
EVT-00006672,2026-09-24T06:17:30-05:00,COMPRESSOR_01_PRESSURE,LOW_PRESSURE,HIGH,Low pressure,1.71
EVT-00006673,2026-09-18T07:40:03-05:00,FILLER_01_PRESSURE,LOW_PRESSURE,HIGH,Low pressure,1.86
EVT-00006674,2026-09-30T08:30:29-05:00,TANK_OUT_01_LEVEL,LOW_LEVEL,HIGH,Low level,5.55
EVT-00006675,2026-09-20T19:57:49-05:00,TANK_OUT_01_LEVEL,LOW_LEVEL,HIGH,Low level,6.91
EVT-00006676,2026-09-05T13:07:09-05:00,COMPRESSOR_01_PRESSURE,LOW_PRESSURE,HIGH,Low pressure,1.72
EVT-00006677,2026-09-12T15:07:00-05:00,TANK_IN_01_LEVEL,LOW_LEVEL,HIGH,Low level,2.43
EVT-00006678,2026-09-23T11:54:43-05:00,TANK_OUT_01_LEVEL,LOW_LEVEL,HIGH,Low level,3.78
EVT-00006679,2026-09-26T12:31:35-05:00,FILTER_01_PRESSURE,HIGH_PRESSURE,HIGH,High pressure,7.08
EVT-00006680,2026-09-08T10:02:46-05:00,FILTER_01_DIFF_PRESSURE,HIGH_DIFF_PRESSURE,MEDIUM,High diff pressure,2.48
EVT-00006681,2026-09-01T06:09:11-05:00,COMPRESSOR_01_TEMP,HIGH_TEMPERATURE,HIGH,High temperature,108.06
EVT-00006682,2026-09-20T07:43:26-05:00,TANK_IN_01_LEVEL,LOW_LEVEL,HIGH,Low level,12.46
EVT-00006683,2026-09-18T18:45:55-05:00,COMPRESSOR_01_PRESSURE,LOW_PRESSURE,HIGH,Low pressure,2.69
EVT-00006684,2026-09-04T18:29:58-05:00,TANK_IN_01_LEVEL,HIGH_LEVEL,MEDIUM,High level,95.28
EVT-00006685,2026-09-21T09:12:59-05:00,COMPRESSOR_01_PRESSURE,LOW_PRESSURE,HIGH,Low pressure,4.23
EVT-00006686,2026-09-12T16:16:32-05:00,COMPRESSOR_01_TEMP,HIGH_TEMPERATURE,HIGH,High temperature,96.73
EVT-00006687,2026-09-22T08:04:58-05:00,FILTER_01_DIFF_PRESSURE,HIGH_DIFF_PRESSURE,MEDIUM,High diff pressure,1.68
EVT-00006688,2026-09-20T09:08:50-05:00,TANK_IN_01_LEVEL,LOW_LEVEL,HIGH,Low level,5.48
EVT-00006689,2026-09-14T13:26:04-05:00,TANK_IN_01_LEVEL,LOW_LEVEL,HIGH,Low level,1.48
EVT-00006690,2026-09-05T16:13:22-05:00,TANK_IN_01_LEVEL,LOW_LEVEL,HIGH,Low level,5.96
EVT-00006691,2026-09-15T07:34:39-05:00,TANK_OUT_01_LEVEL,LOW_LEVEL,HIGH,Low level,1.60
EVT-00006692,2026-09-29T19:34:26-05:00,TANK_IN_01_LEVEL,LOW_LEVEL,HIGH,Low level,4.59
EVT-00006693,2026-09-29T08:18:53-05:00,PUMP_01_FLOW,LOW_FLOW,HIGH,Low flow,12.62
EVT-00006694,2026-09-30T17:25:00-05:00,FILLER_01_CYCLE_FAULT,CYCLE_FAULT,HIGH,Cycle fault,1.00
EVT-00006695,2026-09-03T08:16:38-05:00,TANK_IN_01_LEVEL,LOW_LEVEL,HIGH,Low level,1.60
EVT-00006696,2026-09-09T15:41:28-05:00,FILLER_01_PRESSURE,LOW_PRESSURE,HIGH,Low pressure,1.05
EVT-00006697,2026-09-24T13:49:00-05:00,TANK_IN_01_LEVEL,LOW_LEVEL,HIGH,Low level,9.91
EVT-00006698,2026-09-08T20:50:05-05:00,FILLER_01_CYCLE_FAULT,CYCLE_FAULT,HIGH,Cycle fault,1.00
EVT-00006699,2026-09-01T21:56:04-05:00,FILTER_01_DIFF_PRESSURE,HIGH_DIFF_PRESSURE,MEDIUM,High diff pressure,2.38
EVT-00006700,2026-09-29T08:37:38-05:00,FILLER_01_PRESSURE,LOW_PRESSURE,HIGH,Low pressure,1.22
EVT-00006701,2026-09-08T21:30:45-05:00,FILTER_01_DIFF_PRESSURE,HIGH_DIFF_PRESSURE,MEDIUM,High diff pressure,0.5
EVT-00006702,2026-09-01T07:56:57-05:00,FILTER_01_DIFF_PRESSURE,HIGH_DIFF_PRESSURE,MEDIUM,High diff pressure,1.82
EVT-00006703,2026-09-01T12:39:42-05:00,FILTER_01_DIFF_PRESSURE,HIGH_DIFF_PRESSURE,MEDIUM,High diff pressure,2.87
EVT-00006704,2026-09-26T17:23:40-05:00,FILLER_01_PRESSURE,LOW_PRESSURE,HIGH,Low pressure,0.62
EVT-00006705,2026-09-10T14:57:11-05:00,COMPRESSOR_01_PRESSURE,LOW_PRESSURE,HIGH,Low pressure,1.76
EVT-00006706,2026-09-12T16:09:50-05:00,PUMP_01_MOTOR_FAULT,MOTOR_FAULT,CRITICAL,Motor fault,1.00
EVT-00006707,2026-09-14T15:44:05-05:00,TANK_IN_01_LEVEL,LOW_LEVEL,HIGH,Low level,4.46
EVT-00006708,2026-09-11T19:46:41-05:00,PUMP_01_FLOW,LOW_FLOW,HIGH,Low flow,3.07
EVT-00006709,2026-09-05T21:02:16-05:00,FILLER_01_CYCLE_FAULT,CYCLE_FAULT,HIGH,Cycle fault,1.00
EVT-00006710,2026-09-06T13:10:36-05:00,FILLER_01_PRESSURE,LOW_PRESSURE,HIGH,Low pressure,1.25
EVT-00006711,2026-09-17T13:08:09-05:00,COMPRESSOR_01_TEMP,HIGH_TEMPERATURE,HIGH,High temperature,113.13
EVT-00006712,2026-09-13T12:23:28-05:00,FILLER_01_PRESSURE,LOW_PRESSURE,HIGH,Low pressure,1.88
EVT-00006713,2026-09-05T21:34:53-05:00,FILLER_01_CYCLE_FAULT,CYCLE_FAULT,HIGH,Cycle fault,1.00
EVT-00006714,2026-09-01T17:18:44-05:00,FILTER_01_DIFF_PRESSURE,HIGH_DIFF_PRESSURE,MEDIUM,High diff pressure,2.73
EVT-00006715,2026-09-14T21:30:56-05:00,COMPRESSOR_01_PRESSURE,LOW_PRESSURE,HIGH,Low pressure,3.79
EVT-00006716,2026-09-15T20:23:00-05:00,FILTER_01_DIFF_PRESSURE,HIGH_DIFF_PRESSURE,MEDIUM,High diff pressure,2.35
EVT-00006717,2026-09-27T07:27:56-05:00,FILTER_01_PRESSURE,HIGH_PRESSURE,HIGH,High pressure,6.91
EVT-00006718,2026-09-21T09:46:51-05:00,TANK_OUT_01_LEVEL,HIGH_LEVEL,MEDIUM,High level,94.70
EVT-00006719,2026-09-14T07:58:53-05:00,TANK_IN_01_LEVEL,LOW_LEVEL,HIGH,Low level,11.45
EVT-00006720,2026-09-29T14:47:58-05:00,FILTER_01_DIFF_PRESSURE,HIGH_DIFF_PRESSURE,MEDIUM,High diff pressure,2.37
EVT-00006721,2026-09-05T10:17:00-05:00,COMPRESSOR_01_TEMP,HIGH_TEMPERATURE,HIGH,High temperature,108.82
EVT-00006722,2026-09-26T09:48:48-05:00,CONVEYOR_01_MOTOR_TEMP,HIGH_TEMPERATURE,LOW,High temperature,77.29
EVT-00006723,2026-09-24T13:37:57-05:00,TANK_IN_01_LEVEL,LOW_LEVEL,HIGH,Low level,8.74
EVT-00006724,2026-09-04T08:44:43-05:00,TANK_OUT_01_LEVEL,LOW_LEVEL,HIGH,Low level,2.77
EVT-00006725,2026-09-22T21:21:18-05:00,FILTER_01_DIFF_PRESSURE,HIGH_DIFF_PRESSURE,MEDIUM,High diff pressure,2.24
EVT-00006726,2026-09-25T12:29:09-05:00,TANK_OUT_01_LEVEL,HIGH_LEVEL,MEDIUM,High level,92.67
EVT-00006727,2026-09-29T20:18:08-05:00,FILTER_01_DIFF_PRESSURE,HIGH_DIFF_PRESSURE,MEDIUM,High diff pressure,2.04
EVT-00006728,2026-09-13T18:00:48-05:00,TANK_IN_01_LEVEL,LOW_LEVEL,HIGH,Low level,6.66
EVT-00006729,2026-09-21T20:53:52-05:00,CONVEYOR_01_JAM,JAM,MEDIUM,Jam,1.00
EVT-00006730,2026-09-04T18:12:27-05:00,FILLER_01_CYCLE_FAULT,CYCLE_FAULT,HIGH,Cycle fault,1.00
EVT-00006731,2026-09-18T16:01:13-05:00,FILLER_01_CYCLE_FAULT,CYCLE_FAULT,HIGH,Cycle fault,1.00
EVT-00006732,2026-09-15T10:32:03-05:00,TANK_OUT_01_LEVEL,LOW_LEVEL,HIGH,Low level,1.05
EVT-00006733,2026-09-14T10:15:02-05:00,CONVEYOR_01_MOTOR_TEMP,HIGH_TEMPERATURE,LOW,High temperature,77.28
EVT-00006734,2026-09-22T16:40:53-05:00,PUMP_01_FLOW,LOW_FLOW,HIGH,Low flow,17.15
EVT-00006735,2026-09-29T20:40:41-05:00,FILTER_01_DIFF_PRESSURE,HIGH_DIFF_PRESSURE,MEDIUM,High diff pressure,2.05
EVT-00006736,2026-09-17T15:24:30-05:00,FILLER_01_PRESSURE,LOW_PRESSURE,HIGH,Low pressure,0.80
EVT-00006737,2026-09-14T15:46:22-05:00,TANK_OUT_01_LEVEL,HIGH_LEVEL,MEDIUM,High level,91.23
EVT-00006738,2026-09-13T10:43:37-05:00,COMPRESSOR_01_TEMP,HIGH_TEMPERATURE,HIGH,High temperature,96.74
EVT-00006739,2026-09-01T20:51:53-05:00,FILTER_01_DIFF_PRESSURE,HIGH_DIFF_PRESSURE,MEDIUM,High diff pressure,1.85
EVT-00006740,2026-09-06T07:39:30-05:00,COMPRESSOR_01_TEMP,HIGH_TEMPERATURE,HIGH,High temperature,102.59
EVT-00006741,2026-09-12T11:39:41-05:00,CONVEYOR_01_JAM,JAM,MEDIUM,Jam,1.00
EVT-00006742,2026-09-09T07:29:51-05:00,FILLER_01_PRESSURE,LOW_PRESSURE,HIGH,Low pressure,0.57
EVT-00006743,2026-09-01T08:09:23-05:00,PUMP_01_MOTOR_FAULT,MOTOR_FAULT,CRITICAL,Motor fault,1.00
EVT-00006744,2026-09-20T19:32:37-05:00,TANK_IN_01_LEVEL,LOW_LEVEL,HIGH,Low level,11.81
EVT-00006745,2026-09-08T15:02:29-05:00,FILTER_01_DIFF_PRESSURE,HIGH_DIFF_PRESSURE,MEDIUM,High diff pressure,1.96
EVT-00006746,2026-09-24T17:41:04-05:00,TANK_IN_01_LEVEL,HIGH_LEVEL,MEDIUM,High level,96.17
EVT-00006747,2026-09-01T09:41:19-05:00,FILTER_01_DIFF_PRESSURE,HIGH_DIFF_PRESSURE,MEDIUM,High diff pressure,2.01
EVT-00006748,2026-09-23T09:40:14-05:00,TANK_IN_01_LEVEL,LOW_LEVEL,HIGH,Low level,3.15
EVT-00006749,2026-09-18T21:04:28-05:00,TANK_OUT_01_LEVEL,HIGH_LEVEL,MEDIUM,High level,97.06
EVT-00006750,2026-09-30T06:54:03-05:00,FILLER_01_PRESSURE,LOW_PRESSURE,HIGH,Low pressure,0.30
EVT-00006751,2026-09-09T06:35:25-05:00,TANK_IN_01_LEVEL,LOW_LEVEL,CRITICAL,Low level,1.27
EVT-00006752,2026-09-30T14:38:39-05:00,PUMP_01_FLOW,LOW_FLOW,HIGH,Low flow,17.65
EVT-00006753,2026-09-04T19:39:25-05:00,TANK_IN_01_LEVEL,HIGH_LEVEL,MEDIUM,High level,98.06
EVT-00006754,2026-09-04T16:44:06-05:00,TANK_OUT_01_LEVEL,LOW_LEVEL,HIGH,Low level,10.55
EVT-00006755,2026-09-18T13:33:13-05:00,FILLER_01_CYCLE_FAULT,CYCLE_FAULT,HIGH,Cycle fault,1.00
EVT-00006756,2026-09-04T17:28:30-05:00,FILLER_01_CYCLE_FAULT,CYCLE_FAULT,HIGH,Cycle fault,1.00
EVT-00006757,2026-09-05T19:50:44-05:00,COMPRESSOR_01_PRESSURE,LOW_PRESSURE,HIGH,Low pressure,2.81
EVT-00006758,2026-09-20T19:40:34-05:00,FILLER_01_PRESSURE,LOW_PRESSURE,HIGH,Low pressure,0.23
EVT-00006759,2026-09-09T07:47:36-05:00,FILLER_01_PRESSURE,LOW_PRESSURE,HIGH,Low pressure,1.58
EVT-00006760,2026-09-28T17:34:49-05:00,FILLER_01_PRESSURE,LOW_PRESSURE,HIGH,Low pressure,1.29
EVT-00006761,2026-09-11T21:47:21-05:00,CONVEYOR_01_JAM,JAM,MEDIUM,Jam,1.00
EVT-00006762,2026-09-21T08:11:35-05:00,COMPRESSOR_01_PRESSURE,LOW_PRESSURE,HIGH,Low pressure,1.39
EVT-00006763,2026-09-15T12:12:09-05:00,PUMP_01_FLOW,LOW_FLOW,HIGH,Low flow,5.57
EVT-00006764,2026-09-08T18:51:19-05:00,FILTER_01_DIFF_PRESSURE,HIGH_DIFF_PRESSURE,MEDIUM,High diff pressure,1.90
EVT-00006765,2026-09-30T09:01:49-05:00,TANK_IN_01_LEVEL,LOW_LEVEL,HIGH,Low level,12.43
EVT-00006766,2026-09-28T21:14:21-05:00,TANK_OUT_01_LEVEL,LOW_LEVEL,HIGH,Low level,10.08
EVT-00006767,2026-09-01T14:35:11-05:00,TANK_OUT_01_LEVEL,LOW_LEVEL,HIGH,Low level,3.81
EVT-00006768,2026-09-20T19:50:37-05:00,FILLER_01_CYCLE_FAULT,CYCLE_FAULT,HIGH,Cycle fault,1.00
EVT-00006769,2026-09-15T08:02:16-05:00,FILLER_01_PRESSURE,LOW_PRESSURE,HIGH,Low pressure,1.16
EVT-00006770,2026-09-01T16:03:30-05:00,TANK_IN_01_LEVEL,HIGH_LEVEL,MEDIUM,High level,98.06
EVT-00006771,2026-09-25T17:12:21-05:00,TANK_OUT_01_LEVEL,LOW_LEVEL,HIGH,Low level,10.62
EVT-00006772,2026-09-05T08:21:45-05:00,COMPRESSOR_01_TEMP,HIGH_TEMPERATURE,HIGH,High temperature,104.30
EVT-00006773,2026-09-29T19:48:07-05:00,FILLER_01_PRESSURE,LOW_PRESSURE,HIGH,Low pressure,1.60
EVT-00006774,2026-09-13T10:34:30-05:00,FILLER_01_PRESSURE,LOW_PRESSURE,HIGH,Low pressure,1.33
EVT-00006775,2026-09-04T15:44:52-05:00,TANK_OUT_01_LEVEL,LOW_LEVEL,HIGH,Low level,5.05
EVT-00006776,2026-09-27T10:07:36-05:00,TANK_OUT_01_LEVEL,LOW_LEVEL,HIGH,Low level,1.82
EVT-00006777,2026-09-22T16:11:17-05:00,FILTER_01_DIFF_PRESSURE,HIGH_DIFF_PRESSURE,MEDIUM,High diff pressure,1.87
EVT-00006778,2026-09-01T09:18:51-05:00,COMPRESSOR_01_PRESSURE,LOW_PRESSURE,HIGH,Low pressure,2.46
EVT-00006779,2026-09-22T19:09:29-05:00,TANK_OUT_01_LEVEL,LOW_LEVEL,HIGH,Low level,12.24
EVT-00006780,2026-09-15T14:28:28-05:00,FILTER_01_DIFF_PRESSURE,HIGH_DIFF_PRESSURE,MEDIUM,High diff pressure,2.88
EVT-00006781,2026-09-06T17:51:25-05:00,TANK_IN_01_LEVEL,LOW_LEVEL,HIGH,Low level,6.26
EVT-00006782,2026-09-10T09:32:04-05:00,FILLER_01_PRESSURE,LOW_PRESSURE,HIGH,Low pressure,0.44
EVT-00006783,2026-09-13T09:23:24-05:00,PUMP_01_FLOW,LOW_FLOW,HIGH,Low flow,4.32
EVT-00006784,2026-09-04T13:06:45-05:00,COMPRESSOR_01_TEMP,HIGH_TEMPERATURE,HIGH,High temperature,119.96
EVT-00006785,2026-09-13T16:58:03-05:00,TANK_IN_01_LEVEL,LOW_LEVEL,HIGH,Low level,8.83
EVT-00006786,2026-09-28T14:17:57-05:00,TANK_OUT_01_LEVEL,LOW_LEVEL,HIGH,Low level,6.31
EVT-00006787,2026-09-22T06:21:45-05:00,FILTER_01_DIFF_PRESSURE,HIGH_DIFF_PRESSURE,MEDIUM,High diff pressure,2.59
EVT-00006788,2026-09-22T18:25:37-05:00,CONVEYOR_01_JAM,JAM,MEDIUM,Jam,1.00
EVT-00006789,2026-09-20T18:33:45-05:00,TANK_IN_01_LEVEL,LOW_LEVEL,HIGH,Low level,3.42
EVT-00006790,2026-09-28T12:38:19-05:00,PUMP_01_MOTOR_FAULT,MOTOR_FAULT,CRITICAL,Motor fault,1.00
EVT-00006791,2026-09-02T19:23:41-05:00,TANK_IN_01_LEVEL,LOW_LEVEL,HIGH,Low level,3.36
EVT-00006792,2026-09-29T11:25:42-05:00,CONVEYOR_01_JAM,JAM,MEDIUM,Jam,1.00
EVT-00006793,2026-09-01T14:44:39-05:00,FILTER_01_DIFF_PRESSURE,HIGH_DIFF_PRESSURE,MEDIUM,High diff pressure,1.62
EVT-00006794,2026-09-12T06:50:42-05:00,PUMP_01_FLOW,LOW_FLOW,HIGH,Low flow,17.65
EVT-00006795,2026-09-25T10:41:50-05:00,FILLER_01_PRESSURE,LOW_PRESSURE,HIGH,Low pressure,0.50
EVT-00006796,2026-09-08T18:47:39-05:00,FILTER_01_DIFF_PRESSURE,HIGH_DIFF_PRESSURE,MEDIUM,High diff pressure,1.88
EVT-00006797,2026-09-28T10:02:37-05:00,FILLER_01_PRESSURE,LOW_PRESSURE,HIGH,Low pressure,1.57
EVT-00006798,2026-09-18T21:34:11-05:00,PUMP_01_FLOW,LOW_FLOW,HIGH,Low flow,6.99
EVT-00006799,2026-09-08T06:25:45-05:00,TANK_OUT_01_LEVEL,LOW_LEVEL,HIGH,Low level,1.20
EVT-00006800,2026-09-01T19:26:44-05:00,FILTER_01_DIFF_PRESSURE,HIGH_DIFF_PRESSURE,MEDIUM,High diff pressure,2.68
EVT-00006801,2026-09-26T07:21:28-05:00,TANK_OUT_01_LEVEL,HIGH_LEVEL,MEDIUM,High level,89
EVT-00006802,2026-09-08T06:51:10-05:00,FILTER_01_DIFF_PRESSURE,HIGH_DIFF_PRESSURE,MEDIUM,High diff pressure,1.97
EVT-00006803,2026-09-30T07:17:50-05:00,TANK_IN_01_LEVEL,HIGH_LEVEL,MEDIUM,High level,94.86
EVT-00006804,2026-09-12T19:54:06-05:00,FILTER_01_PRESSURE,HIGH_PRESSURE,HIGH,High pressure,8.91
EVT-00006805,2026-09-23T11:17:37-05:00,COMPRESSOR_01_TEMP,HIGH_TEMPERATURE,HIGH,High temperature,112.55
EVT-00006806,2026-09-08T10:12:24-05:00,FILLER_01_PRESSURE,LOW_PRESSURE,HIGH,Low pressure,1.80
EVT-00006807,2026-09-20T21:42:04-05:00,CONVEYOR_01_MOTOR_TEMP,HIGH_TEMPERATURE,LOW,High temperature,77.75
EVT-00006808,2026-09-18T07:39:05-05:00,PUMP_01_FLOW,LOW_FLOW,HIGH,Low flow,2.91
EVT-00006809,2026-09-01T20:55:51-05:00,TANK_IN_01_LEVEL,LOW_LEVEL,HIGH,Low level,3.42
EVT-00006810,2026-09-09T15:04:40-05:00,COMPRESSOR_01_PRESSURE,LOW_PRESSURE,HIGH,Low pressure,3.15
EVT-00006811,2026-09-05T14:55:50-05:00,PUMP_01_MOTOR_FAULT,MOTOR_FAULT,CRITICAL,Motor fault,1.00
EVT-00006812,2026-09-04T11:49:35-05:00,CONVEYOR_01_MOTOR_TEMP,HIGH_TEMPERATURE,LOW,High temperature,80.67
EVT-00006813,2026-09-11T11:50:33-05:00,PUMP_01_MOTOR_FAULT,MOTOR_FAULT,CRITICAL,Motor fault,1.00
EVT-00006814,2026-09-25T07:23:24-05:00,PUMP_01_FLOW,LOW_FLOW,HIGH,Low flow,10.19
EVT-00006815,2026-09-11T20:41:39-05:00,COMPRESSOR_01_PRESSURE,LOW_PRESSURE,HIGH,Low pressure,1.50
EVT-00006816,2026-09-19T12:46:26-05:00,PUMP_01_FLOW,LOW_FLOW,HIGH,Low flow,16.66
EVT-00006817,2026-09-17T07:47:32-05:00,TANK_OUT_01_LEVEL,LOW_LEVEL,HIGH,Low level,7.99
EVT-00006818,2026-09-08T12:51:06-05:00,FILTER_01_DIFF_PRESSURE,HIGH_DIFF_PRESSURE,MEDIUM,High diff pressure,1.71
EVT-00006819,2026-09-26T16:53:47-05:00,FILLER_01_CYCLE_FAULT,CYCLE_FAULT,HIGH,Cycle fault,1.00
EVT-00006820,2026-09-24T12:58:43-05:00,PUMP_01_FLOW,LOW_FLOW,HIGH,Low flow,1.38
EVT-00006821,2026-09-26T11:19:43-05:00,PUMP_01_FLOW,LOW_FLOW,HIGH,Low flow,9.91
EVT-00006822,2026-09-27T12:43:55-05:00,FILLER_01_CYCLE_FAULT,CYCLE_FAULT,HIGH,Cycle fault,1.00
EVT-00006823,2026-09-22T14:31:47-05:00,FILTER_01_DIFF_PRESSURE,HIGH_DIFF_PRESSURE,MEDIUM,High diff pressure,1.96
EVT-00006824,2026-09-03T14:02:16-05:00,TANK_IN_01_LEVEL,LOW_LEVEL,HIGH,Low level,3.08
EVT-00006825,2026-09-07T07:06:47-05:00,TANK_IN_01_LEVEL,LOW_LEVEL,HIGH,Low level,11.24
EVT-00006826,2026-09-12T12:59:43-05:00,FILTER_01_PRESSURE,HIGH_PRESSURE,HIGH,High pressure,7.44
EVT-00006827,2026-09-16T15:40:36-05:00,FILLER_01_CYCLE_FAULT,CYCLE_FAULT,HIGH,Cycle fault,1.00
EVT-00006828,2026-09-24T07:06:50-05:00,FILTER_01_PRESSURE,HIGH_PRESSURE,HIGH,High pressure,7.20
EVT-00006829,2026-09-11T11:35:12-05:00,TANK_IN_01_LEVEL,HIGH_LEVEL,MEDIUM,High level,93.33
EVT-00006830,2026-09-25T09:22:50-05:00,TANK_OUT_01_LEVEL,LOW_LEVEL,HIGH,Low level,10.05
EVT-00006831,2026-09-01T21:18:05-05:00,FILTER_01_DIFF_PRESSURE,HIGH_DIFF_PRESSURE,MEDIUM,High diff pressure,2.37
EVT-00006832,2026-09-11T18:50:47-05:00,TANK_OUT_01_LEVEL,LOW_LEVEL,HIGH,Low level,10.40
EVT-00006833,2026-09-13T06:54:24-05:00,FILLER_01_PRESSURE,LOW_PRESSURE,HIGH,Low pressure,0.51
EVT-00006834,2026-09-11T10:43:30-05:00,TANK_OUT_01_LEVEL,LOW_LEVEL,HIGH,Low level,9.07
EVT-00006835,2026-09-13T08:41:06-05:00,FILLER_01_PRESSURE,LOW_PRESSURE,HIGH,Low pressure,1.25
EVT-00006836,2026-09-17T21:10:50-05:00,PUMP_01_FLOW,LOW_FLOW,HIGH,Low flow,7.14
EVT-00006837,2026-09-15T13:35:03-05:00,COMPRESSOR_01_TEMP,HIGH_TEMPERATURE,HIGH,High temperature,113.55
EVT-00006838,2026-09-01T14:06:24-05:00,PUMP_01_MOTOR_FAULT,MOTOR_FAULT,CRITICAL,Motor fault,1.00
EVT-00006839,2026-09-05T14:42:21-05:00,FILLER_01_PRESSURE,LOW_PRESSURE,HIGH,Low pressure,0.27
EVT-00006840,2026-09-23T09:45:34-05:00,CONVEYOR_01_MOTOR_TEMP,HIGH_TEMPERATURE,LOW,High temperature,77.92
EVT-00006841,2026-09-18T13:17:52-05:00,PUMP_01_FLOW,LOW_FLOW,HIGH,Low flow,10.74
EVT-00006842,2026-09-08T12:31:10-05:00,FILTER_01_DIFF_PRESSURE,HIGH_DIFF_PRESSURE,MEDIUM,High diff pressure,1.92
EVT-00006843,2026-09-17T13:51:01-05:00,PUMP_01_FLOW,LOW_FLOW,HIGH,Low flow,15.78
EVT-00006844,2026-09-16T17:03:25-05:00,TANK_OUT_01_LEVEL,LOW_LEVEL,HIGH,Low level,2.06
EVT-00006845,2026-09-01T20:30:53-05:00,FILTER_01_DIFF_PRESSURE,HIGH_DIFF_PRESSURE,MEDIUM,High diff pressure,2.27
EVT-00006846,2026-09-30T15:31:36-05:00,TANK_OUT_01_LEVEL,LOW_LEVEL,HIGH,Low level,9.05
EVT-00006847,2026-09-08T09:12:38-05:00,TANK_OUT_01_LEVEL,HIGH_LEVEL,MEDIUM,High level,91.58
EVT-00006848,2026-09-25T12:44:42-05:00,FILLER_01_PRESSURE,LOW_PRESSURE,HIGH,Low pressure,0.70
EVT-00006849,2026-09-12T20:20:55-05:00,PUMP_01_MOTOR_FAULT,MOTOR_FAULT,CRITICAL,Motor fault,1.00
EVT-00006850,2026-09-27T16:59:42-05:00,FILLER_01_PRESSURE,LOW_PRESSURE,HIGH,Low pressure,0.47
EVT-00006851,2026-09-19T13:36:41-05:00,FILTER_01_PRESSURE,HIGH_PRESSURE,CRITICAL,High pressure,6.52
EVT-00006852,2026-09-11T16:51:11-05:00,COMPRESSOR_01_PRESSURE,LOW_PRESSURE,HIGH,Low pressure,3.30
EVT-00006853,2026-09-15T20:08:09-05:00,FILTER_01_DIFF_PRESSURE,HIGH_DIFF_PRESSURE,MEDIUM,High diff pressure,1.62
EVT-00006854,2026-09-15T13:29:27-05:00,FILTER_01_DIFF_PRESSURE,HIGH_DIFF_PRESSURE,MEDIUM,High diff pressure,2.75
EVT-00006855,2026-09-16T15:06:20-05:00,TANK_IN_01_LEVEL,LOW_LEVEL,HIGH,Low level,13.19
EVT-00006856,2026-09-16T18:56:15-05:00,COMPRESSOR_01_PRESSURE,LOW_PRESSURE,HIGH,Low pressure,2.73
EVT-00006857,2026-09-08T13:56:35-05:00,FILTER_01_DIFF_PRESSURE,HIGH_DIFF_PRESSURE,MEDIUM,High diff pressure,1.79
EVT-00006858,2026-09-28T06:30:10-05:00,TANK_OUT_01_LEVEL,HIGH_LEVEL,MEDIUM,High level,93.47
EVT-00006859,2026-09-17T10:43:37-05:00,CONVEYOR_01_JAM,JAM,MEDIUM,Jam,1.00
EVT-00006860,2026-09-16T09:49:26-05:00,CONVEYOR_01_JAM,JAM,MEDIUM,Jam,1.00
EVT-00006861,2026-09-05T14:17:27-05:00,FILLER_01_CYCLE_FAULT,CYCLE_FAULT,HIGH,Cycle fault,1.00
EVT-00006862,2026-09-23T09:12:18-05:00,PUMP_01_FLOW,LOW_FLOW,HIGH,Low flow,4.59
EVT-00006863,2026-09-05T14:46:37-05:00,COMPRESSOR_01_PRESSURE,LOW_PRESSURE,HIGH,Low pressure,1.52
EVT-00006864,2026-09-03T21:13:02-05:00,TANK_IN_01_LEVEL,HIGH_LEVEL,MEDIUM,High level,95.75
EVT-00006865,2026-09-21T14:55:18-05:00,CONVEYOR_01_JAM,JAM,MEDIUM,Jam,1.00
EVT-00006866,2026-09-16T07:56:26-05:00,FILLER_01_PRESSURE,LOW_PRESSURE,HIGH,Low pressure,1.18
EVT-00006867,2026-09-25T11:21:42-05:00,PUMP_01_FLOW,LOW_FLOW,HIGH,Low flow,4.22
EVT-00006868,2026-09-18T12:46:16-05:00,FILLER_01_PRESSURE,LOW_PRESSURE,HIGH,Low pressure,0.39
EVT-00006869,2026-09-29T13:21:26-05:00,FILTER_01_DIFF_PRESSURE,HIGH_DIFF_PRESSURE,MEDIUM,High diff pressure,2.19
EVT-00006870,2026-09-06T07:53:07-05:00,TANK_IN_01_LEVEL,LOW_LEVEL,HIGH,Low level,9.70
EVT-00006871,2026-09-01T09:46:27-05:00,COMPRESSOR_01_PRESSURE,LOW_PRESSURE,HIGH,Low pressure,3.99
EVT-00006872,2026-09-06T09:24:27-05:00,CONVEYOR_01_MOTOR_TEMP,HIGH_TEMPERATURE,LOW,High temperature,71.60
EVT-00006873,2026-09-24T13:31:20-05:00,COMPRESSOR_01_PRESSURE,LOW_PRESSURE,HIGH,Low pressure,3.91
EVT-00006874,2026-09-01T07:44:28-05:00,CONVEYOR_01_JAM,JAM,MEDIUM,Jam,1.00
EVT-00006875,2026-09-13T10:53:25-05:00,PUMP_01_FLOW,LOW_FLOW,HIGH,Low flow,11.14
EVT-00006876,2026-09-02T13:41:16-05:00,CONVEYOR_01_JAM,JAM,MEDIUM,Jam,1.00
EVT-00006877,2026-09-15T14:27:24-05:00,CONVEYOR_01_MOTOR_TEMP,HIGH_TEMPERATURE,LOW,High temperature,89.09
EVT-00006878,2026-09-01T09:55:58-05:00,COMPRESSOR_01_PRESSURE,LOW_PRESSURE,HIGH,Low pressure,1.41
EVT-00006879,2026-09-08T14:06:46-05:00,FILTER_01_DIFF_PRESSURE,HIGH_DIFF_PRESSURE,MEDIUM,High diff pressure,1.70
EVT-00006880,2026-09-22T06:11:46-05:00,COMPRESSOR_01_PRESSURE,LOW_PRESSURE,HIGH,Low pressure,1.16
EVT-00006881,2026-09-08T09:47:55-05:00,FILTER_01_DIFF_PRESSURE,HIGH_DIFF_PRESSURE,MEDIUM,High diff pressure,2.07
EVT-00006882,2026-09-22T09:20:28-05:00,FILTER_01_DIFF_PRESSURE,HIGH_DIFF_PRESSURE,MEDIUM,High diff pressure,2.24
EVT-00006883,2026-09-13T16:30:51-05:00,COMPRESSOR_01_PRESSURE,LOW_PRESSURE,HIGH,Low pressure,2.14
EVT-00006884,2026-09-28T20:42:55-05:00,CONVEYOR_01_MOTOR_TEMP,HIGH_TEMPERATURE,LOW,High temperature,80.02
EVT-00006885,2026-09-09T20:14:43-05:00,PUMP_01_FLOW,LOW_FLOW,HIGH,Low flow,10.08
EVT-00006886,2026-09-08T16:06:26-05:00,FILTER_01_DIFF_PRESSURE,HIGH_DIFF_PRESSURE,MEDIUM,High diff pressure,1.61
EVT-00006887,2026-09-19T06:35:30-05:00,TANK_OUT_01_LEVEL,LOW_LEVEL,HIGH,Low level,9.14
EVT-00006888,2026-09-11T10:44:06-05:00,FILLER_01_CYCLE_FAULT,CYCLE_FAULT,HIGH,Cycle fault,1.00
EVT-00006889,2026-09-12T17:12:35-05:00,PUMP_01_FLOW,LOW_FLOW,HIGH,Low flow,15.92
EVT-00006890,2026-09-18T11:55:02-05:00,FILLER_01_PRESSURE,LOW_PRESSURE,HIGH,Low pressure,0.37
EVT-00006891,2026-09-08T19:26:16-05:00,FILLER_01_PRESSURE,LOW_PRESSURE,HIGH,Low pressure,1.64
EVT-00006892,2026-09-15T18:45:22-05:00,PUMP_01_FLOW,LOW_FLOW,HIGH,Low flow,4.23
EVT-00006893,2026-09-16T09:16:48-05:00,COMPRESSOR_01_TEMP,HIGH_TEMPERATURE,HIGH,High temperature,118.15
EVT-00006894,2026-09-06T16:25:25-05:00,CONVEYOR_01_MOTOR_TEMP,HIGH_TEMPERATURE,LOW,High temperature,73.41
EVT-00006895,2026-09-08T12:20:10-05:00,CONVEYOR_01_JAM,JAM,MEDIUM,Jam,1.00
EVT-00006896,2026-09-29T20:52:29-05:00,FILTER_01_DIFF_PRESSURE,HIGH_DIFF_PRESSURE,MEDIUM,High diff pressure,2.69
EVT-00006897,2026-09-27T13:50:09-05:00,TANK_IN_01_LEVEL,LOW_LEVEL,HIGH,Low level,9.59
EVT-00006898,2026-09-15T21:00:05-05:00,FILTER_01_DIFF_PRESSURE,HIGH_DIFF_PRESSURE,MEDIUM,High diff pressure,2.03
EVT-00006899,2026-09-08T16:03:59-05:00,FILTER_01_DIFF_PRESSURE,HIGH_DIFF_PRESSURE,MEDIUM,High diff pressure,2.37
EVT-00006900,2026-09-08T16:42:22-05:00,FILTER_01_DIFF_PRESSURE,HIGH_DIFF_PRESSURE,MEDIUM,High diff pressure,2.85
EVT-00006901,2026-09-24T17:24:24-05:00,PUMP_01_MOTOR_FAULT,MOTOR_FAULT,CRITICAL,Motor fault,0
EVT-00006902,2026-09-24T06:00:37-05:00,TANK_IN_01_LEVEL,LOW_LEVEL,HIGH,Low level,11.35
EVT-00006903,2026-09-14T11:29:09-05:00,CONVEYOR_01_MOTOR_TEMP,HIGH_TEMPERATURE,LOW,High temperature,87.71
EVT-00006904,2026-09-24T15:00:50-05:00,TANK_IN_01_LEVEL,LOW_LEVEL,HIGH,Low level,8.44
EVT-00006905,2026-09-28T21:51:24-05:00,FILLER_01_CYCLE_FAULT,CYCLE_FAULT,HIGH,Cycle fault,1.00
EVT-00006906,2026-09-18T06:11:10-05:00,PUMP_01_FLOW,LOW_FLOW,HIGH,Low flow,14.62
EVT-00006907,2026-09-04T16:17:10-05:00,FILLER_01_PRESSURE,LOW_PRESSURE,HIGH,Low pressure,0.53
EVT-00006908,2026-09-06T09:23:20-05:00,TANK_OUT_01_LEVEL,HIGH_LEVEL,MEDIUM,High level,98.90
EVT-00006909,2026-09-12T20:08:17-05:00,TANK_IN_01_LEVEL,LOW_LEVEL,HIGH,Low level,7.12
EVT-00006910,2026-09-08T17:16:52-05:00,COMPRESSOR_01_PRESSURE,LOW_PRESSURE,HIGH,Low pressure,1.16
EVT-00006911,2026-09-29T16:25:14-05:00,FILTER_01_DIFF_PRESSURE,HIGH_DIFF_PRESSURE,MEDIUM,High diff pressure,1.68
EVT-00006912,2026-09-06T08:51:21-05:00,TANK_OUT_01_LEVEL,HIGH_LEVEL,MEDIUM,High level,94.56
EVT-00006913,2026-09-08T09:45:19-05:00,COMPRESSOR_01_PRESSURE,LOW_PRESSURE,HIGH,Low pressure,1.88
EVT-00006914,2026-09-06T10:27:15-05:00,TANK_IN_01_LEVEL,LOW_LEVEL,HIGH,Low level,8.32
EVT-00006915,2026-09-05T20:44:17-05:00,TANK_IN_01_LEVEL,LOW_LEVEL,HIGH,Low level,8.66
EVT-00006916,2026-09-26T12:01:57-05:00,COMPRESSOR_01_PRESSURE,LOW_PRESSURE,HIGH,Low pressure,2.76
EVT-00006917,2026-09-02T08:03:59-05:00,CONVEYOR_01_MOTOR_TEMP,HIGH_TEMPERATURE,LOW,High temperature,83.66
EVT-00006918,2026-09-08T12:08:47-05:00,COMPRESSOR_01_PRESSURE,LOW_PRESSURE,HIGH,Low pressure,2.45
EVT-00006919,2026-09-01T10:06:53-05:00,FILTER_01_DIFF_PRESSURE,HIGH_DIFF_PRESSURE,MEDIUM,High diff pressure,2.63
EVT-00006920,2026-09-27T16:05:32-05:00,TANK_OUT_01_LEVEL,HIGH_LEVEL,MEDIUM,High level,96.73
EVT-00006921,2026-09-08T17:21:20-05:00,FILTER_01_DIFF_PRESSURE,HIGH_DIFF_PRESSURE,MEDIUM,High diff pressure,2.09
EVT-00006922,2026-09-08T09:30:31-05:00,FILLER_01_CYCLE_FAULT,CYCLE_FAULT,HIGH,Cycle fault,1.00
EVT-00006923,2026-09-08T13:10:28-05:00,FILTER_01_DIFF_PRESSURE,HIGH_DIFF_PRESSURE,MEDIUM,High diff pressure,2.01
EVT-00006924,2026-09-05T06:07:54-05:00,TANK_OUT_01_LEVEL,HIGH_LEVEL,MEDIUM,High level,96.50
EVT-00006925,2026-09-19T19:35:30-05:00,TANK_IN_01_LEVEL,LOW_LEVEL,HIGH,Low level,12.02
EVT-00006926,2026-09-08T08:13:44-05:00,COMPRESSOR_01_TEMP,HIGH_TEMPERATURE,HIGH,High temperature,101.17
EVT-00006927,2026-09-26T10:54:19-05:00,CONVEYOR_01_JAM,JAM,MEDIUM,Jam,1.00
EVT-00006928,2026-09-29T16:33:16-05:00,TANK_IN_01_LEVEL,LOW_LEVEL,HIGH,Low level,2.17
EVT-00006929,2026-09-15T19:40:40-05:00,FILTER_01_DIFF_PRESSURE,HIGH_DIFF_PRESSURE,MEDIUM,High diff pressure,2.60
EVT-00006930,2026-09-29T16:56:36-05:00,FILTER_01_DIFF_PRESSURE,HIGH_DIFF_PRESSURE,MEDIUM,High diff pressure,1.94
EVT-00006931,2026-09-04T08:35:48-05:00,COMPRESSOR_01_PRESSURE,LOW_PRESSURE,HIGH,Low pressure,2.24
EVT-00006932,2026-09-13T09:36:21-05:00,COMPRESSOR_01_PRESSURE,LOW_PRESSURE,HIGH,Low pressure,1.38
EVT-00006933,2026-09-10T16:42:15-05:00,FILTER_01_PRESSURE,HIGH_PRESSURE,HIGH,High pressure,8.00
EVT-00006934,2026-09-01T06:16:15-05:00,FILTER_01_DIFF_PRESSURE,HIGH_DIFF_PRESSURE,MEDIUM,High diff pressure,2.58
EVT-00006935,2026-09-25T21:46:57-05:00,PUMP_01_FLOW,LOW_FLOW,HIGH,Low flow,6.49
EVT-00006936,2026-09-19T09:41:53-05:00,FILLER_01_PRESSURE,LOW_PRESSURE,HIGH,Low pressure,1.24
EVT-00006937,2026-09-01T16:40:01-05:00,FILTER_01_DIFF_PRESSURE,HIGH_DIFF_PRESSURE,MEDIUM,High diff pressure,1.93
EVT-00006938,2026-09-15T07:23:01-05:00,PUMP_01_FLOW,LOW_FLOW,HIGH,Low flow,15.39
EVT-00006939,2026-09-16T12:46:44-05:00,PUMP_01_FLOW,LOW_FLOW,HIGH,Low flow,5.75
EVT-00006940,2026-09-05T13:42:37-05:00,FILLER_01_PRESSURE,LOW_PRESSURE,HIGH,Low pressure,0.80
EVT-00006941,2026-09-05T18:09:23-05:00,FILTER_01_PRESSURE,HIGH_PRESSURE,HIGH,High pressure,8.70
EVT-00006942,2026-09-13T10:35:06-05:00,FILLER_01_PRESSURE,LOW_PRESSURE,HIGH,Low pressure,1.08
EVT-00006943,2026-09-29T08:34:57-05:00,TANK_IN_01_LEVEL,HIGH_LEVEL,MEDIUM,High level,98.18
EVT-00006944,2026-09-20T13:45:00-05:00,TANK_IN_01_LEVEL,LOW_LEVEL,HIGH,Low level,3.46
EVT-00006945,2026-09-08T06:28:53-05:00,FILTER_01_DIFF_PRESSURE,HIGH_DIFF_PRESSURE,MEDIUM,High diff pressure,1.61
EVT-00006946,2026-09-06T18:00:43-05:00,TANK_OUT_01_LEVEL,LOW_LEVEL,HIGH,Low level,11.91
EVT-00006947,2026-09-11T21:55:15-05:00,COMPRESSOR_01_PRESSURE,LOW_PRESSURE,HIGH,Low pressure,1.70
EVT-00006948,2026-09-07T09:01:33-05:00,PUMP_01_MOTOR_FAULT,MOTOR_FAULT,CRITICAL,Motor fault,1.00
EVT-00006949,2026-09-23T10:11:31-05:00,TANK_IN_01_LEVEL,LOW_LEVEL,HIGH,Low level,7.79
EVT-00006950,2026-09-15T07:42:46-05:00,FILTER_01_DIFF_PRESSURE,HIGH_DIFF_PRESSURE,MEDIUM,High diff pressure,2.29
EVT-00006951,2026-09-25T08:32:27-05:00,PUMP_01_FLOW,LOW_FLOW,CRITICAL,Low flow,3.05
EVT-00006952,2026-09-04T11:27:08-05:00,TANK_OUT_01_LEVEL,HIGH_LEVEL,MEDIUM,High level,93.43
EVT-00006953,2026-09-02T15:25:09-05:00,FILLER_01_PRESSURE,LOW_PRESSURE,HIGH,Low pressure,1.23
EVT-00006954,2026-09-19T14:23:31-05:00,TANK_OUT_01_LEVEL,LOW_LEVEL,HIGH,Low level,3.86
EVT-00006955,2026-09-20T08:18:33-05:00,PUMP_01_MOTOR_FAULT,MOTOR_FAULT,CRITICAL,Motor fault,1.00
EVT-00006956,2026-09-09T21:39:18-05:00,FILLER_01_PRESSURE,LOW_PRESSURE,HIGH,Low pressure,0.43
EVT-00006957,2026-09-03T15:08:00-05:00,PUMP_01_FLOW,LOW_FLOW,HIGH,Low flow,12.16
EVT-00006958,2026-09-27T10:37:50-05:00,PUMP_01_FLOW,LOW_FLOW,HIGH,Low flow,13.86
EVT-00006959,2026-09-11T18:45:02-05:00,CONVEYOR_01_JAM,JAM,MEDIUM,Jam,1.00
EVT-00006960,2026-09-24T06:08:06-05:00,TANK_OUT_01_LEVEL,HIGH_LEVEL,MEDIUM,High level,94.09
EVT-00006961,2026-09-16T14:58:05-05:00,FILLER_01_CYCLE_FAULT,CYCLE_FAULT,HIGH,Cycle fault,1.00
EVT-00006962,2026-09-22T21:06:03-05:00,FILTER_01_DIFF_PRESSURE,HIGH_DIFF_PRESSURE,MEDIUM,High diff pressure,2.10
EVT-00006963,2026-09-29T10:16:06-05:00,COMPRESSOR_01_PRESSURE,LOW_PRESSURE,HIGH,Low pressure,4.87
EVT-00006964,2026-09-19T16:09:41-05:00,PUMP_01_FLOW,LOW_FLOW,HIGH,Low flow,9.80
EVT-00006965,2026-09-15T21:53:07-05:00,FILTER_01_DIFF_PRESSURE,HIGH_DIFF_PRESSURE,MEDIUM,High diff pressure,1.74
EVT-00006966,2026-09-15T19:02:30-05:00,PUMP_01_FLOW,LOW_FLOW,HIGH,Low flow,12.11
EVT-00006967,2026-09-14T11:00:18-05:00,FILLER_01_PRESSURE,LOW_PRESSURE,HIGH,Low pressure,0.24
EVT-00006968,2026-09-11T17:35:16-05:00,COMPRESSOR_01_PRESSURE,LOW_PRESSURE,HIGH,Low pressure,3.57
EVT-00006969,2026-09-12T19:23:04-05:00,FILLER_01_CYCLE_FAULT,CYCLE_FAULT,HIGH,Cycle fault,1.00
EVT-00006970,2026-09-18T09:07:38-05:00,CONVEYOR_01_JAM,JAM,MEDIUM,Jam,1.00
EVT-00006971,2026-09-23T20:26:58-05:00,FILLER_01_PRESSURE,LOW_PRESSURE,HIGH,Low pressure,1.32
EVT-00006972,2026-09-26T09:07:45-05:00,PUMP_01_FLOW,LOW_FLOW,HIGH,Low flow,1.36
EVT-00006973,2026-09-09T13:14:36-05:00,FILLER_01_CYCLE_FAULT,CYCLE_FAULT,HIGH,Cycle fault,1.00
EVT-00006974,2026-09-19T20:10:47-05:00,PUMP_01_FLOW,LOW_FLOW,HIGH,Low flow,4.44
EVT-00006975,2026-09-08T21:41:49-05:00,FILTER_01_DIFF_PRESSURE,HIGH_DIFF_PRESSURE,MEDIUM,High diff pressure,2.41
EVT-00006976,2026-09-03T20:18:13-05:00,FILLER_01_CYCLE_FAULT,CYCLE_FAULT,HIGH,Cycle fault,1.00
EVT-00006977,2026-09-06T09:08:32-05:00,PUMP_01_FLOW,LOW_FLOW,HIGH,Low flow,4.75
EVT-00006978,2026-09-01T19:44:38-05:00,CONVEYOR_01_MOTOR_TEMP,HIGH_TEMPERATURE,LOW,High temperature,73.17
EVT-00006979,2026-09-12T19:16:37-05:00,TANK_OUT_01_LEVEL,LOW_LEVEL,HIGH,Low level,9.30
EVT-00006980,2026-09-29T11:27:32-05:00,PUMP_01_FLOW,LOW_FLOW,HIGH,Low flow,10.15
EVT-00006981,2026-09-14T09:26:06-05:00,PUMP_01_FLOW,LOW_FLOW,HIGH,Low flow,13.06
EVT-00006982,2026-09-29T09:16:54-05:00,FILLER_01_CYCLE_FAULT,CYCLE_FAULT,HIGH,Cycle fault,1.00
EVT-00006983,2026-09-06T20:26:04-05:00,TANK_IN_01_LEVEL,LOW_LEVEL,HIGH,Low level,4.32
EVT-00006984,2026-09-09T07:35:14-05:00,PUMP_01_MOTOR_FAULT,MOTOR_FAULT,CRITICAL,Motor fault,1.00
EVT-00006985,2026-09-06T16:48:49-05:00,TANK_OUT_01_LEVEL,LOW_LEVEL,HIGH,Low level,1.23
EVT-00006986,2026-09-20T18:46:57-05:00,CONVEYOR_01_JAM,JAM,MEDIUM,Jam,1.00
EVT-00006987,2026-09-22T06:43:25-05:00,FILTER_01_DIFF_PRESSURE,HIGH_DIFF_PRESSURE,MEDIUM,High diff pressure,1.94
EVT-00006988,2026-09-01T10:46:28-05:00,FILTER_01_DIFF_PRESSURE,HIGH_DIFF_PRESSURE,MEDIUM,High diff pressure,2.47
EVT-00006989,2026-09-02T16:34:17-05:00,CONVEYOR_01_JAM,JAM,MEDIUM,Jam,1.00
EVT-00006990,2026-09-08T07:12:54-05:00,FILTER_01_DIFF_PRESSURE,HIGH_DIFF_PRESSURE,MEDIUM,High diff pressure,2.82
EVT-00006991,2026-09-21T06:42:58-05:00,CONVEYOR_01_JAM,JAM,MEDIUM,Jam,1.00
EVT-00006992,2026-09-20T07:21:46-05:00,FILLER_01_PRESSURE,LOW_PRESSURE,HIGH,Low pressure,0.22
EVT-00006993,2026-09-03T16:27:58-05:00,FILLER_01_CYCLE_FAULT,CYCLE_FAULT,HIGH,Cycle fault,1.00
EVT-00006994,2026-09-25T09:39:19-05:00,PUMP_01_MOTOR_FAULT,MOTOR_FAULT,CRITICAL,Motor fault,1.00
EVT-00006995,2026-09-10T21:13:31-05:00,PUMP_01_FLOW,LOW_FLOW,HIGH,Low flow,10.49
EVT-00006996,2026-09-19T10:02:41-05:00,TANK_IN_01_LEVEL,HIGH_LEVEL,MEDIUM,High level,94.91
EVT-00006997,2026-09-23T06:51:05-05:00,CONVEYOR_01_MOTOR_TEMP,HIGH_TEMPERATURE,LOW,High temperature,79.59
EVT-00006998,2026-09-30T15:37:40-05:00,COMPRESSOR_01_PRESSURE,LOW_PRESSURE,HIGH,Low pressure,1.73
EVT-00006999,2026-09-22T06:40:42-05:00,FILTER_01_PRESSURE,HIGH_PRESSURE,HIGH,High pressure,7.74
EVT-00007000,2026-09-22T08:01:07-05:00,FILTER_01_DIFF_PRESSURE,HIGH_DIFF_PRESSURE,MEDIUM,High diff pressure,2.67
EVT-00007001,2026-09-02T14:37:44-05:00,CONVEYOR_01_JAM,JAM,MEDIUM,Jam,0
EVT-00007002,2026-09-13T11:07:20-05:00,CONVEYOR_01_MOTOR_TEMP,HIGH_TEMPERATURE,LOW,High temperature,75.47
EVT-00007003,2026-09-23T12:26:38-05:00,FILLER_01_PRESSURE,LOW_PRESSURE,HIGH,Low pressure,0.12
EVT-00007004,2026-09-11T10:09:19-05:00,TANK_IN_01_LEVEL,LOW_LEVEL,HIGH,Low level,10.48
EVT-00007005,2026-09-09T13:42:44-05:00,PUMP_01_FLOW,LOW_FLOW,HIGH,Low flow,2.84
EVT-00007006,2026-09-22T17:59:50-05:00,FILTER_01_DIFF_PRESSURE,HIGH_DIFF_PRESSURE,MEDIUM,High diff pressure,1.97
EVT-00007007,2026-09-22T08:01:35-05:00,CONVEYOR_01_MOTOR_TEMP,HIGH_TEMPERATURE,LOW,High temperature,75.21
EVT-00007008,2026-09-29T09:36:31-05:00,COMPRESSOR_01_TEMP,HIGH_TEMPERATURE,HIGH,High temperature,112.80
EVT-00007009,2026-09-21T20:25:41-05:00,TANK_IN_01_LEVEL,HIGH_LEVEL,MEDIUM,High level,97.32
EVT-00007010,2026-09-23T07:41:44-05:00,PUMP_01_MOTOR_FAULT,MOTOR_FAULT,CRITICAL,Motor fault,1.00
EVT-00007011,2026-09-08T19:01:25-05:00,FILTER_01_DIFF_PRESSURE,HIGH_DIFF_PRESSURE,MEDIUM,High diff pressure,1.85
EVT-00007012,2026-09-15T20:52:31-05:00,FILTER_01_DIFF_PRESSURE,HIGH_DIFF_PRESSURE,MEDIUM,High diff pressure,2.33
EVT-00007013,2026-09-24T09:34:46-05:00,TANK_IN_01_LEVEL,HIGH_LEVEL,MEDIUM,High level,95.70
EVT-00007014,2026-09-16T17:59:14-05:00,PUMP_01_FLOW,LOW_FLOW,HIGH,Low flow,8.95
EVT-00007015,2026-09-16T13:38:59-05:00,TANK_OUT_01_LEVEL,LOW_LEVEL,HIGH,Low level,1.64
EVT-00007016,2026-09-08T20:22:56-05:00,FILTER_01_DIFF_PRESSURE,HIGH_DIFF_PRESSURE,MEDIUM,High diff pressure,2.24
EVT-00007017,2026-09-06T17:21:13-05:00,TANK_OUT_01_LEVEL,HIGH_LEVEL,MEDIUM,High level,91.46
EVT-00007018,2026-09-29T13:48:06-05:00,CONVEYOR_01_JAM,JAM,MEDIUM,Jam,1.00
EVT-00007019,2026-09-28T12:11:34-05:00,FILTER_01_PRESSURE,HIGH_PRESSURE,HIGH,High pressure,6.61
EVT-00007020,2026-09-15T06:21:35-05:00,TANK_OUT_01_LEVEL,LOW_LEVEL,HIGH,Low level,2.77
EVT-00007021,2026-09-16T17:16:54-05:00,CONVEYOR_01_JAM,JAM,MEDIUM,Jam,1.00
EVT-00007022,2026-09-23T09:19:36-05:00,PUMP_01_FLOW,LOW_FLOW,HIGH,Low flow,1.84
EVT-00007023,2026-09-10T16:12:03-05:00,COMPRESSOR_01_PRESSURE,LOW_PRESSURE,HIGH,Low pressure,2.12
EVT-00007024,2026-09-15T20:02:40-05:00,FILTER_01_DIFF_PRESSURE,HIGH_DIFF_PRESSURE,MEDIUM,High diff pressure,2.28
EVT-00007025,2026-09-16T09:03:44-05:00,TANK_IN_01_LEVEL,LOW_LEVEL,HIGH,Low level,5.48
EVT-00007026,2026-09-14T20:12:57-05:00,PUMP_01_MOTOR_FAULT,MOTOR_FAULT,CRITICAL,Motor fault,1.00
EVT-00007027,2026-09-17T20:59:56-05:00,CONVEYOR_01_JAM,JAM,MEDIUM,Jam,1.00
EVT-00007028,2026-09-15T16:22:53-05:00,TANK_OUT_01_LEVEL,LOW_LEVEL,HIGH,Low level,1.22
EVT-00007029,2026-09-28T11:20:29-05:00,PUMP_01_FLOW,LOW_FLOW,HIGH,Low flow,16.82
EVT-00007030,2026-09-24T10:06:11-05:00,TANK_OUT_01_LEVEL,LOW_LEVEL,HIGH,Low level,8.75
EVT-00007031,2026-09-05T13:36:35-05:00,CONVEYOR_01_JAM,JAM,MEDIUM,Jam,1.00
EVT-00007032,2026-09-22T09:08:54-05:00,FILTER_01_DIFF_PRESSURE,HIGH_DIFF_PRESSURE,MEDIUM,High diff pressure,2.10
EVT-00007033,2026-09-24T18:51:14-05:00,TANK_OUT_01_LEVEL,LOW_LEVEL,HIGH,Low level,6.45
EVT-00007034,2026-09-01T06:03:30-05:00,TANK_IN_01_LEVEL,LOW_LEVEL,HIGH,Low level,13.19
EVT-00007035,2026-09-29T21:55:04-05:00,FILTER_01_DIFF_PRESSURE,HIGH_DIFF_PRESSURE,MEDIUM,High diff pressure,2.46
EVT-00007036,2026-09-11T14:46:09-05:00,FILLER_01_PRESSURE,LOW_PRESSURE,HIGH,Low pressure,0.78
EVT-00007037,2026-09-13T19:13:06-05:00,PUMP_01_FLOW,LOW_FLOW,HIGH,Low flow,6.70
EVT-00007038,2026-09-25T16:44:24-05:00,PUMP_01_FLOW,LOW_FLOW,HIGH,Low flow,13.35
EVT-00007039,2026-09-26T06:35:30-05:00,TANK_IN_01_LEVEL,LOW_LEVEL,HIGH,Low level,12.91
EVT-00007040,2026-09-16T15:42:52-05:00,FILLER_01_CYCLE_FAULT,CYCLE_FAULT,HIGH,Cycle fault,1.00
EVT-00007041,2026-09-14T06:54:30-05:00,PUMP_01_MOTOR_FAULT,MOTOR_FAULT,CRITICAL,Motor fault,1.00
EVT-00007042,2026-09-21T17:33:41-05:00,TANK_OUT_01_LEVEL,LOW_LEVEL,HIGH,Low level,9.40
EVT-00007043,2026-09-10T10:02:37-05:00,FILLER_01_CYCLE_FAULT,CYCLE_FAULT,HIGH,Cycle fault,1.00
EVT-00007044,2026-09-30T15:30:45-05:00,TANK_OUT_01_LEVEL,LOW_LEVEL,HIGH,Low level,6.36
EVT-00007045,2026-09-22T06:55:57-05:00,FILTER_01_DIFF_PRESSURE,HIGH_DIFF_PRESSURE,MEDIUM,High diff pressure,2.61
EVT-00007046,2026-09-03T15:52:15-05:00,FILLER_01_CYCLE_FAULT,CYCLE_FAULT,HIGH,Cycle fault,1.00
EVT-00007047,2026-09-28T12:23:49-05:00,CONVEYOR_01_JAM,JAM,MEDIUM,Jam,1.00
EVT-00007048,2026-09-14T21:27:25-05:00,PUMP_01_MOTOR_FAULT,MOTOR_FAULT,CRITICAL,Motor fault,1.00
EVT-00007049,2026-09-29T13:03:28-05:00,PUMP_01_FLOW,LOW_FLOW,HIGH,Low flow,16.46
EVT-00007050,2026-09-18T20:43:47-05:00,PUMP_01_FLOW,LOW_FLOW,HIGH,Low flow,17.01
EVT-00007051,2026-09-22T11:24:19-05:00,TANK_IN_01_LEVEL,LOW_LEVEL,CRITICAL,Low level,2.78
EVT-00007052,2026-09-27T15:25:16-05:00,TANK_OUT_01_LEVEL,LOW_LEVEL,HIGH,Low level,13.47
EVT-00007053,2026-09-02T08:42:54-05:00,TANK_OUT_01_LEVEL,LOW_LEVEL,HIGH,Low level,10.27
EVT-00007054,2026-09-23T09:02:20-05:00,FILTER_01_PRESSURE,HIGH_PRESSURE,HIGH,High pressure,6.66
EVT-00007055,2026-09-17T11:36:29-05:00,TANK_IN_01_LEVEL,LOW_LEVEL,HIGH,Low level,7.85
EVT-00007056,2026-09-15T17:49:46-05:00,TANK_IN_01_LEVEL,LOW_LEVEL,HIGH,Low level,12.51
EVT-00007057,2026-09-15T10:17:58-05:00,FILTER_01_DIFF_PRESSURE,HIGH_DIFF_PRESSURE,MEDIUM,High diff pressure,2.53
EVT-00007058,2026-09-22T06:36:20-05:00,FILTER_01_DIFF_PRESSURE,HIGH_DIFF_PRESSURE,MEDIUM,High diff pressure,2.46
EVT-00007059,2026-09-08T18:51:01-05:00,COMPRESSOR_01_PRESSURE,LOW_PRESSURE,HIGH,Low pressure,2.26
EVT-00007060,2026-09-22T16:46:46-05:00,FILTER_01_DIFF_PRESSURE,HIGH_DIFF_PRESSURE,MEDIUM,High diff pressure,2.90
EVT-00007061,2026-09-01T13:12:55-05:00,PUMP_01_MOTOR_FAULT,MOTOR_FAULT,CRITICAL,Motor fault,1.00
EVT-00007062,2026-09-22T09:50:27-05:00,FILLER_01_PRESSURE,LOW_PRESSURE,HIGH,Low pressure,0.15
EVT-00007063,2026-09-16T18:45:30-05:00,CONVEYOR_01_JAM,JAM,MEDIUM,Jam,1.00
EVT-00007064,2026-09-05T09:19:55-05:00,TANK_OUT_01_LEVEL,LOW_LEVEL,HIGH,Low level,4.75
EVT-00007065,2026-09-22T16:27:39-05:00,FILTER_01_DIFF_PRESSURE,HIGH_DIFF_PRESSURE,MEDIUM,High diff pressure,2.31
EVT-00007066,2026-09-20T06:17:38-05:00,FILLER_01_CYCLE_FAULT,CYCLE_FAULT,HIGH,Cycle fault,1.00
EVT-00007067,2026-09-17T13:50:39-05:00,TANK_OUT_01_LEVEL,LOW_LEVEL,HIGH,Low level,7.73
EVT-00007068,2026-09-25T11:59:53-05:00,PUMP_01_FLOW,LOW_FLOW,HIGH,Low flow,14.84
EVT-00007069,2026-09-27T06:50:59-05:00,TANK_OUT_01_LEVEL,HIGH_LEVEL,MEDIUM,High level,94.96
EVT-00007070,2026-09-07T16:25:28-05:00,FILTER_01_PRESSURE,HIGH_PRESSURE,HIGH,High pressure,8.22
EVT-00007071,2026-09-22T20:48:14-05:00,PUMP_01_FLOW,LOW_FLOW,HIGH,Low flow,4.46
EVT-00007072,2026-09-23T17:14:55-05:00,FILLER_01_PRESSURE,LOW_PRESSURE,HIGH,Low pressure,1.38
EVT-00007073,2026-09-13T06:26:17-05:00,FILLER_01_CYCLE_FAULT,CYCLE_FAULT,HIGH,Cycle fault,1.00
EVT-00007074,2026-09-21T11:52:25-05:00,CONVEYOR_01_JAM,JAM,MEDIUM,Jam,1.00
EVT-00007075,2026-09-21T11:30:36-05:00,CONVEYOR_01_JAM,JAM,MEDIUM,Jam,1.00
EVT-00007076,2026-09-04T18:38:32-05:00,PUMP_01_FLOW,LOW_FLOW,HIGH,Low flow,10.32
EVT-00007077,2026-09-21T21:35:28-05:00,TANK_IN_01_LEVEL,LOW_LEVEL,HIGH,Low level,12.48
EVT-00007078,2026-09-01T15:55:21-05:00,FILTER_01_DIFF_PRESSURE,HIGH_DIFF_PRESSURE,MEDIUM,High diff pressure,2.62
EVT-00007079,2026-09-15T06:32:29-05:00,FILLER_01_PRESSURE,LOW_PRESSURE,HIGH,Low pressure,1.14
EVT-00007080,2026-09-08T21:16:20-05:00,FILTER_01_DIFF_PRESSURE,HIGH_DIFF_PRESSURE,MEDIUM,High diff pressure,1.75
EVT-00007081,2026-09-13T19:53:24-05:00,FILLER_01_CYCLE_FAULT,CYCLE_FAULT,HIGH,Cycle fault,1.00
EVT-00007082,2026-09-22T06:16:11-05:00,TANK_OUT_01_LEVEL,HIGH_LEVEL,MEDIUM,High level,95.85
EVT-00007083,2026-09-26T16:33:45-05:00,PUMP_01_FLOW,LOW_FLOW,HIGH,Low flow,12.90
EVT-00007084,2026-09-27T15:15:55-05:00,PUMP_01_FLOW,LOW_FLOW,HIGH,Low flow,18.18
EVT-00007085,2026-09-22T16:18:55-05:00,FILLER_01_PRESSURE,LOW_PRESSURE,HIGH,Low pressure,1.47
EVT-00007086,2026-09-16T08:11:04-05:00,COMPRESSOR_01_PRESSURE,LOW_PRESSURE,HIGH,Low pressure,3.87
EVT-00007087,2026-09-23T11:52:38-05:00,PUMP_01_FLOW,LOW_FLOW,HIGH,Low flow,16.75
EVT-00007088,2026-09-26T10:14:54-05:00,PUMP_01_FLOW,LOW_FLOW,HIGH,Low flow,10.49
EVT-00007089,2026-09-24T06:06:38-05:00,TANK_IN_01_LEVEL,LOW_LEVEL,HIGH,Low level,11.93
EVT-00007090,2026-09-15T17:07:05-05:00,FILTER_01_DIFF_PRESSURE,HIGH_DIFF_PRESSURE,MEDIUM,High diff pressure,2.27
EVT-00007091,2026-09-19T11:18:52-05:00,PUMP_01_FLOW,LOW_FLOW,HIGH,Low flow,4.23
EVT-00007092,2026-09-23T18:39:37-05:00,TANK_IN_01_LEVEL,LOW_LEVEL,HIGH,Low level,13.11
EVT-00007093,2026-09-22T10:16:02-05:00,TANK_OUT_01_LEVEL,LOW_LEVEL,HIGH,Low level,2.78
EVT-00007094,2026-09-08T11:56:59-05:00,FILLER_01_PRESSURE,LOW_PRESSURE,HIGH,Low pressure,0.87
EVT-00007095,2026-09-21T16:57:00-05:00,FILLER_01_PRESSURE,LOW_PRESSURE,HIGH,Low pressure,1.87
EVT-00007096,2026-09-10T12:31:53-05:00,TANK_IN_01_LEVEL,LOW_LEVEL,HIGH,Low level,12.58
EVT-00007097,2026-09-14T14:11:07-05:00,FILLER_01_PRESSURE,LOW_PRESSURE,HIGH,Low pressure,0.16
EVT-00007098,2026-09-20T09:16:12-05:00,COMPRESSOR_01_TEMP,HIGH_TEMPERATURE,HIGH,High temperature,98.60
EVT-00007099,2026-09-27T15:48:18-05:00,FILLER_01_PRESSURE,LOW_PRESSURE,HIGH,Low pressure,1.22
EVT-00007100,2026-09-12T10:42:18-05:00,PUMP_01_FLOW,LOW_FLOW,HIGH,Low flow,13.43
EVT-00007101,2026-09-09T10:13:24-05:00,TANK_OUT_01_LEVEL,LOW_LEVEL,HIGH,Low level,16
EVT-00007102,2026-09-24T20:07:21-05:00,COMPRESSOR_01_PRESSURE,LOW_PRESSURE,HIGH,Low pressure,2.42
EVT-00007103,2026-09-08T20:46:37-05:00,FILLER_01_PRESSURE,LOW_PRESSURE,HIGH,Low pressure,0.23
EVT-00007104,2026-09-26T21:51:58-05:00,FILLER_01_PRESSURE,LOW_PRESSURE,HIGH,Low pressure,1.87
EVT-00007105,2026-09-24T07:22:17-05:00,FILLER_01_PRESSURE,LOW_PRESSURE,HIGH,Low pressure,1.29
EVT-00007106,2026-09-04T13:32:30-05:00,FILLER_01_PRESSURE,LOW_PRESSURE,HIGH,Low pressure,1.30
EVT-00007107,2026-09-30T06:06:05-05:00,TANK_OUT_01_LEVEL,LOW_LEVEL,HIGH,Low level,8.91
EVT-00007108,2026-09-21T10:56:05-05:00,FILLER_01_PRESSURE,LOW_PRESSURE,HIGH,Low pressure,1.79
EVT-00007109,2026-09-04T12:15:27-05:00,PUMP_01_FLOW,LOW_FLOW,HIGH,Low flow,14.21
EVT-00007110,2026-09-28T19:45:19-05:00,TANK_OUT_01_LEVEL,LOW_LEVEL,HIGH,Low level,2.06
EVT-00007111,2026-09-21T21:29:25-05:00,TANK_IN_01_LEVEL,HIGH_LEVEL,MEDIUM,High level,93.58
EVT-00007112,2026-09-19T19:09:23-05:00,COMPRESSOR_01_PRESSURE,LOW_PRESSURE,HIGH,Low pressure,4.36
EVT-00007113,2026-09-28T17:54:23-05:00,PUMP_01_FLOW,LOW_FLOW,HIGH,Low flow,11.46
EVT-00007114,2026-09-01T09:38:08-05:00,TANK_IN_01_LEVEL,HIGH_LEVEL,MEDIUM,High level,95.59
EVT-00007115,2026-09-04T14:39:52-05:00,FILLER_01_CYCLE_FAULT,CYCLE_FAULT,HIGH,Cycle fault,1.00
EVT-00007116,2026-09-05T13:30:18-05:00,COMPRESSOR_01_PRESSURE,LOW_PRESSURE,HIGH,Low pressure,4.22
EVT-00007117,2026-09-22T06:52:20-05:00,FILTER_01_DIFF_PRESSURE,HIGH_DIFF_PRESSURE,MEDIUM,High diff pressure,2.12
EVT-00007118,2026-09-21T15:49:11-05:00,TANK_IN_01_LEVEL,LOW_LEVEL,HIGH,Low level,1.64
EVT-00007119,2026-09-29T21:46:05-05:00,TANK_OUT_01_LEVEL,LOW_LEVEL,HIGH,Low level,2.34
EVT-00007120,2026-09-22T08:44:04-05:00,FILTER_01_DIFF_PRESSURE,HIGH_DIFF_PRESSURE,MEDIUM,High diff pressure,2.95
EVT-00007121,2026-09-14T16:01:02-05:00,PUMP_01_FLOW,LOW_FLOW,HIGH,Low flow,4.56
EVT-00007122,2026-09-25T11:23:17-05:00,FILLER_01_PRESSURE,LOW_PRESSURE,HIGH,Low pressure,0.86
EVT-00007123,2026-09-11T19:41:40-05:00,CONVEYOR_01_JAM,JAM,MEDIUM,Jam,1.00
EVT-00007124,2026-09-01T14:19:52-05:00,FILLER_01_PRESSURE,LOW_PRESSURE,HIGH,Low pressure,0.47
EVT-00007125,2026-09-22T16:32:55-05:00,TANK_OUT_01_LEVEL,LOW_LEVEL,HIGH,Low level,7.94
EVT-00007126,2026-09-06T17:40:46-05:00,COMPRESSOR_01_PRESSURE,LOW_PRESSURE,HIGH,Low pressure,4.31
EVT-00007127,2026-09-09T07:37:00-05:00,FILTER_01_PRESSURE,HIGH_PRESSURE,HIGH,High pressure,6.48
EVT-00007128,2026-09-01T13:42:00-05:00,FILTER_01_DIFF_PRESSURE,HIGH_DIFF_PRESSURE,MEDIUM,High diff pressure,1.88
EVT-00007129,2026-09-29T13:00:23-05:00,FILLER_01_PRESSURE,LOW_PRESSURE,HIGH,Low pressure,0.38
EVT-00007130,2026-09-16T13:23:37-05:00,PUMP_01_FLOW,LOW_FLOW,HIGH,Low flow,9.02
EVT-00007131,2026-09-18T06:36:08-05:00,PUMP_01_FLOW,LOW_FLOW,HIGH,Low flow,11.86
EVT-00007132,2026-09-01T10:22:15-05:00,PUMP_01_FLOW,LOW_FLOW,HIGH,Low flow,13.79
EVT-00007133,2026-09-02T17:34:14-05:00,TANK_IN_01_LEVEL,HIGH_LEVEL,MEDIUM,High level,98.75
EVT-00007134,2026-09-30T13:40:08-05:00,CONVEYOR_01_JAM,JAM,MEDIUM,Jam,1.00
EVT-00007135,2026-09-29T10:48:58-05:00,FILLER_01_PRESSURE,LOW_PRESSURE,HIGH,Low pressure,0.81
EVT-00007136,2026-09-11T20:37:09-05:00,PUMP_01_MOTOR_FAULT,MOTOR_FAULT,CRITICAL,Motor fault,1.00
EVT-00007137,2026-09-06T17:41:09-05:00,FILLER_01_PRESSURE,LOW_PRESSURE,HIGH,Low pressure,0.74
EVT-00007138,2026-09-29T18:23:15-05:00,FILTER_01_DIFF_PRESSURE,HIGH_DIFF_PRESSURE,MEDIUM,High diff pressure,2.84
EVT-00007139,2026-09-03T09:15:07-05:00,COMPRESSOR_01_PRESSURE,LOW_PRESSURE,HIGH,Low pressure,1.05
EVT-00007140,2026-09-10T20:45:17-05:00,FILLER_01_CYCLE_FAULT,CYCLE_FAULT,HIGH,Cycle fault,1.00
EVT-00007141,2026-09-15T09:54:46-05:00,FILTER_01_DIFF_PRESSURE,HIGH_DIFF_PRESSURE,MEDIUM,High diff pressure,2.64
EVT-00007142,2026-09-19T07:38:19-05:00,TANK_OUT_01_LEVEL,HIGH_LEVEL,MEDIUM,High level,92.59
EVT-00007143,2026-09-15T12:37:50-05:00,COMPRESSOR_01_PRESSURE,LOW_PRESSURE,HIGH,Low pressure,2.27
EVT-00007144,2026-09-18T10:50:49-05:00,TANK_IN_01_LEVEL,LOW_LEVEL,HIGH,Low level,12.67
EVT-00007145,2026-09-01T10:32:59-05:00,FILTER_01_DIFF_PRESSURE,HIGH_DIFF_PRESSURE,MEDIUM,High diff pressure,2.56
EVT-00007146,2026-09-15T06:00:50-05:00,FILLER_01_PRESSURE,LOW_PRESSURE,HIGH,Low pressure,0.43
EVT-00007147,2026-09-10T10:24:38-05:00,COMPRESSOR_01_PRESSURE,LOW_PRESSURE,HIGH,Low pressure,2.92
EVT-00007148,2026-09-15T06:45:54-05:00,FILTER_01_DIFF_PRESSURE,HIGH_DIFF_PRESSURE,MEDIUM,High diff pressure,2.50
EVT-00007149,2026-09-22T10:39:26-05:00,FILTER_01_DIFF_PRESSURE,HIGH_DIFF_PRESSURE,MEDIUM,High diff pressure,2.88
EVT-00007150,2026-09-23T15:41:56-05:00,FILLER_01_CYCLE_FAULT,CYCLE_FAULT,HIGH,Cycle fault,1.00
EVT-00007151,2026-09-25T11:04:04-05:00,CONVEYOR_01_JAM,JAM,HIGH,Jam,1.00
EVT-00007152,2026-09-28T13:17:01-05:00,COMPRESSOR_01_TEMP,HIGH_TEMPERATURE,HIGH,High temperature,107.14
EVT-00007153,2026-09-29T15:17:04-05:00,CONVEYOR_01_JAM,JAM,MEDIUM,Jam,1.00
EVT-00007154,2026-09-28T19:02:59-05:00,TANK_IN_01_LEVEL,HIGH_LEVEL,MEDIUM,High level,96.83
EVT-00007155,2026-09-22T10:31:43-05:00,FILTER_01_DIFF_PRESSURE,HIGH_DIFF_PRESSURE,MEDIUM,High diff pressure,2.92
EVT-00007156,2026-09-22T13:29:02-05:00,FILTER_01_DIFF_PRESSURE,HIGH_DIFF_PRESSURE,MEDIUM,High diff pressure,1.98
EVT-00007157,2026-09-05T10:12:07-05:00,COMPRESSOR_01_TEMP,HIGH_TEMPERATURE,HIGH,High temperature,113.52
EVT-00007158,2026-09-13T20:41:14-05:00,TANK_IN_01_LEVEL,LOW_LEVEL,HIGH,Low level,10.49
EVT-00007159,2026-09-20T15:37:44-05:00,TANK_OUT_01_LEVEL,HIGH_LEVEL,MEDIUM,High level,95.17
EVT-00007160,2026-09-01T08:21:16-05:00,FILTER_01_DIFF_PRESSURE,HIGH_DIFF_PRESSURE,MEDIUM,High diff pressure,2.55
EVT-00007161,2026-09-19T20:51:56-05:00,TANK_OUT_01_LEVEL,HIGH_LEVEL,MEDIUM,High level,95.96
EVT-00007162,2026-09-28T18:08:04-05:00,COMPRESSOR_01_PRESSURE,LOW_PRESSURE,HIGH,Low pressure,1.89
EVT-00007163,2026-09-02T10:40:14-05:00,PUMP_01_FLOW,LOW_FLOW,HIGH,Low flow,4.80
EVT-00007164,2026-09-13T09:21:32-05:00,TANK_OUT_01_LEVEL,HIGH_LEVEL,MEDIUM,High level,92.69
EVT-00007165,2026-09-19T17:17:04-05:00,COMPRESSOR_01_PRESSURE,LOW_PRESSURE,HIGH,Low pressure,1.65
EVT-00007166,2026-09-14T13:14:53-05:00,TANK_IN_01_LEVEL,LOW_LEVEL,HIGH,Low level,2.48
EVT-00007167,2026-09-30T16:21:42-05:00,COMPRESSOR_01_PRESSURE,LOW_PRESSURE,HIGH,Low pressure,3.98
EVT-00007168,2026-09-08T12:16:33-05:00,FILTER_01_DIFF_PRESSURE,HIGH_DIFF_PRESSURE,MEDIUM,High diff pressure,2.56
EVT-00007169,2026-09-19T16:56:15-05:00,FILLER_01_PRESSURE,LOW_PRESSURE,HIGH,Low pressure,1.78
EVT-00007170,2026-09-19T19:25:15-05:00,CONVEYOR_01_JAM,JAM,MEDIUM,Jam,1.00
EVT-00007171,2026-09-25T16:03:51-05:00,PUMP_01_FLOW,LOW_FLOW,HIGH,Low flow,16.04
EVT-00007172,2026-09-13T16:07:16-05:00,FILTER_01_PRESSURE,HIGH_PRESSURE,HIGH,High pressure,8.73
EVT-00007173,2026-09-16T14:12:32-05:00,FILTER_01_PRESSURE,HIGH_PRESSURE,HIGH,High pressure,7.05
EVT-00007174,2026-09-22T06:13:29-05:00,FILTER_01_DIFF_PRESSURE,HIGH_DIFF_PRESSURE,MEDIUM,High diff pressure,2.37
EVT-00007175,2026-09-09T15:33:38-05:00,PUMP_01_FLOW,LOW_FLOW,HIGH,Low flow,4.53
EVT-00007176,2026-09-28T20:41:58-05:00,TANK_IN_01_LEVEL,LOW_LEVEL,HIGH,Low level,6.15
EVT-00007177,2026-09-27T10:29:48-05:00,COMPRESSOR_01_PRESSURE,LOW_PRESSURE,HIGH,Low pressure,1.48
EVT-00007178,2026-09-29T15:36:35-05:00,FILTER_01_DIFF_PRESSURE,HIGH_DIFF_PRESSURE,MEDIUM,High diff pressure,2.08
EVT-00007179,2026-09-20T07:32:26-05:00,COMPRESSOR_01_TEMP,HIGH_TEMPERATURE,HIGH,High temperature,102.33
EVT-00007180,2026-09-13T06:10:45-05:00,COMPRESSOR_01_TEMP,HIGH_TEMPERATURE,HIGH,High temperature,97.20
EVT-00007181,2026-09-03T11:16:18-05:00,TANK_IN_01_LEVEL,LOW_LEVEL,HIGH,Low level,7.09
EVT-00007182,2026-09-22T18:42:50-05:00,TANK_IN_01_LEVEL,LOW_LEVEL,HIGH,Low level,10.55
EVT-00007183,2026-09-05T21:17:35-05:00,COMPRESSOR_01_PRESSURE,LOW_PRESSURE,HIGH,Low pressure,4.15
EVT-00007184,2026-09-03T20:25:31-05:00,FILLER_01_PRESSURE,LOW_PRESSURE,HIGH,Low pressure,0.88
EVT-00007185,2026-09-22T10:07:45-05:00,FILLER_01_CYCLE_FAULT,CYCLE_FAULT,HIGH,Cycle fault,1.00
EVT-00007186,2026-09-24T16:16:03-05:00,CONVEYOR_01_MOTOR_TEMP,HIGH_TEMPERATURE,LOW,High temperature,72.44
EVT-00007187,2026-09-04T06:18:13-05:00,PUMP_01_FLOW,LOW_FLOW,HIGH,Low flow,5.18
EVT-00007188,2026-09-19T15:01:26-05:00,TANK_OUT_01_LEVEL,LOW_LEVEL,HIGH,Low level,7.58
EVT-00007189,2026-09-21T21:21:27-05:00,PUMP_01_FLOW,LOW_FLOW,HIGH,Low flow,12.13
EVT-00007190,2026-09-02T16:46:00-05:00,FILTER_01_PRESSURE,HIGH_PRESSURE,HIGH,High pressure,8.86
EVT-00007191,2026-09-15T21:09:39-05:00,FILTER_01_DIFF_PRESSURE,HIGH_DIFF_PRESSURE,MEDIUM,High diff pressure,2.58
EVT-00007192,2026-09-08T11:24:14-05:00,FILTER_01_DIFF_PRESSURE,HIGH_DIFF_PRESSURE,MEDIUM,High diff pressure,1.62
EVT-00007193,2026-09-08T07:00:44-05:00,FILTER_01_DIFF_PRESSURE,HIGH_DIFF_PRESSURE,MEDIUM,High diff pressure,2.92
EVT-00007194,2026-09-11T21:08:23-05:00,PUMP_01_FLOW,LOW_FLOW,HIGH,Low flow,5.75
EVT-00007195,2026-09-30T14:49:10-05:00,TANK_IN_01_LEVEL,LOW_LEVEL,HIGH,Low level,9.73
EVT-00007196,2026-09-01T17:19:48-05:00,FILTER_01_DIFF_PRESSURE,HIGH_DIFF_PRESSURE,MEDIUM,High diff pressure,2.26
EVT-00007197,2026-09-20T13:17:38-05:00,TANK_OUT_01_LEVEL,LOW_LEVEL,HIGH,Low level,3.56
EVT-00007198,2026-09-19T21:03:36-05:00,COMPRESSOR_01_PRESSURE,LOW_PRESSURE,HIGH,Low pressure,3.79
EVT-00007199,2026-09-27T06:37:05-05:00,COMPRESSOR_01_PRESSURE,LOW_PRESSURE,HIGH,Low pressure,4.32
EVT-00007200,2026-09-12T13:19:25-05:00,COMPRESSOR_01_TEMP,HIGH_TEMPERATURE,HIGH,High temperature,117.87
EVT-00007201,2026-09-01T07:33:02-05:00,PUMP_01_FLOW,LOW_FLOW,HIGH,Low flow,21
EVT-00007202,2026-09-08T17:25:53-05:00,FILLER_01_PRESSURE,LOW_PRESSURE,HIGH,Low pressure,0.10
EVT-00007203,2026-09-22T13:26:46-05:00,FILTER_01_DIFF_PRESSURE,HIGH_DIFF_PRESSURE,MEDIUM,High diff pressure,1.85
EVT-00007204,2026-09-14T16:24:38-05:00,COMPRESSOR_01_PRESSURE,LOW_PRESSURE,HIGH,Low pressure,2.70
EVT-00007205,2026-09-05T19:47:36-05:00,COMPRESSOR_01_TEMP,HIGH_TEMPERATURE,HIGH,High temperature,107.89
EVT-00007206,2026-09-01T11:38:11-05:00,CONVEYOR_01_MOTOR_TEMP,HIGH_TEMPERATURE,LOW,High temperature,76.07
EVT-00007207,2026-09-10T14:56:01-05:00,CONVEYOR_01_JAM,JAM,MEDIUM,Jam,1.00
EVT-00007208,2026-09-06T11:47:19-05:00,TANK_IN_01_LEVEL,HIGH_LEVEL,MEDIUM,High level,93.30
EVT-00007209,2026-09-22T09:32:05-05:00,COMPRESSOR_01_PRESSURE,LOW_PRESSURE,HIGH,Low pressure,3.46
EVT-00007210,2026-09-11T21:28:53-05:00,FILLER_01_PRESSURE,LOW_PRESSURE,HIGH,Low pressure,1.13
EVT-00007211,2026-09-02T15:01:59-05:00,TANK_IN_01_LEVEL,HIGH_LEVEL,MEDIUM,High level,96.01
EVT-00007212,2026-09-21T09:05:12-05:00,TANK_OUT_01_LEVEL,LOW_LEVEL,HIGH,Low level,2.50
EVT-00007213,2026-09-12T07:07:50-05:00,TANK_OUT_01_LEVEL,LOW_LEVEL,HIGH,Low level,5.62
EVT-00007214,2026-09-29T19:52:05-05:00,FILTER_01_DIFF_PRESSURE,HIGH_DIFF_PRESSURE,MEDIUM,High diff pressure,2.05
EVT-00007215,2026-09-05T18:39:08-05:00,COMPRESSOR_01_PRESSURE,LOW_PRESSURE,HIGH,Low pressure,2.70
EVT-00007216,2026-09-24T21:12:56-05:00,CONVEYOR_01_JAM,JAM,MEDIUM,Jam,1.00
EVT-00007217,2026-09-17T14:48:57-05:00,TANK_OUT_01_LEVEL,HIGH_LEVEL,MEDIUM,High level,92.98
EVT-00007218,2026-09-02T09:27:23-05:00,PUMP_01_FLOW,LOW_FLOW,HIGH,Low flow,7.10
EVT-00007219,2026-09-26T11:21:02-05:00,FILLER_01_CYCLE_FAULT,CYCLE_FAULT,HIGH,Cycle fault,1.00
EVT-00007220,2026-09-22T11:13:03-05:00,FILTER_01_DIFF_PRESSURE,HIGH_DIFF_PRESSURE,MEDIUM,High diff pressure,3.00
EVT-00007221,2026-09-25T10:55:55-05:00,FILLER_01_PRESSURE,LOW_PRESSURE,HIGH,Low pressure,1.36
EVT-00007222,2026-09-22T19:38:58-05:00,FILTER_01_DIFF_PRESSURE,HIGH_DIFF_PRESSURE,MEDIUM,High diff pressure,2.96
EVT-00007223,2026-09-08T20:05:55-05:00,FILTER_01_DIFF_PRESSURE,HIGH_DIFF_PRESSURE,MEDIUM,High diff pressure,2.17
EVT-00007224,2026-09-01T06:05:36-05:00,FILTER_01_DIFF_PRESSURE,HIGH_DIFF_PRESSURE,MEDIUM,High diff pressure,2.80
EVT-00007225,2026-09-01T20:09:07-05:00,FILTER_01_DIFF_PRESSURE,HIGH_DIFF_PRESSURE,MEDIUM,High diff pressure,1.78
EVT-00007226,2026-09-21T06:37:15-05:00,FILLER_01_CYCLE_FAULT,CYCLE_FAULT,HIGH,Cycle fault,1.00
EVT-00007227,2026-09-23T10:20:56-05:00,TANK_IN_01_LEVEL,LOW_LEVEL,HIGH,Low level,4.40
EVT-00007228,2026-09-19T12:19:08-05:00,CONVEYOR_01_MOTOR_TEMP,HIGH_TEMPERATURE,LOW,High temperature,72.60
EVT-00007229,2026-09-13T09:30:21-05:00,PUMP_01_MOTOR_FAULT,MOTOR_FAULT,CRITICAL,Motor fault,1.00
EVT-00007230,2026-09-27T07:20:08-05:00,TANK_IN_01_LEVEL,LOW_LEVEL,HIGH,Low level,12.43
EVT-00007231,2026-09-17T06:01:35-05:00,CONVEYOR_01_JAM,JAM,MEDIUM,Jam,1.00
EVT-00007232,2026-09-01T19:16:10-05:00,FILTER_01_DIFF_PRESSURE,HIGH_DIFF_PRESSURE,MEDIUM,High diff pressure,1.84
EVT-00007233,2026-09-22T10:44:36-05:00,FILTER_01_DIFF_PRESSURE,HIGH_DIFF_PRESSURE,MEDIUM,High diff pressure,2.29
EVT-00007234,2026-09-20T13:08:36-05:00,FILLER_01_PRESSURE,LOW_PRESSURE,HIGH,Low pressure,1.81
EVT-00007235,2026-09-29T18:07:53-05:00,FILTER_01_DIFF_PRESSURE,HIGH_DIFF_PRESSURE,MEDIUM,High diff pressure,1.89
EVT-00007236,2026-09-02T17:46:16-05:00,COMPRESSOR_01_PRESSURE,LOW_PRESSURE,HIGH,Low pressure,3.51
EVT-00007237,2026-09-01T06:55:14-05:00,CONVEYOR_01_JAM,JAM,MEDIUM,Jam,1.00
EVT-00007238,2026-09-08T21:05:21-05:00,TANK_IN_01_LEVEL,LOW_LEVEL,HIGH,Low level,1.25
EVT-00007239,2026-09-11T11:40:31-05:00,FILLER_01_PRESSURE,LOW_PRESSURE,HIGH,Low pressure,0.40
EVT-00007240,2026-09-01T19:51:22-05:00,TANK_OUT_01_LEVEL,LOW_LEVEL,HIGH,Low level,6.09
EVT-00007241,2026-09-26T18:57:31-05:00,TANK_OUT_01_LEVEL,HIGH_LEVEL,MEDIUM,High level,96.59
EVT-00007242,2026-09-03T20:38:28-05:00,PUMP_01_FLOW,LOW_FLOW,HIGH,Low flow,12.05
EVT-00007243,2026-09-07T16:42:52-05:00,TANK_IN_01_LEVEL,LOW_LEVEL,HIGH,Low level,8.83
EVT-00007244,2026-09-08T19:57:57-05:00,FILTER_01_DIFF_PRESSURE,HIGH_DIFF_PRESSURE,MEDIUM,High diff pressure,1.70
EVT-00007245,2026-09-12T20:56:29-05:00,PUMP_01_FLOW,LOW_FLOW,HIGH,Low flow,12.14
EVT-00007246,2026-09-22T11:04:24-05:00,TANK_OUT_01_LEVEL,LOW_LEVEL,HIGH,Low level,13.86
EVT-00007247,2026-09-24T06:22:58-05:00,COMPRESSOR_01_TEMP,HIGH_TEMPERATURE,HIGH,High temperature,114.21
EVT-00007248,2026-09-01T08:45:32-05:00,TANK_OUT_01_LEVEL,LOW_LEVEL,HIGH,Low level,9.02
EVT-00007249,2026-09-29T18:42:11-05:00,FILTER_01_DIFF_PRESSURE,HIGH_DIFF_PRESSURE,MEDIUM,High diff pressure,2.46
EVT-00007250,2026-09-29T12:57:23-05:00,TANK_IN_01_LEVEL,LOW_LEVEL,HIGH,Low level,6.78
EVT-00007251,2026-09-23T16:55:42-05:00,FILLER_01_PRESSURE,LOW_PRESSURE,CRITICAL,Low pressure,0.62
EVT-00007252,2026-09-24T10:18:34-05:00,CONVEYOR_01_MOTOR_TEMP,HIGH_TEMPERATURE,LOW,High temperature,78.01
EVT-00007253,2026-09-05T09:38:32-05:00,FILLER_01_PRESSURE,LOW_PRESSURE,HIGH,Low pressure,0.24
EVT-00007254,2026-09-20T14:31:38-05:00,COMPRESSOR_01_PRESSURE,LOW_PRESSURE,HIGH,Low pressure,2.53
EVT-00007255,2026-09-01T15:09:33-05:00,PUMP_01_MOTOR_FAULT,MOTOR_FAULT,CRITICAL,Motor fault,1.00
EVT-00007256,2026-09-27T13:51:51-05:00,FILLER_01_CYCLE_FAULT,CYCLE_FAULT,HIGH,Cycle fault,1.00
EVT-00007257,2026-09-24T17:00:57-05:00,TANK_IN_01_LEVEL,LOW_LEVEL,HIGH,Low level,12.43
EVT-00007258,2026-09-02T16:51:37-05:00,FILTER_01_PRESSURE,HIGH_PRESSURE,HIGH,High pressure,6.96
EVT-00007259,2026-09-22T19:01:40-05:00,TANK_IN_01_LEVEL,LOW_LEVEL,HIGH,Low level,3.40
EVT-00007260,2026-09-20T07:41:12-05:00,TANK_OUT_01_LEVEL,HIGH_LEVEL,MEDIUM,High level,96.53
EVT-00007261,2026-09-27T18:36:40-05:00,CONVEYOR_01_JAM,JAM,MEDIUM,Jam,1.00
EVT-00007262,2026-09-03T07:40:21-05:00,CONVEYOR_01_MOTOR_TEMP,HIGH_TEMPERATURE,LOW,High temperature,75.08
EVT-00007263,2026-09-30T08:38:39-05:00,FILLER_01_PRESSURE,LOW_PRESSURE,HIGH,Low pressure,1.09
EVT-00007264,2026-09-01T12:06:13-05:00,FILTER_01_DIFF_PRESSURE,HIGH_DIFF_PRESSURE,MEDIUM,High diff pressure,2.97
EVT-00007265,2026-09-15T16:12:37-05:00,FILTER_01_DIFF_PRESSURE,HIGH_DIFF_PRESSURE,MEDIUM,High diff pressure,1.72
EVT-00007266,2026-09-22T10:23:12-05:00,FILTER_01_DIFF_PRESSURE,HIGH_DIFF_PRESSURE,MEDIUM,High diff pressure,2.07
EVT-00007267,2026-09-04T16:48:48-05:00,FILLER_01_PRESSURE,LOW_PRESSURE,HIGH,Low pressure,1.77
EVT-00007268,2026-09-15T14:16:47-05:00,FILTER_01_DIFF_PRESSURE,HIGH_DIFF_PRESSURE,MEDIUM,High diff pressure,2.00
EVT-00007269,2026-09-11T10:06:43-05:00,PUMP_01_FLOW,LOW_FLOW,HIGH,Low flow,13.30
EVT-00007270,2026-09-22T06:07:39-05:00,COMPRESSOR_01_PRESSURE,LOW_PRESSURE,HIGH,Low pressure,3.43
EVT-00007271,2026-09-09T12:36:53-05:00,FILTER_01_PRESSURE,HIGH_PRESSURE,HIGH,High pressure,7.52
EVT-00007272,2026-09-01T21:43:13-05:00,FILTER_01_DIFF_PRESSURE,HIGH_DIFF_PRESSURE,MEDIUM,High diff pressure,2.96
EVT-00007273,2026-09-22T20:03:51-05:00,FILLER_01_PRESSURE,LOW_PRESSURE,HIGH,Low pressure,0.45
EVT-00007274,2026-09-29T09:34:50-05:00,COMPRESSOR_01_PRESSURE,LOW_PRESSURE,HIGH,Low pressure,1.40
EVT-00007275,2026-09-01T11:15:57-05:00,FILTER_01_DIFF_PRESSURE,HIGH_DIFF_PRESSURE,MEDIUM,High diff pressure,2.59
EVT-00007276,2026-09-27T17:14:34-05:00,FILLER_01_CYCLE_FAULT,CYCLE_FAULT,HIGH,Cycle fault,1.00
EVT-00007277,2026-09-19T10:57:25-05:00,FILLER_01_CYCLE_FAULT,CYCLE_FAULT,HIGH,Cycle fault,1.00
EVT-00007278,2026-09-16T20:38:04-05:00,CONVEYOR_01_MOTOR_TEMP,HIGH_TEMPERATURE,LOW,High temperature,78.93
EVT-00007279,2026-09-05T21:53:18-05:00,COMPRESSOR_01_TEMP,HIGH_TEMPERATURE,HIGH,High temperature,112.68
EVT-00007280,2026-09-11T18:47:59-05:00,PUMP_01_FLOW,LOW_FLOW,HIGH,Low flow,16.54
EVT-00007281,2026-09-30T06:03:01-05:00,TANK_OUT_01_LEVEL,HIGH_LEVEL,MEDIUM,High level,94.72
EVT-00007282,2026-09-01T08:30:35-05:00,PUMP_01_FLOW,LOW_FLOW,HIGH,Low flow,16.34
EVT-00007283,2026-09-29T11:28:59-05:00,FILTER_01_DIFF_PRESSURE,HIGH_DIFF_PRESSURE,MEDIUM,High diff pressure,1.64
EVT-00007284,2026-09-16T20:47:57-05:00,PUMP_01_FLOW,LOW_FLOW,HIGH,Low flow,12.37
EVT-00007285,2026-09-01T09:56:01-05:00,COMPRESSOR_01_PRESSURE,LOW_PRESSURE,HIGH,Low pressure,2.98
EVT-00007286,2026-09-02T12:01:09-05:00,TANK_OUT_01_LEVEL,LOW_LEVEL,HIGH,Low level,2.06
EVT-00007287,2026-09-01T13:12:47-05:00,FILTER_01_DIFF_PRESSURE,HIGH_DIFF_PRESSURE,MEDIUM,High diff pressure,2.61
EVT-00007288,2026-09-27T06:09:08-05:00,PUMP_01_FLOW,LOW_FLOW,HIGH,Low flow,8.59
EVT-00007289,2026-09-24T15:39:53-05:00,TANK_IN_01_LEVEL,LOW_LEVEL,HIGH,Low level,2.79
EVT-00007290,2026-09-14T10:50:31-05:00,FILLER_01_PRESSURE,LOW_PRESSURE,HIGH,Low pressure,0.12
EVT-00007291,2026-09-19T08:11:49-05:00,FILLER_01_PRESSURE,LOW_PRESSURE,HIGH,Low pressure,0.12
EVT-00007292,2026-09-19T06:47:50-05:00,CONVEYOR_01_MOTOR_TEMP,HIGH_TEMPERATURE,LOW,High temperature,83.13
EVT-00007293,2026-09-06T07:04:07-05:00,TANK_IN_01_LEVEL,HIGH_LEVEL,MEDIUM,High level,98.58
EVT-00007294,2026-09-01T08:36:22-05:00,PUMP_01_FLOW,LOW_FLOW,HIGH,Low flow,8.47
EVT-00007295,2026-09-20T10:46:29-05:00,PUMP_01_FLOW,LOW_FLOW,HIGH,Low flow,7.94
EVT-00007296,2026-09-07T19:58:11-05:00,PUMP_01_FLOW,LOW_FLOW,HIGH,Low flow,10.42
EVT-00007297,2026-09-19T14:30:37-05:00,FILLER_01_CYCLE_FAULT,CYCLE_FAULT,HIGH,Cycle fault,1.00
EVT-00007298,2026-09-04T16:27:28-05:00,PUMP_01_FLOW,LOW_FLOW,HIGH,Low flow,14.29
EVT-00007299,2026-09-13T06:45:30-05:00,CONVEYOR_01_JAM,JAM,MEDIUM,Jam,1.00
EVT-00007300,2026-09-18T13:50:05-05:00,FILLER_01_PRESSURE,LOW_PRESSURE,HIGH,Low pressure,0.21
EVT-00007301,2026-09-15T12:21:00-05:00,PUMP_01_FLOW,LOW_FLOW,HIGH,Low flow,21
EVT-00007302,2026-09-30T11:22:31-05:00,COMPRESSOR_01_PRESSURE,LOW_PRESSURE,HIGH,Low pressure,4.38
EVT-00007303,2026-09-15T17:28:18-05:00,FILTER_01_DIFF_PRESSURE,HIGH_DIFF_PRESSURE,MEDIUM,High diff pressure,1.95
EVT-00007304,2026-09-10T19:36:06-05:00,TANK_IN_01_LEVEL,LOW_LEVEL,HIGH,Low level,12.40
EVT-00007305,2026-09-10T18:37:28-05:00,COMPRESSOR_01_PRESSURE,LOW_PRESSURE,HIGH,Low pressure,2.46
EVT-00007306,2026-09-08T15:21:12-05:00,COMPRESSOR_01_PRESSURE,LOW_PRESSURE,HIGH,Low pressure,1.46
EVT-00007307,2026-09-01T17:28:48-05:00,PUMP_01_FLOW,LOW_FLOW,HIGH,Low flow,12.49
EVT-00007308,2026-09-18T16:50:09-05:00,TANK_IN_01_LEVEL,HIGH_LEVEL,MEDIUM,High level,94.98
EVT-00007309,2026-09-15T15:38:14-05:00,FILTER_01_DIFF_PRESSURE,HIGH_DIFF_PRESSURE,MEDIUM,High diff pressure,2.14
EVT-00007310,2026-09-15T19:52:24-05:00,FILTER_01_DIFF_PRESSURE,HIGH_DIFF_PRESSURE,MEDIUM,High diff pressure,2.44
EVT-00007311,2026-09-22T08:51:22-05:00,FILTER_01_DIFF_PRESSURE,HIGH_DIFF_PRESSURE,MEDIUM,High diff pressure,2.02
EVT-00007312,2026-09-22T12:45:13-05:00,TANK_OUT_01_LEVEL,HIGH_LEVEL,MEDIUM,High level,92.52
EVT-00007313,2026-09-20T15:00:43-05:00,PUMP_01_FLOW,LOW_FLOW,HIGH,Low flow,2.07
EVT-00007314,2026-09-22T12:54:56-05:00,FILTER_01_DIFF_PRESSURE,HIGH_DIFF_PRESSURE,MEDIUM,High diff pressure,1.63
EVT-00007315,2026-09-26T13:26:04-05:00,PUMP_01_FLOW,LOW_FLOW,HIGH,Low flow,3.10
EVT-00007316,2026-09-27T08:32:24-05:00,CONVEYOR_01_JAM,JAM,MEDIUM,Jam,1.00
EVT-00007317,2026-09-01T14:08:56-05:00,TANK_OUT_01_LEVEL,LOW_LEVEL,HIGH,Low level,1.21
EVT-00007318,2026-09-08T19:47:41-05:00,FILTER_01_DIFF_PRESSURE,HIGH_DIFF_PRESSURE,MEDIUM,High diff pressure,2.67
EVT-00007319,2026-09-13T06:17:30-05:00,COMPRESSOR_01_PRESSURE,LOW_PRESSURE,HIGH,Low pressure,1.67
EVT-00007320,2026-09-26T07:08:41-05:00,PUMP_01_FLOW,LOW_FLOW,HIGH,Low flow,8.49
EVT-00007321,2026-09-01T07:17:33-05:00,TANK_OUT_01_LEVEL,LOW_LEVEL,HIGH,Low level,8.66
EVT-00007322,2026-09-22T06:04:46-05:00,COMPRESSOR_01_PRESSURE,LOW_PRESSURE,HIGH,Low pressure,1.34
EVT-00007323,2026-09-01T13:42:12-05:00,FILTER_01_DIFF_PRESSURE,HIGH_DIFF_PRESSURE,MEDIUM,High diff pressure,2.87
EVT-00007324,2026-09-11T13:42:17-05:00,CONVEYOR_01_JAM,JAM,MEDIUM,Jam,1.00
EVT-00007325,2026-09-22T16:24:51-05:00,FILTER_01_DIFF_PRESSURE,HIGH_DIFF_PRESSURE,MEDIUM,High diff pressure,1.75
EVT-00007326,2026-09-08T10:39:14-05:00,FILTER_01_DIFF_PRESSURE,HIGH_DIFF_PRESSURE,MEDIUM,High diff pressure,2.37
EVT-00007327,2026-09-08T16:45:14-05:00,TANK_IN_01_LEVEL,LOW_LEVEL,HIGH,Low level,7.68
EVT-00007328,2026-09-29T10:49:49-05:00,FILTER_01_DIFF_PRESSURE,HIGH_DIFF_PRESSURE,MEDIUM,High diff pressure,1.74
EVT-00007329,2026-09-09T19:19:27-05:00,FILLER_01_PRESSURE,LOW_PRESSURE,HIGH,Low pressure,1.03
EVT-00007330,2026-09-22T20:46:32-05:00,PUMP_01_FLOW,LOW_FLOW,HIGH,Low flow,7.55
EVT-00007331,2026-09-30T14:30:40-05:00,FILLER_01_PRESSURE,LOW_PRESSURE,HIGH,Low pressure,1.59
EVT-00007332,2026-09-24T14:22:41-05:00,TANK_IN_01_LEVEL,LOW_LEVEL,HIGH,Low level,3.52
EVT-00007333,2026-09-24T07:27:19-05:00,TANK_OUT_01_LEVEL,LOW_LEVEL,HIGH,Low level,11.74
EVT-00007334,2026-09-18T13:14:34-05:00,FILLER_01_PRESSURE,LOW_PRESSURE,HIGH,Low pressure,1.21
EVT-00007335,2026-09-30T11:28:03-05:00,COMPRESSOR_01_PRESSURE,LOW_PRESSURE,HIGH,Low pressure,4.67
EVT-00007336,2026-09-08T13:49:19-05:00,FILTER_01_DIFF_PRESSURE,HIGH_DIFF_PRESSURE,MEDIUM,High diff pressure,2.44
EVT-00007337,2026-09-01T16:04:49-05:00,FILTER_01_DIFF_PRESSURE,HIGH_DIFF_PRESSURE,MEDIUM,High diff pressure,2.20
EVT-00007338,2026-09-11T18:59:18-05:00,PUMP_01_FLOW,LOW_FLOW,HIGH,Low flow,13.43
EVT-00007339,2026-09-21T18:12:25-05:00,TANK_OUT_01_LEVEL,LOW_LEVEL,HIGH,Low level,12.45
EVT-00007340,2026-09-18T06:07:33-05:00,FILTER_01_PRESSURE,HIGH_PRESSURE,HIGH,High pressure,8.01
EVT-00007341,2026-09-02T20:03:13-05:00,FILLER_01_PRESSURE,LOW_PRESSURE,HIGH,Low pressure,0.57
EVT-00007342,2026-09-24T18:38:06-05:00,COMPRESSOR_01_TEMP,HIGH_TEMPERATURE,HIGH,High temperature,115.58
EVT-00007343,2026-09-26T19:18:29-05:00,CONVEYOR_01_JAM,JAM,MEDIUM,Jam,1.00
EVT-00007344,2026-09-08T21:34:28-05:00,TANK_OUT_01_LEVEL,LOW_LEVEL,HIGH,Low level,1.12
EVT-00007345,2026-09-04T16:15:40-05:00,CONVEYOR_01_JAM,JAM,MEDIUM,Jam,1.00
EVT-00007346,2026-09-20T12:33:05-05:00,PUMP_01_FLOW,LOW_FLOW,HIGH,Low flow,9.85
EVT-00007347,2026-09-07T09:27:09-05:00,TANK_OUT_01_LEVEL,LOW_LEVEL,HIGH,Low level,3.94
EVT-00007348,2026-09-20T18:43:03-05:00,FILLER_01_PRESSURE,LOW_PRESSURE,HIGH,Low pressure,1.32
EVT-00007349,2026-09-22T08:25:33-05:00,PUMP_01_FLOW,LOW_FLOW,HIGH,Low flow,5.30
EVT-00007350,2026-09-28T13:22:13-05:00,TANK_OUT_01_LEVEL,LOW_LEVEL,HIGH,Low level,6.92
EVT-00007351,2026-09-06T21:48:43-05:00,PUMP_01_MOTOR_FAULT,MOTOR_FAULT,LOW,Motor fault,1.00
EVT-00007352,2026-09-08T20:50:43-05:00,FILTER_01_DIFF_PRESSURE,HIGH_DIFF_PRESSURE,MEDIUM,High diff pressure,2.61
EVT-00007353,2026-09-29T14:22:38-05:00,COMPRESSOR_01_PRESSURE,LOW_PRESSURE,HIGH,Low pressure,2.92
EVT-00007354,2026-09-19T17:52:58-05:00,FILLER_01_PRESSURE,LOW_PRESSURE,HIGH,Low pressure,0.57
EVT-00007355,2026-09-15T14:37:04-05:00,PUMP_01_MOTOR_FAULT,MOTOR_FAULT,CRITICAL,Motor fault,1.00
EVT-00007356,2026-09-23T08:54:09-05:00,FILLER_01_PRESSURE,LOW_PRESSURE,HIGH,Low pressure,0.67
EVT-00007357,2026-09-28T12:09:20-05:00,FILLER_01_PRESSURE,LOW_PRESSURE,HIGH,Low pressure,1.76
EVT-00007358,2026-09-05T10:20:17-05:00,PUMP_01_FLOW,LOW_FLOW,HIGH,Low flow,15.04
EVT-00007359,2026-09-19T07:42:35-05:00,PUMP_01_FLOW,LOW_FLOW,HIGH,Low flow,6.14
EVT-00007360,2026-09-01T07:11:16-05:00,FILLER_01_PRESSURE,LOW_PRESSURE,HIGH,Low pressure,1.18
EVT-00007361,2026-09-08T19:51:22-05:00,FILLER_01_PRESSURE,LOW_PRESSURE,HIGH,Low pressure,0.54
EVT-00007362,2026-09-10T08:31:03-05:00,TANK_OUT_01_LEVEL,LOW_LEVEL,HIGH,Low level,5.35
EVT-00007363,2026-09-16T18:00:43-05:00,COMPRESSOR_01_PRESSURE,LOW_PRESSURE,HIGH,Low pressure,1.36
EVT-00007364,2026-09-17T08:43:07-05:00,TANK_OUT_01_LEVEL,HIGH_LEVEL,MEDIUM,High level,97.22
EVT-00007365,2026-09-22T14:47:51-05:00,TANK_IN_01_LEVEL,LOW_LEVEL,HIGH,Low level,7.78
EVT-00007366,2026-09-28T07:31:51-05:00,CONVEYOR_01_JAM,JAM,MEDIUM,Jam,1.00
EVT-00007367,2026-09-23T12:13:39-05:00,CONVEYOR_01_JAM,JAM,MEDIUM,Jam,1.00
EVT-00007368,2026-09-02T14:03:23-05:00,COMPRESSOR_01_PRESSURE,LOW_PRESSURE,HIGH,Low pressure,2.65
EVT-00007369,2026-09-29T17:19:45-05:00,FILTER_01_DIFF_PRESSURE,HIGH_DIFF_PRESSURE,MEDIUM,High diff pressure,1.77
EVT-00007370,2026-09-08T08:15:47-05:00,PUMP_01_FLOW,LOW_FLOW,HIGH,Low flow,1.60
EVT-00007371,2026-09-27T13:09:38-05:00,TANK_IN_01_LEVEL,LOW_LEVEL,HIGH,Low level,6.82
EVT-00007372,2026-09-07T18:15:34-05:00,COMPRESSOR_01_TEMP,HIGH_TEMPERATURE,HIGH,High temperature,102.33
EVT-00007373,2026-09-25T13:52:24-05:00,PUMP_01_FLOW,LOW_FLOW,HIGH,Low flow,13.80
EVT-00007374,2026-09-05T08:20:07-05:00,FILLER_01_PRESSURE,LOW_PRESSURE,HIGH,Low pressure,1.36
EVT-00007375,2026-09-22T09:58:29-05:00,FILTER_01_DIFF_PRESSURE,HIGH_DIFF_PRESSURE,MEDIUM,High diff pressure,2.12
EVT-00007376,2026-09-14T19:12:57-05:00,COMPRESSOR_01_PRESSURE,LOW_PRESSURE,HIGH,Low pressure,3.59
EVT-00007377,2026-09-02T13:15:11-05:00,FILLER_01_PRESSURE,LOW_PRESSURE,HIGH,Low pressure,1.12
EVT-00007378,2026-09-24T14:42:15-05:00,COMPRESSOR_01_PRESSURE,LOW_PRESSURE,HIGH,Low pressure,1.14
EVT-00007379,2026-09-15T06:03:46-05:00,COMPRESSOR_01_PRESSURE,LOW_PRESSURE,HIGH,Low pressure,2.06
EVT-00007380,2026-09-02T10:20:00-05:00,TANK_OUT_01_LEVEL,LOW_LEVEL,HIGH,Low level,8.75
EVT-00007381,2026-09-11T17:11:02-05:00,CONVEYOR_01_JAM,JAM,MEDIUM,Jam,1.00
EVT-00007382,2026-09-17T20:29:36-05:00,PUMP_01_FLOW,LOW_FLOW,HIGH,Low flow,7.23
EVT-00007383,2026-09-10T07:32:38-05:00,PUMP_01_FLOW,LOW_FLOW,HIGH,Low flow,15.90
EVT-00007384,2026-09-21T14:36:33-05:00,CONVEYOR_01_JAM,JAM,MEDIUM,Jam,1.00
EVT-00007385,2026-09-05T15:01:49-05:00,FILLER_01_CYCLE_FAULT,CYCLE_FAULT,HIGH,Cycle fault,1.00
EVT-00007386,2026-09-21T21:48:40-05:00,TANK_IN_01_LEVEL,LOW_LEVEL,HIGH,Low level,9.89
EVT-00007387,2026-09-25T12:40:40-05:00,FILTER_01_PRESSURE,HIGH_PRESSURE,HIGH,High pressure,8.69
EVT-00007388,2026-09-15T13:39:01-05:00,PUMP_01_FLOW,LOW_FLOW,HIGH,Low flow,3.82
EVT-00007389,2026-09-01T21:19:31-05:00,FILTER_01_DIFF_PRESSURE,HIGH_DIFF_PRESSURE,MEDIUM,High diff pressure,2.70
EVT-00007390,2026-09-01T21:20:31-05:00,CONVEYOR_01_JAM,JAM,MEDIUM,Jam,1.00
EVT-00007391,2026-09-13T09:28:31-05:00,PUMP_01_MOTOR_FAULT,MOTOR_FAULT,CRITICAL,Motor fault,1.00
EVT-00007392,2026-09-26T20:44:16-05:00,FILLER_01_PRESSURE,LOW_PRESSURE,HIGH,Low pressure,1.13
EVT-00007393,2026-09-26T10:46:34-05:00,COMPRESSOR_01_PRESSURE,LOW_PRESSURE,HIGH,Low pressure,3.10
EVT-00007394,2026-09-10T16:26:36-05:00,FILLER_01_CYCLE_FAULT,CYCLE_FAULT,HIGH,Cycle fault,1.00
EVT-00007395,2026-09-20T14:50:30-05:00,PUMP_01_MOTOR_FAULT,MOTOR_FAULT,CRITICAL,Motor fault,1.00
EVT-00007396,2026-09-30T09:57:39-05:00,TANK_IN_01_LEVEL,HIGH_LEVEL,MEDIUM,High level,97.01
EVT-00007397,2026-09-19T18:22:04-05:00,FILLER_01_PRESSURE,LOW_PRESSURE,HIGH,Low pressure,1.34
EVT-00007398,2026-09-27T15:51:39-05:00,FILLER_01_CYCLE_FAULT,CYCLE_FAULT,HIGH,Cycle fault,1.00
EVT-00007399,2026-09-20T20:22:26-05:00,CONVEYOR_01_JAM,JAM,MEDIUM,Jam,1.00
EVT-00007400,2026-09-30T18:51:12-05:00,PUMP_01_MOTOR_FAULT,MOTOR_FAULT,CRITICAL,Motor fault,1.00
EVT-00007401,2026-09-24T17:17:26-05:00,TANK_IN_01_LEVEL,LOW_LEVEL,HIGH,Low level,16
EVT-00007402,2026-09-01T21:46:44-05:00,CONVEYOR_01_JAM,JAM,MEDIUM,Jam,1.00
EVT-00007403,2026-09-26T18:02:54-05:00,TANK_OUT_01_LEVEL,HIGH_LEVEL,MEDIUM,High level,93.12
EVT-00007404,2026-09-14T20:06:35-05:00,PUMP_01_FLOW,LOW_FLOW,HIGH,Low flow,18.86
EVT-00007405,2026-09-08T08:19:19-05:00,FILTER_01_DIFF_PRESSURE,HIGH_DIFF_PRESSURE,MEDIUM,High diff pressure,1.93
EVT-00007406,2026-09-19T10:40:59-05:00,FILLER_01_CYCLE_FAULT,CYCLE_FAULT,HIGH,Cycle fault,1.00
EVT-00007407,2026-09-04T08:51:25-05:00,TANK_IN_01_LEVEL,HIGH_LEVEL,MEDIUM,High level,98.35
EVT-00007408,2026-09-23T15:42:54-05:00,TANK_OUT_01_LEVEL,LOW_LEVEL,HIGH,Low level,2.52
EVT-00007409,2026-09-30T07:53:57-05:00,FILLER_01_PRESSURE,LOW_PRESSURE,HIGH,Low pressure,0.94
EVT-00007410,2026-09-18T12:10:45-05:00,FILLER_01_PRESSURE,LOW_PRESSURE,HIGH,Low pressure,0.68
EVT-00007411,2026-09-01T18:44:22-05:00,PUMP_01_MOTOR_FAULT,MOTOR_FAULT,CRITICAL,Motor fault,1.00
EVT-00007412,2026-09-15T13:57:15-05:00,PUMP_01_FLOW,LOW_FLOW,HIGH,Low flow,16.18
EVT-00007413,2026-09-30T21:56:28-05:00,FILLER_01_PRESSURE,LOW_PRESSURE,HIGH,Low pressure,0.51
EVT-00007414,2026-09-07T20:51:58-05:00,PUMP_01_FLOW,LOW_FLOW,HIGH,Low flow,13.11
EVT-00007415,2026-09-23T11:32:15-05:00,COMPRESSOR_01_TEMP,HIGH_TEMPERATURE,HIGH,High temperature,116.38
EVT-00007416,2026-09-08T12:12:28-05:00,FILTER_01_DIFF_PRESSURE,HIGH_DIFF_PRESSURE,MEDIUM,High diff pressure,2.61
EVT-00007417,2026-09-24T15:10:31-05:00,FILLER_01_PRESSURE,LOW_PRESSURE,HIGH,Low pressure,1.88
EVT-00007418,2026-09-28T15:20:45-05:00,TANK_OUT_01_LEVEL,LOW_LEVEL,HIGH,Low level,11.26
EVT-00007419,2026-09-30T08:20:38-05:00,TANK_OUT_01_LEVEL,LOW_LEVEL,HIGH,Low level,5.19
EVT-00007420,2026-09-29T17:48:48-05:00,FILTER_01_DIFF_PRESSURE,HIGH_DIFF_PRESSURE,MEDIUM,High diff pressure,2.83
EVT-00007421,2026-09-22T15:57:05-05:00,TANK_IN_01_LEVEL,LOW_LEVEL,HIGH,Low level,6.94
EVT-00007422,2026-09-17T06:54:02-05:00,TANK_IN_01_LEVEL,LOW_LEVEL,HIGH,Low level,8.87
EVT-00007423,2026-09-24T09:38:22-05:00,FILLER_01_PRESSURE,LOW_PRESSURE,HIGH,Low pressure,1.88
EVT-00007424,2026-09-19T17:41:42-05:00,FILLER_01_PRESSURE,LOW_PRESSURE,HIGH,Low pressure,1.04
EVT-00007425,2026-09-22T19:36:34-05:00,FILTER_01_DIFF_PRESSURE,HIGH_DIFF_PRESSURE,MEDIUM,High diff pressure,2.97
EVT-00007426,2026-09-09T13:07:31-05:00,COMPRESSOR_01_TEMP,HIGH_TEMPERATURE,HIGH,High temperature,97.00
EVT-00007427,2026-09-11T15:22:51-05:00,FILLER_01_CYCLE_FAULT,CYCLE_FAULT,HIGH,Cycle fault,1.00
EVT-00007428,2026-09-20T10:54:11-05:00,FILLER_01_PRESSURE,LOW_PRESSURE,HIGH,Low pressure,1.55
EVT-00007429,2026-09-13T09:30:35-05:00,FILLER_01_CYCLE_FAULT,CYCLE_FAULT,HIGH,Cycle fault,1.00
EVT-00007430,2026-09-28T17:18:11-05:00,COMPRESSOR_01_TEMP,HIGH_TEMPERATURE,HIGH,High temperature,114.21
EVT-00007431,2026-09-13T20:38:09-05:00,PUMP_01_FLOW,LOW_FLOW,HIGH,Low flow,3.44
EVT-00007432,2026-09-18T07:04:49-05:00,TANK_IN_01_LEVEL,LOW_LEVEL,HIGH,Low level,12.75
EVT-00007433,2026-09-14T07:31:23-05:00,COMPRESSOR_01_PRESSURE,LOW_PRESSURE,HIGH,Low pressure,2.96
EVT-00007434,2026-09-01T07:48:05-05:00,FILTER_01_DIFF_PRESSURE,HIGH_DIFF_PRESSURE,MEDIUM,High diff pressure,2.67
EVT-00007435,2026-09-15T19:20:02-05:00,FILTER_01_DIFF_PRESSURE,HIGH_DIFF_PRESSURE,MEDIUM,High diff pressure,2.75
EVT-00007436,2026-09-14T11:03:24-05:00,FILLER_01_PRESSURE,LOW_PRESSURE,HIGH,Low pressure,0.94
EVT-00007437,2026-09-30T15:30:58-05:00,TANK_OUT_01_LEVEL,LOW_LEVEL,HIGH,Low level,9.16
EVT-00007438,2026-09-15T14:59:04-05:00,FILTER_01_DIFF_PRESSURE,HIGH_DIFF_PRESSURE,MEDIUM,High diff pressure,2.50
EVT-00007439,2026-09-06T10:38:16-05:00,TANK_IN_01_LEVEL,HIGH_LEVEL,MEDIUM,High level,95.81
EVT-00007440,2026-09-01T06:07:28-05:00,FILTER_01_DIFF_PRESSURE,HIGH_DIFF_PRESSURE,MEDIUM,High diff pressure,1.73
EVT-00007441,2026-09-22T12:08:43-05:00,FILTER_01_DIFF_PRESSURE,HIGH_DIFF_PRESSURE,MEDIUM,High diff pressure,2.93
EVT-00007442,2026-09-14T20:42:56-05:00,FILLER_01_CYCLE_FAULT,CYCLE_FAULT,HIGH,Cycle fault,1.00
EVT-00007443,2026-09-01T12:30:23-05:00,FILTER_01_DIFF_PRESSURE,HIGH_DIFF_PRESSURE,MEDIUM,High diff pressure,1.78
EVT-00007444,2026-09-15T10:38:54-05:00,FILTER_01_DIFF_PRESSURE,HIGH_DIFF_PRESSURE,MEDIUM,High diff pressure,2.43
EVT-00007445,2026-09-06T10:40:22-05:00,TANK_IN_01_LEVEL,HIGH_LEVEL,MEDIUM,High level,94.09
EVT-00007446,2026-09-25T15:19:33-05:00,PUMP_01_MOTOR_FAULT,MOTOR_FAULT,CRITICAL,Motor fault,1.00
EVT-00007447,2026-09-01T08:36:58-05:00,COMPRESSOR_01_PRESSURE,LOW_PRESSURE,HIGH,Low pressure,2.03
EVT-00007448,2026-09-14T15:43:43-05:00,PUMP_01_FLOW,LOW_FLOW,HIGH,Low flow,9.72
EVT-00007449,2026-09-25T10:14:54-05:00,TANK_IN_01_LEVEL,LOW_LEVEL,HIGH,Low level,7.51
EVT-00007450,2026-09-28T06:45:45-05:00,CONVEYOR_01_JAM,JAM,MEDIUM,Jam,1.00
EVT-00007451,2026-09-08T13:25:52-05:00,FILTER_01_DIFF_PRESSURE,HIGH_DIFF_PRESSURE,HIGH,High diff pressure,2.09
EVT-00007452,2026-09-20T11:25:49-05:00,TANK_IN_01_LEVEL,LOW_LEVEL,HIGH,Low level,6.48
EVT-00007453,2026-09-07T15:19:59-05:00,PUMP_01_FLOW,LOW_FLOW,HIGH,Low flow,14.16
EVT-00007454,2026-09-08T06:49:23-05:00,FILTER_01_DIFF_PRESSURE,HIGH_DIFF_PRESSURE,MEDIUM,High diff pressure,2.45
EVT-00007455,2026-09-18T17:07:52-05:00,FILLER_01_CYCLE_FAULT,CYCLE_FAULT,HIGH,Cycle fault,1.00
EVT-00007456,2026-09-20T20:08:32-05:00,TANK_IN_01_LEVEL,LOW_LEVEL,HIGH,Low level,6.69
EVT-00007457,2026-09-07T10:53:56-05:00,FILLER_01_CYCLE_FAULT,CYCLE_FAULT,HIGH,Cycle fault,1.00
EVT-00007458,2026-09-14T17:36:50-05:00,TANK_OUT_01_LEVEL,HIGH_LEVEL,MEDIUM,High level,91.67
EVT-00007459,2026-09-16T16:51:24-05:00,CONVEYOR_01_JAM,JAM,MEDIUM,Jam,1.00
EVT-00007460,2026-09-30T20:57:02-05:00,CONVEYOR_01_MOTOR_TEMP,HIGH_TEMPERATURE,LOW,High temperature,89.33
EVT-00007461,2026-09-16T08:27:22-05:00,TANK_OUT_01_LEVEL,HIGH_LEVEL,MEDIUM,High level,93.79
EVT-00007462,2026-09-08T16:06:28-05:00,FILTER_01_DIFF_PRESSURE,HIGH_DIFF_PRESSURE,MEDIUM,High diff pressure,2.28
EVT-00007463,2026-09-12T13:05:09-05:00,TANK_IN_01_LEVEL,HIGH_LEVEL,MEDIUM,High level,97.24
EVT-00007464,2026-09-01T11:26:23-05:00,PUMP_01_MOTOR_FAULT,MOTOR_FAULT,CRITICAL,Motor fault,1.00
EVT-00007465,2026-09-15T09:43:31-05:00,COMPRESSOR_01_PRESSURE,LOW_PRESSURE,HIGH,Low pressure,2.81
EVT-00007466,2026-09-13T19:41:09-05:00,FILLER_01_CYCLE_FAULT,CYCLE_FAULT,HIGH,Cycle fault,1.00
EVT-00007467,2026-09-29T06:15:28-05:00,FILTER_01_DIFF_PRESSURE,HIGH_DIFF_PRESSURE,MEDIUM,High diff pressure,2.42
EVT-00007468,2026-09-21T10:03:19-05:00,TANK_OUT_01_LEVEL,LOW_LEVEL,HIGH,Low level,12.73
EVT-00007469,2026-09-01T12:07:51-05:00,PUMP_01_MOTOR_FAULT,MOTOR_FAULT,CRITICAL,Motor fault,1.00
EVT-00007470,2026-09-14T06:01:11-05:00,PUMP_01_FLOW,LOW_FLOW,HIGH,Low flow,4.45
EVT-00007471,2026-09-09T10:55:12-05:00,FILLER_01_PRESSURE,LOW_PRESSURE,HIGH,Low pressure,0.47
EVT-00007472,2026-09-26T21:35:39-05:00,FILLER_01_PRESSURE,LOW_PRESSURE,HIGH,Low pressure,0.21
EVT-00007473,2026-09-03T12:26:24-05:00,CONVEYOR_01_JAM,JAM,MEDIUM,Jam,1.00
EVT-00007474,2026-09-15T17:06:51-05:00,FILTER_01_DIFF_PRESSURE,HIGH_DIFF_PRESSURE,MEDIUM,High diff pressure,1.64
EVT-00007475,2026-09-28T11:40:58-05:00,FILTER_01_PRESSURE,HIGH_PRESSURE,HIGH,High pressure,6.88
EVT-00007476,2026-09-04T16:15:30-05:00,TANK_IN_01_LEVEL,LOW_LEVEL,HIGH,Low level,10.01
EVT-00007477,2026-09-16T11:12:03-05:00,FILLER_01_PRESSURE,LOW_PRESSURE,HIGH,Low pressure,1.46
EVT-00007478,2026-09-15T17:05:54-05:00,FILTER_01_DIFF_PRESSURE,HIGH_DIFF_PRESSURE,MEDIUM,High diff pressure,2.53
EVT-00007479,2026-09-04T17:56:51-05:00,COMPRESSOR_01_PRESSURE,LOW_PRESSURE,HIGH,Low pressure,2.58
EVT-00007480,2026-09-29T13:44:36-05:00,TANK_IN_01_LEVEL,LOW_LEVEL,HIGH,Low level,6.47
EVT-00007481,2026-09-22T15:30:54-05:00,COMPRESSOR_01_TEMP,HIGH_TEMPERATURE,HIGH,High temperature,102.51
EVT-00007482,2026-09-17T15:30:08-05:00,PUMP_01_FLOW,LOW_FLOW,HIGH,Low flow,16.45
EVT-00007483,2026-09-27T17:02:19-05:00,FILLER_01_PRESSURE,LOW_PRESSURE,HIGH,Low pressure,0.91
EVT-00007484,2026-09-17T21:54:24-05:00,FILLER_01_CYCLE_FAULT,CYCLE_FAULT,HIGH,Cycle fault,1.00
EVT-00007485,2026-09-26T11:01:57-05:00,FILLER_01_PRESSURE,LOW_PRESSURE,HIGH,Low pressure,0.37
EVT-00007486,2026-09-06T10:27:16-05:00,TANK_OUT_01_LEVEL,LOW_LEVEL,HIGH,Low level,5.50
EVT-00007487,2026-09-29T13:48:58-05:00,PUMP_01_FLOW,LOW_FLOW,HIGH,Low flow,1.63
EVT-00007488,2026-09-12T19:09:14-05:00,FILLER_01_CYCLE_FAULT,CYCLE_FAULT,HIGH,Cycle fault,1.00
EVT-00007489,2026-09-25T11:05:46-05:00,FILLER_01_PRESSURE,LOW_PRESSURE,HIGH,Low pressure,0.52
EVT-00007490,2026-09-27T14:44:54-05:00,FILTER_01_PRESSURE,HIGH_PRESSURE,HIGH,High pressure,7.59
EVT-00007491,2026-09-07T07:47:45-05:00,COMPRESSOR_01_PRESSURE,LOW_PRESSURE,HIGH,Low pressure,3.27
EVT-00007492,2026-09-01T12:59:22-05:00,PUMP_01_FLOW,LOW_FLOW,HIGH,Low flow,9.25
EVT-00007493,2026-09-19T09:53:20-05:00,PUMP_01_FLOW,LOW_FLOW,HIGH,Low flow,14.45
EVT-00007494,2026-09-30T18:24:15-05:00,COMPRESSOR_01_PRESSURE,LOW_PRESSURE,HIGH,Low pressure,1.44
EVT-00007495,2026-09-29T20:31:52-05:00,FILTER_01_DIFF_PRESSURE,HIGH_DIFF_PRESSURE,MEDIUM,High diff pressure,1.83
EVT-00007496,2026-09-17T08:43:22-05:00,FILTER_01_PRESSURE,HIGH_PRESSURE,HIGH,High pressure,7.60
EVT-00007497,2026-09-29T12:56:40-05:00,FILLER_01_CYCLE_FAULT,CYCLE_FAULT,HIGH,Cycle fault,1.00
EVT-00007498,2026-09-19T11:41:14-05:00,CONVEYOR_01_JAM,JAM,MEDIUM,Jam,1.00
EVT-00007499,2026-09-19T21:13:06-05:00,FILLER_01_PRESSURE,LOW_PRESSURE,HIGH,Low pressure,0.15
EVT-00007500,2026-09-30T08:46:51-05:00,COMPRESSOR_01_PRESSURE,LOW_PRESSURE,HIGH,Low pressure,2.20
EVT-00007501,2026-09-24T08:37:44-05:00,PUMP_01_FLOW,LOW_FLOW,HIGH,Low flow,21
EVT-00007502,2026-09-04T14:11:51-05:00,FILLER_01_PRESSURE,LOW_PRESSURE,HIGH,Low pressure,1.69
EVT-00007503,2026-09-19T06:29:27-05:00,TANK_OUT_01_LEVEL,LOW_LEVEL,HIGH,Low level,4.10
EVT-00007504,2026-09-08T14:35:01-05:00,COMPRESSOR_01_PRESSURE,LOW_PRESSURE,HIGH,Low pressure,4.47
EVT-00007505,2026-09-02T06:39:13-05:00,CONVEYOR_01_JAM,JAM,MEDIUM,Jam,1.00
EVT-00007506,2026-09-15T21:53:27-05:00,FILTER_01_DIFF_PRESSURE,HIGH_DIFF_PRESSURE,MEDIUM,High diff pressure,2.98
EVT-00007507,2026-09-15T07:00:45-05:00,FILLER_01_PRESSURE,LOW_PRESSURE,HIGH,Low pressure,1.81
EVT-00007508,2026-09-09T20:44:38-05:00,COMPRESSOR_01_PRESSURE,LOW_PRESSURE,HIGH,Low pressure,3.38
EVT-00007509,2026-09-19T11:52:45-05:00,COMPRESSOR_01_TEMP,HIGH_TEMPERATURE,HIGH,High temperature,106.62
EVT-00007510,2026-09-26T14:06:14-05:00,TANK_IN_01_LEVEL,LOW_LEVEL,HIGH,Low level,9.61
EVT-00007511,2026-09-11T09:41:12-05:00,TANK_OUT_01_LEVEL,LOW_LEVEL,HIGH,Low level,13.15
EVT-00007512,2026-09-27T21:59:35-05:00,TANK_OUT_01_LEVEL,LOW_LEVEL,HIGH,Low level,12.15
EVT-00007513,2026-09-22T06:43:27-05:00,TANK_OUT_01_LEVEL,LOW_LEVEL,HIGH,Low level,10.26
EVT-00007514,2026-09-15T15:21:37-05:00,FILLER_01_CYCLE_FAULT,CYCLE_FAULT,HIGH,Cycle fault,1.00
EVT-00007515,2026-09-01T11:49:58-05:00,FILTER_01_DIFF_PRESSURE,HIGH_DIFF_PRESSURE,MEDIUM,High diff pressure,2.86
EVT-00007516,2026-09-18T16:34:38-05:00,TANK_OUT_01_LEVEL,HIGH_LEVEL,MEDIUM,High level,94.09
EVT-00007517,2026-09-29T19:52:25-05:00,FILTER_01_DIFF_PRESSURE,HIGH_DIFF_PRESSURE,MEDIUM,High diff pressure,2.59
EVT-00007518,2026-09-27T16:00:40-05:00,PUMP_01_FLOW,LOW_FLOW,HIGH,Low flow,5.30
EVT-00007519,2026-09-18T15:18:56-05:00,TANK_OUT_01_LEVEL,LOW_LEVEL,HIGH,Low level,10.07
EVT-00007520,2026-09-29T06:24:57-05:00,FILTER_01_DIFF_PRESSURE,HIGH_DIFF_PRESSURE,MEDIUM,High diff pressure,1.99
EVT-00007521,2026-09-22T14:43:10-05:00,COMPRESSOR_01_PRESSURE,LOW_PRESSURE,HIGH,Low pressure,3.04
EVT-00007522,2026-09-08T16:48:27-05:00,TANK_IN_01_LEVEL,LOW_LEVEL,HIGH,Low level,9.17
EVT-00007523,2026-09-06T08:05:04-05:00,FILLER_01_PRESSURE,LOW_PRESSURE,HIGH,Low pressure,1.71
EVT-00007524,2026-09-20T06:30:25-05:00,FILLER_01_CYCLE_FAULT,CYCLE_FAULT,HIGH,Cycle fault,1.00
EVT-00007525,2026-09-18T21:59:32-05:00,FILLER_01_CYCLE_FAULT,CYCLE_FAULT,HIGH,Cycle fault,1.00
EVT-00007526,2026-09-19T17:46:44-05:00,PUMP_01_FLOW,LOW_FLOW,HIGH,Low flow,17.16
EVT-00007527,2026-09-21T13:02:40-05:00,TANK_OUT_01_LEVEL,LOW_LEVEL,HIGH,Low level,3.01
EVT-00007528,2026-09-05T20:50:43-05:00,TANK_OUT_01_LEVEL,LOW_LEVEL,HIGH,Low level,1.54
EVT-00007529,2026-09-16T06:07:41-05:00,FILLER_01_PRESSURE,LOW_PRESSURE,HIGH,Low pressure,1.12
EVT-00007530,2026-09-29T06:40:01-05:00,FILTER_01_DIFF_PRESSURE,HIGH_DIFF_PRESSURE,MEDIUM,High diff pressure,1.90
EVT-00007531,2026-09-19T08:24:07-05:00,TANK_IN_01_LEVEL,LOW_LEVEL,HIGH,Low level,5.49
EVT-00007532,2026-09-05T16:43:52-05:00,FILTER_01_PRESSURE,HIGH_PRESSURE,HIGH,High pressure,8.94
EVT-00007533,2026-09-18T17:02:40-05:00,PUMP_01_FLOW,LOW_FLOW,HIGH,Low flow,5.73
EVT-00007534,2026-09-29T18:51:37-05:00,PUMP_01_FLOW,LOW_FLOW,HIGH,Low flow,11.47
EVT-00007535,2026-09-28T13:56:56-05:00,FILLER_01_PRESSURE,LOW_PRESSURE,HIGH,Low pressure,1.79
EVT-00007536,2026-09-22T06:50:29-05:00,FILTER_01_DIFF_PRESSURE,HIGH_DIFF_PRESSURE,MEDIUM,High diff pressure,2.22
EVT-00007537,2026-09-02T13:39:32-05:00,FILLER_01_PRESSURE,LOW_PRESSURE,HIGH,Low pressure,1.35
EVT-00007538,2026-09-29T17:10:51-05:00,FILTER_01_DIFF_PRESSURE,HIGH_DIFF_PRESSURE,MEDIUM,High diff pressure,2.65
EVT-00007539,2026-09-26T19:16:55-05:00,CONVEYOR_01_MOTOR_TEMP,HIGH_TEMPERATURE,LOW,High temperature,88.71
EVT-00007540,2026-09-07T12:09:32-05:00,PUMP_01_FLOW,LOW_FLOW,HIGH,Low flow,8.25
EVT-00007541,2026-09-01T20:34:12-05:00,FILLER_01_PRESSURE,LOW_PRESSURE,HIGH,Low pressure,1.34
EVT-00007542,2026-09-01T19:56:36-05:00,FILTER_01_DIFF_PRESSURE,HIGH_DIFF_PRESSURE,MEDIUM,High diff pressure,2.03
EVT-00007543,2026-09-22T09:58:08-05:00,CONVEYOR_01_JAM,JAM,MEDIUM,Jam,1.00
EVT-00007544,2026-09-15T17:30:26-05:00,FILTER_01_DIFF_PRESSURE,HIGH_DIFF_PRESSURE,MEDIUM,High diff pressure,1.70
EVT-00007545,2026-09-25T11:47:39-05:00,FILLER_01_PRESSURE,LOW_PRESSURE,HIGH,Low pressure,1.22
EVT-00007546,2026-09-02T12:30:27-05:00,FILLER_01_PRESSURE,LOW_PRESSURE,HIGH,Low pressure,0.42
EVT-00007547,2026-09-17T14:42:35-05:00,FILLER_01_PRESSURE,LOW_PRESSURE,HIGH,Low pressure,1.68
EVT-00007548,2026-09-29T19:27:20-05:00,TANK_OUT_01_LEVEL,HIGH_LEVEL,MEDIUM,High level,93.27
EVT-00007549,2026-09-23T20:58:01-05:00,TANK_OUT_01_LEVEL,LOW_LEVEL,HIGH,Low level,6.73
EVT-00007550,2026-09-10T12:41:33-05:00,PUMP_01_MOTOR_FAULT,MOTOR_FAULT,CRITICAL,Motor fault,1.00
EVT-00007551,2026-09-03T11:40:05-05:00,TANK_IN_01_LEVEL,HIGH_LEVEL,HIGH,High level,91.65
EVT-00007552,2026-09-22T06:56:08-05:00,FILTER_01_DIFF_PRESSURE,HIGH_DIFF_PRESSURE,MEDIUM,High diff pressure,1.86
EVT-00007553,2026-09-30T10:07:44-05:00,FILLER_01_CYCLE_FAULT,CYCLE_FAULT,HIGH,Cycle fault,1.00
EVT-00007554,2026-09-07T13:17:33-05:00,CONVEYOR_01_MOTOR_TEMP,HIGH_TEMPERATURE,LOW,High temperature,81.97
EVT-00007555,2026-09-04T11:54:13-05:00,COMPRESSOR_01_TEMP,HIGH_TEMPERATURE,HIGH,High temperature,112.11
EVT-00007556,2026-09-25T15:43:04-05:00,CONVEYOR_01_JAM,JAM,MEDIUM,Jam,1.00
EVT-00007557,2026-09-19T17:37:48-05:00,FILLER_01_CYCLE_FAULT,CYCLE_FAULT,HIGH,Cycle fault,1.00
EVT-00007558,2026-09-15T17:14:55-05:00,CONVEYOR_01_MOTOR_TEMP,HIGH_TEMPERATURE,LOW,High temperature,80.14
EVT-00007559,2026-09-28T08:35:14-05:00,TANK_OUT_01_LEVEL,LOW_LEVEL,HIGH,Low level,5.75
EVT-00007560,2026-09-10T20:38:30-05:00,FILLER_01_PRESSURE,LOW_PRESSURE,HIGH,Low pressure,1.70
EVT-00007561,2026-09-14T15:19:39-05:00,PUMP_01_MOTOR_FAULT,MOTOR_FAULT,CRITICAL,Motor fault,1.00
EVT-00007562,2026-09-16T16:27:30-05:00,PUMP_01_MOTOR_FAULT,MOTOR_FAULT,CRITICAL,Motor fault,1.00
EVT-00007563,2026-09-25T10:13:17-05:00,TANK_IN_01_LEVEL,LOW_LEVEL,HIGH,Low level,9.66
EVT-00007564,2026-09-14T11:25:40-05:00,FILLER_01_PRESSURE,LOW_PRESSURE,HIGH,Low pressure,0.15
EVT-00007565,2026-09-07T08:27:08-05:00,TANK_IN_01_LEVEL,LOW_LEVEL,HIGH,Low level,13.55
EVT-00007566,2026-09-08T19:48:21-05:00,FILTER_01_DIFF_PRESSURE,HIGH_DIFF_PRESSURE,MEDIUM,High diff pressure,2.87
EVT-00007567,2026-09-07T21:48:44-05:00,TANK_OUT_01_LEVEL,LOW_LEVEL,HIGH,Low level,3.43
EVT-00007568,2026-09-22T12:39:49-05:00,FILTER_01_DIFF_PRESSURE,HIGH_DIFF_PRESSURE,MEDIUM,High diff pressure,2.75
EVT-00007569,2026-09-06T16:56:54-05:00,FILLER_01_PRESSURE,LOW_PRESSURE,HIGH,Low pressure,1.90
EVT-00007570,2026-09-22T13:59:42-05:00,FILLER_01_PRESSURE,LOW_PRESSURE,HIGH,Low pressure,0.69
EVT-00007571,2026-09-13T16:11:11-05:00,TANK_IN_01_LEVEL,HIGH_LEVEL,MEDIUM,High level,98.92
EVT-00007572,2026-09-23T06:41:13-05:00,FILLER_01_CYCLE_FAULT,CYCLE_FAULT,HIGH,Cycle fault,1.00
EVT-00007573,2026-09-03T12:02:00-05:00,TANK_OUT_01_LEVEL,LOW_LEVEL,HIGH,Low level,12.45
EVT-00007574,2026-09-15T17:41:49-05:00,FILTER_01_DIFF_PRESSURE,HIGH_DIFF_PRESSURE,MEDIUM,High diff pressure,2.01
EVT-00007575,2026-09-08T10:07:33-05:00,COMPRESSOR_01_TEMP,HIGH_TEMPERATURE,HIGH,High temperature,103.17
EVT-00007576,2026-09-22T21:33:22-05:00,FILTER_01_DIFF_PRESSURE,HIGH_DIFF_PRESSURE,MEDIUM,High diff pressure,2.55
EVT-00007577,2026-09-12T17:24:39-05:00,TANK_IN_01_LEVEL,LOW_LEVEL,HIGH,Low level,6.20
EVT-00007578,2026-09-19T13:52:47-05:00,TANK_OUT_01_LEVEL,LOW_LEVEL,HIGH,Low level,8.96
EVT-00007579,2026-09-15T09:46:25-05:00,TANK_IN_01_LEVEL,LOW_LEVEL,HIGH,Low level,7.14
EVT-00007580,2026-09-22T21:24:40-05:00,FILTER_01_DIFF_PRESSURE,HIGH_DIFF_PRESSURE,MEDIUM,High diff pressure,2.80
EVT-00007581,2026-09-13T09:12:59-05:00,FILLER_01_PRESSURE,LOW_PRESSURE,HIGH,Low pressure,0.41
EVT-00007582,2026-09-29T12:29:39-05:00,FILTER_01_DIFF_PRESSURE,HIGH_DIFF_PRESSURE,MEDIUM,High diff pressure,2.99
EVT-00007583,2026-09-01T17:24:58-05:00,FILTER_01_DIFF_PRESSURE,HIGH_DIFF_PRESSURE,MEDIUM,High diff pressure,2.84
EVT-00007584,2026-09-30T17:06:01-05:00,PUMP_01_MOTOR_FAULT,MOTOR_FAULT,CRITICAL,Motor fault,1.00
EVT-00007585,2026-09-22T06:03:12-05:00,FILTER_01_DIFF_PRESSURE,HIGH_DIFF_PRESSURE,MEDIUM,High diff pressure,2.46
EVT-00007586,2026-09-06T09:00:51-05:00,TANK_IN_01_LEVEL,LOW_LEVEL,HIGH,Low level,2.57
EVT-00007587,2026-09-04T13:21:48-05:00,TANK_OUT_01_LEVEL,LOW_LEVEL,HIGH,Low level,12.56
EVT-00007588,2026-09-21T21:11:05-05:00,TANK_OUT_01_LEVEL,LOW_LEVEL,HIGH,Low level,6.87
EVT-00007589,2026-09-04T10:08:57-05:00,COMPRESSOR_01_PRESSURE,LOW_PRESSURE,HIGH,Low pressure,4.90
EVT-00007590,2026-09-15T18:09:14-05:00,FILTER_01_DIFF_PRESSURE,HIGH_DIFF_PRESSURE,MEDIUM,High diff pressure,2.82
EVT-00007591,2026-09-01T18:50:18-05:00,FILTER_01_DIFF_PRESSURE,HIGH_DIFF_PRESSURE,MEDIUM,High diff pressure,2.25
EVT-00007592,2026-09-07T18:38:01-05:00,CONVEYOR_01_JAM,JAM,MEDIUM,Jam,1.00
EVT-00007593,2026-09-10T06:28:12-05:00,CONVEYOR_01_JAM,JAM,MEDIUM,Jam,1.00
EVT-00007594,2026-09-24T21:38:43-05:00,TANK_OUT_01_LEVEL,HIGH_LEVEL,MEDIUM,High level,92.28
EVT-00007595,2026-09-10T18:05:44-05:00,TANK_OUT_01_LEVEL,LOW_LEVEL,HIGH,Low level,5.94
EVT-00007596,2026-09-25T06:31:19-05:00,COMPRESSOR_01_TEMP,HIGH_TEMPERATURE,HIGH,High temperature,102.20
EVT-00007597,2026-09-15T19:38:13-05:00,FILTER_01_DIFF_PRESSURE,HIGH_DIFF_PRESSURE,MEDIUM,High diff pressure,1.67
EVT-00007598,2026-09-21T16:39:07-05:00,TANK_OUT_01_LEVEL,LOW_LEVEL,HIGH,Low level,8.87
EVT-00007599,2026-09-06T08:07:19-05:00,FILLER_01_PRESSURE,LOW_PRESSURE,HIGH,Low pressure,1.52
EVT-00007600,2026-09-14T12:51:54-05:00,COMPRESSOR_01_PRESSURE,LOW_PRESSURE,HIGH,Low pressure,3.31
EVT-00007601,2026-09-20T19:35:06-05:00,FILTER_01_PRESSURE,HIGH_PRESSURE,HIGH,High pressure,5
EVT-00007602,2026-09-14T13:55:41-05:00,COMPRESSOR_01_TEMP,HIGH_TEMPERATURE,HIGH,High temperature,99.19
EVT-00007603,2026-09-11T19:35:29-05:00,TANK_IN_01_LEVEL,LOW_LEVEL,HIGH,Low level,9.07
EVT-00007604,2026-09-09T09:09:56-05:00,COMPRESSOR_01_PRESSURE,LOW_PRESSURE,HIGH,Low pressure,1.16
EVT-00007605,2026-09-28T21:15:37-05:00,PUMP_01_FLOW,LOW_FLOW,HIGH,Low flow,3.62
EVT-00007606,2026-09-23T10:00:29-05:00,PUMP_01_FLOW,LOW_FLOW,HIGH,Low flow,6.50
EVT-00007607,2026-09-18T06:43:16-05:00,FILLER_01_PRESSURE,LOW_PRESSURE,HIGH,Low pressure,0.28
EVT-00007608,2026-09-07T19:12:06-05:00,COMPRESSOR_01_PRESSURE,LOW_PRESSURE,HIGH,Low pressure,3.24
EVT-00007609,2026-09-18T10:01:04-05:00,COMPRESSOR_01_TEMP,HIGH_TEMPERATURE,HIGH,High temperature,113.24
EVT-00007610,2026-09-20T19:28:40-05:00,TANK_OUT_01_LEVEL,LOW_LEVEL,HIGH,Low level,1.33
EVT-00007611,2026-09-28T14:14:04-05:00,TANK_IN_01_LEVEL,HIGH_LEVEL,MEDIUM,High level,97.29
EVT-00007612,2026-09-05T17:34:18-05:00,TANK_IN_01_LEVEL,LOW_LEVEL,HIGH,Low level,7.23
EVT-00007613,2026-09-22T08:11:23-05:00,FILTER_01_DIFF_PRESSURE,HIGH_DIFF_PRESSURE,MEDIUM,High diff pressure,2.30
EVT-00007614,2026-09-29T08:59:21-05:00,FILTER_01_DIFF_PRESSURE,HIGH_DIFF_PRESSURE,MEDIUM,High diff pressure,2.14
EVT-00007615,2026-09-28T12:22:47-05:00,PUMP_01_MOTOR_FAULT,MOTOR_FAULT,CRITICAL,Motor fault,1.00
EVT-00007616,2026-09-28T13:11:56-05:00,FILTER_01_PRESSURE,HIGH_PRESSURE,HIGH,High pressure,7.94
EVT-00007617,2026-09-15T08:33:02-05:00,FILTER_01_DIFF_PRESSURE,HIGH_DIFF_PRESSURE,MEDIUM,High diff pressure,2.56
EVT-00007618,2026-09-04T16:00:17-05:00,CONVEYOR_01_JAM,JAM,MEDIUM,Jam,1.00
EVT-00007619,2026-09-25T08:20:04-05:00,PUMP_01_MOTOR_FAULT,MOTOR_FAULT,CRITICAL,Motor fault,1.00
EVT-00007620,2026-09-19T16:38:29-05:00,PUMP_01_FLOW,LOW_FLOW,HIGH,Low flow,17.02
EVT-00007621,2026-09-24T17:42:09-05:00,FILLER_01_CYCLE_FAULT,CYCLE_FAULT,HIGH,Cycle fault,1.00
EVT-00007622,2026-09-21T12:05:45-05:00,COMPRESSOR_01_PRESSURE,LOW_PRESSURE,HIGH,Low pressure,2.82
EVT-00007623,2026-09-06T17:38:21-05:00,TANK_OUT_01_LEVEL,HIGH_LEVEL,MEDIUM,High level,92.87
EVT-00007624,2026-09-15T12:50:17-05:00,TANK_OUT_01_LEVEL,LOW_LEVEL,HIGH,Low level,6.38
EVT-00007625,2026-09-10T17:03:56-05:00,CONVEYOR_01_JAM,JAM,MEDIUM,Jam,1.00
EVT-00007626,2026-09-30T21:37:30-05:00,TANK_IN_01_LEVEL,LOW_LEVEL,HIGH,Low level,12.21
EVT-00007627,2026-09-08T19:31:30-05:00,FILTER_01_DIFF_PRESSURE,HIGH_DIFF_PRESSURE,MEDIUM,High diff pressure,2.45
EVT-00007628,2026-09-08T21:08:29-05:00,FILTER_01_DIFF_PRESSURE,HIGH_DIFF_PRESSURE,MEDIUM,High diff pressure,2.29
EVT-00007629,2026-09-30T18:26:23-05:00,FILLER_01_CYCLE_FAULT,CYCLE_FAULT,HIGH,Cycle fault,1.00
EVT-00007630,2026-09-13T14:45:30-05:00,CONVEYOR_01_MOTOR_TEMP,HIGH_TEMPERATURE,LOW,High temperature,73.88
EVT-00007631,2026-09-30T15:45:23-05:00,PUMP_01_FLOW,LOW_FLOW,HIGH,Low flow,5.68
EVT-00007632,2026-09-10T14:32:04-05:00,TANK_OUT_01_LEVEL,LOW_LEVEL,HIGH,Low level,5.93
EVT-00007633,2026-09-03T10:36:00-05:00,COMPRESSOR_01_PRESSURE,LOW_PRESSURE,HIGH,Low pressure,2.84
EVT-00007634,2026-09-01T12:48:16-05:00,FILTER_01_DIFF_PRESSURE,HIGH_DIFF_PRESSURE,MEDIUM,High diff pressure,2.83
EVT-00007635,2026-09-08T08:42:32-05:00,FILTER_01_DIFF_PRESSURE,HIGH_DIFF_PRESSURE,MEDIUM,High diff pressure,2.51
EVT-00007636,2026-09-09T18:40:57-05:00,TANK_IN_01_LEVEL,HIGH_LEVEL,MEDIUM,High level,99.00
EVT-00007637,2026-09-17T15:24:45-05:00,TANK_OUT_01_LEVEL,HIGH_LEVEL,MEDIUM,High level,95.77
EVT-00007638,2026-09-11T09:53:22-05:00,TANK_OUT_01_LEVEL,HIGH_LEVEL,MEDIUM,High level,91.65
EVT-00007639,2026-09-23T06:08:49-05:00,PUMP_01_FLOW,LOW_FLOW,HIGH,Low flow,6.92
EVT-00007640,2026-09-11T11:11:44-05:00,TANK_IN_01_LEVEL,LOW_LEVEL,HIGH,Low level,5.99
EVT-00007641,2026-09-22T13:44:07-05:00,FILTER_01_DIFF_PRESSURE,HIGH_DIFF_PRESSURE,MEDIUM,High diff pressure,1.84
EVT-00007642,2026-09-02T18:42:48-05:00,TANK_OUT_01_LEVEL,LOW_LEVEL,HIGH,Low level,11.82
EVT-00007643,2026-09-17T06:56:21-05:00,CONVEYOR_01_JAM,JAM,MEDIUM,Jam,1.00
EVT-00007644,2026-09-23T15:45:21-05:00,TANK_IN_01_LEVEL,HIGH_LEVEL,MEDIUM,High level,95.91
EVT-00007645,2026-09-03T11:40:48-05:00,COMPRESSOR_01_PRESSURE,LOW_PRESSURE,HIGH,Low pressure,2.05
EVT-00007646,2026-09-11T07:40:35-05:00,TANK_OUT_01_LEVEL,HIGH_LEVEL,MEDIUM,High level,91.66
EVT-00007647,2026-09-14T14:45:47-05:00,PUMP_01_MOTOR_FAULT,MOTOR_FAULT,CRITICAL,Motor fault,1.00
EVT-00007648,2026-09-04T20:34:01-05:00,PUMP_01_FLOW,LOW_FLOW,HIGH,Low flow,1.30
EVT-00007649,2026-09-18T07:24:46-05:00,TANK_OUT_01_LEVEL,LOW_LEVEL,HIGH,Low level,12.23
EVT-00007650,2026-09-02T17:11:53-05:00,FILTER_01_PRESSURE,HIGH_PRESSURE,HIGH,High pressure,8.17
EVT-00007651,2026-09-11T13:42:17-05:00,FILLER_01_PRESSURE,LOW_PRESSURE,CRITICAL,Low pressure,0.87
EVT-00007652,2026-09-25T14:16:02-05:00,PUMP_01_FLOW,LOW_FLOW,HIGH,Low flow,18.18
EVT-00007653,2026-09-21T15:58:28-05:00,TANK_IN_01_LEVEL,LOW_LEVEL,HIGH,Low level,1.04
EVT-00007654,2026-09-14T20:57:48-05:00,PUMP_01_FLOW,LOW_FLOW,HIGH,Low flow,12.84
EVT-00007655,2026-09-08T20:43:14-05:00,FILLER_01_PRESSURE,LOW_PRESSURE,HIGH,Low pressure,0.28
EVT-00007656,2026-09-15T09:15:44-05:00,FILTER_01_DIFF_PRESSURE,HIGH_DIFF_PRESSURE,MEDIUM,High diff pressure,2.10
EVT-00007657,2026-09-02T06:57:39-05:00,TANK_IN_01_LEVEL,LOW_LEVEL,HIGH,Low level,4.78
EVT-00007658,2026-09-06T15:08:32-05:00,PUMP_01_FLOW,LOW_FLOW,HIGH,Low flow,9.84
EVT-00007659,2026-09-21T18:35:10-05:00,CONVEYOR_01_MOTOR_TEMP,HIGH_TEMPERATURE,LOW,High temperature,77.86
EVT-00007660,2026-09-01T18:17:35-05:00,COMPRESSOR_01_PRESSURE,LOW_PRESSURE,HIGH,Low pressure,2.67
EVT-00007661,2026-09-05T09:03:43-05:00,COMPRESSOR_01_PRESSURE,LOW_PRESSURE,HIGH,Low pressure,2.47
EVT-00007662,2026-09-04T11:15:57-05:00,FILLER_01_CYCLE_FAULT,CYCLE_FAULT,HIGH,Cycle fault,1.00
EVT-00007663,2026-09-14T14:44:43-05:00,TANK_IN_01_LEVEL,LOW_LEVEL,HIGH,Low level,1.75
EVT-00007664,2026-09-03T10:39:43-05:00,TANK_IN_01_LEVEL,HIGH_LEVEL,MEDIUM,High level,94.27
EVT-00007665,2026-09-19T08:34:44-05:00,FILLER_01_CYCLE_FAULT,CYCLE_FAULT,HIGH,Cycle fault,1.00
EVT-00007666,2026-09-28T13:18:52-05:00,TANK_IN_01_LEVEL,HIGH_LEVEL,MEDIUM,High level,95.34
EVT-00007667,2026-09-07T21:27:07-05:00,COMPRESSOR_01_PRESSURE,LOW_PRESSURE,HIGH,Low pressure,4.78
EVT-00007668,2026-09-05T08:28:12-05:00,TANK_OUT_01_LEVEL,LOW_LEVEL,HIGH,Low level,3.79
EVT-00007669,2026-09-01T11:48:59-05:00,FILTER_01_DIFF_PRESSURE,HIGH_DIFF_PRESSURE,MEDIUM,High diff pressure,2.19
EVT-00007670,2026-09-19T08:22:31-05:00,CONVEYOR_01_MOTOR_TEMP,HIGH_TEMPERATURE,LOW,High temperature,74.77
EVT-00007671,2026-09-02T12:46:48-05:00,FILLER_01_PRESSURE,LOW_PRESSURE,HIGH,Low pressure,1.06
EVT-00007672,2026-09-01T07:44:25-05:00,PUMP_01_FLOW,LOW_FLOW,HIGH,Low flow,14.58
EVT-00007673,2026-09-25T06:50:38-05:00,FILLER_01_CYCLE_FAULT,CYCLE_FAULT,HIGH,Cycle fault,1.00
EVT-00007674,2026-09-07T10:39:38-05:00,TANK_IN_01_LEVEL,HIGH_LEVEL,MEDIUM,High level,96.47
EVT-00007675,2026-09-08T16:29:00-05:00,FILTER_01_DIFF_PRESSURE,HIGH_DIFF_PRESSURE,MEDIUM,High diff pressure,1.85
EVT-00007676,2026-09-21T09:10:23-05:00,PUMP_01_FLOW,LOW_FLOW,HIGH,Low flow,8.44
EVT-00007677,2026-09-13T08:07:30-05:00,PUMP_01_FLOW,LOW_FLOW,HIGH,Low flow,17.31
EVT-00007678,2026-09-08T19:20:33-05:00,PUMP_01_FLOW,LOW_FLOW,HIGH,Low flow,13.24
EVT-00007679,2026-09-27T21:39:15-05:00,PUMP_01_MOTOR_FAULT,MOTOR_FAULT,CRITICAL,Motor fault,1.00
EVT-00007680,2026-09-11T08:17:53-05:00,FILLER_01_PRESSURE,LOW_PRESSURE,HIGH,Low pressure,0.65
EVT-00007681,2026-09-29T13:16:36-05:00,FILTER_01_DIFF_PRESSURE,HIGH_DIFF_PRESSURE,MEDIUM,High diff pressure,2.36
EVT-00007682,2026-09-10T17:05:38-05:00,FILLER_01_CYCLE_FAULT,CYCLE_FAULT,HIGH,Cycle fault,1.00
EVT-00007683,2026-09-01T09:09:14-05:00,FILTER_01_DIFF_PRESSURE,HIGH_DIFF_PRESSURE,MEDIUM,High diff pressure,2.27
EVT-00007684,2026-09-14T13:49:01-05:00,TANK_OUT_01_LEVEL,HIGH_LEVEL,MEDIUM,High level,92.97
EVT-00007685,2026-09-24T06:59:32-05:00,PUMP_01_MOTOR_FAULT,MOTOR_FAULT,CRITICAL,Motor fault,1.00
EVT-00007686,2026-09-25T14:15:41-05:00,PUMP_01_MOTOR_FAULT,MOTOR_FAULT,CRITICAL,Motor fault,1.00
EVT-00007687,2026-09-28T20:56:41-05:00,FILLER_01_PRESSURE,LOW_PRESSURE,HIGH,Low pressure,0.72
EVT-00007688,2026-09-29T16:00:54-05:00,FILTER_01_DIFF_PRESSURE,HIGH_DIFF_PRESSURE,MEDIUM,High diff pressure,2.52
EVT-00007689,2026-09-16T21:06:59-05:00,PUMP_01_FLOW,LOW_FLOW,HIGH,Low flow,5.75
EVT-00007690,2026-09-01T12:05:28-05:00,FILTER_01_DIFF_PRESSURE,HIGH_DIFF_PRESSURE,MEDIUM,High diff pressure,2.05
EVT-00007691,2026-09-13T12:45:09-05:00,COMPRESSOR_01_TEMP,HIGH_TEMPERATURE,HIGH,High temperature,109.61
EVT-00007692,2026-09-03T10:52:11-05:00,TANK_OUT_01_LEVEL,LOW_LEVEL,HIGH,Low level,10.99
EVT-00007693,2026-09-13T08:52:15-05:00,FILLER_01_CYCLE_FAULT,CYCLE_FAULT,HIGH,Cycle fault,1.00
EVT-00007694,2026-09-28T17:38:35-05:00,FILLER_01_CYCLE_FAULT,CYCLE_FAULT,HIGH,Cycle fault,1.00
EVT-00007695,2026-09-14T13:34:55-05:00,FILLER_01_PRESSURE,LOW_PRESSURE,HIGH,Low pressure,0.86
EVT-00007696,2026-09-16T20:14:58-05:00,TANK_IN_01_LEVEL,HIGH_LEVEL,MEDIUM,High level,94.78
EVT-00007697,2026-09-13T21:27:19-05:00,PUMP_01_FLOW,LOW_FLOW,HIGH,Low flow,12.91
EVT-00007698,2026-09-06T11:15:09-05:00,FILLER_01_PRESSURE,LOW_PRESSURE,HIGH,Low pressure,1.23
EVT-00007699,2026-09-09T19:55:14-05:00,FILLER_01_CYCLE_FAULT,CYCLE_FAULT,HIGH,Cycle fault,1.00
EVT-00007700,2026-09-15T18:08:27-05:00,FILTER_01_DIFF_PRESSURE,HIGH_DIFF_PRESSURE,MEDIUM,High diff pressure,2.19
EVT-00007701,2026-09-29T16:34:07-05:00,FILTER_01_DIFF_PRESSURE,HIGH_DIFF_PRESSURE,MEDIUM,High diff pressure,0.5
EVT-00007702,2026-09-21T19:56:32-05:00,PUMP_01_FLOW,LOW_FLOW,HIGH,Low flow,12.80
EVT-00007703,2026-09-11T19:36:56-05:00,TANK_OUT_01_LEVEL,LOW_LEVEL,HIGH,Low level,6.11
EVT-00007704,2026-09-07T21:58:23-05:00,PUMP_01_FLOW,LOW_FLOW,HIGH,Low flow,15.48
EVT-00007705,2026-09-13T14:59:25-05:00,FILLER_01_CYCLE_FAULT,CYCLE_FAULT,HIGH,Cycle fault,1.00
EVT-00007706,2026-09-15T14:38:37-05:00,FILTER_01_DIFF_PRESSURE,HIGH_DIFF_PRESSURE,MEDIUM,High diff pressure,1.80
EVT-00007707,2026-09-15T21:43:04-05:00,PUMP_01_FLOW,LOW_FLOW,HIGH,Low flow,14.20
EVT-00007708,2026-09-14T09:34:38-05:00,FILLER_01_PRESSURE,LOW_PRESSURE,HIGH,Low pressure,1.70
EVT-00007709,2026-09-08T11:53:52-05:00,TANK_OUT_01_LEVEL,LOW_LEVEL,HIGH,Low level,6.55
EVT-00007710,2026-09-22T11:13:03-05:00,PUMP_01_FLOW,LOW_FLOW,HIGH,Low flow,9.41
EVT-00007711,2026-09-17T19:38:11-05:00,TANK_OUT_01_LEVEL,LOW_LEVEL,HIGH,Low level,9.78
EVT-00007712,2026-09-19T06:28:32-05:00,PUMP_01_MOTOR_FAULT,MOTOR_FAULT,CRITICAL,Motor fault,1.00
EVT-00007713,2026-09-13T19:18:09-05:00,FILLER_01_CYCLE_FAULT,CYCLE_FAULT,HIGH,Cycle fault,1.00
EVT-00007714,2026-09-22T16:44:41-05:00,FILTER_01_DIFF_PRESSURE,HIGH_DIFF_PRESSURE,MEDIUM,High diff pressure,2.20
EVT-00007715,2026-09-25T19:48:56-05:00,FILLER_01_PRESSURE,LOW_PRESSURE,HIGH,Low pressure,1.49
EVT-00007716,2026-09-03T13:33:35-05:00,FILLER_01_CYCLE_FAULT,CYCLE_FAULT,HIGH,Cycle fault,1.00
EVT-00007717,2026-09-08T18:15:58-05:00,FILTER_01_DIFF_PRESSURE,HIGH_DIFF_PRESSURE,MEDIUM,High diff pressure,2.88
EVT-00007718,2026-09-13T20:13:43-05:00,TANK_IN_01_LEVEL,LOW_LEVEL,HIGH,Low level,11.55
EVT-00007719,2026-09-23T14:24:31-05:00,FILLER_01_PRESSURE,LOW_PRESSURE,HIGH,Low pressure,0.32
EVT-00007720,2026-09-01T15:02:58-05:00,TANK_IN_01_LEVEL,LOW_LEVEL,HIGH,Low level,5.26
EVT-00007721,2026-09-13T07:04:22-05:00,FILTER_01_PRESSURE,HIGH_PRESSURE,HIGH,High pressure,8.51
EVT-00007722,2026-09-25T21:06:41-05:00,FILLER_01_PRESSURE,LOW_PRESSURE,HIGH,Low pressure,0.11
EVT-00007723,2026-09-09T15:45:47-05:00,COMPRESSOR_01_PRESSURE,LOW_PRESSURE,HIGH,Low pressure,4.14
EVT-00007724,2026-09-22T16:04:59-05:00,FILTER_01_DIFF_PRESSURE,HIGH_DIFF_PRESSURE,MEDIUM,High diff pressure,1.64
EVT-00007725,2026-09-05T13:02:16-05:00,TANK_OUT_01_LEVEL,LOW_LEVEL,HIGH,Low level,6.63
EVT-00007726,2026-09-04T08:23:58-05:00,TANK_OUT_01_LEVEL,LOW_LEVEL,HIGH,Low level,3.50
EVT-00007727,2026-09-13T20:16:04-05:00,COMPRESSOR_01_TEMP,HIGH_TEMPERATURE,HIGH,High temperature,104.04
EVT-00007728,2026-09-10T20:15:14-05:00,TANK_OUT_01_LEVEL,HIGH_LEVEL,MEDIUM,High level,98.91
EVT-00007729,2026-09-08T11:53:08-05:00,FILTER_01_DIFF_PRESSURE,HIGH_DIFF_PRESSURE,MEDIUM,High diff pressure,2.31
EVT-00007730,2026-09-24T16:31:29-05:00,CONVEYOR_01_JAM,JAM,MEDIUM,Jam,1.00
EVT-00007731,2026-09-15T12:16:15-05:00,FILTER_01_DIFF_PRESSURE,HIGH_DIFF_PRESSURE,MEDIUM,High diff pressure,2.63
EVT-00007732,2026-09-27T09:28:54-05:00,PUMP_01_FLOW,LOW_FLOW,HIGH,Low flow,13.24
EVT-00007733,2026-09-05T19:37:04-05:00,TANK_IN_01_LEVEL,HIGH_LEVEL,MEDIUM,High level,96.99
EVT-00007734,2026-09-19T17:28:47-05:00,CONVEYOR_01_MOTOR_TEMP,HIGH_TEMPERATURE,LOW,High temperature,89.41
EVT-00007735,2026-09-08T13:11:53-05:00,FILTER_01_DIFF_PRESSURE,HIGH_DIFF_PRESSURE,MEDIUM,High diff pressure,2.27
EVT-00007736,2026-09-22T07:27:17-05:00,TANK_OUT_01_LEVEL,LOW_LEVEL,HIGH,Low level,3.24
EVT-00007737,2026-09-14T18:47:20-05:00,PUMP_01_FLOW,LOW_FLOW,HIGH,Low flow,8.84
EVT-00007738,2026-09-19T14:22:37-05:00,FILLER_01_PRESSURE,LOW_PRESSURE,HIGH,Low pressure,0.32
EVT-00007739,2026-09-15T18:14:15-05:00,FILLER_01_PRESSURE,LOW_PRESSURE,HIGH,Low pressure,0.16
EVT-00007740,2026-09-29T10:04:52-05:00,FILTER_01_DIFF_PRESSURE,HIGH_DIFF_PRESSURE,MEDIUM,High diff pressure,2.15
EVT-00007741,2026-09-29T08:01:10-05:00,FILTER_01_DIFF_PRESSURE,HIGH_DIFF_PRESSURE,MEDIUM,High diff pressure,1.68
EVT-00007742,2026-09-13T07:57:20-05:00,TANK_IN_01_LEVEL,HIGH_LEVEL,MEDIUM,High level,92.73
EVT-00007743,2026-09-29T06:30:04-05:00,FILTER_01_DIFF_PRESSURE,HIGH_DIFF_PRESSURE,MEDIUM,High diff pressure,1.89
EVT-00007744,2026-09-08T16:20:03-05:00,FILTER_01_DIFF_PRESSURE,HIGH_DIFF_PRESSURE,MEDIUM,High diff pressure,2.29
EVT-00007745,2026-09-02T19:51:40-05:00,FILLER_01_CYCLE_FAULT,CYCLE_FAULT,HIGH,Cycle fault,1.00
EVT-00007746,2026-09-08T10:57:17-05:00,PUMP_01_FLOW,LOW_FLOW,HIGH,Low flow,6.56
EVT-00007747,2026-09-30T18:07:19-05:00,PUMP_01_FLOW,LOW_FLOW,HIGH,Low flow,9.58
EVT-00007748,2026-09-22T20:33:55-05:00,CONVEYOR_01_JAM,JAM,MEDIUM,Jam,1.00
EVT-00007749,2026-09-09T15:42:42-05:00,COMPRESSOR_01_PRESSURE,LOW_PRESSURE,HIGH,Low pressure,1.51
EVT-00007750,2026-09-29T15:55:49-05:00,FILTER_01_DIFF_PRESSURE,HIGH_DIFF_PRESSURE,MEDIUM,High diff pressure,2.27
EVT-00007751,2026-09-02T07:17:43-05:00,TANK_IN_01_LEVEL,LOW_LEVEL,CRITICAL,Low level,9.89
EVT-00007752,2026-09-07T06:41:10-05:00,TANK_OUT_01_LEVEL,LOW_LEVEL,HIGH,Low level,2.51
EVT-00007753,2026-09-30T15:54:38-05:00,COMPRESSOR_01_TEMP,HIGH_TEMPERATURE,HIGH,High temperature,99.73
EVT-00007754,2026-09-01T11:09:01-05:00,TANK_IN_01_LEVEL,HIGH_LEVEL,MEDIUM,High level,96.92
EVT-00007755,2026-09-19T18:04:04-05:00,FILLER_01_PRESSURE,LOW_PRESSURE,HIGH,Low pressure,1.78
EVT-00007756,2026-09-01T06:51:56-05:00,TANK_IN_01_LEVEL,LOW_LEVEL,HIGH,Low level,7.38
EVT-00007757,2026-09-30T08:56:27-05:00,FILLER_01_PRESSURE,LOW_PRESSURE,HIGH,Low pressure,0.19
EVT-00007758,2026-09-18T21:07:26-05:00,PUMP_01_FLOW,LOW_FLOW,HIGH,Low flow,9.54
EVT-00007759,2026-09-30T08:10:03-05:00,CONVEYOR_01_MOTOR_TEMP,HIGH_TEMPERATURE,LOW,High temperature,79.27
EVT-00007760,2026-09-02T19:37:00-05:00,COMPRESSOR_01_PRESSURE,LOW_PRESSURE,HIGH,Low pressure,1.37
EVT-00007761,2026-09-20T06:43:12-05:00,CONVEYOR_01_MOTOR_TEMP,HIGH_TEMPERATURE,LOW,High temperature,76.04
EVT-00007762,2026-09-01T21:23:39-05:00,FILTER_01_DIFF_PRESSURE,HIGH_DIFF_PRESSURE,MEDIUM,High diff pressure,2.11
EVT-00007763,2026-09-29T19:31:14-05:00,PUMP_01_MOTOR_FAULT,MOTOR_FAULT,CRITICAL,Motor fault,1.00
EVT-00007764,2026-09-15T08:50:19-05:00,FILTER_01_DIFF_PRESSURE,HIGH_DIFF_PRESSURE,MEDIUM,High diff pressure,1.75
EVT-00007765,2026-09-07T07:21:34-05:00,PUMP_01_FLOW,LOW_FLOW,HIGH,Low flow,9.71
EVT-00007766,2026-09-16T16:17:38-05:00,TANK_IN_01_LEVEL,LOW_LEVEL,HIGH,Low level,2.96
EVT-00007767,2026-09-30T16:46:16-05:00,TANK_OUT_01_LEVEL,LOW_LEVEL,HIGH,Low level,3.04
EVT-00007768,2026-09-18T12:57:25-05:00,PUMP_01_FLOW,LOW_FLOW,HIGH,Low flow,2.20
EVT-00007769,2026-09-26T14:44:53-05:00,TANK_IN_01_LEVEL,LOW_LEVEL,HIGH,Low level,3.02
EVT-00007770,2026-09-29T07:34:22-05:00,CONVEYOR_01_MOTOR_TEMP,HIGH_TEMPERATURE,LOW,High temperature,87.19
EVT-00007771,2026-09-07T21:57:48-05:00,TANK_OUT_01_LEVEL,LOW_LEVEL,HIGH,Low level,3.76
EVT-00007772,2026-09-04T16:36:45-05:00,FILLER_01_CYCLE_FAULT,CYCLE_FAULT,HIGH,Cycle fault,1.00
EVT-00007773,2026-09-27T06:17:43-05:00,COMPRESSOR_01_PRESSURE,LOW_PRESSURE,HIGH,Low pressure,1.69
EVT-00007774,2026-09-22T18:10:44-05:00,FILTER_01_DIFF_PRESSURE,HIGH_DIFF_PRESSURE,MEDIUM,High diff pressure,1.61
EVT-00007775,2026-09-30T15:28:48-05:00,PUMP_01_FLOW,LOW_FLOW,HIGH,Low flow,12.37
EVT-00007776,2026-09-03T11:16:01-05:00,CONVEYOR_01_JAM,JAM,MEDIUM,Jam,1.00
EVT-00007777,2026-09-27T15:42:51-05:00,TANK_IN_01_LEVEL,HIGH_LEVEL,MEDIUM,High level,95.70
EVT-00007778,2026-09-10T11:46:22-05:00,CONVEYOR_01_MOTOR_TEMP,HIGH_TEMPERATURE,LOW,High temperature,73.79
EVT-00007779,2026-09-30T18:41:31-05:00,COMPRESSOR_01_PRESSURE,LOW_PRESSURE,HIGH,Low pressure,1.38
EVT-00007780,2026-09-20T09:52:47-05:00,FILLER_01_CYCLE_FAULT,CYCLE_FAULT,HIGH,Cycle fault,1.00
EVT-00007781,2026-09-17T12:42:30-05:00,FILTER_01_PRESSURE,HIGH_PRESSURE,HIGH,High pressure,8.61
EVT-00007782,2026-09-22T09:24:49-05:00,FILTER_01_DIFF_PRESSURE,HIGH_DIFF_PRESSURE,MEDIUM,High diff pressure,1.78
EVT-00007783,2026-09-26T07:27:02-05:00,PUMP_01_FLOW,LOW_FLOW,HIGH,Low flow,1.76
EVT-00007784,2026-09-16T11:29:29-05:00,COMPRESSOR_01_PRESSURE,LOW_PRESSURE,HIGH,Low pressure,4.14
EVT-00007785,2026-09-22T12:53:54-05:00,COMPRESSOR_01_TEMP,HIGH_TEMPERATURE,HIGH,High temperature,101.00
EVT-00007786,2026-09-10T09:04:56-05:00,FILLER_01_CYCLE_FAULT,CYCLE_FAULT,HIGH,Cycle fault,1.00
EVT-00007787,2026-09-04T12:20:29-05:00,FILLER_01_PRESSURE,LOW_PRESSURE,HIGH,Low pressure,0.82
EVT-00007788,2026-09-03T18:55:29-05:00,CONVEYOR_01_MOTOR_TEMP,HIGH_TEMPERATURE,LOW,High temperature,75.86
EVT-00007789,2026-09-11T09:57:53-05:00,TANK_IN_01_LEVEL,LOW_LEVEL,HIGH,Low level,7.78
EVT-00007790,2026-09-20T18:04:40-05:00,TANK_IN_01_LEVEL,LOW_LEVEL,HIGH,Low level,9.87
EVT-00007791,2026-09-06T13:04:23-05:00,COMPRESSOR_01_PRESSURE,LOW_PRESSURE,HIGH,Low pressure,1.34
EVT-00007792,2026-09-15T20:49:16-05:00,FILTER_01_DIFF_PRESSURE,HIGH_DIFF_PRESSURE,MEDIUM,High diff pressure,2.48
EVT-00007793,2026-09-15T09:11:41-05:00,FILTER_01_DIFF_PRESSURE,HIGH_DIFF_PRESSURE,MEDIUM,High diff pressure,2.87
EVT-00007794,2026-09-29T07:21:58-05:00,FILLER_01_CYCLE_FAULT,CYCLE_FAULT,HIGH,Cycle fault,1.00
EVT-00007795,2026-09-12T11:09:06-05:00,PUMP_01_FLOW,LOW_FLOW,HIGH,Low flow,10.96
EVT-00007796,2026-09-03T18:52:52-05:00,FILLER_01_PRESSURE,LOW_PRESSURE,HIGH,Low pressure,1.29
EVT-00007797,2026-09-20T18:49:48-05:00,TANK_OUT_01_LEVEL,HIGH_LEVEL,MEDIUM,High level,97.28
EVT-00007798,2026-09-29T12:32:00-05:00,FILTER_01_DIFF_PRESSURE,HIGH_DIFF_PRESSURE,MEDIUM,High diff pressure,2.69
EVT-00007799,2026-09-15T15:13:26-05:00,FILTER_01_DIFF_PRESSURE,HIGH_DIFF_PRESSURE,MEDIUM,High diff pressure,2.16
EVT-00007800,2026-09-01T12:43:18-05:00,COMPRESSOR_01_TEMP,HIGH_TEMPERATURE,HIGH,High temperature,100.34
EVT-00007801,2026-09-21T18:45:24-05:00,TANK_OUT_01_LEVEL,HIGH_LEVEL,MEDIUM,High level,89
EVT-00007802,2026-09-22T12:19:57-05:00,FILTER_01_DIFF_PRESSURE,HIGH_DIFF_PRESSURE,MEDIUM,High diff pressure,2.62
EVT-00007803,2026-09-12T20:10:06-05:00,PUMP_01_FLOW,LOW_FLOW,HIGH,Low flow,11.33
EVT-00007804,2026-09-08T21:30:19-05:00,FILTER_01_DIFF_PRESSURE,HIGH_DIFF_PRESSURE,MEDIUM,High diff pressure,2.07
EVT-00007805,2026-09-01T14:17:43-05:00,FILTER_01_DIFF_PRESSURE,HIGH_DIFF_PRESSURE,MEDIUM,High diff pressure,1.99
EVT-00007806,2026-09-08T19:50:34-05:00,FILTER_01_DIFF_PRESSURE,HIGH_DIFF_PRESSURE,MEDIUM,High diff pressure,2.52
EVT-00007807,2026-09-01T10:42:53-05:00,FILTER_01_DIFF_PRESSURE,HIGH_DIFF_PRESSURE,MEDIUM,High diff pressure,2.57
EVT-00007808,2026-09-16T06:24:38-05:00,CONVEYOR_01_MOTOR_TEMP,HIGH_TEMPERATURE,LOW,High temperature,84.58
EVT-00007809,2026-09-10T21:38:16-05:00,TANK_IN_01_LEVEL,LOW_LEVEL,HIGH,Low level,6.62
EVT-00007810,2026-09-08T06:05:33-05:00,TANK_IN_01_LEVEL,HIGH_LEVEL,MEDIUM,High level,94.87
EVT-00007811,2026-09-14T21:40:36-05:00,TANK_OUT_01_LEVEL,LOW_LEVEL,HIGH,Low level,4.68
EVT-00007812,2026-09-26T18:45:03-05:00,PUMP_01_MOTOR_FAULT,MOTOR_FAULT,CRITICAL,Motor fault,1.00
EVT-00007813,2026-09-04T21:57:51-05:00,FILLER_01_CYCLE_FAULT,CYCLE_FAULT,HIGH,Cycle fault,1.00
EVT-00007814,2026-09-21T20:47:43-05:00,TANK_IN_01_LEVEL,LOW_LEVEL,HIGH,Low level,9.43
EVT-00007815,2026-09-29T07:04:26-05:00,FILTER_01_DIFF_PRESSURE,HIGH_DIFF_PRESSURE,MEDIUM,High diff pressure,2.29
EVT-00007816,2026-09-26T19:49:47-05:00,COMPRESSOR_01_TEMP,HIGH_TEMPERATURE,HIGH,High temperature,100.10
EVT-00007817,2026-09-18T08:33:42-05:00,TANK_OUT_01_LEVEL,LOW_LEVEL,HIGH,Low level,1.15
EVT-00007818,2026-09-06T09:29:54-05:00,FILTER_01_PRESSURE,HIGH_PRESSURE,HIGH,High pressure,8.66
EVT-00007819,2026-09-04T12:23:34-05:00,FILLER_01_PRESSURE,LOW_PRESSURE,HIGH,Low pressure,1.78
EVT-00007820,2026-09-08T08:36:00-05:00,PUMP_01_FLOW,LOW_FLOW,HIGH,Low flow,12.30
EVT-00007821,2026-09-06T16:07:22-05:00,PUMP_01_FLOW,LOW_FLOW,HIGH,Low flow,4.17
EVT-00007822,2026-09-29T11:03:20-05:00,FILTER_01_DIFF_PRESSURE,HIGH_DIFF_PRESSURE,MEDIUM,High diff pressure,2.80
EVT-00007823,2026-09-08T15:34:32-05:00,FILTER_01_DIFF_PRESSURE,HIGH_DIFF_PRESSURE,MEDIUM,High diff pressure,2.09
EVT-00007824,2026-09-29T16:45:35-05:00,FILTER_01_DIFF_PRESSURE,HIGH_DIFF_PRESSURE,MEDIUM,High diff pressure,2.36
EVT-00007825,2026-09-09T07:40:46-05:00,TANK_IN_01_LEVEL,LOW_LEVEL,HIGH,Low level,1.79
EVT-00007826,2026-09-18T10:52:42-05:00,FILLER_01_PRESSURE,LOW_PRESSURE,HIGH,Low pressure,1.25
EVT-00007827,2026-09-04T10:09:13-05:00,TANK_OUT_01_LEVEL,HIGH_LEVEL,MEDIUM,High level,94.81
EVT-00007828,2026-09-04T18:49:32-05:00,COMPRESSOR_01_PRESSURE,LOW_PRESSURE,HIGH,Low pressure,1.59
EVT-00007829,2026-09-12T18:08:33-05:00,COMPRESSOR_01_PRESSURE,LOW_PRESSURE,HIGH,Low pressure,1.15
EVT-00007830,2026-09-25T11:43:25-05:00,CONVEYOR_01_JAM,JAM,MEDIUM,Jam,1.00
EVT-00007831,2026-09-22T08:39:03-05:00,FILTER_01_DIFF_PRESSURE,HIGH_DIFF_PRESSURE,MEDIUM,High diff pressure,2.02
EVT-00007832,2026-09-17T16:46:40-05:00,FILLER_01_CYCLE_FAULT,CYCLE_FAULT,HIGH,Cycle fault,1.00
EVT-00007833,2026-09-01T20:24:34-05:00,COMPRESSOR_01_PRESSURE,LOW_PRESSURE,HIGH,Low pressure,3.23
EVT-00007834,2026-09-15T14:54:31-05:00,FILTER_01_DIFF_PRESSURE,HIGH_DIFF_PRESSURE,MEDIUM,High diff pressure,1.70
EVT-00007835,2026-09-15T15:32:33-05:00,TANK_OUT_01_LEVEL,HIGH_LEVEL,MEDIUM,High level,93.46
EVT-00007836,2026-09-30T15:50:18-05:00,TANK_IN_01_LEVEL,LOW_LEVEL,HIGH,Low level,1.35
EVT-00007837,2026-09-01T11:27:47-05:00,CONVEYOR_01_MOTOR_TEMP,HIGH_TEMPERATURE,LOW,High temperature,73.09
EVT-00007838,2026-09-30T21:46:41-05:00,FILLER_01_PRESSURE,LOW_PRESSURE,HIGH,Low pressure,0.94
EVT-00007839,2026-09-03T17:09:50-05:00,PUMP_01_MOTOR_FAULT,MOTOR_FAULT,CRITICAL,Motor fault,1.00
EVT-00007840,2026-09-05T20:19:13-05:00,CONVEYOR_01_MOTOR_TEMP,HIGH_TEMPERATURE,LOW,High temperature,86.60
EVT-00007841,2026-09-30T07:44:25-05:00,TANK_OUT_01_LEVEL,LOW_LEVEL,HIGH,Low level,6.37
EVT-00007842,2026-09-29T13:27:49-05:00,FILTER_01_DIFF_PRESSURE,HIGH_DIFF_PRESSURE,MEDIUM,High diff pressure,2.76
EVT-00007843,2026-09-08T16:01:24-05:00,FILTER_01_DIFF_PRESSURE,HIGH_DIFF_PRESSURE,MEDIUM,High diff pressure,1.69
EVT-00007844,2026-09-21T15:16:59-05:00,PUMP_01_FLOW,LOW_FLOW,HIGH,Low flow,14.80
EVT-00007845,2026-09-20T10:03:52-05:00,TANK_OUT_01_LEVEL,LOW_LEVEL,HIGH,Low level,1.46
EVT-00007846,2026-09-15T15:03:38-05:00,FILTER_01_DIFF_PRESSURE,HIGH_DIFF_PRESSURE,MEDIUM,High diff pressure,1.66
EVT-00007847,2026-09-08T14:27:31-05:00,FILLER_01_PRESSURE,LOW_PRESSURE,HIGH,Low pressure,1.52
EVT-00007848,2026-09-04T18:09:14-05:00,TANK_OUT_01_LEVEL,HIGH_LEVEL,MEDIUM,High level,92.49
EVT-00007849,2026-09-27T18:01:36-05:00,TANK_IN_01_LEVEL,HIGH_LEVEL,MEDIUM,High level,97.35
EVT-00007850,2026-09-23T14:05:39-05:00,FILLER_01_PRESSURE,LOW_PRESSURE,HIGH,Low pressure,0.74
EVT-00007851,2026-09-29T10:21:39-05:00,COMPRESSOR_01_PRESSURE,LOW_PRESSURE,CRITICAL,Low pressure,4.68
EVT-00007852,2026-09-29T06:15:00-05:00,FILTER_01_DIFF_PRESSURE,HIGH_DIFF_PRESSURE,MEDIUM,High diff pressure,2.41
EVT-00007853,2026-09-18T11:52:58-05:00,CONVEYOR_01_JAM,JAM,MEDIUM,Jam,1.00
EVT-00007854,2026-09-26T12:46:24-05:00,COMPRESSOR_01_PRESSURE,LOW_PRESSURE,HIGH,Low pressure,4.03
EVT-00007855,2026-09-23T19:59:01-05:00,TANK_OUT_01_LEVEL,LOW_LEVEL,HIGH,Low level,1.42
EVT-00007856,2026-09-09T09:23:47-05:00,TANK_OUT_01_LEVEL,LOW_LEVEL,HIGH,Low level,12.79
EVT-00007857,2026-09-01T21:11:04-05:00,COMPRESSOR_01_PRESSURE,LOW_PRESSURE,HIGH,Low pressure,3.14
EVT-00007858,2026-09-14T16:18:42-05:00,TANK_OUT_01_LEVEL,HIGH_LEVEL,MEDIUM,High level,97.52
EVT-00007859,2026-09-10T12:32:26-05:00,TANK_IN_01_LEVEL,LOW_LEVEL,HIGH,Low level,4.13
EVT-00007860,2026-09-26T15:53:20-05:00,TANK_OUT_01_LEVEL,LOW_LEVEL,HIGH,Low level,9.78
EVT-00007861,2026-09-03T19:15:02-05:00,TANK_IN_01_LEVEL,LOW_LEVEL,HIGH,Low level,1.99
EVT-00007862,2026-09-22T14:22:06-05:00,FILTER_01_DIFF_PRESSURE,HIGH_DIFF_PRESSURE,MEDIUM,High diff pressure,2.21
EVT-00007863,2026-09-25T10:58:35-05:00,PUMP_01_FLOW,LOW_FLOW,HIGH,Low flow,8.60
EVT-00007864,2026-09-01T07:30:39-05:00,FILTER_01_DIFF_PRESSURE,HIGH_DIFF_PRESSURE,MEDIUM,High diff pressure,2.62
EVT-00007865,2026-09-22T13:32:36-05:00,FILTER_01_DIFF_PRESSURE,HIGH_DIFF_PRESSURE,MEDIUM,High diff pressure,1.83
EVT-00007866,2026-09-14T18:05:08-05:00,COMPRESSOR_01_PRESSURE,LOW_PRESSURE,HIGH,Low pressure,3.86
EVT-00007867,2026-09-19T16:02:45-05:00,TANK_IN_01_LEVEL,LOW_LEVEL,HIGH,Low level,2.19
EVT-00007868,2026-09-08T17:33:36-05:00,PUMP_01_FLOW,LOW_FLOW,HIGH,Low flow,1.41
EVT-00007869,2026-09-07T14:43:05-05:00,TANK_OUT_01_LEVEL,LOW_LEVEL,HIGH,Low level,9.16
EVT-00007870,2026-09-06T17:39:12-05:00,FILLER_01_PRESSURE,LOW_PRESSURE,HIGH,Low pressure,1.66
EVT-00007871,2026-09-10T10:54:12-05:00,CONVEYOR_01_MOTOR_TEMP,HIGH_TEMPERATURE,LOW,High temperature,77.17
EVT-00007872,2026-09-27T15:04:55-05:00,FILTER_01_PRESSURE,HIGH_PRESSURE,HIGH,High pressure,7.02
EVT-00007873,2026-09-01T15:40:32-05:00,FILTER_01_DIFF_PRESSURE,HIGH_DIFF_PRESSURE,MEDIUM,High diff pressure,2.32
EVT-00007874,2026-09-08T19:32:35-05:00,FILLER_01_PRESSURE,LOW_PRESSURE,HIGH,Low pressure,0.46
EVT-00007875,2026-09-06T09:52:12-05:00,COMPRESSOR_01_PRESSURE,LOW_PRESSURE,HIGH,Low pressure,2.54
EVT-00007876,2026-09-25T06:34:51-05:00,TANK_OUT_01_LEVEL,LOW_LEVEL,HIGH,Low level,6.60
EVT-00007877,2026-09-23T08:17:38-05:00,TANK_IN_01_LEVEL,LOW_LEVEL,HIGH,Low level,7.30
EVT-00007878,2026-09-11T12:13:33-05:00,TANK_IN_01_LEVEL,HIGH_LEVEL,MEDIUM,High level,93.52
EVT-00007879,2026-09-13T16:55:44-05:00,COMPRESSOR_01_PRESSURE,LOW_PRESSURE,HIGH,Low pressure,1.55
EVT-00007880,2026-09-15T11:44:25-05:00,FILTER_01_DIFF_PRESSURE,HIGH_DIFF_PRESSURE,MEDIUM,High diff pressure,2.77
EVT-00007881,2026-09-29T06:31:27-05:00,FILTER_01_DIFF_PRESSURE,HIGH_DIFF_PRESSURE,MEDIUM,High diff pressure,2.58
EVT-00007882,2026-09-16T16:15:03-05:00,PUMP_01_FLOW,LOW_FLOW,HIGH,Low flow,17.56
EVT-00007883,2026-09-08T11:03:09-05:00,FILTER_01_DIFF_PRESSURE,HIGH_DIFF_PRESSURE,MEDIUM,High diff pressure,2.02
EVT-00007884,2026-09-01T10:21:13-05:00,FILTER_01_DIFF_PRESSURE,HIGH_DIFF_PRESSURE,MEDIUM,High diff pressure,2.14
EVT-00007885,2026-09-05T17:17:50-05:00,PUMP_01_FLOW,LOW_FLOW,HIGH,Low flow,17.27
EVT-00007886,2026-09-29T11:17:58-05:00,FILTER_01_DIFF_PRESSURE,HIGH_DIFF_PRESSURE,MEDIUM,High diff pressure,2.51
EVT-00007887,2026-09-08T21:26:35-05:00,PUMP_01_FLOW,LOW_FLOW,HIGH,Low flow,2.69
EVT-00007888,2026-09-29T20:45:12-05:00,FILTER_01_DIFF_PRESSURE,HIGH_DIFF_PRESSURE,MEDIUM,High diff pressure,1.95
EVT-00007889,2026-09-08T06:50:20-05:00,TANK_OUT_01_LEVEL,LOW_LEVEL,HIGH,Low level,6.72
EVT-00007890,2026-09-27T08:32:43-05:00,TANK_IN_01_LEVEL,LOW_LEVEL,HIGH,Low level,13.39
EVT-00007891,2026-09-08T18:33:50-05:00,FILTER_01_DIFF_PRESSURE,HIGH_DIFF_PRESSURE,MEDIUM,High diff pressure,1.83
EVT-00007892,2026-09-01T14:50:09-05:00,FILTER_01_DIFF_PRESSURE,HIGH_DIFF_PRESSURE,MEDIUM,High diff pressure,2.35
EVT-00007893,2026-09-20T08:31:38-05:00,COMPRESSOR_01_PRESSURE,LOW_PRESSURE,HIGH,Low pressure,1.67
EVT-00007894,2026-09-03T13:24:50-05:00,TANK_IN_01_LEVEL,LOW_LEVEL,HIGH,Low level,10.50
EVT-00007895,2026-09-25T09:13:08-05:00,TANK_OUT_01_LEVEL,LOW_LEVEL,HIGH,Low level,3.44
EVT-00007896,2026-09-08T16:44:48-05:00,FILTER_01_DIFF_PRESSURE,HIGH_DIFF_PRESSURE,MEDIUM,High diff pressure,2.05
EVT-00007897,2026-09-13T16:59:51-05:00,COMPRESSOR_01_PRESSURE,LOW_PRESSURE,HIGH,Low pressure,2.07
EVT-00007898,2026-09-27T06:05:24-05:00,FILTER_01_PRESSURE,HIGH_PRESSURE,HIGH,High pressure,8.12
EVT-00007899,2026-09-05T20:55:00-05:00,PUMP_01_FLOW,LOW_FLOW,HIGH,Low flow,8.26
EVT-00007900,2026-09-07T08:12:17-05:00,FILLER_01_CYCLE_FAULT,CYCLE_FAULT,HIGH,Cycle fault,1.00
EVT-00007901,2026-09-17T06:49:19-05:00,TANK_OUT_01_LEVEL,HIGH_LEVEL,MEDIUM,High level,89
EVT-00007902,2026-09-27T12:31:21-05:00,TANK_OUT_01_LEVEL,LOW_LEVEL,HIGH,Low level,1.15
EVT-00007903,2026-09-02T13:36:33-05:00,PUMP_01_FLOW,LOW_FLOW,HIGH,Low flow,2.95
EVT-00007904,2026-09-02T07:56:02-05:00,FILLER_01_PRESSURE,LOW_PRESSURE,HIGH,Low pressure,1.57
EVT-00007905,2026-09-08T09:51:10-05:00,PUMP_01_FLOW,LOW_FLOW,HIGH,Low flow,8.65
EVT-00007906,2026-09-16T16:59:56-05:00,FILLER_01_PRESSURE,LOW_PRESSURE,HIGH,Low pressure,1.34
EVT-00007907,2026-09-02T06:02:15-05:00,TANK_IN_01_LEVEL,LOW_LEVEL,HIGH,Low level,2.19
EVT-00007908,2026-09-06T18:54:07-05:00,FILLER_01_PRESSURE,LOW_PRESSURE,HIGH,Low pressure,1.58
EVT-00007909,2026-09-14T07:48:37-05:00,FILLER_01_PRESSURE,LOW_PRESSURE,HIGH,Low pressure,1.06
EVT-00007910,2026-09-27T12:11:55-05:00,PUMP_01_FLOW,LOW_FLOW,HIGH,Low flow,8.71
EVT-00007911,2026-09-22T11:06:40-05:00,FILLER_01_PRESSURE,LOW_PRESSURE,HIGH,Low pressure,1.89
EVT-00007912,2026-09-17T19:28:14-05:00,TANK_OUT_01_LEVEL,LOW_LEVEL,HIGH,Low level,8.54
EVT-00007913,2026-09-29T11:37:37-05:00,FILTER_01_DIFF_PRESSURE,HIGH_DIFF_PRESSURE,MEDIUM,High diff pressure,1.60
EVT-00007914,2026-09-19T17:19:00-05:00,FILLER_01_PRESSURE,LOW_PRESSURE,HIGH,Low pressure,0.46
EVT-00007915,2026-09-10T20:27:10-05:00,PUMP_01_FLOW,LOW_FLOW,HIGH,Low flow,16.96
EVT-00007916,2026-09-08T08:29:19-05:00,FILTER_01_DIFF_PRESSURE,HIGH_DIFF_PRESSURE,MEDIUM,High diff pressure,2.19
EVT-00007917,2026-09-13T17:50:56-05:00,TANK_IN_01_LEVEL,LOW_LEVEL,HIGH,Low level,13.85
EVT-00007918,2026-09-30T20:13:58-05:00,FILTER_01_PRESSURE,HIGH_PRESSURE,HIGH,High pressure,8.83
EVT-00007919,2026-09-10T12:02:05-05:00,FILLER_01_CYCLE_FAULT,CYCLE_FAULT,HIGH,Cycle fault,1.00
EVT-00007920,2026-09-15T21:15:10-05:00,FILTER_01_DIFF_PRESSURE,HIGH_DIFF_PRESSURE,MEDIUM,High diff pressure,2.22
EVT-00007921,2026-09-01T17:11:40-05:00,FILTER_01_DIFF_PRESSURE,HIGH_DIFF_PRESSURE,MEDIUM,High diff pressure,2.35
EVT-00007922,2026-09-12T09:33:52-05:00,COMPRESSOR_01_PRESSURE,LOW_PRESSURE,HIGH,Low pressure,4.46
EVT-00007923,2026-09-30T07:54:02-05:00,FILLER_01_PRESSURE,LOW_PRESSURE,HIGH,Low pressure,0.30
EVT-00007924,2026-09-16T13:47:23-05:00,FILLER_01_PRESSURE,LOW_PRESSURE,HIGH,Low pressure,1.17
EVT-00007925,2026-09-11T07:03:48-05:00,FILLER_01_PRESSURE,LOW_PRESSURE,HIGH,Low pressure,0.98
EVT-00007926,2026-09-16T17:47:54-05:00,PUMP_01_FLOW,LOW_FLOW,HIGH,Low flow,16.55
EVT-00007927,2026-09-08T06:28:56-05:00,FILTER_01_DIFF_PRESSURE,HIGH_DIFF_PRESSURE,MEDIUM,High diff pressure,2.00
EVT-00007928,2026-09-27T18:44:54-05:00,TANK_OUT_01_LEVEL,LOW_LEVEL,HIGH,Low level,7.57
EVT-00007929,2026-09-02T13:24:18-05:00,FILTER_01_PRESSURE,HIGH_PRESSURE,HIGH,High pressure,6.47
EVT-00007930,2026-09-20T07:05:23-05:00,CONVEYOR_01_JAM,JAM,MEDIUM,Jam,1.00
EVT-00007931,2026-09-03T18:17:28-05:00,PUMP_01_FLOW,LOW_FLOW,HIGH,Low flow,3.33
EVT-00007932,2026-09-29T18:22:28-05:00,FILTER_01_DIFF_PRESSURE,HIGH_DIFF_PRESSURE,MEDIUM,High diff pressure,2.73
EVT-00007933,2026-09-21T21:02:06-05:00,TANK_IN_01_LEVEL,LOW_LEVEL,HIGH,Low level,10.78
EVT-00007934,2026-09-07T12:06:14-05:00,FILLER_01_PRESSURE,LOW_PRESSURE,HIGH,Low pressure,0.72
EVT-00007935,2026-09-07T18:27:03-05:00,PUMP_01_FLOW,LOW_FLOW,HIGH,Low flow,10.95
EVT-00007936,2026-09-12T16:39:49-05:00,PUMP_01_FLOW,LOW_FLOW,HIGH,Low flow,4.18
EVT-00007937,2026-09-05T12:53:28-05:00,TANK_IN_01_LEVEL,LOW_LEVEL,HIGH,Low level,11.58
EVT-00007938,2026-09-21T15:19:55-05:00,FILLER_01_PRESSURE,LOW_PRESSURE,HIGH,Low pressure,1.04
EVT-00007939,2026-09-22T07:31:31-05:00,FILTER_01_DIFF_PRESSURE,HIGH_DIFF_PRESSURE,MEDIUM,High diff pressure,1.81
EVT-00007940,2026-09-08T17:02:12-05:00,FILTER_01_DIFF_PRESSURE,HIGH_DIFF_PRESSURE,MEDIUM,High diff pressure,2.39
EVT-00007941,2026-09-02T06:31:35-05:00,PUMP_01_FLOW,LOW_FLOW,HIGH,Low flow,16.28
EVT-00007942,2026-09-27T12:07:42-05:00,PUMP_01_MOTOR_FAULT,MOTOR_FAULT,CRITICAL,Motor fault,1.00
EVT-00007943,2026-09-18T16:16:41-05:00,TANK_OUT_01_LEVEL,LOW_LEVEL,HIGH,Low level,4.04
EVT-00007944,2026-09-23T18:41:37-05:00,CONVEYOR_01_MOTOR_TEMP,HIGH_TEMPERATURE,LOW,High temperature,72.49
EVT-00007945,2026-09-09T13:57:42-05:00,PUMP_01_FLOW,LOW_FLOW,HIGH,Low flow,8.05
EVT-00007946,2026-09-21T15:08:32-05:00,TANK_OUT_01_LEVEL,HIGH_LEVEL,MEDIUM,High level,94.89
EVT-00007947,2026-09-08T08:18:30-05:00,FILTER_01_DIFF_PRESSURE,HIGH_DIFF_PRESSURE,MEDIUM,High diff pressure,2.82
EVT-00007948,2026-09-18T18:59:26-05:00,FILLER_01_CYCLE_FAULT,CYCLE_FAULT,HIGH,Cycle fault,1.00
EVT-00007949,2026-09-22T16:04:50-05:00,TANK_IN_01_LEVEL,HIGH_LEVEL,MEDIUM,High level,93.06
EVT-00007950,2026-09-16T13:30:48-05:00,CONVEYOR_01_JAM,JAM,MEDIUM,Jam,1.00
EVT-00007951,2026-09-29T12:12:16-05:00,TANK_OUT_01_LEVEL,LOW_LEVEL,CRITICAL,Low level,5.30
EVT-00007952,2026-09-05T06:45:02-05:00,COMPRESSOR_01_PRESSURE,LOW_PRESSURE,HIGH,Low pressure,1.48
EVT-00007953,2026-09-09T18:08:52-05:00,TANK_IN_01_LEVEL,HIGH_LEVEL,MEDIUM,High level,91.31
EVT-00007954,2026-09-26T12:25:40-05:00,CONVEYOR_01_JAM,JAM,MEDIUM,Jam,1.00
EVT-00007955,2026-09-13T11:19:51-05:00,FILLER_01_PRESSURE,LOW_PRESSURE,HIGH,Low pressure,0.57
EVT-00007956,2026-09-08T21:51:54-05:00,FILTER_01_DIFF_PRESSURE,HIGH_DIFF_PRESSURE,MEDIUM,High diff pressure,2.54
EVT-00007957,2026-09-05T14:52:51-05:00,TANK_IN_01_LEVEL,LOW_LEVEL,HIGH,Low level,4.74
EVT-00007958,2026-09-11T12:17:17-05:00,COMPRESSOR_01_TEMP,HIGH_TEMPERATURE,HIGH,High temperature,105.03
EVT-00007959,2026-09-30T10:31:52-05:00,COMPRESSOR_01_PRESSURE,LOW_PRESSURE,HIGH,Low pressure,3.50
EVT-00007960,2026-09-12T18:14:42-05:00,COMPRESSOR_01_PRESSURE,LOW_PRESSURE,HIGH,Low pressure,3.00
EVT-00007961,2026-09-22T17:10:12-05:00,FILTER_01_DIFF_PRESSURE,HIGH_DIFF_PRESSURE,MEDIUM,High diff pressure,2.80
EVT-00007962,2026-09-09T15:37:44-05:00,COMPRESSOR_01_TEMP,HIGH_TEMPERATURE,HIGH,High temperature,114.07
EVT-00007963,2026-09-19T13:45:09-05:00,TANK_OUT_01_LEVEL,LOW_LEVEL,HIGH,Low level,4.27
EVT-00007964,2026-09-27T20:36:10-05:00,PUMP_01_FLOW,LOW_FLOW,HIGH,Low flow,12.83
EVT-00007965,2026-09-15T21:07:05-05:00,FILTER_01_DIFF_PRESSURE,HIGH_DIFF_PRESSURE,MEDIUM,High diff pressure,1.90
EVT-00007966,2026-09-14T17:23:11-05:00,TANK_IN_01_LEVEL,LOW_LEVEL,HIGH,Low level,3.82
EVT-00007967,2026-09-22T16:31:58-05:00,FILTER_01_DIFF_PRESSURE,HIGH_DIFF_PRESSURE,MEDIUM,High diff pressure,1.93
EVT-00007968,2026-09-14T11:57:09-05:00,COMPRESSOR_01_TEMP,HIGH_TEMPERATURE,HIGH,High temperature,111.69
EVT-00007969,2026-09-11T21:37:58-05:00,TANK_OUT_01_LEVEL,LOW_LEVEL,HIGH,Low level,3.24
EVT-00007970,2026-09-22T06:59:14-05:00,PUMP_01_FLOW,LOW_FLOW,HIGH,Low flow,18.74
EVT-00007971,2026-09-08T19:39:57-05:00,FILTER_01_DIFF_PRESSURE,HIGH_DIFF_PRESSURE,MEDIUM,High diff pressure,2.74
EVT-00007972,2026-09-23T14:57:36-05:00,CONVEYOR_01_MOTOR_TEMP,HIGH_TEMPERATURE,LOW,High temperature,74.67
EVT-00007973,2026-09-08T19:27:56-05:00,TANK_OUT_01_LEVEL,HIGH_LEVEL,MEDIUM,High level,94.27
EVT-00007974,2026-09-20T14:01:31-05:00,FILLER_01_PRESSURE,LOW_PRESSURE,HIGH,Low pressure,1.59
EVT-00007975,2026-09-09T18:28:00-05:00,FILLER_01_CYCLE_FAULT,CYCLE_FAULT,HIGH,Cycle fault,1.00
EVT-00007976,2026-09-03T08:23:04-05:00,CONVEYOR_01_MOTOR_TEMP,HIGH_TEMPERATURE,LOW,High temperature,82.78
EVT-00007977,2026-09-14T21:48:49-05:00,TANK_IN_01_LEVEL,HIGH_LEVEL,MEDIUM,High level,97.72
EVT-00007978,2026-09-01T09:23:12-05:00,FILTER_01_DIFF_PRESSURE,HIGH_DIFF_PRESSURE,MEDIUM,High diff pressure,1.97
EVT-00007979,2026-09-10T14:58:57-05:00,FILLER_01_CYCLE_FAULT,CYCLE_FAULT,HIGH,Cycle fault,1.00
EVT-00007980,2026-09-28T18:33:11-05:00,TANK_OUT_01_LEVEL,LOW_LEVEL,HIGH,Low level,1.12
EVT-00007981,2026-09-15T14:58:12-05:00,FILTER_01_DIFF_PRESSURE,HIGH_DIFF_PRESSURE,MEDIUM,High diff pressure,2.78
EVT-00007982,2026-09-05T12:48:02-05:00,CONVEYOR_01_MOTOR_TEMP,HIGH_TEMPERATURE,LOW,High temperature,73.38
EVT-00007983,2026-09-10T18:42:31-05:00,CONVEYOR_01_MOTOR_TEMP,HIGH_TEMPERATURE,LOW,High temperature,84.42
EVT-00007984,2026-09-01T09:42:23-05:00,TANK_IN_01_LEVEL,LOW_LEVEL,HIGH,Low level,5.71
EVT-00007985,2026-09-17T08:26:18-05:00,FILLER_01_PRESSURE,LOW_PRESSURE,HIGH,Low pressure,0.33
EVT-00007986,2026-09-29T18:23:26-05:00,FILTER_01_DIFF_PRESSURE,HIGH_DIFF_PRESSURE,MEDIUM,High diff pressure,1.96
EVT-00007987,2026-09-07T14:05:44-05:00,FILLER_01_CYCLE_FAULT,CYCLE_FAULT,HIGH,Cycle fault,1.00
EVT-00007988,2026-09-30T16:19:44-05:00,FILLER_01_PRESSURE,LOW_PRESSURE,HIGH,Low pressure,1.88
EVT-00007989,2026-09-11T07:09:56-05:00,FILLER_01_PRESSURE,LOW_PRESSURE,HIGH,Low pressure,1.11
EVT-00007990,2026-09-25T19:17:11-05:00,TANK_OUT_01_LEVEL,LOW_LEVEL,HIGH,Low level,10.11
EVT-00007991,2026-09-07T13:24:32-05:00,TANK_IN_01_LEVEL,LOW_LEVEL,HIGH,Low level,13.90
EVT-00007992,2026-09-05T21:27:00-05:00,PUMP_01_FLOW,LOW_FLOW,HIGH,Low flow,18.67
EVT-00007993,2026-09-26T15:28:13-05:00,FILLER_01_CYCLE_FAULT,CYCLE_FAULT,HIGH,Cycle fault,1.00
EVT-00007994,2026-09-04T07:13:34-05:00,PUMP_01_FLOW,LOW_FLOW,HIGH,Low flow,3.83
EVT-00007995,2026-09-27T08:45:31-05:00,COMPRESSOR_01_PRESSURE,LOW_PRESSURE,HIGH,Low pressure,1.13
EVT-00007996,2026-09-27T06:53:31-05:00,CONVEYOR_01_JAM,JAM,MEDIUM,Jam,1.00
EVT-00007997,2026-09-09T08:18:10-05:00,TANK_OUT_01_LEVEL,LOW_LEVEL,HIGH,Low level,8.94
EVT-00007998,2026-09-25T21:49:55-05:00,CONVEYOR_01_JAM,JAM,MEDIUM,Jam,1.00
EVT-00007999,2026-09-25T09:52:07-05:00,PUMP_01_FLOW,LOW_FLOW,HIGH,Low flow,9.66
EVT-00008000,2026-09-22T16:29:25-05:00,CONVEYOR_01_MOTOR_TEMP,HIGH_TEMPERATURE,LOW,High temperature,78.80
EVT-00008001,2026-09-26T15:16:31-05:00,TANK_IN_01_LEVEL,LOW_LEVEL,HIGH,Low level,16
EVT-00008002,2026-09-23T15:50:06-05:00,COMPRESSOR_01_PRESSURE,LOW_PRESSURE,HIGH,Low pressure,4.09
EVT-00008003,2026-09-01T18:41:39-05:00,FILTER_01_DIFF_PRESSURE,HIGH_DIFF_PRESSURE,MEDIUM,High diff pressure,2.12
EVT-00008004,2026-09-15T17:39:10-05:00,FILTER_01_DIFF_PRESSURE,HIGH_DIFF_PRESSURE,MEDIUM,High diff pressure,2.24
EVT-00008005,2026-09-10T13:54:59-05:00,FILLER_01_PRESSURE,LOW_PRESSURE,HIGH,Low pressure,1.63
EVT-00008006,2026-09-18T12:44:39-05:00,PUMP_01_FLOW,LOW_FLOW,HIGH,Low flow,9.58
EVT-00008007,2026-09-01T08:04:13-05:00,FILTER_01_DIFF_PRESSURE,HIGH_DIFF_PRESSURE,MEDIUM,High diff pressure,2.08
EVT-00008008,2026-09-20T12:43:41-05:00,PUMP_01_FLOW,LOW_FLOW,HIGH,Low flow,16.63
EVT-00008009,2026-09-30T16:15:57-05:00,CONVEYOR_01_MOTOR_TEMP,HIGH_TEMPERATURE,LOW,High temperature,75.40
EVT-00008010,2026-09-01T07:24:35-05:00,FILTER_01_DIFF_PRESSURE,HIGH_DIFF_PRESSURE,MEDIUM,High diff pressure,1.87
EVT-00008011,2026-09-10T13:07:37-05:00,COMPRESSOR_01_PRESSURE,LOW_PRESSURE,HIGH,Low pressure,1.56
EVT-00008012,2026-09-26T15:39:33-05:00,FILTER_01_PRESSURE,HIGH_PRESSURE,HIGH,High pressure,6.40
EVT-00008013,2026-09-02T09:56:44-05:00,TANK_OUT_01_LEVEL,LOW_LEVEL,HIGH,Low level,11.72
EVT-00008014,2026-09-19T17:37:52-05:00,FILLER_01_CYCLE_FAULT,CYCLE_FAULT,HIGH,Cycle fault,1.00
EVT-00008015,2026-09-01T07:06:54-05:00,FILTER_01_DIFF_PRESSURE,HIGH_DIFF_PRESSURE,MEDIUM,High diff pressure,2.32
EVT-00008016,2026-09-08T07:09:46-05:00,TANK_IN_01_LEVEL,LOW_LEVEL,HIGH,Low level,8.13
EVT-00008017,2026-09-29T12:11:17-05:00,FILTER_01_DIFF_PRESSURE,HIGH_DIFF_PRESSURE,MEDIUM,High diff pressure,1.79
EVT-00008018,2026-09-27T12:00:38-05:00,FILLER_01_PRESSURE,LOW_PRESSURE,HIGH,Low pressure,0.58
EVT-00008019,2026-09-21T07:52:32-05:00,TANK_OUT_01_LEVEL,LOW_LEVEL,HIGH,Low level,6.62
EVT-00008020,2026-09-07T14:41:21-05:00,TANK_OUT_01_LEVEL,LOW_LEVEL,HIGH,Low level,7.35
EVT-00008021,2026-09-12T15:12:20-05:00,FILTER_01_PRESSURE,HIGH_PRESSURE,HIGH,High pressure,6.35
EVT-00008022,2026-09-20T17:38:08-05:00,PUMP_01_FLOW,LOW_FLOW,HIGH,Low flow,1.24
EVT-00008023,2026-09-13T15:23:57-05:00,TANK_IN_01_LEVEL,HIGH_LEVEL,MEDIUM,High level,94.25
EVT-00008024,2026-09-22T08:00:08-05:00,FILTER_01_DIFF_PRESSURE,HIGH_DIFF_PRESSURE,MEDIUM,High diff pressure,2.84
EVT-00008025,2026-09-15T15:59:33-05:00,CONVEYOR_01_JAM,JAM,MEDIUM,Jam,1.00
EVT-00008026,2026-09-30T17:04:18-05:00,TANK_IN_01_LEVEL,LOW_LEVEL,HIGH,Low level,1.76
EVT-00008027,2026-09-15T20:23:13-05:00,PUMP_01_FLOW,LOW_FLOW,HIGH,Low flow,14.45
EVT-00008028,2026-09-29T17:02:15-05:00,TANK_IN_01_LEVEL,HIGH_LEVEL,MEDIUM,High level,96.39
EVT-00008029,2026-09-21T18:48:10-05:00,FILLER_01_PRESSURE,LOW_PRESSURE,HIGH,Low pressure,0.62
EVT-00008030,2026-09-04T13:56:09-05:00,FILTER_01_PRESSURE,HIGH_PRESSURE,HIGH,High pressure,6.57
EVT-00008031,2026-09-17T13:05:10-05:00,TANK_IN_01_LEVEL,HIGH_LEVEL,MEDIUM,High level,95.34
EVT-00008032,2026-09-17T13:41:22-05:00,COMPRESSOR_01_TEMP,HIGH_TEMPERATURE,HIGH,High temperature,100.62
EVT-00008033,2026-09-19T14:33:23-05:00,TANK_IN_01_LEVEL,LOW_LEVEL,HIGH,Low level,8.89
EVT-00008034,2026-09-29T19:23:44-05:00,FILTER_01_DIFF_PRESSURE,HIGH_DIFF_PRESSURE,MEDIUM,High diff pressure,2.93
EVT-00008035,2026-09-07T08:54:34-05:00,PUMP_01_FLOW,LOW_FLOW,HIGH,Low flow,9.47
EVT-00008036,2026-09-28T06:45:31-05:00,TANK_IN_01_LEVEL,LOW_LEVEL,HIGH,Low level,7.57
EVT-00008037,2026-09-11T15:45:47-05:00,CONVEYOR_01_MOTOR_TEMP,HIGH_TEMPERATURE,LOW,High temperature,75.24
EVT-00008038,2026-09-15T12:29:26-05:00,FILTER_01_DIFF_PRESSURE,HIGH_DIFF_PRESSURE,MEDIUM,High diff pressure,2.98
EVT-00008039,2026-09-12T13:40:55-05:00,TANK_IN_01_LEVEL,LOW_LEVEL,HIGH,Low level,7.70
EVT-00008040,2026-09-08T15:55:45-05:00,FILTER_01_DIFF_PRESSURE,HIGH_DIFF_PRESSURE,MEDIUM,High diff pressure,2.54
EVT-00008041,2026-09-08T10:30:17-05:00,PUMP_01_MOTOR_FAULT,MOTOR_FAULT,CRITICAL,Motor fault,1.00
EVT-00008042,2026-09-22T13:17:06-05:00,FILTER_01_DIFF_PRESSURE,HIGH_DIFF_PRESSURE,MEDIUM,High diff pressure,1.96
EVT-00008043,2026-09-29T20:08:26-05:00,TANK_IN_01_LEVEL,HIGH_LEVEL,MEDIUM,High level,98.17
EVT-00008044,2026-09-18T06:47:18-05:00,FILTER_01_PRESSURE,HIGH_PRESSURE,HIGH,High pressure,6.44
EVT-00008045,2026-09-18T20:49:31-05:00,FILLER_01_PRESSURE,LOW_PRESSURE,HIGH,Low pressure,0.78
EVT-00008046,2026-09-14T15:58:37-05:00,COMPRESSOR_01_PRESSURE,LOW_PRESSURE,HIGH,Low pressure,3.48
EVT-00008047,2026-09-07T06:04:41-05:00,TANK_OUT_01_LEVEL,HIGH_LEVEL,MEDIUM,High level,98.95
EVT-00008048,2026-09-05T20:21:27-05:00,PUMP_01_FLOW,LOW_FLOW,HIGH,Low flow,11.55
EVT-00008049,2026-09-08T21:01:55-05:00,FILTER_01_DIFF_PRESSURE,HIGH_DIFF_PRESSURE,MEDIUM,High diff pressure,2.78
EVT-00008050,2026-09-25T12:59:42-05:00,PUMP_01_FLOW,LOW_FLOW,HIGH,Low flow,9.80
EVT-00008051,2026-09-26T17:47:04-05:00,TANK_OUT_01_LEVEL,HIGH_LEVEL,HIGH,High level,93.27
EVT-00008052,2026-09-03T17:36:50-05:00,PUMP_01_MOTOR_FAULT,MOTOR_FAULT,CRITICAL,Motor fault,1.00
EVT-00008053,2026-09-23T07:06:52-05:00,CONVEYOR_01_JAM,JAM,MEDIUM,Jam,1.00
EVT-00008054,2026-09-29T12:44:48-05:00,FILTER_01_DIFF_PRESSURE,HIGH_DIFF_PRESSURE,MEDIUM,High diff pressure,2.36
EVT-00008055,2026-09-08T06:04:49-05:00,FILTER_01_DIFF_PRESSURE,HIGH_DIFF_PRESSURE,MEDIUM,High diff pressure,2.99
EVT-00008056,2026-09-07T06:08:21-05:00,FILTER_01_PRESSURE,HIGH_PRESSURE,HIGH,High pressure,8.84
EVT-00008057,2026-09-30T14:35:26-05:00,COMPRESSOR_01_PRESSURE,LOW_PRESSURE,HIGH,Low pressure,1.64
EVT-00008058,2026-09-27T06:08:42-05:00,COMPRESSOR_01_PRESSURE,LOW_PRESSURE,HIGH,Low pressure,4.27
EVT-00008059,2026-09-27T10:04:24-05:00,FILTER_01_PRESSURE,HIGH_PRESSURE,HIGH,High pressure,8.94
EVT-00008060,2026-09-28T09:02:19-05:00,CONVEYOR_01_MOTOR_TEMP,HIGH_TEMPERATURE,LOW,High temperature,80.90
EVT-00008061,2026-09-16T14:17:56-05:00,CONVEYOR_01_JAM,JAM,MEDIUM,Jam,1.00
EVT-00008062,2026-09-25T15:07:30-05:00,TANK_IN_01_LEVEL,HIGH_LEVEL,MEDIUM,High level,93.99
EVT-00008063,2026-09-05T18:37:15-05:00,PUMP_01_FLOW,LOW_FLOW,HIGH,Low flow,16.00
EVT-00008064,2026-09-17T13:05:54-05:00,FILTER_01_PRESSURE,HIGH_PRESSURE,HIGH,High pressure,7.11
EVT-00008065,2026-09-20T07:07:09-05:00,TANK_IN_01_LEVEL,LOW_LEVEL,HIGH,Low level,1.17
EVT-00008066,2026-09-01T08:39:56-05:00,FILTER_01_DIFF_PRESSURE,HIGH_DIFF_PRESSURE,MEDIUM,High diff pressure,1.78
EVT-00008067,2026-09-05T19:02:25-05:00,TANK_IN_01_LEVEL,LOW_LEVEL,HIGH,Low level,6.70
EVT-00008068,2026-09-10T18:17:25-05:00,PUMP_01_FLOW,LOW_FLOW,HIGH,Low flow,6.94
EVT-00008069,2026-09-29T18:20:20-05:00,TANK_OUT_01_LEVEL,LOW_LEVEL,HIGH,Low level,2.06
EVT-00008070,2026-09-22T21:27:04-05:00,FILTER_01_DIFF_PRESSURE,HIGH_DIFF_PRESSURE,MEDIUM,High diff pressure,2.74
EVT-00008071,2026-09-04T19:47:16-05:00,COMPRESSOR_01_TEMP,HIGH_TEMPERATURE,HIGH,High temperature,113.49
EVT-00008072,2026-09-22T16:33:06-05:00,COMPRESSOR_01_PRESSURE,LOW_PRESSURE,HIGH,Low pressure,3.98
EVT-00008073,2026-09-04T12:50:54-05:00,FILLER_01_PRESSURE,LOW_PRESSURE,HIGH,Low pressure,1.03
EVT-00008074,2026-09-14T12:22:08-05:00,FILLER_01_PRESSURE,LOW_PRESSURE,HIGH,Low pressure,1.12
EVT-00008075,2026-09-22T13:24:14-05:00,FILTER_01_DIFF_PRESSURE,HIGH_DIFF_PRESSURE,MEDIUM,High diff pressure,2.35
EVT-00008076,2026-09-20T19:10:10-05:00,TANK_IN_01_LEVEL,LOW_LEVEL,HIGH,Low level,8.73
EVT-00008077,2026-09-08T09:32:44-05:00,TANK_OUT_01_LEVEL,LOW_LEVEL,HIGH,Low level,6.88
EVT-00008078,2026-09-01T06:19:04-05:00,FILLER_01_CYCLE_FAULT,CYCLE_FAULT,HIGH,Cycle fault,1.00
EVT-00008079,2026-09-30T21:00:09-05:00,PUMP_01_FLOW,LOW_FLOW,HIGH,Low flow,18.19
EVT-00008080,2026-09-08T18:16:41-05:00,FILTER_01_DIFF_PRESSURE,HIGH_DIFF_PRESSURE,MEDIUM,High diff pressure,2.57
EVT-00008081,2026-09-12T09:34:23-05:00,FILLER_01_PRESSURE,LOW_PRESSURE,HIGH,Low pressure,1.27
EVT-00008082,2026-09-23T09:19:07-05:00,FILLER_01_PRESSURE,LOW_PRESSURE,HIGH,Low pressure,0.42
EVT-00008083,2026-09-19T07:22:56-05:00,CONVEYOR_01_JAM,JAM,MEDIUM,Jam,1.00
EVT-00008084,2026-09-20T18:48:19-05:00,PUMP_01_MOTOR_FAULT,MOTOR_FAULT,CRITICAL,Motor fault,1.00
EVT-00008085,2026-09-12T18:37:14-05:00,FILTER_01_PRESSURE,HIGH_PRESSURE,HIGH,High pressure,7.55
EVT-00008086,2026-09-08T13:40:12-05:00,FILTER_01_PRESSURE,HIGH_PRESSURE,HIGH,High pressure,6.35
EVT-00008087,2026-09-11T14:58:18-05:00,FILLER_01_CYCLE_FAULT,CYCLE_FAULT,HIGH,Cycle fault,1.00
EVT-00008088,2026-09-11T06:40:34-05:00,TANK_IN_01_LEVEL,LOW_LEVEL,HIGH,Low level,2.96
EVT-00008089,2026-09-13T18:54:14-05:00,TANK_IN_01_LEVEL,LOW_LEVEL,HIGH,Low level,4.10
EVT-00008090,2026-09-01T15:10:24-05:00,FILTER_01_DIFF_PRESSURE,HIGH_DIFF_PRESSURE,MEDIUM,High diff pressure,1.68
EVT-00008091,2026-09-12T16:12:14-05:00,PUMP_01_FLOW,LOW_FLOW,HIGH,Low flow,12.71
EVT-00008092,2026-09-22T10:45:47-05:00,FILLER_01_PRESSURE,LOW_PRESSURE,HIGH,Low pressure,1.29
EVT-00008093,2026-09-20T14:17:45-05:00,COMPRESSOR_01_PRESSURE,LOW_PRESSURE,HIGH,Low pressure,3.84
EVT-00008094,2026-09-07T10:01:00-05:00,COMPRESSOR_01_PRESSURE,LOW_PRESSURE,HIGH,Low pressure,2.63
EVT-00008095,2026-09-29T18:59:35-05:00,FILTER_01_DIFF_PRESSURE,HIGH_DIFF_PRESSURE,MEDIUM,High diff pressure,2.12
EVT-00008096,2026-09-01T16:55:29-05:00,FILTER_01_DIFF_PRESSURE,HIGH_DIFF_PRESSURE,MEDIUM,High diff pressure,2.07
EVT-00008097,2026-09-19T13:20:05-05:00,TANK_IN_01_LEVEL,HIGH_LEVEL,MEDIUM,High level,95.83
EVT-00008098,2026-09-27T10:35:24-05:00,TANK_OUT_01_LEVEL,LOW_LEVEL,HIGH,Low level,8.87
EVT-00008099,2026-09-29T18:56:28-05:00,PUMP_01_MOTOR_FAULT,MOTOR_FAULT,CRITICAL,Motor fault,1.00
EVT-00008100,2026-09-13T21:31:46-05:00,COMPRESSOR_01_TEMP,HIGH_TEMPERATURE,HIGH,High temperature,107.61
EVT-00008101,2026-09-08T20:47:15-05:00,FILLER_01_PRESSURE,LOW_PRESSURE,HIGH,Low pressure,3
EVT-00008102,2026-09-07T07:40:04-05:00,TANK_IN_01_LEVEL,LOW_LEVEL,HIGH,Low level,11.13
EVT-00008103,2026-09-27T17:58:03-05:00,FILLER_01_PRESSURE,LOW_PRESSURE,HIGH,Low pressure,1.14
EVT-00008104,2026-09-08T20:10:31-05:00,FILTER_01_DIFF_PRESSURE,HIGH_DIFF_PRESSURE,MEDIUM,High diff pressure,2.92
EVT-00008105,2026-09-13T15:48:25-05:00,PUMP_01_FLOW,LOW_FLOW,HIGH,Low flow,7.82
EVT-00008106,2026-09-29T16:46:53-05:00,PUMP_01_MOTOR_FAULT,MOTOR_FAULT,CRITICAL,Motor fault,1.00
EVT-00008107,2026-09-16T18:11:36-05:00,COMPRESSOR_01_TEMP,HIGH_TEMPERATURE,HIGH,High temperature,101.26
EVT-00008108,2026-09-01T20:45:39-05:00,FILTER_01_DIFF_PRESSURE,HIGH_DIFF_PRESSURE,MEDIUM,High diff pressure,1.68
EVT-00008109,2026-09-24T18:17:36-05:00,FILLER_01_PRESSURE,LOW_PRESSURE,HIGH,Low pressure,1.78
EVT-00008110,2026-09-18T13:07:12-05:00,PUMP_01_FLOW,LOW_FLOW,HIGH,Low flow,14.60
EVT-00008111,2026-09-10T18:08:02-05:00,TANK_IN_01_LEVEL,LOW_LEVEL,HIGH,Low level,8.72
EVT-00008112,2026-09-11T07:33:57-05:00,CONVEYOR_01_JAM,JAM,MEDIUM,Jam,1.00
EVT-00008113,2026-09-11T11:05:37-05:00,TANK_OUT_01_LEVEL,LOW_LEVEL,HIGH,Low level,5.26
EVT-00008114,2026-09-16T21:58:22-05:00,CONVEYOR_01_JAM,JAM,MEDIUM,Jam,1.00
EVT-00008115,2026-09-08T19:16:57-05:00,FILTER_01_DIFF_PRESSURE,HIGH_DIFF_PRESSURE,MEDIUM,High diff pressure,1.74
EVT-00008116,2026-09-23T19:12:25-05:00,COMPRESSOR_01_PRESSURE,LOW_PRESSURE,HIGH,Low pressure,2.01
EVT-00008117,2026-09-11T13:39:38-05:00,COMPRESSOR_01_TEMP,HIGH_TEMPERATURE,HIGH,High temperature,104.89
EVT-00008118,2026-09-08T20:46:43-05:00,FILTER_01_DIFF_PRESSURE,HIGH_DIFF_PRESSURE,MEDIUM,High diff pressure,1.63
EVT-00008119,2026-09-02T07:02:06-05:00,TANK_IN_01_LEVEL,LOW_LEVEL,HIGH,Low level,1.77
EVT-00008120,2026-09-17T20:56:29-05:00,TANK_OUT_01_LEVEL,HIGH_LEVEL,MEDIUM,High level,97.09
EVT-00008121,2026-09-03T16:04:04-05:00,TANK_OUT_01_LEVEL,HIGH_LEVEL,MEDIUM,High level,95.54
EVT-00008122,2026-09-24T06:03:52-05:00,TANK_OUT_01_LEVEL,LOW_LEVEL,HIGH,Low level,7.34
EVT-00008123,2026-09-18T06:48:59-05:00,CONVEYOR_01_MOTOR_TEMP,HIGH_TEMPERATURE,LOW,High temperature,74.55
EVT-00008124,2026-09-08T12:06:55-05:00,TANK_OUT_01_LEVEL,LOW_LEVEL,HIGH,Low level,6.70
EVT-00008125,2026-09-18T16:55:30-05:00,TANK_IN_01_LEVEL,LOW_LEVEL,HIGH,Low level,4.68
EVT-00008126,2026-09-02T17:18:59-05:00,FILLER_01_PRESSURE,LOW_PRESSURE,HIGH,Low pressure,0.68
EVT-00008127,2026-09-09T18:51:26-05:00,TANK_IN_01_LEVEL,LOW_LEVEL,HIGH,Low level,5.51
EVT-00008128,2026-09-14T13:43:52-05:00,FILLER_01_PRESSURE,LOW_PRESSURE,HIGH,Low pressure,0.32
EVT-00008129,2026-09-14T13:10:15-05:00,PUMP_01_MOTOR_FAULT,MOTOR_FAULT,CRITICAL,Motor fault,1.00
EVT-00008130,2026-09-21T06:27:00-05:00,TANK_OUT_01_LEVEL,LOW_LEVEL,HIGH,Low level,11.48
EVT-00008131,2026-09-03T08:33:16-05:00,CONVEYOR_01_JAM,JAM,MEDIUM,Jam,1.00
EVT-00008132,2026-09-14T15:27:53-05:00,FILLER_01_PRESSURE,LOW_PRESSURE,HIGH,Low pressure,0.27
EVT-00008133,2026-09-29T11:31:03-05:00,FILTER_01_DIFF_PRESSURE,HIGH_DIFF_PRESSURE,MEDIUM,High diff pressure,2.77
EVT-00008134,2026-09-09T20:00:03-05:00,COMPRESSOR_01_PRESSURE,LOW_PRESSURE,HIGH,Low pressure,3.34
EVT-00008135,2026-09-28T12:19:32-05:00,CONVEYOR_01_JAM,JAM,MEDIUM,Jam,1.00
EVT-00008136,2026-09-27T21:42:48-05:00,TANK_IN_01_LEVEL,LOW_LEVEL,HIGH,Low level,2.80
EVT-00008137,2026-09-12T18:23:42-05:00,TANK_IN_01_LEVEL,LOW_LEVEL,HIGH,Low level,12.23
EVT-00008138,2026-09-22T20:11:42-05:00,COMPRESSOR_01_PRESSURE,LOW_PRESSURE,HIGH,Low pressure,4.79
EVT-00008139,2026-09-28T17:09:25-05:00,PUMP_01_MOTOR_FAULT,MOTOR_FAULT,CRITICAL,Motor fault,1.00
EVT-00008140,2026-09-07T17:00:27-05:00,TANK_OUT_01_LEVEL,LOW_LEVEL,HIGH,Low level,10.17
EVT-00008141,2026-09-10T08:32:22-05:00,FILLER_01_PRESSURE,LOW_PRESSURE,HIGH,Low pressure,0.34
EVT-00008142,2026-09-04T19:35:55-05:00,TANK_OUT_01_LEVEL,LOW_LEVEL,HIGH,Low level,7.31
EVT-00008143,2026-09-14T17:02:21-05:00,PUMP_01_FLOW,LOW_FLOW,HIGH,Low flow,5.76
EVT-00008144,2026-09-14T19:21:07-05:00,FILTER_01_PRESSURE,HIGH_PRESSURE,HIGH,High pressure,7.92
EVT-00008145,2026-09-25T19:15:41-05:00,FILLER_01_PRESSURE,LOW_PRESSURE,HIGH,Low pressure,0.36
EVT-00008146,2026-09-22T13:46:33-05:00,FILTER_01_DIFF_PRESSURE,HIGH_DIFF_PRESSURE,MEDIUM,High diff pressure,2.82
EVT-00008147,2026-09-04T15:16:03-05:00,FILLER_01_PRESSURE,LOW_PRESSURE,HIGH,Low pressure,1.36
EVT-00008148,2026-09-28T08:16:49-05:00,FILTER_01_PRESSURE,HIGH_PRESSURE,HIGH,High pressure,8.81
EVT-00008149,2026-09-07T13:26:55-05:00,TANK_OUT_01_LEVEL,LOW_LEVEL,HIGH,Low level,5.83
EVT-00008150,2026-09-29T18:06:08-05:00,FILTER_01_DIFF_PRESSURE,HIGH_DIFF_PRESSURE,MEDIUM,High diff pressure,2.51
EVT-00008151,2026-09-24T17:55:09-05:00,TANK_IN_01_LEVEL,LOW_LEVEL,CRITICAL,Low level,9.12
EVT-00008152,2026-09-26T17:38:55-05:00,COMPRESSOR_01_PRESSURE,LOW_PRESSURE,HIGH,Low pressure,1.82
EVT-00008153,2026-09-13T09:07:45-05:00,FILTER_01_PRESSURE,HIGH_PRESSURE,HIGH,High pressure,6.91
EVT-00008154,2026-09-14T13:55:06-05:00,PUMP_01_FLOW,LOW_FLOW,HIGH,Low flow,10.09
EVT-00008155,2026-09-23T15:22:23-05:00,TANK_OUT_01_LEVEL,LOW_LEVEL,HIGH,Low level,1.22
EVT-00008156,2026-09-23T09:32:40-05:00,TANK_OUT_01_LEVEL,LOW_LEVEL,HIGH,Low level,10.16
EVT-00008157,2026-09-03T13:11:38-05:00,FILLER_01_PRESSURE,LOW_PRESSURE,HIGH,Low pressure,0.93
EVT-00008158,2026-09-18T17:39:57-05:00,PUMP_01_FLOW,LOW_FLOW,HIGH,Low flow,13.33
EVT-00008159,2026-09-23T15:47:23-05:00,FILLER_01_PRESSURE,LOW_PRESSURE,HIGH,Low pressure,1.65
EVT-00008160,2026-09-10T16:34:22-05:00,TANK_IN_01_LEVEL,LOW_LEVEL,HIGH,Low level,12.95
EVT-00008161,2026-09-11T16:17:47-05:00,PUMP_01_FLOW,LOW_FLOW,HIGH,Low flow,11.96
EVT-00008162,2026-09-11T12:12:53-05:00,TANK_IN_01_LEVEL,HIGH_LEVEL,MEDIUM,High level,97.37
EVT-00008163,2026-09-15T08:46:20-05:00,FILTER_01_PRESSURE,HIGH_PRESSURE,HIGH,High pressure,8.32
EVT-00008164,2026-09-29T21:13:04-05:00,FILTER_01_DIFF_PRESSURE,HIGH_DIFF_PRESSURE,MEDIUM,High diff pressure,2.86
EVT-00008165,2026-09-01T15:59:42-05:00,FILTER_01_DIFF_PRESSURE,HIGH_DIFF_PRESSURE,MEDIUM,High diff pressure,2.08
EVT-00008166,2026-09-12T19:30:31-05:00,COMPRESSOR_01_PRESSURE,LOW_PRESSURE,HIGH,Low pressure,3.72
EVT-00008167,2026-09-01T07:19:07-05:00,TANK_IN_01_LEVEL,LOW_LEVEL,HIGH,Low level,6.95
EVT-00008168,2026-09-15T07:59:27-05:00,PUMP_01_FLOW,LOW_FLOW,HIGH,Low flow,16.98
EVT-00008169,2026-09-22T16:02:18-05:00,FILTER_01_DIFF_PRESSURE,HIGH_DIFF_PRESSURE,MEDIUM,High diff pressure,2.08
EVT-00008170,2026-09-27T08:31:54-05:00,TANK_OUT_01_LEVEL,LOW_LEVEL,HIGH,Low level,13.08
EVT-00008171,2026-09-28T12:25:00-05:00,COMPRESSOR_01_PRESSURE,LOW_PRESSURE,HIGH,Low pressure,3.02
EVT-00008172,2026-09-01T15:43:41-05:00,FILTER_01_DIFF_PRESSURE,HIGH_DIFF_PRESSURE,MEDIUM,High diff pressure,2.96
EVT-00008173,2026-09-01T21:19:09-05:00,FILTER_01_DIFF_PRESSURE,HIGH_DIFF_PRESSURE,MEDIUM,High diff pressure,2.38
EVT-00008174,2026-09-02T07:01:15-05:00,TANK_OUT_01_LEVEL,LOW_LEVEL,HIGH,Low level,8.39
EVT-00008175,2026-09-01T19:04:41-05:00,FILLER_01_CYCLE_FAULT,CYCLE_FAULT,HIGH,Cycle fault,1.00
EVT-00008176,2026-09-20T18:48:57-05:00,PUMP_01_MOTOR_FAULT,MOTOR_FAULT,CRITICAL,Motor fault,1.00
EVT-00008177,2026-09-15T16:12:57-05:00,TANK_OUT_01_LEVEL,LOW_LEVEL,HIGH,Low level,11.06
EVT-00008178,2026-09-22T06:54:23-05:00,FILTER_01_DIFF_PRESSURE,HIGH_DIFF_PRESSURE,MEDIUM,High diff pressure,2.19
EVT-00008179,2026-09-25T08:34:19-05:00,FILLER_01_PRESSURE,LOW_PRESSURE,HIGH,Low pressure,1.60
EVT-00008180,2026-09-04T07:51:03-05:00,PUMP_01_FLOW,LOW_FLOW,HIGH,Low flow,15.97
EVT-00008181,2026-09-11T17:32:04-05:00,CONVEYOR_01_MOTOR_TEMP,HIGH_TEMPERATURE,LOW,High temperature,71.27
EVT-00008182,2026-09-17T13:07:32-05:00,TANK_IN_01_LEVEL,LOW_LEVEL,HIGH,Low level,13.81
EVT-00008183,2026-09-09T09:06:41-05:00,TANK_IN_01_LEVEL,LOW_LEVEL,HIGH,Low level,12.70
EVT-00008184,2026-09-01T13:18:32-05:00,FILLER_01_CYCLE_FAULT,CYCLE_FAULT,HIGH,Cycle fault,1.00
EVT-00008185,2026-09-06T08:57:00-05:00,PUMP_01_FLOW,LOW_FLOW,HIGH,Low flow,5.65
EVT-00008186,2026-09-14T17:00:31-05:00,CONVEYOR_01_MOTOR_TEMP,HIGH_TEMPERATURE,LOW,High temperature,75.31
EVT-00008187,2026-09-21T16:12:32-05:00,CONVEYOR_01_JAM,JAM,MEDIUM,Jam,1.00
EVT-00008188,2026-09-01T06:14:53-05:00,FILTER_01_DIFF_PRESSURE,HIGH_DIFF_PRESSURE,MEDIUM,High diff pressure,2.87
EVT-00008189,2026-09-01T08:28:39-05:00,FILLER_01_PRESSURE,LOW_PRESSURE,HIGH,Low pressure,0.76
EVT-00008190,2026-09-29T13:00:24-05:00,FILLER_01_CYCLE_FAULT,CYCLE_FAULT,HIGH,Cycle fault,1.00
EVT-00008191,2026-09-23T20:39:11-05:00,PUMP_01_FLOW,LOW_FLOW,HIGH,Low flow,12.75
EVT-00008192,2026-09-08T14:32:53-05:00,FILTER_01_DIFF_PRESSURE,HIGH_DIFF_PRESSURE,MEDIUM,High diff pressure,2.33
EVT-00008193,2026-09-23T20:43:36-05:00,COMPRESSOR_01_TEMP,HIGH_TEMPERATURE,HIGH,High temperature,109.37
EVT-00008194,2026-09-26T18:34:04-05:00,TANK_OUT_01_LEVEL,LOW_LEVEL,HIGH,Low level,2.88
EVT-00008195,2026-09-25T11:02:39-05:00,CONVEYOR_01_JAM,JAM,MEDIUM,Jam,1.00
EVT-00008196,2026-09-29T12:41:23-05:00,FILTER_01_DIFF_PRESSURE,HIGH_DIFF_PRESSURE,MEDIUM,High diff pressure,2.64
EVT-00008197,2026-09-30T15:01:48-05:00,FILLER_01_PRESSURE,LOW_PRESSURE,HIGH,Low pressure,0.75
EVT-00008198,2026-09-13T15:52:49-05:00,TANK_IN_01_LEVEL,LOW_LEVEL,HIGH,Low level,11.09
EVT-00008199,2026-09-12T17:45:32-05:00,CONVEYOR_01_JAM,JAM,MEDIUM,Jam,1.00
EVT-00008200,2026-09-12T09:59:03-05:00,PUMP_01_MOTOR_FAULT,MOTOR_FAULT,CRITICAL,Motor fault,1.00
EVT-00008201,2026-09-01T11:06:35-05:00,FILTER_01_DIFF_PRESSURE,HIGH_DIFF_PRESSURE,MEDIUM,High diff pressure,0.5
EVT-00008202,2026-09-29T15:59:37-05:00,FILLER_01_PRESSURE,LOW_PRESSURE,HIGH,Low pressure,1.47
EVT-00008203,2026-09-14T12:26:35-05:00,FILLER_01_PRESSURE,LOW_PRESSURE,HIGH,Low pressure,1.41
EVT-00008204,2026-09-24T21:53:05-05:00,PUMP_01_FLOW,LOW_FLOW,HIGH,Low flow,6.48
EVT-00008205,2026-09-26T11:24:02-05:00,TANK_OUT_01_LEVEL,LOW_LEVEL,HIGH,Low level,12.50
EVT-00008206,2026-09-08T18:02:22-05:00,FILLER_01_CYCLE_FAULT,CYCLE_FAULT,HIGH,Cycle fault,1.00
EVT-00008207,2026-09-14T17:28:06-05:00,FILLER_01_PRESSURE,LOW_PRESSURE,HIGH,Low pressure,0.50
EVT-00008208,2026-09-27T15:00:09-05:00,CONVEYOR_01_MOTOR_TEMP,HIGH_TEMPERATURE,LOW,High temperature,75.42
EVT-00008209,2026-09-22T21:06:26-05:00,FILTER_01_DIFF_PRESSURE,HIGH_DIFF_PRESSURE,MEDIUM,High diff pressure,2.36
EVT-00008210,2026-09-08T08:48:29-05:00,TANK_OUT_01_LEVEL,LOW_LEVEL,HIGH,Low level,1.60
EVT-00008211,2026-09-26T14:23:13-05:00,CONVEYOR_01_MOTOR_TEMP,HIGH_TEMPERATURE,LOW,High temperature,80.68
EVT-00008212,2026-09-22T06:04:59-05:00,FILTER_01_DIFF_PRESSURE,HIGH_DIFF_PRESSURE,MEDIUM,High diff pressure,2.90
EVT-00008213,2026-09-10T10:26:11-05:00,COMPRESSOR_01_PRESSURE,LOW_PRESSURE,HIGH,Low pressure,1.81
EVT-00008214,2026-09-21T13:26:12-05:00,FILLER_01_CYCLE_FAULT,CYCLE_FAULT,HIGH,Cycle fault,1.00
EVT-00008215,2026-09-21T10:35:03-05:00,FILLER_01_PRESSURE,LOW_PRESSURE,HIGH,Low pressure,0.86
EVT-00008216,2026-09-24T13:50:21-05:00,PUMP_01_MOTOR_FAULT,MOTOR_FAULT,CRITICAL,Motor fault,1.00
EVT-00008217,2026-09-02T12:28:52-05:00,CONVEYOR_01_MOTOR_TEMP,HIGH_TEMPERATURE,LOW,High temperature,71.48
EVT-00008218,2026-09-26T11:33:47-05:00,FILLER_01_CYCLE_FAULT,CYCLE_FAULT,HIGH,Cycle fault,1.00
EVT-00008219,2026-09-12T19:07:13-05:00,CONVEYOR_01_JAM,JAM,MEDIUM,Jam,1.00
EVT-00008220,2026-09-18T10:53:58-05:00,TANK_OUT_01_LEVEL,HIGH_LEVEL,MEDIUM,High level,95.10
EVT-00008221,2026-09-24T20:58:38-05:00,FILTER_01_PRESSURE,HIGH_PRESSURE,HIGH,High pressure,6.14
EVT-00008222,2026-09-07T11:06:13-05:00,TANK_IN_01_LEVEL,LOW_LEVEL,HIGH,Low level,4.52
EVT-00008223,2026-09-25T16:59:11-05:00,COMPRESSOR_01_PRESSURE,LOW_PRESSURE,HIGH,Low pressure,4.88
EVT-00008224,2026-09-02T18:41:14-05:00,PUMP_01_FLOW,LOW_FLOW,HIGH,Low flow,10.57
EVT-00008225,2026-09-22T08:34:58-05:00,FILTER_01_DIFF_PRESSURE,HIGH_DIFF_PRESSURE,MEDIUM,High diff pressure,2.40
EVT-00008226,2026-09-26T12:17:13-05:00,PUMP_01_MOTOR_FAULT,MOTOR_FAULT,CRITICAL,Motor fault,1.00
EVT-00008227,2026-09-30T06:31:12-05:00,PUMP_01_FLOW,LOW_FLOW,HIGH,Low flow,2.29
EVT-00008228,2026-09-15T16:10:40-05:00,FILTER_01_DIFF_PRESSURE,HIGH_DIFF_PRESSURE,MEDIUM,High diff pressure,2.49
EVT-00008229,2026-09-02T18:19:00-05:00,TANK_IN_01_LEVEL,HIGH_LEVEL,MEDIUM,High level,92.35
EVT-00008230,2026-09-21T06:05:18-05:00,FILLER_01_PRESSURE,LOW_PRESSURE,HIGH,Low pressure,0.86
EVT-00008231,2026-09-01T17:58:38-05:00,COMPRESSOR_01_TEMP,HIGH_TEMPERATURE,HIGH,High temperature,103.57
EVT-00008232,2026-09-04T11:40:24-05:00,COMPRESSOR_01_PRESSURE,LOW_PRESSURE,HIGH,Low pressure,2.07
EVT-00008233,2026-09-01T08:32:07-05:00,FILTER_01_DIFF_PRESSURE,HIGH_DIFF_PRESSURE,MEDIUM,High diff pressure,2.78
EVT-00008234,2026-09-25T18:26:52-05:00,TANK_OUT_01_LEVEL,HIGH_LEVEL,MEDIUM,High level,98.03
EVT-00008235,2026-09-08T21:00:25-05:00,FILLER_01_PRESSURE,LOW_PRESSURE,HIGH,Low pressure,0.67
EVT-00008236,2026-09-20T21:37:40-05:00,FILLER_01_CYCLE_FAULT,CYCLE_FAULT,HIGH,Cycle fault,1.00
EVT-00008237,2026-09-26T19:08:07-05:00,PUMP_01_FLOW,LOW_FLOW,HIGH,Low flow,15.84
EVT-00008238,2026-09-04T08:35:21-05:00,COMPRESSOR_01_PRESSURE,LOW_PRESSURE,HIGH,Low pressure,2.22
EVT-00008239,2026-09-19T06:31:53-05:00,FILLER_01_PRESSURE,LOW_PRESSURE,HIGH,Low pressure,0.80
EVT-00008240,2026-09-06T13:18:06-05:00,COMPRESSOR_01_TEMP,HIGH_TEMPERATURE,HIGH,High temperature,110.66
EVT-00008241,2026-09-15T20:52:30-05:00,PUMP_01_FLOW,LOW_FLOW,HIGH,Low flow,6.41
EVT-00008242,2026-09-14T21:18:02-05:00,PUMP_01_FLOW,LOW_FLOW,HIGH,Low flow,14.83
EVT-00008243,2026-09-08T20:40:30-05:00,FILTER_01_DIFF_PRESSURE,HIGH_DIFF_PRESSURE,MEDIUM,High diff pressure,2.48
EVT-00008244,2026-09-02T15:31:52-05:00,TANK_IN_01_LEVEL,HIGH_LEVEL,MEDIUM,High level,94.72
EVT-00008245,2026-09-17T09:30:11-05:00,TANK_OUT_01_LEVEL,LOW_LEVEL,HIGH,Low level,12.34
EVT-00008246,2026-09-12T12:20:43-05:00,FILLER_01_PRESSURE,LOW_PRESSURE,HIGH,Low pressure,0.84
EVT-00008247,2026-09-01T10:43:29-05:00,FILTER_01_DIFF_PRESSURE,HIGH_DIFF_PRESSURE,MEDIUM,High diff pressure,2.70
EVT-00008248,2026-09-26T16:59:19-05:00,COMPRESSOR_01_TEMP,HIGH_TEMPERATURE,HIGH,High temperature,99.31
EVT-00008249,2026-09-11T07:42:25-05:00,TANK_OUT_01_LEVEL,HIGH_LEVEL,MEDIUM,High level,91.80
EVT-00008250,2026-09-29T11:32:31-05:00,FILTER_01_PRESSURE,HIGH_PRESSURE,HIGH,High pressure,7.86
EVT-00008251,2026-09-11T19:45:32-05:00,CONVEYOR_01_JAM,JAM,HIGH,Jam,1.00
EVT-00008252,2026-09-23T06:34:08-05:00,FILLER_01_PRESSURE,LOW_PRESSURE,HIGH,Low pressure,1.16
EVT-00008253,2026-09-06T15:53:59-05:00,PUMP_01_FLOW,LOW_FLOW,HIGH,Low flow,18.30
EVT-00008254,2026-09-15T09:38:13-05:00,TANK_IN_01_LEVEL,HIGH_LEVEL,MEDIUM,High level,93.53
EVT-00008255,2026-09-22T07:44:16-05:00,FILTER_01_DIFF_PRESSURE,HIGH_DIFF_PRESSURE,MEDIUM,High diff pressure,1.95
EVT-00008256,2026-09-22T11:46:45-05:00,CONVEYOR_01_JAM,JAM,MEDIUM,Jam,1.00
EVT-00008257,2026-09-22T19:05:29-05:00,FILTER_01_DIFF_PRESSURE,HIGH_DIFF_PRESSURE,MEDIUM,High diff pressure,2.02
EVT-00008258,2026-09-09T07:50:52-05:00,FILLER_01_CYCLE_FAULT,CYCLE_FAULT,HIGH,Cycle fault,1.00
EVT-00008259,2026-09-01T15:21:05-05:00,FILLER_01_CYCLE_FAULT,CYCLE_FAULT,HIGH,Cycle fault,1.00
EVT-00008260,2026-09-17T20:15:49-05:00,TANK_OUT_01_LEVEL,LOW_LEVEL,HIGH,Low level,10.05
EVT-00008261,2026-09-01T16:43:30-05:00,FILTER_01_DIFF_PRESSURE,HIGH_DIFF_PRESSURE,MEDIUM,High diff pressure,1.75
EVT-00008262,2026-09-08T07:31:34-05:00,FILTER_01_DIFF_PRESSURE,HIGH_DIFF_PRESSURE,MEDIUM,High diff pressure,2.70
EVT-00008263,2026-09-26T21:21:57-05:00,PUMP_01_FLOW,LOW_FLOW,HIGH,Low flow,5.81
EVT-00008264,2026-09-20T12:07:01-05:00,COMPRESSOR_01_PRESSURE,LOW_PRESSURE,HIGH,Low pressure,1.37
EVT-00008265,2026-09-22T07:04:47-05:00,FILTER_01_DIFF_PRESSURE,HIGH_DIFF_PRESSURE,MEDIUM,High diff pressure,2.39
EVT-00008266,2026-09-15T19:07:38-05:00,FILTER_01_DIFF_PRESSURE,HIGH_DIFF_PRESSURE,MEDIUM,High diff pressure,2.98
EVT-00008267,2026-09-27T08:16:34-05:00,PUMP_01_FLOW,LOW_FLOW,HIGH,Low flow,14.86
EVT-00008268,2026-09-14T14:01:22-05:00,FILLER_01_PRESSURE,LOW_PRESSURE,HIGH,Low pressure,0.68
EVT-00008269,2026-09-04T09:09:13-05:00,FILLER_01_PRESSURE,LOW_PRESSURE,HIGH,Low pressure,0.65
EVT-00008270,2026-09-08T21:04:09-05:00,FILTER_01_DIFF_PRESSURE,HIGH_DIFF_PRESSURE,MEDIUM,High diff pressure,2.95
EVT-00008271,2026-09-17T06:42:01-05:00,COMPRESSOR_01_PRESSURE,LOW_PRESSURE,HIGH,Low pressure,2.57
EVT-00008272,2026-09-28T07:38:47-05:00,TANK_OUT_01_LEVEL,LOW_LEVEL,HIGH,Low level,6.97
EVT-00008273,2026-09-02T08:38:39-05:00,FILLER_01_PRESSURE,LOW_PRESSURE,HIGH,Low pressure,1.04
EVT-00008274,2026-09-08T13:17:42-05:00,FILLER_01_PRESSURE,LOW_PRESSURE,HIGH,Low pressure,0.86
EVT-00008275,2026-09-08T16:03:59-05:00,FILTER_01_DIFF_PRESSURE,HIGH_DIFF_PRESSURE,MEDIUM,High diff pressure,2.04
EVT-00008276,2026-09-08T07:56:56-05:00,FILLER_01_CYCLE_FAULT,CYCLE_FAULT,HIGH,Cycle fault,1.00
EVT-00008277,2026-09-16T12:35:11-05:00,PUMP_01_MOTOR_FAULT,MOTOR_FAULT,CRITICAL,Motor fault,1.00
EVT-00008278,2026-09-22T09:21:51-05:00,FILTER_01_DIFF_PRESSURE,HIGH_DIFF_PRESSURE,MEDIUM,High diff pressure,1.76
EVT-00008279,2026-09-11T11:19:49-05:00,TANK_IN_01_LEVEL,HIGH_LEVEL,MEDIUM,High level,97.04
EVT-00008280,2026-09-10T17:26:43-05:00,TANK_IN_01_LEVEL,LOW_LEVEL,HIGH,Low level,6.29
EVT-00008281,2026-09-03T15:29:26-05:00,PUMP_01_FLOW,LOW_FLOW,HIGH,Low flow,18.42
EVT-00008282,2026-09-21T11:26:45-05:00,FILLER_01_PRESSURE,LOW_PRESSURE,HIGH,Low pressure,0.73
EVT-00008283,2026-09-29T12:46:52-05:00,FILTER_01_DIFF_PRESSURE,HIGH_DIFF_PRESSURE,MEDIUM,High diff pressure,2.17
EVT-00008284,2026-09-03T06:41:39-05:00,COMPRESSOR_01_PRESSURE,LOW_PRESSURE,HIGH,Low pressure,4.51
EVT-00008285,2026-09-06T18:05:46-05:00,FILLER_01_PRESSURE,LOW_PRESSURE,HIGH,Low pressure,1.59
EVT-00008286,2026-09-04T18:20:46-05:00,FILTER_01_PRESSURE,HIGH_PRESSURE,HIGH,High pressure,6.64
EVT-00008287,2026-09-22T08:40:38-05:00,FILTER_01_DIFF_PRESSURE,HIGH_DIFF_PRESSURE,MEDIUM,High diff pressure,1.89
EVT-00008288,2026-09-30T14:30:51-05:00,COMPRESSOR_01_PRESSURE,LOW_PRESSURE,HIGH,Low pressure,4.09
EVT-00008289,2026-09-29T20:14:26-05:00,PUMP_01_FLOW,LOW_FLOW,HIGH,Low flow,7.95
EVT-00008290,2026-09-30T14:13:36-05:00,CONVEYOR_01_JAM,JAM,MEDIUM,Jam,1.00
EVT-00008291,2026-09-17T08:01:50-05:00,CONVEYOR_01_MOTOR_TEMP,HIGH_TEMPERATURE,LOW,High temperature,88.24
EVT-00008292,2026-09-29T07:31:04-05:00,FILTER_01_DIFF_PRESSURE,HIGH_DIFF_PRESSURE,MEDIUM,High diff pressure,1.73
EVT-00008293,2026-09-16T10:09:40-05:00,FILLER_01_CYCLE_FAULT,CYCLE_FAULT,HIGH,Cycle fault,1.00
EVT-00008294,2026-09-19T16:00:41-05:00,PUMP_01_FLOW,LOW_FLOW,HIGH,Low flow,6.04
EVT-00008295,2026-09-01T20:19:26-05:00,FILTER_01_DIFF_PRESSURE,HIGH_DIFF_PRESSURE,MEDIUM,High diff pressure,2.42
EVT-00008296,2026-09-22T13:55:17-05:00,FILTER_01_DIFF_PRESSURE,HIGH_DIFF_PRESSURE,MEDIUM,High diff pressure,2.83
EVT-00008297,2026-09-01T12:32:06-05:00,TANK_IN_01_LEVEL,HIGH_LEVEL,MEDIUM,High level,92.40
EVT-00008298,2026-09-22T14:12:51-05:00,TANK_OUT_01_LEVEL,LOW_LEVEL,HIGH,Low level,10.98
EVT-00008299,2026-09-21T11:18:57-05:00,TANK_IN_01_LEVEL,LOW_LEVEL,HIGH,Low level,8.09
EVT-00008300,2026-09-24T17:15:50-05:00,CONVEYOR_01_MOTOR_TEMP,HIGH_TEMPERATURE,LOW,High temperature,88.21
EVT-00008301,2026-09-12T21:43:03-05:00,FILLER_01_CYCLE_FAULT,CYCLE_FAULT,HIGH,Cycle fault,0
EVT-00008302,2026-09-09T11:47:07-05:00,TANK_IN_01_LEVEL,LOW_LEVEL,HIGH,Low level,2.04
EVT-00008303,2026-09-06T06:06:25-05:00,TANK_IN_01_LEVEL,LOW_LEVEL,HIGH,Low level,3.68
EVT-00008304,2026-09-13T19:30:54-05:00,FILLER_01_CYCLE_FAULT,CYCLE_FAULT,HIGH,Cycle fault,1.00
EVT-00008305,2026-09-18T17:09:28-05:00,TANK_OUT_01_LEVEL,LOW_LEVEL,HIGH,Low level,1.70
EVT-00008306,2026-09-24T11:38:15-05:00,COMPRESSOR_01_PRESSURE,LOW_PRESSURE,HIGH,Low pressure,4.26
EVT-00008307,2026-09-01T09:05:47-05:00,FILTER_01_DIFF_PRESSURE,HIGH_DIFF_PRESSURE,MEDIUM,High diff pressure,2.40
EVT-00008308,2026-09-15T19:51:28-05:00,TANK_OUT_01_LEVEL,LOW_LEVEL,HIGH,Low level,9.12
EVT-00008309,2026-09-21T20:10:59-05:00,TANK_IN_01_LEVEL,LOW_LEVEL,HIGH,Low level,1.97
EVT-00008310,2026-09-20T20:12:55-05:00,PUMP_01_MOTOR_FAULT,MOTOR_FAULT,CRITICAL,Motor fault,1.00
EVT-00008311,2026-09-22T18:22:06-05:00,FILTER_01_DIFF_PRESSURE,HIGH_DIFF_PRESSURE,MEDIUM,High diff pressure,2.49
EVT-00008312,2026-09-01T15:45:58-05:00,FILTER_01_DIFF_PRESSURE,HIGH_DIFF_PRESSURE,MEDIUM,High diff pressure,1.97
EVT-00008313,2026-09-14T15:51:41-05:00,PUMP_01_FLOW,LOW_FLOW,HIGH,Low flow,11.34
EVT-00008314,2026-09-03T10:26:03-05:00,TANK_IN_01_LEVEL,HIGH_LEVEL,MEDIUM,High level,96.62
EVT-00008315,2026-09-15T09:08:26-05:00,FILLER_01_PRESSURE,LOW_PRESSURE,HIGH,Low pressure,0.28
EVT-00008316,2026-09-25T11:42:30-05:00,TANK_IN_01_LEVEL,LOW_LEVEL,HIGH,Low level,3.05
EVT-00008317,2026-09-09T12:49:55-05:00,PUMP_01_MOTOR_FAULT,MOTOR_FAULT,CRITICAL,Motor fault,1.00
EVT-00008318,2026-09-10T08:54:24-05:00,TANK_IN_01_LEVEL,HIGH_LEVEL,MEDIUM,High level,92.52
EVT-00008319,2026-09-08T15:44:49-05:00,TANK_IN_01_LEVEL,LOW_LEVEL,HIGH,Low level,12.20
EVT-00008320,2026-09-26T10:17:49-05:00,PUMP_01_FLOW,LOW_FLOW,HIGH,Low flow,4.55
EVT-00008321,2026-09-18T19:28:31-05:00,TANK_IN_01_LEVEL,LOW_LEVEL,HIGH,Low level,5.03
EVT-00008322,2026-09-03T19:41:40-05:00,FILLER_01_PRESSURE,LOW_PRESSURE,HIGH,Low pressure,1.82
EVT-00008323,2026-09-01T19:10:26-05:00,FILTER_01_DIFF_PRESSURE,HIGH_DIFF_PRESSURE,MEDIUM,High diff pressure,2.65
EVT-00008324,2026-09-27T06:09:52-05:00,PUMP_01_FLOW,LOW_FLOW,HIGH,Low flow,5.86
EVT-00008325,2026-09-22T18:09:09-05:00,TANK_OUT_01_LEVEL,LOW_LEVEL,HIGH,Low level,2.76
EVT-00008326,2026-09-23T14:43:04-05:00,FILLER_01_PRESSURE,LOW_PRESSURE,HIGH,Low pressure,0.72
EVT-00008327,2026-09-20T06:13:47-05:00,FILLER_01_CYCLE_FAULT,CYCLE_FAULT,HIGH,Cycle fault,1.00
EVT-00008328,2026-09-19T18:51:36-05:00,FILLER_01_CYCLE_FAULT,CYCLE_FAULT,HIGH,Cycle fault,1.00
EVT-00008329,2026-09-14T14:46:37-05:00,FILLER_01_PRESSURE,LOW_PRESSURE,HIGH,Low pressure,0.57
EVT-00008330,2026-09-01T12:26:12-05:00,TANK_IN_01_LEVEL,LOW_LEVEL,HIGH,Low level,3.65
EVT-00008331,2026-09-23T19:03:27-05:00,TANK_IN_01_LEVEL,LOW_LEVEL,HIGH,Low level,3.04
EVT-00008332,2026-09-16T06:09:39-05:00,FILLER_01_CYCLE_FAULT,CYCLE_FAULT,HIGH,Cycle fault,1.00
EVT-00008333,2026-09-08T10:53:48-05:00,TANK_IN_01_LEVEL,HIGH_LEVEL,MEDIUM,High level,96.74
EVT-00008334,2026-09-01T20:27:45-05:00,FILTER_01_DIFF_PRESSURE,HIGH_DIFF_PRESSURE,MEDIUM,High diff pressure,2.96
EVT-00008335,2026-09-11T07:53:48-05:00,CONVEYOR_01_JAM,JAM,MEDIUM,Jam,1.00
EVT-00008336,2026-09-01T15:37:54-05:00,PUMP_01_FLOW,LOW_FLOW,HIGH,Low flow,8.60
EVT-00008337,2026-09-04T20:13:08-05:00,TANK_IN_01_LEVEL,LOW_LEVEL,HIGH,Low level,12.96
EVT-00008338,2026-09-20T10:49:15-05:00,FILLER_01_CYCLE_FAULT,CYCLE_FAULT,HIGH,Cycle fault,1.00
EVT-00008339,2026-09-15T13:39:05-05:00,FILTER_01_DIFF_PRESSURE,HIGH_DIFF_PRESSURE,MEDIUM,High diff pressure,2.80
EVT-00008340,2026-09-13T12:15:52-05:00,PUMP_01_FLOW,LOW_FLOW,HIGH,Low flow,7.93
EVT-00008341,2026-09-01T16:55:24-05:00,FILTER_01_DIFF_PRESSURE,HIGH_DIFF_PRESSURE,MEDIUM,High diff pressure,2.07
EVT-00008342,2026-09-22T07:25:28-05:00,FILTER_01_DIFF_PRESSURE,HIGH_DIFF_PRESSURE,MEDIUM,High diff pressure,2.20
EVT-00008343,2026-09-01T18:31:35-05:00,FILTER_01_DIFF_PRESSURE,HIGH_DIFF_PRESSURE,MEDIUM,High diff pressure,2.88
EVT-00008344,2026-09-25T08:34:24-05:00,TANK_OUT_01_LEVEL,LOW_LEVEL,HIGH,Low level,9.71
EVT-00008345,2026-09-12T13:17:46-05:00,PUMP_01_FLOW,LOW_FLOW,HIGH,Low flow,3.18
EVT-00008346,2026-09-13T19:55:29-05:00,PUMP_01_FLOW,LOW_FLOW,HIGH,Low flow,17.98
EVT-00008347,2026-09-22T15:54:05-05:00,FILTER_01_DIFF_PRESSURE,HIGH_DIFF_PRESSURE,MEDIUM,High diff pressure,2.16
EVT-00008348,2026-09-12T12:36:59-05:00,COMPRESSOR_01_PRESSURE,LOW_PRESSURE,HIGH,Low pressure,3.53
EVT-00008349,2026-09-04T09:33:38-05:00,PUMP_01_FLOW,LOW_FLOW,HIGH,Low flow,12.15
EVT-00008350,2026-09-17T14:41:54-05:00,CONVEYOR_01_JAM,JAM,MEDIUM,Jam,1.00
EVT-00008351,2026-09-02T09:01:10-05:00,CONVEYOR_01_JAM,JAM,HIGH,Jam,1.00
EVT-00008352,2026-09-21T19:03:34-05:00,PUMP_01_FLOW,LOW_FLOW,HIGH,Low flow,16.59
EVT-00008353,2026-09-22T12:55:54-05:00,COMPRESSOR_01_PRESSURE,LOW_PRESSURE,HIGH,Low pressure,1.35
EVT-00008354,2026-09-22T12:56:26-05:00,FILTER_01_DIFF_PRESSURE,HIGH_DIFF_PRESSURE,MEDIUM,High diff pressure,2.05
EVT-00008355,2026-09-07T19:14:38-05:00,TANK_OUT_01_LEVEL,LOW_LEVEL,HIGH,Low level,5.47
EVT-00008356,2026-09-22T08:00:38-05:00,TANK_IN_01_LEVEL,LOW_LEVEL,HIGH,Low level,2.46
EVT-00008357,2026-09-14T20:11:01-05:00,CONVEYOR_01_JAM,JAM,MEDIUM,Jam,1.00
EVT-00008358,2026-09-06T17:23:59-05:00,FILLER_01_PRESSURE,LOW_PRESSURE,HIGH,Low pressure,1.81
EVT-00008359,2026-09-06T11:22:47-05:00,TANK_IN_01_LEVEL,HIGH_LEVEL,MEDIUM,High level,96.23
EVT-00008360,2026-09-20T13:13:23-05:00,PUMP_01_FLOW,LOW_FLOW,HIGH,Low flow,11.89
EVT-00008361,2026-09-07T13:34:00-05:00,FILLER_01_CYCLE_FAULT,CYCLE_FAULT,HIGH,Cycle fault,1.00
EVT-00008362,2026-09-27T10:33:20-05:00,FILTER_01_PRESSURE,HIGH_PRESSURE,HIGH,High pressure,8.08
EVT-00008363,2026-09-29T16:17:32-05:00,FILTER_01_DIFF_PRESSURE,HIGH_DIFF_PRESSURE,MEDIUM,High diff pressure,2.59
EVT-00008364,2026-09-29T14:47:36-05:00,TANK_OUT_01_LEVEL,HIGH_LEVEL,MEDIUM,High level,91.22
EVT-00008365,2026-09-18T16:10:17-05:00,PUMP_01_FLOW,LOW_FLOW,HIGH,Low flow,16.96
EVT-00008366,2026-09-01T06:30:55-05:00,COMPRESSOR_01_PRESSURE,LOW_PRESSURE,HIGH,Low pressure,2.42
EVT-00008367,2026-09-16T18:25:55-05:00,TANK_OUT_01_LEVEL,LOW_LEVEL,HIGH,Low level,13.35
EVT-00008368,2026-09-08T13:18:36-05:00,COMPRESSOR_01_PRESSURE,LOW_PRESSURE,HIGH,Low pressure,4.73
EVT-00008369,2026-09-27T07:26:01-05:00,PUMP_01_FLOW,LOW_FLOW,HIGH,Low flow,16.67
EVT-00008370,2026-09-08T19:35:43-05:00,FILTER_01_DIFF_PRESSURE,HIGH_DIFF_PRESSURE,MEDIUM,High diff pressure,1.97
EVT-00008371,2026-09-23T16:48:39-05:00,FILLER_01_CYCLE_FAULT,CYCLE_FAULT,HIGH,Cycle fault,1.00
EVT-00008372,2026-09-06T14:47:04-05:00,FILLER_01_PRESSURE,LOW_PRESSURE,HIGH,Low pressure,0.24
EVT-00008373,2026-09-29T10:03:38-05:00,FILTER_01_DIFF_PRESSURE,HIGH_DIFF_PRESSURE,MEDIUM,High diff pressure,2.31
EVT-00008374,2026-09-30T10:48:36-05:00,TANK_IN_01_LEVEL,LOW_LEVEL,HIGH,Low level,2.02
EVT-00008375,2026-09-08T16:32:25-05:00,FILTER_01_DIFF_PRESSURE,HIGH_DIFF_PRESSURE,MEDIUM,High diff pressure,1.84
EVT-00008376,2026-09-15T09:06:03-05:00,TANK_IN_01_LEVEL,LOW_LEVEL,HIGH,Low level,3.62
EVT-00008377,2026-09-09T14:44:05-05:00,TANK_OUT_01_LEVEL,LOW_LEVEL,HIGH,Low level,3.54
EVT-00008378,2026-09-01T07:35:34-05:00,TANK_OUT_01_LEVEL,LOW_LEVEL,HIGH,Low level,11.98
EVT-00008379,2026-09-23T16:37:12-05:00,TANK_IN_01_LEVEL,HIGH_LEVEL,MEDIUM,High level,98.91
EVT-00008380,2026-09-13T17:52:09-05:00,COMPRESSOR_01_TEMP,HIGH_TEMPERATURE,HIGH,High temperature,98.18
EVT-00008381,2026-09-16T12:05:32-05:00,CONVEYOR_01_JAM,JAM,MEDIUM,Jam,1.00
EVT-00008382,2026-09-24T20:22:57-05:00,TANK_OUT_01_LEVEL,LOW_LEVEL,HIGH,Low level,11.66
EVT-00008383,2026-09-27T16:29:44-05:00,FILLER_01_PRESSURE,LOW_PRESSURE,HIGH,Low pressure,1.32
EVT-00008384,2026-09-19T17:10:58-05:00,COMPRESSOR_01_PRESSURE,LOW_PRESSURE,HIGH,Low pressure,3.29
EVT-00008385,2026-09-02T11:44:51-05:00,FILLER_01_PRESSURE,LOW_PRESSURE,HIGH,Low pressure,0.51
EVT-00008386,2026-09-05T07:56:16-05:00,COMPRESSOR_01_PRESSURE,LOW_PRESSURE,HIGH,Low pressure,3.51
EVT-00008387,2026-09-09T15:56:41-05:00,PUMP_01_FLOW,LOW_FLOW,HIGH,Low flow,18.48
EVT-00008388,2026-09-15T13:36:01-05:00,FILTER_01_DIFF_PRESSURE,HIGH_DIFF_PRESSURE,MEDIUM,High diff pressure,2.51
EVT-00008389,2026-09-04T16:03:54-05:00,TANK_OUT_01_LEVEL,LOW_LEVEL,HIGH,Low level,13.69
EVT-00008390,2026-09-04T06:10:16-05:00,TANK_OUT_01_LEVEL,LOW_LEVEL,HIGH,Low level,9.86
EVT-00008391,2026-09-07T17:30:08-05:00,TANK_IN_01_LEVEL,LOW_LEVEL,HIGH,Low level,7.41
EVT-00008392,2026-09-08T07:43:27-05:00,FILTER_01_DIFF_PRESSURE,HIGH_DIFF_PRESSURE,MEDIUM,High diff pressure,2.64
EVT-00008393,2026-09-04T09:03:40-05:00,PUMP_01_FLOW,LOW_FLOW,HIGH,Low flow,13.21
EVT-00008394,2026-09-12T21:09:38-05:00,FILTER_01_PRESSURE,HIGH_PRESSURE,HIGH,High pressure,7.90
EVT-00008395,2026-09-08T19:33:34-05:00,FILTER_01_DIFF_PRESSURE,HIGH_DIFF_PRESSURE,MEDIUM,High diff pressure,2.66
EVT-00008396,2026-09-20T11:33:14-05:00,TANK_IN_01_LEVEL,HIGH_LEVEL,MEDIUM,High level,97.23
EVT-00008397,2026-09-22T16:12:16-05:00,FILTER_01_DIFF_PRESSURE,HIGH_DIFF_PRESSURE,MEDIUM,High diff pressure,2.89
EVT-00008398,2026-09-19T21:16:36-05:00,TANK_IN_01_LEVEL,LOW_LEVEL,HIGH,Low level,5.32
EVT-00008399,2026-09-23T18:56:05-05:00,TANK_OUT_01_LEVEL,LOW_LEVEL,HIGH,Low level,13.08
EVT-00008400,2026-09-29T16:39:14-05:00,FILLER_01_PRESSURE,LOW_PRESSURE,HIGH,Low pressure,0.23
EVT-00008401,2026-09-08T18:42:04-05:00,FILTER_01_DIFF_PRESSURE,HIGH_DIFF_PRESSURE,MEDIUM,High diff pressure,0.5
EVT-00008402,2026-09-07T17:42:19-05:00,TANK_IN_01_LEVEL,HIGH_LEVEL,MEDIUM,High level,91.13
EVT-00008403,2026-09-14T14:59:18-05:00,TANK_OUT_01_LEVEL,LOW_LEVEL,HIGH,Low level,8.12
EVT-00008404,2026-09-22T18:39:47-05:00,PUMP_01_FLOW,LOW_FLOW,HIGH,Low flow,4.51
EVT-00008405,2026-09-08T20:36:31-05:00,TANK_IN_01_LEVEL,HIGH_LEVEL,MEDIUM,High level,98.07
EVT-00008406,2026-09-30T08:11:39-05:00,PUMP_01_FLOW,LOW_FLOW,HIGH,Low flow,17.43
EVT-00008407,2026-09-03T14:33:35-05:00,CONVEYOR_01_JAM,JAM,MEDIUM,Jam,1.00
EVT-00008408,2026-09-02T19:43:54-05:00,PUMP_01_MOTOR_FAULT,MOTOR_FAULT,CRITICAL,Motor fault,1.00
EVT-00008409,2026-09-29T21:11:49-05:00,FILTER_01_DIFF_PRESSURE,HIGH_DIFF_PRESSURE,MEDIUM,High diff pressure,1.74
EVT-00008410,2026-09-22T08:58:24-05:00,PUMP_01_MOTOR_FAULT,MOTOR_FAULT,CRITICAL,Motor fault,1.00
EVT-00008411,2026-09-12T15:23:29-05:00,FILLER_01_CYCLE_FAULT,CYCLE_FAULT,HIGH,Cycle fault,1.00
EVT-00008412,2026-09-11T18:38:57-05:00,TANK_OUT_01_LEVEL,LOW_LEVEL,HIGH,Low level,9.62
EVT-00008413,2026-09-27T21:47:37-05:00,COMPRESSOR_01_PRESSURE,LOW_PRESSURE,HIGH,Low pressure,2.20
EVT-00008414,2026-09-30T16:40:03-05:00,FILLER_01_PRESSURE,LOW_PRESSURE,HIGH,Low pressure,1.50
EVT-00008415,2026-09-04T08:47:16-05:00,FILLER_01_CYCLE_FAULT,CYCLE_FAULT,HIGH,Cycle fault,1.00
EVT-00008416,2026-09-24T09:57:55-05:00,CONVEYOR_01_MOTOR_TEMP,HIGH_TEMPERATURE,LOW,High temperature,83.36
EVT-00008417,2026-09-05T11:51:52-05:00,FILLER_01_PRESSURE,LOW_PRESSURE,HIGH,Low pressure,0.97
EVT-00008418,2026-09-26T10:57:27-05:00,TANK_IN_01_LEVEL,HIGH_LEVEL,MEDIUM,High level,91.71
EVT-00008419,2026-09-23T19:28:01-05:00,CONVEYOR_01_JAM,JAM,MEDIUM,Jam,1.00
EVT-00008420,2026-09-01T17:27:25-05:00,FILTER_01_DIFF_PRESSURE,HIGH_DIFF_PRESSURE,MEDIUM,High diff pressure,2.25
EVT-00008421,2026-09-28T13:39:48-05:00,CONVEYOR_01_JAM,JAM,MEDIUM,Jam,1.00
EVT-00008422,2026-09-04T20:54:27-05:00,COMPRESSOR_01_PRESSURE,LOW_PRESSURE,HIGH,Low pressure,4.60
EVT-00008423,2026-09-23T09:25:12-05:00,COMPRESSOR_01_TEMP,HIGH_TEMPERATURE,HIGH,High temperature,112.62
EVT-00008424,2026-09-04T18:40:27-05:00,CONVEYOR_01_JAM,JAM,MEDIUM,Jam,1.00
EVT-00008425,2026-09-20T10:45:12-05:00,PUMP_01_FLOW,LOW_FLOW,HIGH,Low flow,8.33
EVT-00008426,2026-09-27T09:47:05-05:00,PUMP_01_MOTOR_FAULT,MOTOR_FAULT,CRITICAL,Motor fault,1.00
EVT-00008427,2026-09-01T11:42:55-05:00,FILTER_01_DIFF_PRESSURE,HIGH_DIFF_PRESSURE,MEDIUM,High diff pressure,2.59
EVT-00008428,2026-09-02T16:58:45-05:00,PUMP_01_FLOW,LOW_FLOW,HIGH,Low flow,5.96
EVT-00008429,2026-09-25T20:34:53-05:00,TANK_IN_01_LEVEL,LOW_LEVEL,HIGH,Low level,10.63
EVT-00008430,2026-09-17T18:02:30-05:00,TANK_OUT_01_LEVEL,HIGH_LEVEL,MEDIUM,High level,98.54
EVT-00008431,2026-09-29T06:50:23-05:00,FILTER_01_DIFF_PRESSURE,HIGH_DIFF_PRESSURE,MEDIUM,High diff pressure,2.69
EVT-00008432,2026-09-10T12:35:47-05:00,FILLER_01_PRESSURE,LOW_PRESSURE,HIGH,Low pressure,1.58
EVT-00008433,2026-09-05T17:27:43-05:00,TANK_OUT_01_LEVEL,LOW_LEVEL,HIGH,Low level,6.68
EVT-00008434,2026-09-02T16:14:17-05:00,COMPRESSOR_01_PRESSURE,LOW_PRESSURE,HIGH,Low pressure,4.83
EVT-00008435,2026-09-28T09:12:03-05:00,FILLER_01_PRESSURE,LOW_PRESSURE,HIGH,Low pressure,1.89
EVT-00008436,2026-09-16T17:34:44-05:00,TANK_IN_01_LEVEL,HIGH_LEVEL,MEDIUM,High level,98.95
EVT-00008437,2026-09-11T17:50:54-05:00,COMPRESSOR_01_PRESSURE,LOW_PRESSURE,HIGH,Low pressure,4.89
EVT-00008438,2026-09-14T13:17:24-05:00,COMPRESSOR_01_PRESSURE,LOW_PRESSURE,HIGH,Low pressure,3.60
EVT-00008439,2026-09-29T09:45:13-05:00,TANK_IN_01_LEVEL,LOW_LEVEL,HIGH,Low level,5.41
EVT-00008440,2026-09-16T09:29:50-05:00,COMPRESSOR_01_PRESSURE,LOW_PRESSURE,HIGH,Low pressure,3.19
EVT-00008441,2026-09-22T18:36:17-05:00,FILTER_01_DIFF_PRESSURE,HIGH_DIFF_PRESSURE,MEDIUM,High diff pressure,1.94
EVT-00008442,2026-09-22T10:07:14-05:00,TANK_IN_01_LEVEL,HIGH_LEVEL,MEDIUM,High level,98.23
EVT-00008443,2026-09-01T18:51:31-05:00,FILTER_01_DIFF_PRESSURE,HIGH_DIFF_PRESSURE,MEDIUM,High diff pressure,2.06
EVT-00008444,2026-09-08T17:45:58-05:00,FILTER_01_DIFF_PRESSURE,HIGH_DIFF_PRESSURE,MEDIUM,High diff pressure,2.03
EVT-00008445,2026-09-09T07:42:44-05:00,FILLER_01_CYCLE_FAULT,CYCLE_FAULT,HIGH,Cycle fault,1.00
EVT-00008446,2026-09-02T13:29:47-05:00,CONVEYOR_01_JAM,JAM,MEDIUM,Jam,1.00
EVT-00008447,2026-09-08T13:53:54-05:00,PUMP_01_FLOW,LOW_FLOW,HIGH,Low flow,7.40
EVT-00008448,2026-09-01T07:42:49-05:00,FILTER_01_DIFF_PRESSURE,HIGH_DIFF_PRESSURE,MEDIUM,High diff pressure,2.99
EVT-00008449,2026-09-26T11:38:36-05:00,TANK_IN_01_LEVEL,HIGH_LEVEL,MEDIUM,High level,93.97
EVT-00008450,2026-09-10T19:50:58-05:00,PUMP_01_MOTOR_FAULT,MOTOR_FAULT,CRITICAL,Motor fault,1.00
EVT-00008451,2026-09-22T06:33:39-05:00,PUMP_01_FLOW,LOW_FLOW,CRITICAL,Low flow,4.22
EVT-00008452,2026-09-08T20:43:06-05:00,FILLER_01_PRESSURE,LOW_PRESSURE,HIGH,Low pressure,1.04
EVT-00008453,2026-09-20T11:36:02-05:00,TANK_IN_01_LEVEL,LOW_LEVEL,HIGH,Low level,9.99
EVT-00008454,2026-09-01T08:08:54-05:00,FILTER_01_DIFF_PRESSURE,HIGH_DIFF_PRESSURE,MEDIUM,High diff pressure,2.91
EVT-00008455,2026-09-01T12:07:23-05:00,FILTER_01_DIFF_PRESSURE,HIGH_DIFF_PRESSURE,MEDIUM,High diff pressure,2.66
EVT-00008456,2026-09-01T17:09:13-05:00,COMPRESSOR_01_TEMP,HIGH_TEMPERATURE,HIGH,High temperature,119.59
EVT-00008457,2026-09-15T15:00:39-05:00,FILTER_01_DIFF_PRESSURE,HIGH_DIFF_PRESSURE,MEDIUM,High diff pressure,2.49
EVT-00008458,2026-09-18T17:17:15-05:00,PUMP_01_FLOW,LOW_FLOW,HIGH,Low flow,15.47
EVT-00008459,2026-09-07T14:30:35-05:00,TANK_IN_01_LEVEL,LOW_LEVEL,HIGH,Low level,1.79
EVT-00008460,2026-09-08T11:27:46-05:00,FILTER_01_DIFF_PRESSURE,HIGH_DIFF_PRESSURE,MEDIUM,High diff pressure,2.43
EVT-00008461,2026-09-22T17:31:52-05:00,COMPRESSOR_01_TEMP,HIGH_TEMPERATURE,HIGH,High temperature,98.28
EVT-00008462,2026-09-27T09:15:36-05:00,TANK_OUT_01_LEVEL,LOW_LEVEL,HIGH,Low level,8.89
EVT-00008463,2026-09-22T20:57:38-05:00,CONVEYOR_01_MOTOR_TEMP,HIGH_TEMPERATURE,LOW,High temperature,86.97
EVT-00008464,2026-09-21T09:38:03-05:00,TANK_IN_01_LEVEL,LOW_LEVEL,HIGH,Low level,7.51
EVT-00008465,2026-09-29T10:51:49-05:00,FILTER_01_DIFF_PRESSURE,HIGH_DIFF_PRESSURE,MEDIUM,High diff pressure,2.06
EVT-00008466,2026-09-19T09:11:36-05:00,FILLER_01_CYCLE_FAULT,CYCLE_FAULT,HIGH,Cycle fault,1.00
EVT-00008467,2026-09-06T10:24:10-05:00,FILLER_01_PRESSURE,LOW_PRESSURE,HIGH,Low pressure,1.32
EVT-00008468,2026-09-22T13:52:42-05:00,FILTER_01_DIFF_PRESSURE,HIGH_DIFF_PRESSURE,MEDIUM,High diff pressure,2.68
EVT-00008469,2026-09-25T09:03:22-05:00,TANK_OUT_01_LEVEL,HIGH_LEVEL,MEDIUM,High level,96.83
EVT-00008470,2026-09-08T15:46:49-05:00,FILTER_01_DIFF_PRESSURE,HIGH_DIFF_PRESSURE,MEDIUM,High diff pressure,2.58
EVT-00008471,2026-09-09T07:41:26-05:00,TANK_IN_01_LEVEL,HIGH_LEVEL,MEDIUM,High level,91.66
EVT-00008472,2026-09-18T20:14:37-05:00,FILLER_01_PRESSURE,LOW_PRESSURE,HIGH,Low pressure,0.59
EVT-00008473,2026-09-01T21:12:53-05:00,FILLER_01_PRESSURE,LOW_PRESSURE,HIGH,Low pressure,1.69
EVT-00008474,2026-09-26T20:27:15-05:00,CONVEYOR_01_JAM,JAM,MEDIUM,Jam,1.00
EVT-00008475,2026-09-21T17:29:08-05:00,PUMP_01_FLOW,LOW_FLOW,HIGH,Low flow,18.58
EVT-00008476,2026-09-01T12:53:28-05:00,PUMP_01_FLOW,LOW_FLOW,HIGH,Low flow,9.69
EVT-00008477,2026-09-17T19:33:23-05:00,FILLER_01_PRESSURE,LOW_PRESSURE,HIGH,Low pressure,0.58
EVT-00008478,2026-09-07T09:40:10-05:00,PUMP_01_MOTOR_FAULT,MOTOR_FAULT,CRITICAL,Motor fault,1.00
EVT-00008479,2026-09-18T17:00:17-05:00,FILLER_01_PRESSURE,LOW_PRESSURE,HIGH,Low pressure,0.68
EVT-00008480,2026-09-09T09:47:56-05:00,COMPRESSOR_01_PRESSURE,LOW_PRESSURE,HIGH,Low pressure,3.41
EVT-00008481,2026-09-29T12:56:25-05:00,FILTER_01_DIFF_PRESSURE,HIGH_DIFF_PRESSURE,MEDIUM,High diff pressure,2.71
EVT-00008482,2026-09-09T19:19:09-05:00,COMPRESSOR_01_PRESSURE,LOW_PRESSURE,HIGH,Low pressure,1.19
EVT-00008483,2026-09-25T20:42:57-05:00,TANK_OUT_01_LEVEL,LOW_LEVEL,HIGH,Low level,8.41
EVT-00008484,2026-09-06T11:10:30-05:00,CONVEYOR_01_JAM,JAM,MEDIUM,Jam,1.00
EVT-00008485,2026-09-06T12:59:07-05:00,FILLER_01_CYCLE_FAULT,CYCLE_FAULT,HIGH,Cycle fault,1.00
EVT-00008486,2026-09-11T06:22:44-05:00,TANK_OUT_01_LEVEL,LOW_LEVEL,HIGH,Low level,10.21
EVT-00008487,2026-09-11T20:56:57-05:00,PUMP_01_MOTOR_FAULT,MOTOR_FAULT,CRITICAL,Motor fault,1.00
EVT-00008488,2026-09-12T08:58:08-05:00,TANK_OUT_01_LEVEL,HIGH_LEVEL,MEDIUM,High level,98.77
EVT-00008489,2026-09-21T15:31:19-05:00,CONVEYOR_01_MOTOR_TEMP,HIGH_TEMPERATURE,LOW,High temperature,87.52
EVT-00008490,2026-09-12T17:04:56-05:00,FILLER_01_PRESSURE,LOW_PRESSURE,HIGH,Low pressure,0.79
EVT-00008491,2026-09-30T14:43:51-05:00,COMPRESSOR_01_PRESSURE,LOW_PRESSURE,HIGH,Low pressure,4.23
EVT-00008492,2026-09-08T16:21:50-05:00,CONVEYOR_01_MOTOR_TEMP,HIGH_TEMPERATURE,LOW,High temperature,79.74
EVT-00008493,2026-09-20T21:54:13-05:00,CONVEYOR_01_JAM,JAM,MEDIUM,Jam,1.00
EVT-00008494,2026-09-08T11:52:29-05:00,FILTER_01_DIFF_PRESSURE,HIGH_DIFF_PRESSURE,MEDIUM,High diff pressure,1.84
EVT-00008495,2026-09-16T13:22:12-05:00,CONVEYOR_01_JAM,JAM,MEDIUM,Jam,1.00
EVT-00008496,2026-09-15T08:16:05-05:00,TANK_IN_01_LEVEL,LOW_LEVEL,HIGH,Low level,12.25
EVT-00008497,2026-09-01T06:41:06-05:00,TANK_OUT_01_LEVEL,LOW_LEVEL,HIGH,Low level,13.12
EVT-00008498,2026-09-11T10:59:14-05:00,CONVEYOR_01_JAM,JAM,MEDIUM,Jam,1.00
EVT-00008499,2026-09-15T09:51:51-05:00,TANK_OUT_01_LEVEL,LOW_LEVEL,HIGH,Low level,6.62
EVT-00008500,2026-09-24T19:17:03-05:00,COMPRESSOR_01_TEMP,HIGH_TEMPERATURE,HIGH,High temperature,112.46
 EVT-00008501 , 2026-09-17T13:53:38-05:00 , FILLER_01_PRESSURE , LOW_PRESSURE , HIGH , Low pressure , 1.20 
EVT-00008502,2026-09-29T17:07:41-05:00,FILTER_01_DIFF_PRESSURE,HIGH_DIFF_PRESSURE,2,High diff pressure,2.26
EVT-00008503,14/09/2026 18:45:27,FILTER_01_PRESSURE,HIGH_PRESSURE,HIGH,High pressure,6.64
EVT-00008504,2026-09-28 21:34:02,FILTER_01_PRESSURE,HIGH_PRESSURE,HIGH,High pressure,6.21
EVT-00008505,2026-09-28T21:34:00-05:00,CONVEYOR_01_MOTOR_TEMP,HIGH_TEMPERATURE,LOW,High temperature,"79,87"
EVT-00008506,2026-09-03T21:24:21-05:00,TANK_OUT_01_LEVEL,HIGH_LEVEL,MEDIUM,null,N/A
evt-00008507,2026-09-30T07:29:36-05:00,filler_01_pressure,low_pressure,high,Low pressure,0.30
EVT-00008508,2026-09-25T14:54:43Z,TANK_IN_01_LEVEL,LOW_LEVEL,HIGH,Low level,11.72
 EVT-00008509 , 2026-09-23T14:09:22-05:00 , PUMP_01_MOTOR_FAULT , MOTOR_FAULT , CRITICAL , Motor fault , 1.00 
EVT-00008510,2026-09-22T21:05:46-05:00,FILTER_01_DIFF_PRESSURE,HIGH_DIFF_PRESSURE,2,High diff pressure,2.51
EVT-00008511,15/09/2026 06:00:03,FILTER_01_DIFF_PRESSURE,HIGH_DIFF_PRESSURE,MEDIUM,High diff pressure,2.46
EVT-00008512,2026-09-24 15:11:47,TANK_IN_01_LEVEL,LOW_LEVEL,HIGH,Low level,9.65
EVT-00008513,2026-09-22T07:44:46-05:00,COMPRESSOR_01_PRESSURE,LOW_PRESSURE,HIGH,Low pressure,"2,96"
EVT-00008514,2026-09-10T10:44:49-05:00,TANK_OUT_01_LEVEL,LOW_LEVEL,HIGH,null,N/A
evt-00008515,2026-09-22T09:17:22-05:00,compressor_01_pressure,low_pressure,high,Low pressure,2.04
EVT-00008516,2026-09-08T17:41:53Z,FILTER_01_DIFF_PRESSURE,HIGH_DIFF_PRESSURE,MEDIUM,High diff pressure,2.71
 EVT-00008517 , 2026-09-11T06:20:22-05:00 , TANK_OUT_01_LEVEL , LOW_LEVEL , HIGH , Low level , 6.69 
EVT-00008518,2026-09-01T17:45:17-05:00,FILTER_01_DIFF_PRESSURE,HIGH_DIFF_PRESSURE,2,High diff pressure,2.45
EVT-00008519,14/09/2026 21:35:55,FILLER_01_CYCLE_FAULT,CYCLE_FAULT,HIGH,Cycle fault,1.00
EVT-00008520,2026-09-10 06:49:45,FILTER_01_PRESSURE,HIGH_PRESSURE,HIGH,High pressure,6.79
EVT-00008521,2026-09-24T10:48:40-05:00,CONVEYOR_01_JAM,JAM,MEDIUM,Jam,"1,00"
EVT-00008522,2026-09-14T07:18:45-05:00,CONVEYOR_01_JAM,JAM,MEDIUM,null,N/A
evt-00008523,2026-09-18T16:42:03-05:00,conveyor_01_jam,jam,medium,Jam,1.00
EVT-00008524,2026-09-26T19:06:49Z,COMPRESSOR_01_PRESSURE,LOW_PRESSURE,HIGH,Low pressure,1.63
 EVT-00008525 , 2026-09-01T21:22:24-05:00 , FILTER_01_DIFF_PRESSURE , HIGH_DIFF_PRESSURE , MEDIUM , High diff pressure , 1.93 
EVT-00008526,2026-09-08T15:48:38-05:00,FILTER_01_DIFF_PRESSURE,HIGH_DIFF_PRESSURE,2,High diff pressure,2.42
EVT-00008527,16/09/2026 13:47:18,CONVEYOR_01_MOTOR_TEMP,HIGH_TEMPERATURE,LOW,High temperature,86.24
EVT-00008528,2026-09-13 21:55:14,PUMP_01_FLOW,LOW_FLOW,HIGH,Low flow,18.01
EVT-00008529,2026-09-01T17:27:14-05:00,FILTER_01_DIFF_PRESSURE,HIGH_DIFF_PRESSURE,MEDIUM,High diff pressure,"2,65"
EVT-00008530,2026-09-08T15:25:01-05:00,FILLER_01_CYCLE_FAULT,CYCLE_FAULT,HIGH,null,N/A
evt-00008531,2026-09-25T19:37:43-05:00,tank_out_01_level,low_level,high,Low level,9.33
EVT-00008532,2026-09-28T11:56:32Z,CONVEYOR_01_MOTOR_TEMP,HIGH_TEMPERATURE,LOW,High temperature,84.74
 EVT-00008533 , 2026-09-15T15:19:24-05:00 , FILTER_01_DIFF_PRESSURE , HIGH_DIFF_PRESSURE , MEDIUM , High diff pressure , 2.49 
EVT-00008534,2026-09-24T21:17:23-05:00,PUMP_01_FLOW,LOW_FLOW,3,Low flow,2.73
EVT-00008535,03/09/2026 21:28:35,TANK_IN_01_LEVEL,LOW_LEVEL,HIGH,Low level,3.89
EVT-00008536,2026-09-29 12:52:11,FILTER_01_DIFF_PRESSURE,HIGH_DIFF_PRESSURE,MEDIUM,High diff pressure,2.45
EVT-00008537,2026-09-26T17:06:42-05:00,TANK_IN_01_LEVEL,LOW_LEVEL,HIGH,Low level,"5,26"
EVT-00008538,2026-09-10T17:42:00-05:00,TANK_IN_01_LEVEL,LOW_LEVEL,HIGH,null,N/A
evt-00008539,2026-09-05T21:48:20-05:00,conveyor_01_motor_temp,high_temperature,low,High temperature,89.50
EVT-00008540,2026-09-15T17:22:35Z,FILLER_01_PRESSURE,LOW_PRESSURE,HIGH,Low pressure,1.44
 EVT-00008541 , 2026-09-22T06:53:16-05:00 , FILTER_01_DIFF_PRESSURE , HIGH_DIFF_PRESSURE , MEDIUM , High diff pressure , 2.15 
EVT-00008542,2026-09-22T08:40:12-05:00,FILTER_01_DIFF_PRESSURE,HIGH_DIFF_PRESSURE,2,High diff pressure,1.73
EVT-00008543,24/09/2026 13:41:26,COMPRESSOR_01_PRESSURE,LOW_PRESSURE,HIGH,Low pressure,2.10
EVT-00008544,2026-09-22 11:07:12,PUMP_01_MOTOR_FAULT,MOTOR_FAULT,CRITICAL,Motor fault,1.00
EVT-00008545,2026-09-09T13:20:08-05:00,FILLER_01_PRESSURE,LOW_PRESSURE,HIGH,Low pressure,"1,40"
EVT-00008546,2026-09-13T19:36:09-05:00,FILLER_01_CYCLE_FAULT,CYCLE_FAULT,HIGH,null,N/A
evt-00008547,2026-09-18T07:18:34-05:00,pump_01_flow,low_flow,high,Low flow,14.80
EVT-00008548,2026-09-07T15:02:51Z,COMPRESSOR_01_PRESSURE,LOW_PRESSURE,HIGH,Low pressure,2.89
 EVT-00008549 , 2026-09-22T07:36:58-05:00 , FILTER_01_DIFF_PRESSURE , HIGH_DIFF_PRESSURE , MEDIUM , High diff pressure , 2.82 
EVT-00008550,2026-09-24T06:52:13-05:00,FILLER_01_PRESSURE,LOW_PRESSURE,3,Low pressure,1.24
EVT-00008551,27/09/2026 08:15:28,COMPRESSOR_01_PRESSURE,LOW_PRESSURE,HIGH,Low pressure,3.28
EVT-00008552,2026-09-15 14:23:31,FILTER_01_DIFF_PRESSURE,HIGH_DIFF_PRESSURE,MEDIUM,High diff pressure,2.78
EVT-00008553,2026-09-06T18:17:30-05:00,COMPRESSOR_01_PRESSURE,LOW_PRESSURE,HIGH,Low pressure,"3,11"
EVT-00008554,2026-09-13T10:27:36-05:00,COMPRESSOR_01_PRESSURE,LOW_PRESSURE,HIGH,null,N/A
evt-00008555,2026-09-15T18:40:53-05:00,filter_01_diff_pressure,high_diff_pressure,medium,High diff pressure,1.70
EVT-00008556,2026-09-29T21:05:24Z,TANK_OUT_01_LEVEL,LOW_LEVEL,HIGH,Low level,13.39
 EVT-00008557 , 2026-09-16T10:49:24-05:00 , TANK_OUT_01_LEVEL , LOW_LEVEL , HIGH , Low level , 11.15 
EVT-00008558,2026-09-28T12:48:52-05:00,COMPRESSOR_01_PRESSURE,LOW_PRESSURE,3,Low pressure,4.13
EVT-00008559,10/09/2026 17:50:02,PUMP_01_MOTOR_FAULT,MOTOR_FAULT,CRITICAL,Motor fault,1.00
EVT-00008560,2026-09-27 15:08:47,COMPRESSOR_01_PRESSURE,LOW_PRESSURE,HIGH,Low pressure,4.64
EVT-00008561,2026-09-29T12:26:49-05:00,FILTER_01_DIFF_PRESSURE,HIGH_DIFF_PRESSURE,MEDIUM,High diff pressure,"2,08"
EVT-00008562,2026-09-22T20:19:50-05:00,FILTER_01_DIFF_PRESSURE,HIGH_DIFF_PRESSURE,MEDIUM,null,N/A
evt-00008563,2026-09-28T06:30:02-05:00,conveyor_01_motor_temp,high_temperature,low,High temperature,86.42
EVT-00008564,2026-09-16T18:05:12Z,FILLER_01_CYCLE_FAULT,CYCLE_FAULT,HIGH,Cycle fault,1.00
 EVT-00008565 , 2026-09-22T11:07:21-05:00 , FILTER_01_DIFF_PRESSURE , HIGH_DIFF_PRESSURE , MEDIUM , High diff pressure , 1.66 
EVT-00008566,2026-09-05T06:24:36-05:00,PUMP_01_MOTOR_FAULT,MOTOR_FAULT,4,Motor fault,1.00
EVT-00008567,15/09/2026 07:27:56,FILTER_01_DIFF_PRESSURE,HIGH_DIFF_PRESSURE,MEDIUM,High diff pressure,2.38
EVT-00008568,2026-09-12 09:38:08,TANK_OUT_01_LEVEL,HIGH_LEVEL,MEDIUM,High level,94.05
EVT-00008569,2026-09-11T19:43:59-05:00,TANK_IN_01_LEVEL,LOW_LEVEL,HIGH,Low level,"10,64"
EVT-00008570,2026-09-21T20:08:38-05:00,FILLER_01_CYCLE_FAULT,CYCLE_FAULT,HIGH,null,N/A
evt-00008571,2026-09-19T07:03:33-05:00,tank_in_01_level,low_level,high,Low level,1.66
EVT-00008572,2026-09-02T21:23:39Z,FILLER_01_PRESSURE,LOW_PRESSURE,HIGH,Low pressure,0.81
 EVT-00008573 , 2026-09-26T13:26:46-05:00 , FILLER_01_CYCLE_FAULT , CYCLE_FAULT , HIGH , Cycle fault , 1.00 
EVT-00008574,2026-09-29T08:43:51-05:00,FILTER_01_DIFF_PRESSURE,HIGH_DIFF_PRESSURE,2,High diff pressure,2.21
EVT-00008575,24/09/2026 10:47:41,FILLER_01_CYCLE_FAULT,CYCLE_FAULT,HIGH,Cycle fault,1.00
EVT-00008576,2026-09-26 12:04:18,PUMP_01_MOTOR_FAULT,MOTOR_FAULT,CRITICAL,Motor fault,1.00
EVT-00008577,2026-09-15T09:16:55-05:00,FILTER_01_DIFF_PRESSURE,HIGH_DIFF_PRESSURE,MEDIUM,High diff pressure,"2,11"
EVT-00008578,2026-09-05T13:29:35-05:00,CONVEYOR_01_MOTOR_TEMP,HIGH_TEMPERATURE,LOW,null,N/A
evt-00008579,2026-09-21T18:26:36-05:00,compressor_01_temp,high_temperature,high,High temperature,96.55
EVT-00008580,2026-09-02T15:44:14Z,CONVEYOR_01_MOTOR_TEMP,HIGH_TEMPERATURE,LOW,High temperature,80.55
 EVT-00008581 , 2026-09-19T19:24:51-05:00 , TANK_IN_01_LEVEL , LOW_LEVEL , HIGH , Low level , 2.61 
EVT-00008582,2026-09-24T10:28:10-05:00,TANK_IN_01_LEVEL,LOW_LEVEL,3,Low level,7.30
EVT-00008583,25/09/2026 18:07:05,TANK_OUT_01_LEVEL,HIGH_LEVEL,MEDIUM,High level,94.70
EVT-00008584,2026-09-03 07:25:55,CONVEYOR_01_JAM,JAM,MEDIUM,Jam,1.00
EVT-00008585,2026-09-03T07:34:46-05:00,CONVEYOR_01_JAM,JAM,MEDIUM,Jam,"1,00"
EVT-00008586,2026-09-11T15:08:44-05:00,FILLER_01_PRESSURE,LOW_PRESSURE,HIGH,null,N/A
evt-00008587,2026-09-15T20:20:13-05:00,filler_01_cycle_fault,cycle_fault,high,Cycle fault,1.00
EVT-00008588,2026-09-01T16:40:44Z,FILTER_01_DIFF_PRESSURE,HIGH_DIFF_PRESSURE,MEDIUM,High diff pressure,2.38
 EVT-00008589 , 2026-09-14T07:41:35-05:00 , FILTER_01_PRESSURE , HIGH_PRESSURE , HIGH , High pressure , 8.71 
EVT-00008590,2026-09-21T13:26:02-05:00,FILLER_01_PRESSURE,LOW_PRESSURE,3,Low pressure,1.40
EVT-00008591,01/09/2026 11:06:33,TANK_OUT_01_LEVEL,LOW_LEVEL,HIGH,Low level,10.45
EVT-00008592,2026-09-14 13:16:47,FILLER_01_CYCLE_FAULT,CYCLE_FAULT,HIGH,Cycle fault,1.00
EVT-00008593,2026-09-05T18:53:30-05:00,TANK_OUT_01_LEVEL,LOW_LEVEL,HIGH,Low level,"13,57"
EVT-00008594,2026-09-12T18:57:42-05:00,TANK_IN_01_LEVEL,LOW_LEVEL,HIGH,null,N/A
evt-00008595,2026-09-15T16:55:47-05:00,filter_01_diff_pressure,high_diff_pressure,medium,High diff pressure,2.55
EVT-00008596,2026-09-21T22:15:55Z,TANK_IN_01_LEVEL,LOW_LEVEL,HIGH,Low level,2.38
 EVT-00008597 , 2026-09-08T18:46:05-05:00 , FILTER_01_DIFF_PRESSURE , HIGH_DIFF_PRESSURE , MEDIUM , High diff pressure , 2.19 
EVT-00008598,2026-09-01T19:17:20-05:00,FILLER_01_PRESSURE,LOW_PRESSURE,3,Low pressure,0.56
EVT-00008599,06/09/2026 15:02:10,TANK_OUT_01_LEVEL,LOW_LEVEL,HIGH,Low level,9.65
EVT-00008600,2026-09-28 06:18:56,COMPRESSOR_01_PRESSURE,LOW_PRESSURE,HIGH,Low pressure,2.61
EVT-00008601,2026-09-22T18:23:11-05:00,FILTER_01_DIFF_PRESSURE,HIGH_DIFF_PRESSURE,MEDIUM,High diff pressure,"2,21"
EVT-00008602,2026-09-14T09:10:51-05:00,FILLER_01_PRESSURE,LOW_PRESSURE,HIGH,null,N/A
evt-00008603,2026-09-02T12:27:16-05:00,tank_in_01_level,low_level,high,Low level,2.37
EVT-00008604,2026-09-03T20:41:00Z,PUMP_01_FLOW,LOW_FLOW,HIGH,Low flow,8.95
 EVT-00008605 , 2026-09-15T14:49:15-05:00 , FILTER_01_DIFF_PRESSURE , HIGH_DIFF_PRESSURE , MEDIUM , High diff pressure , 2.38 
EVT-00008606,2026-09-08T09:52:53-05:00,FILTER_01_DIFF_PRESSURE,HIGH_DIFF_PRESSURE,2,High diff pressure,1.83
EVT-00008607,24/09/2026 19:28:59,PUMP_01_MOTOR_FAULT,MOTOR_FAULT,CRITICAL,Motor fault,1.00
EVT-00008608,2026-09-15 11:26:50,PUMP_01_FLOW,LOW_FLOW,HIGH,Low flow,18.70
EVT-00008609,2026-09-08T06:02:54-05:00,FILTER_01_DIFF_PRESSURE,HIGH_DIFF_PRESSURE,MEDIUM,High diff pressure,"2,08"
EVT-00008610,2026-09-15T11:08:02-05:00,FILTER_01_DIFF_PRESSURE,HIGH_DIFF_PRESSURE,MEDIUM,null,N/A
evt-00008611,2026-09-29T19:35:09-05:00,tank_in_01_level,low_level,high,Low level,4.40
EVT-00008612,2026-09-09T01:15:20Z,COMPRESSOR_01_PRESSURE,LOW_PRESSURE,HIGH,Low pressure,3.58
 EVT-00008613 , 2026-09-08T21:15:39-05:00 , FILTER_01_PRESSURE , HIGH_PRESSURE , HIGH , High pressure , 7.92 
EVT-00008614,2026-09-18T19:36:42-05:00,COMPRESSOR_01_TEMP,HIGH_TEMPERATURE,3,High temperature,112.64
EVT-00008615,22/09/2026 14:43:16,FILTER_01_DIFF_PRESSURE,HIGH_DIFF_PRESSURE,MEDIUM,High diff pressure,2.37
EVT-00008616,2026-09-03 09:42:20,TANK_IN_01_LEVEL,HIGH_LEVEL,MEDIUM,High level,94.75
EVT-00008617,2026-09-22T09:25:14-05:00,TANK_IN_01_LEVEL,LOW_LEVEL,HIGH,Low level,"1,17"
EVT-00008618,2026-09-17T12:48:23-05:00,PUMP_01_FLOW,LOW_FLOW,HIGH,null,N/A
evt-00008619,2026-09-14T20:03:43-05:00,pump_01_motor_fault,motor_fault,critical,Motor fault,1.00
EVT-00008620,2026-09-03T17:21:29Z,TANK_OUT_01_LEVEL,LOW_LEVEL,HIGH,Low level,5.30
 EVT-00008621 , 2026-09-30T15:35:52-05:00 , COMPRESSOR_01_PRESSURE , LOW_PRESSURE , HIGH , Low pressure , 3.75 
EVT-00008622,2026-09-08T18:37:46-05:00,FILTER_01_DIFF_PRESSURE,HIGH_DIFF_PRESSURE,2,High diff pressure,1.90
EVT-00008623,20/09/2026 11:58:07,TANK_OUT_01_LEVEL,LOW_LEVEL,HIGH,Low level,8.03
EVT-00008624,2026-09-26 17:17:04,CONVEYOR_01_MOTOR_TEMP,HIGH_TEMPERATURE,LOW,High temperature,72.18
EVT-00008625,2026-09-17T11:31:35-05:00,CONVEYOR_01_JAM,JAM,MEDIUM,Jam,"1,00"
EVT-00008626,2026-09-18T12:49:43-05:00,COMPRESSOR_01_PRESSURE,LOW_PRESSURE,HIGH,null,N/A
evt-00008627,2026-09-29T21:16:57-05:00,filter_01_diff_pressure,high_diff_pressure,medium,High diff pressure,1.88
EVT-00008628,2026-09-16T00:47:49Z,FILTER_01_DIFF_PRESSURE,HIGH_DIFF_PRESSURE,MEDIUM,High diff pressure,2.05
 EVT-00008629 , 2026-09-07T21:32:35-05:00 , PUMP_01_FLOW , LOW_FLOW , HIGH , Low flow , 2.98 
EVT-00008630,2026-09-10T15:41:37-05:00,TANK_OUT_01_LEVEL,HIGH_LEVEL,2,High level,98.80
EVT-00008631,03/09/2026 15:58:16,COMPRESSOR_01_PRESSURE,LOW_PRESSURE,HIGH,Low pressure,4.66
EVT-00008632,2026-09-24 07:00:36,FILLER_01_CYCLE_FAULT,CYCLE_FAULT,HIGH,Cycle fault,1.00
EVT-00008633,2026-09-03T20:54:42-05:00,COMPRESSOR_01_PRESSURE,LOW_PRESSURE,HIGH,Low pressure,"2,32"
EVT-00008634,2026-09-07T10:43:01-05:00,CONVEYOR_01_MOTOR_TEMP,HIGH_TEMPERATURE,LOW,null,N/A
evt-00008635,2026-09-27T09:09:00-05:00,filler_01_pressure,low_pressure,high,Low pressure,0.89
EVT-00008636,2026-09-04T23:32:43Z,COMPRESSOR_01_PRESSURE,LOW_PRESSURE,HIGH,Low pressure,4.11
 EVT-00008637 , 2026-09-19T14:26:03-05:00 , CONVEYOR_01_MOTOR_TEMP , HIGH_TEMPERATURE , LOW , High temperature , 86.24 
EVT-00008638,2026-09-25T21:25:08-05:00,CONVEYOR_01_JAM,JAM,2,Jam,1.00
EVT-00008639,24/09/2026 07:50:58,CONVEYOR_01_JAM,JAM,MEDIUM,Jam,1.00
EVT-00008640,2026-09-11 08:49:00,TANK_IN_01_LEVEL,LOW_LEVEL,HIGH,Low level,10.67
EVT-00008641,2026-09-10T07:39:02-05:00,COMPRESSOR_01_PRESSURE,LOW_PRESSURE,HIGH,Low pressure,"1,44"
EVT-00008642,2026-09-22T07:36:15-05:00,FILTER_01_DIFF_PRESSURE,HIGH_DIFF_PRESSURE,MEDIUM,null,N/A
evt-00008643,2026-09-11T17:40:16-05:00,pump_01_motor_fault,motor_fault,critical,Motor fault,1.00
EVT-00008644,2026-09-01T12:08:33Z,FILTER_01_DIFF_PRESSURE,HIGH_DIFF_PRESSURE,MEDIUM,High diff pressure,2.42
 EVT-00008645 , 2026-09-07T07:04:19-05:00 , PUMP_01_FLOW , LOW_FLOW , HIGH , Low flow , 17.55 
EVT-00008646,2026-09-01T14:11:16-05:00,FILTER_01_DIFF_PRESSURE,HIGH_DIFF_PRESSURE,2,High diff pressure,2.72
EVT-00008647,22/09/2026 18:57:55,TANK_OUT_01_LEVEL,LOW_LEVEL,HIGH,Low level,3.04
EVT-00008648,2026-09-20 19:28:42,COMPRESSOR_01_PRESSURE,LOW_PRESSURE,HIGH,Low pressure,3.08
EVT-00008649,2026-09-29T11:31:02-05:00,FILTER_01_DIFF_PRESSURE,HIGH_DIFF_PRESSURE,MEDIUM,High diff pressure,"2,40"
EVT-00008650,2026-09-22T19:29:49-05:00,FILTER_01_DIFF_PRESSURE,HIGH_DIFF_PRESSURE,MEDIUM,null,N/A
evt-00008651,2026-09-26T11:33:36-05:00,pump_01_flow,low_flow,high,Low flow,7.66
EVT-00008652,2026-09-10T13:10:43Z,COMPRESSOR_01_TEMP,HIGH_TEMPERATURE,HIGH,High temperature,118.87
 EVT-00008653 , 2026-09-06T16:52:46-05:00 , FILLER_01_CYCLE_FAULT , CYCLE_FAULT , HIGH , Cycle fault , 1.00 
EVT-00008654,2026-09-20T21:36:49-05:00,PUMP_01_FLOW,LOW_FLOW,3,Low flow,13.24
EVT-00008655,05/09/2026 07:00:09,PUMP_01_MOTOR_FAULT,MOTOR_FAULT,CRITICAL,Motor fault,1.00
EVT-00008656,2026-09-01 17:15:09,FILTER_01_DIFF_PRESSURE,HIGH_DIFF_PRESSURE,MEDIUM,High diff pressure,1.86
EVT-00008657,2026-09-04T18:38:52-05:00,TANK_IN_01_LEVEL,LOW_LEVEL,HIGH,Low level,"8,83"
EVT-00008658,2026-09-13T18:33:41-05:00,COMPRESSOR_01_TEMP,HIGH_TEMPERATURE,HIGH,null,N/A
evt-00008659,2026-09-29T19:43:18-05:00,tank_in_01_level,low_level,high,Low level,11.78
EVT-00008660,2026-09-06T23:05:25Z,FILLER_01_PRESSURE,LOW_PRESSURE,HIGH,Low pressure,0.74
 EVT-00008661 , 2026-09-24T08:14:53-05:00 , PUMP_01_FLOW , LOW_FLOW , HIGH , Low flow , 9.28 
EVT-00008662,2026-09-14T21:00:16-05:00,TANK_OUT_01_LEVEL,LOW_LEVEL,3,Low level,11.31
EVT-00008663,05/09/2026 18:30:24,COMPRESSOR_01_PRESSURE,LOW_PRESSURE,HIGH,Low pressure,1.42
EVT-00008664,2026-09-16 12:28:40,FILLER_01_PRESSURE,LOW_PRESSURE,HIGH,Low pressure,1.73
EVT-00008665,2026-09-22T21:12:45-05:00,FILTER_01_DIFF_PRESSURE,HIGH_DIFF_PRESSURE,MEDIUM,High diff pressure,"2,57"
EVT-00008666,2026-09-01T15:37:53-05:00,COMPRESSOR_01_PRESSURE,LOW_PRESSURE,HIGH,null,N/A
evt-00008667,2026-09-16T16:25:47-05:00,filler_01_pressure,low_pressure,high,Low pressure,0.32
EVT-00008668,2026-09-01T17:17:07Z,FILLER_01_CYCLE_FAULT,CYCLE_FAULT,HIGH,Cycle fault,1.00
 EVT-00008669 , 2026-09-26T17:32:39-05:00 , PUMP_01_FLOW , LOW_FLOW , HIGH , Low flow , 13.97 
EVT-00008670,2026-09-21T12:24:08-05:00,COMPRESSOR_01_PRESSURE,LOW_PRESSURE,3,Low pressure,3.52
EVT-00008671,05/09/2026 16:02:07,PUMP_01_FLOW,LOW_FLOW,HIGH,Low flow,13.84
EVT-00008672,2026-09-23 09:39:48,FILTER_01_PRESSURE,HIGH_PRESSURE,HIGH,High pressure,6.90
EVT-00008673,2026-09-02T17:44:56-05:00,PUMP_01_FLOW,LOW_FLOW,HIGH,Low flow,"14,53"
EVT-00008674,2026-09-28T10:51:59-05:00,FILTER_01_PRESSURE,HIGH_PRESSURE,HIGH,null,N/A
evt-00008675,2026-09-22T19:22:50-05:00,filter_01_diff_pressure,high_diff_pressure,medium,High diff pressure,1.92
EVT-00008676,2026-09-07T21:07:50Z,PUMP_01_MOTOR_FAULT,MOTOR_FAULT,CRITICAL,Motor fault,1.00
 EVT-00008677 , 2026-09-05T17:06:20-05:00 , COMPRESSOR_01_PRESSURE , LOW_PRESSURE , HIGH , Low pressure , 2.79 
EVT-00008678,2026-09-11T09:23:27-05:00,TANK_IN_01_LEVEL,LOW_LEVEL,3,Low level,1.91
EVT-00008679,29/09/2026 20:36:55,FILTER_01_DIFF_PRESSURE,HIGH_DIFF_PRESSURE,MEDIUM,High diff pressure,1.65
EVT-00008680,2026-09-05 17:30:02,FILLER_01_PRESSURE,LOW_PRESSURE,HIGH,Low pressure,1.42
EVT-00008681,2026-09-22T06:47:58-05:00,FILTER_01_DIFF_PRESSURE,HIGH_DIFF_PRESSURE,MEDIUM,High diff pressure,"2,33"
EVT-00008682,2026-09-06T20:24:18-05:00,TANK_OUT_01_LEVEL,LOW_LEVEL,HIGH,null,N/A
evt-00008683,2026-09-14T20:15:26-05:00,pump_01_motor_fault,motor_fault,critical,Motor fault,1.00
EVT-00008684,2026-09-29T19:41:07Z,CONVEYOR_01_JAM,JAM,MEDIUM,Jam,1.00
 EVT-00008685 , 2026-09-22T18:36:29-05:00 , FILTER_01_DIFF_PRESSURE , HIGH_DIFF_PRESSURE , MEDIUM , High diff pressure , 2.47 
EVT-00008686,2026-09-19T06:25:26-05:00,TANK_IN_01_LEVEL,LOW_LEVEL,3,Low level,6.26
EVT-00008687,21/09/2026 15:09:03,CONVEYOR_01_MOTOR_TEMP,HIGH_TEMPERATURE,LOW,High temperature,85.92
EVT-00008688,2026-09-11 13:55:50,TANK_OUT_01_LEVEL,HIGH_LEVEL,MEDIUM,High level,95.01
EVT-00008689,2026-09-09T09:43:04-05:00,COMPRESSOR_01_PRESSURE,LOW_PRESSURE,HIGH,Low pressure,"1,18"
EVT-00008690,2026-09-13T11:59:36-05:00,TANK_IN_01_LEVEL,HIGH_LEVEL,MEDIUM,null,N/A
evt-00008691,2026-09-14T20:39:33-05:00,conveyor_01_jam,jam,medium,Jam,1.00
EVT-00008692,2026-09-18T19:57:32Z,PUMP_01_FLOW,LOW_FLOW,HIGH,Low flow,11.87
 EVT-00008693 , 2026-09-17T14:03:39-05:00 , TANK_OUT_01_LEVEL , LOW_LEVEL , HIGH , Low level , 8.80 
EVT-00008694,2026-09-29T17:20:57-05:00,FILTER_01_DIFF_PRESSURE,HIGH_DIFF_PRESSURE,2,High diff pressure,2.20
EVT-00008695,13/09/2026 17:59:48,TANK_IN_01_LEVEL,LOW_LEVEL,HIGH,Low level,2.07
EVT-00008696,2026-09-08 08:30:47,FILTER_01_DIFF_PRESSURE,HIGH_DIFF_PRESSURE,MEDIUM,High diff pressure,1.65
EVT-00008697,2026-09-04T20:33:07-05:00,COMPRESSOR_01_PRESSURE,LOW_PRESSURE,HIGH,Low pressure,"4,72"
EVT-00008698,2026-09-18T12:57:27-05:00,CONVEYOR_01_MOTOR_TEMP,HIGH_TEMPERATURE,LOW,null,N/A
evt-00008699,2026-09-16T21:07:21-05:00,compressor_01_pressure,low_pressure,high,Low pressure,4.01
EVT-00008700,2026-09-22T12:26:59Z,FILTER_01_DIFF_PRESSURE,HIGH_DIFF_PRESSURE,MEDIUM,High diff pressure,1.63
 EVT-00008701 , 2026-09-01T09:46:26-05:00 , PUMP_01_FLOW , LOW_FLOW , HIGH , Low flow , 7.74 
EVT-00008702,2026-09-24T19:17:39-05:00,PUMP_01_FLOW,LOW_FLOW,3,Low flow,6.25
EVT-00008703,17/09/2026 16:41:00,CONVEYOR_01_MOTOR_TEMP,HIGH_TEMPERATURE,LOW,High temperature,87.33
EVT-00008704,2026-09-11 19:17:11,COMPRESSOR_01_TEMP,HIGH_TEMPERATURE,HIGH,High temperature,106.07
EVT-00008705,2026-09-23T16:22:05-05:00,TANK_OUT_01_LEVEL,LOW_LEVEL,HIGH,Low level,"6,93"
EVT-00008706,2026-09-29T18:56:55-05:00,FILTER_01_DIFF_PRESSURE,HIGH_DIFF_PRESSURE,MEDIUM,null,N/A
evt-00008707,2026-09-26T16:15:20-05:00,pump_01_motor_fault,motor_fault,critical,Motor fault,1.00
EVT-00008708,2026-09-08T16:36:00Z,COMPRESSOR_01_PRESSURE,LOW_PRESSURE,HIGH,Low pressure,3.25
 EVT-00008709 , 2026-09-08T16:42:49-05:00 , PUMP_01_FLOW , LOW_FLOW , HIGH , Low flow , 8.34 
EVT-00008710,2026-09-24T13:26:33-05:00,COMPRESSOR_01_PRESSURE,LOW_PRESSURE,3,Low pressure,3.42
EVT-00008711,02/09/2026 20:55:44,PUMP_01_FLOW,LOW_FLOW,HIGH,Low flow,12.55
EVT-00008712,2026-09-08 08:17:43,FILTER_01_DIFF_PRESSURE,HIGH_DIFF_PRESSURE,MEDIUM,High diff pressure,2.60
EVT-00008713,2026-09-26T16:07:56-05:00,TANK_OUT_01_LEVEL,LOW_LEVEL,HIGH,Low level,"6,23"
EVT-00008714,2026-09-25T15:24:46-05:00,CONVEYOR_01_MOTOR_TEMP,HIGH_TEMPERATURE,LOW,null,N/A
evt-00008715,2026-09-17T19:37:14-05:00,conveyor_01_jam,jam,medium,Jam,1.00
EVT-00008716,2026-09-11T17:55:03Z,CONVEYOR_01_JAM,JAM,MEDIUM,Jam,1.00
 EVT-00008717 , 2026-09-06T12:41:28-05:00 , TANK_OUT_01_LEVEL , HIGH_LEVEL , MEDIUM , High level , 98.92 
EVT-00008718,2026-09-22T15:44:08-05:00,FILLER_01_PRESSURE,LOW_PRESSURE,3,Low pressure,1.79
EVT-00008719,29/09/2026 08:53:30,PUMP_01_FLOW,LOW_FLOW,HIGH,Low flow,11.76
EVT-00008720,2026-09-23 15:46:01,COMPRESSOR_01_PRESSURE,LOW_PRESSURE,HIGH,Low pressure,1.00
EVT-00008721,2026-09-04T15:35:33-05:00,FILLER_01_CYCLE_FAULT,CYCLE_FAULT,HIGH,Cycle fault,"1,00"
EVT-00008722,2026-09-12T09:49:00-05:00,PUMP_01_FLOW,LOW_FLOW,HIGH,null,N/A
evt-00008723,2026-09-29T15:21:41-05:00,filter_01_diff_pressure,high_diff_pressure,medium,High diff pressure,2.47
EVT-00008724,2026-09-15T23:24:23Z,FILTER_01_DIFF_PRESSURE,HIGH_DIFF_PRESSURE,MEDIUM,High diff pressure,2.68
 EVT-00008725 , 2026-09-14T17:38:06-05:00 , TANK_OUT_01_LEVEL , LOW_LEVEL , HIGH , Low level , 11.14 
EVT-00008726,2026-09-20T13:16:03-05:00,TANK_OUT_01_LEVEL,LOW_LEVEL,3,Low level,6.70
EVT-00008727,29/09/2026 09:58:59,FILTER_01_DIFF_PRESSURE,HIGH_DIFF_PRESSURE,MEDIUM,High diff pressure,2.82
EVT-00008728,2026-09-24 11:06:37,COMPRESSOR_01_TEMP,HIGH_TEMPERATURE,HIGH,High temperature,119.53
EVT-00008729,2026-09-29T14:38:45-05:00,FILTER_01_DIFF_PRESSURE,HIGH_DIFF_PRESSURE,MEDIUM,High diff pressure,"2,45"
EVT-00008730,2026-09-08T12:30:23-05:00,PUMP_01_FLOW,LOW_FLOW,HIGH,null,N/A
evt-00008731,2026-09-16T11:52:07-05:00,pump_01_flow,low_flow,high,Low flow,8.05
EVT-00008732,2026-09-23T17:00:10Z,FILLER_01_PRESSURE,LOW_PRESSURE,HIGH,Low pressure,1.63
 EVT-00008733 , 2026-09-30T15:09:21-05:00 , FILLER_01_PRESSURE , LOW_PRESSURE , HIGH , Low pressure , 1.89 
EVT-00008734,2026-09-09T15:47:02-05:00,FILLER_01_PRESSURE,LOW_PRESSURE,3,Low pressure,1.27
EVT-00008735,03/09/2026 18:29:06,COMPRESSOR_01_PRESSURE,LOW_PRESSURE,HIGH,Low pressure,1.32
EVT-00008736,2026-09-10 15:35:08,FILLER_01_PRESSURE,LOW_PRESSURE,HIGH,Low pressure,1.08
EVT-00008737,2026-09-30T08:50:55-05:00,FILLER_01_PRESSURE,LOW_PRESSURE,HIGH,Low pressure,"1,19"
EVT-00008738,2026-09-01T21:16:26-05:00,FILTER_01_DIFF_PRESSURE,HIGH_DIFF_PRESSURE,MEDIUM,null,N/A
evt-00008739,2026-09-20T14:58:30-05:00,conveyor_01_jam,jam,medium,Jam,1.00
EVT-00008740,2026-09-08T15:52:58Z,PUMP_01_MOTOR_FAULT,MOTOR_FAULT,CRITICAL,Motor fault,1.00
 EVT-00008741 , 2026-09-15T07:18:34-05:00 , FILTER_01_DIFF_PRESSURE , HIGH_DIFF_PRESSURE , MEDIUM , High diff pressure , 2.51 
EVT-00008742,2026-09-14T11:39:20-05:00,FILLER_01_CYCLE_FAULT,CYCLE_FAULT,3,Cycle fault,1.00
EVT-00008743,15/09/2026 15:38:13,FILLER_01_PRESSURE,LOW_PRESSURE,HIGH,Low pressure,1.63
EVT-00008744,2026-09-01 20:43:34,FILTER_01_DIFF_PRESSURE,HIGH_DIFF_PRESSURE,MEDIUM,High diff pressure,1.72
EVT-00008745,2026-09-07T12:23:20-05:00,TANK_OUT_01_LEVEL,LOW_LEVEL,HIGH,Low level,"11,32"
EVT-00008746,2026-09-02T21:12:07-05:00,CONVEYOR_01_JAM,JAM,MEDIUM,null,N/A
evt-00008747,2026-09-08T21:14:21-05:00,filter_01_diff_pressure,high_diff_pressure,medium,High diff pressure,1.69
EVT-00008748,2026-09-24T16:57:28Z,TANK_IN_01_LEVEL,LOW_LEVEL,HIGH,Low level,12.78
 EVT-00008749 , 2026-09-21T08:49:33-05:00 , FILTER_01_PRESSURE , HIGH_PRESSURE , HIGH , High pressure , 6.98 
EVT-00008750,2026-09-05T08:17:54-05:00,COMPRESSOR_01_PRESSURE,LOW_PRESSURE,3,Low pressure,3.68
EVT-00008751,29/09/2026 20:24:56,FILTER_01_DIFF_PRESSURE,HIGH_DIFF_PRESSURE,MEDIUM,High diff pressure,2.15
EVT-00008752,2026-09-29 09:02:50,FILTER_01_DIFF_PRESSURE,HIGH_DIFF_PRESSURE,MEDIUM,High diff pressure,2.82
EVT-00008753,2026-09-29T06:53:19-05:00,FILTER_01_DIFF_PRESSURE,HIGH_DIFF_PRESSURE,MEDIUM,High diff pressure,"2,93"
EVT-00008754,2026-09-14T17:55:19-05:00,FILLER_01_CYCLE_FAULT,CYCLE_FAULT,HIGH,null,N/A
evt-00008755,2026-09-26T17:32:14-05:00,compressor_01_pressure,low_pressure,high,Low pressure,3.59
EVT-00008756,2026-09-09T11:08:51Z,COMPRESSOR_01_TEMP,HIGH_TEMPERATURE,HIGH,High temperature,104.35
 EVT-00008757 , 2026-09-10T16:04:37-05:00 , PUMP_01_FLOW , LOW_FLOW , HIGH , Low flow , 1.10 
EVT-00008758,2026-09-28T12:04:25-05:00,TANK_IN_01_LEVEL,LOW_LEVEL,3,Low level,5.48
EVT-00008759,08/09/2026 12:49:18,FILTER_01_DIFF_PRESSURE,HIGH_DIFF_PRESSURE,MEDIUM,High diff pressure,2.94
EVT-00008760,2026-09-22 07:53:57,FILTER_01_DIFF_PRESSURE,HIGH_DIFF_PRESSURE,MEDIUM,High diff pressure,2.48
EVT-00008761,2026-09-15T13:35:17-05:00,FILTER_01_DIFF_PRESSURE,HIGH_DIFF_PRESSURE,MEDIUM,High diff pressure,"1,64"
EVT-00008762,2026-09-29T08:48:28-05:00,FILTER_01_DIFF_PRESSURE,HIGH_DIFF_PRESSURE,MEDIUM,null,N/A
evt-00008763,2026-09-29T13:57:46-05:00,tank_in_01_level,low_level,high,Low level,10.92
EVT-00008764,2026-10-01T00:36:43Z,CONVEYOR_01_MOTOR_TEMP,HIGH_TEMPERATURE,LOW,High temperature,87.88
 EVT-00008765 , 2026-09-21T18:45:08-05:00 , COMPRESSOR_01_TEMP , HIGH_TEMPERATURE , HIGH , High temperature , 101.64 
EVT-00008766,2026-09-02T17:27:10-05:00,TANK_OUT_01_LEVEL,LOW_LEVEL,3,Low level,7.81
EVT-00008767,13/09/2026 18:41:03,FILLER_01_CYCLE_FAULT,CYCLE_FAULT,HIGH,Cycle fault,1.00
EVT-00008768,2026-09-03 07:56:57,FILLER_01_PRESSURE,LOW_PRESSURE,HIGH,Low pressure,1.63
EVT-00008769,2026-09-23T15:39:40-05:00,FILLER_01_PRESSURE,LOW_PRESSURE,HIGH,Low pressure,"0,99"
EVT-00008770,2026-09-08T20:37:06-05:00,FILTER_01_DIFF_PRESSURE,HIGH_DIFF_PRESSURE,MEDIUM,null,N/A
evt-00008771,2026-09-01T09:06:27-05:00,filter_01_diff_pressure,high_diff_pressure,medium,High diff pressure,1.81
EVT-00008772,2026-09-12T16:50:35Z,COMPRESSOR_01_PRESSURE,LOW_PRESSURE,HIGH,Low pressure,4.69
 EVT-00008773 , 2026-09-26T17:48:53-05:00 , COMPRESSOR_01_PRESSURE , LOW_PRESSURE , HIGH , Low pressure , 4.36 
EVT-00008774,2026-09-08T21:40:19-05:00,PUMP_01_FLOW,LOW_FLOW,3,Low flow,1.40
EVT-00008775,15/09/2026 12:11:34,FILLER_01_PRESSURE,LOW_PRESSURE,HIGH,Low pressure,0.91
EVT-00008776,2026-09-03 08:53:21,TANK_OUT_01_LEVEL,LOW_LEVEL,HIGH,Low level,8.91
EVT-00008777,2026-09-09T09:57:36-05:00,PUMP_01_FLOW,LOW_FLOW,HIGH,Low flow,"13,43"
EVT-00008778,2026-09-22T17:40:31-05:00,FILTER_01_DIFF_PRESSURE,HIGH_DIFF_PRESSURE,MEDIUM,null,N/A
evt-00008779,2026-09-24T13:11:54-05:00,pump_01_motor_fault,motor_fault,critical,Motor fault,1.00
EVT-00008780,2026-09-30T01:08:25Z,FILTER_01_DIFF_PRESSURE,HIGH_DIFF_PRESSURE,MEDIUM,High diff pressure,1.65
 EVT-00008781 , 2026-09-27T12:15:04-05:00 , CONVEYOR_01_JAM , JAM , MEDIUM , Jam , 1.00 
EVT-00008782,2026-09-29T16:14:29-05:00,FILLER_01_PRESSURE,LOW_PRESSURE,3,Low pressure,1.88
EVT-00008783,04/09/2026 17:03:10,TANK_OUT_01_LEVEL,LOW_LEVEL,HIGH,Low level,11.33
EVT-00008784,2026-09-16 12:49:12,TANK_IN_01_LEVEL,LOW_LEVEL,HIGH,Low level,8.58
EVT-00008785,2026-09-19T18:20:06-05:00,TANK_IN_01_LEVEL,LOW_LEVEL,HIGH,Low level,"6,67"
EVT-00008786,2026-09-15T16:59:44-05:00,FILTER_01_DIFF_PRESSURE,HIGH_DIFF_PRESSURE,MEDIUM,null,N/A
evt-00008787,2026-09-01T13:49:04-05:00,filter_01_diff_pressure,high_diff_pressure,medium,High diff pressure,2.30
EVT-00008788,2026-09-06T20:27:59Z,FILLER_01_PRESSURE,LOW_PRESSURE,HIGH,Low pressure,1.82
 EVT-00008789 , 2026-09-17T20:12:38-05:00 , FILLER_01_CYCLE_FAULT , CYCLE_FAULT , HIGH , Cycle fault , 1.00 
EVT-00008790,2026-09-16T10:57:13-05:00,FILLER_01_PRESSURE,LOW_PRESSURE,3,Low pressure,1.22
EVT-00008791,15/09/2026 12:54:13,FILTER_01_DIFF_PRESSURE,HIGH_DIFF_PRESSURE,MEDIUM,High diff pressure,2.41
EVT-00008792,2026-09-02 14:45:49,TANK_OUT_01_LEVEL,HIGH_LEVEL,MEDIUM,High level,91.19
EVT-00008793,2026-09-15T19:12:12-05:00,FILTER_01_DIFF_PRESSURE,HIGH_DIFF_PRESSURE,MEDIUM,High diff pressure,"2,27"
EVT-00008794,2026-09-23T09:49:38-05:00,FILLER_01_PRESSURE,LOW_PRESSURE,HIGH,null,N/A
evt-00008795,2026-09-08T19:56:29-05:00,conveyor_01_jam,jam,medium,Jam,1.00
EVT-00008796,2026-09-22T19:58:04Z,TANK_OUT_01_LEVEL,LOW_LEVEL,HIGH,Low level,3.08
 EVT-00008797 , 2026-09-22T20:34:34-05:00 , FILTER_01_DIFF_PRESSURE , HIGH_DIFF_PRESSURE , MEDIUM , High diff pressure , 2.04 
EVT-00008798,2026-09-24T06:02:55-05:00,COMPRESSOR_01_PRESSURE,LOW_PRESSURE,3,Low pressure,3.98
EVT-00008799,20/09/2026 21:37:48,PUMP_01_MOTOR_FAULT,MOTOR_FAULT,CRITICAL,Motor fault,1.00
EVT-00008800,2026-09-23 10:23:13,TANK_OUT_01_LEVEL,LOW_LEVEL,HIGH,Low level,7.11
EVT-00008801,2026-09-12T09:49:55-05:00,CONVEYOR_01_MOTOR_TEMP,HIGH_TEMPERATURE,LOW,High temperature,"78,37"
EVT-00008802,2026-09-15T08:16:31-05:00,TANK_OUT_01_LEVEL,HIGH_LEVEL,MEDIUM,null,N/A
evt-00008803,2026-09-04T08:14:25-05:00,filler_01_pressure,low_pressure,high,Low pressure,0.95
EVT-00008804,2026-09-15T19:16:49Z,FILLER_01_PRESSURE,LOW_PRESSURE,HIGH,Low pressure,0.68
 EVT-00008805 , 2026-09-20T10:47:04-05:00 , FILLER_01_CYCLE_FAULT , CYCLE_FAULT , HIGH , Cycle fault , 1.00 
EVT-00008806,2026-09-27T18:00:05-05:00,FILLER_01_PRESSURE,LOW_PRESSURE,3,Low pressure,0.77
EVT-00008807,16/09/2026 08:25:48,FILLER_01_PRESSURE,LOW_PRESSURE,HIGH,Low pressure,0.54
EVT-00008808,2026-09-15 14:31:30,FILTER_01_DIFF_PRESSURE,HIGH_DIFF_PRESSURE,MEDIUM,High diff pressure,2.88
EVT-00008809,2026-09-15T07:53:26-05:00,FILTER_01_DIFF_PRESSURE,HIGH_DIFF_PRESSURE,MEDIUM,High diff pressure,"2,17"
EVT-00008810,2026-09-22T11:37:31-05:00,FILTER_01_DIFF_PRESSURE,HIGH_DIFF_PRESSURE,MEDIUM,null,N/A
evt-00008811,2026-09-15T21:56:19-05:00,filter_01_diff_pressure,high_diff_pressure,medium,High diff pressure,2.55
EVT-00008812,2026-09-20T23:06:33Z,FILTER_01_PRESSURE,HIGH_PRESSURE,HIGH,High pressure,7.70
 EVT-00008813 , 2026-09-28T08:37:54-05:00 , PUMP_01_FLOW , LOW_FLOW , HIGH , Low flow , 11.98 
EVT-00008814,2026-09-15T12:21:46-05:00,FILTER_01_DIFF_PRESSURE,HIGH_DIFF_PRESSURE,2,High diff pressure,1.64
EVT-00008815,22/09/2026 19:39:03,CONVEYOR_01_JAM,JAM,MEDIUM,Jam,1.00
EVT-00008816,2026-09-20 11:29:13,TANK_OUT_01_LEVEL,LOW_LEVEL,HIGH,Low level,10.99
EVT-00008817,2026-09-29T07:46:44-05:00,FILTER_01_DIFF_PRESSURE,HIGH_DIFF_PRESSURE,MEDIUM,High diff pressure,"2,64"
EVT-00008818,2026-09-08T20:20:04-05:00,FILTER_01_DIFF_PRESSURE,HIGH_DIFF_PRESSURE,MEDIUM,null,N/A
evt-00008819,2026-09-09T17:26:01-05:00,filler_01_cycle_fault,cycle_fault,high,Cycle fault,1.00
EVT-00008820,2026-09-14T14:03:06Z,FILLER_01_CYCLE_FAULT,CYCLE_FAULT,HIGH,Cycle fault,1.00
 EVT-00008821 , 2026-09-24T17:55:39-05:00 , PUMP_01_FLOW , LOW_FLOW , HIGH , Low flow , 17.11 
EVT-00008822,2026-09-10T14:05:00-05:00,COMPRESSOR_01_PRESSURE,LOW_PRESSURE,3,Low pressure,1.00
EVT-00008823,22/09/2026 07:51:09,FILTER_01_DIFF_PRESSURE,HIGH_DIFF_PRESSURE,MEDIUM,High diff pressure,2.24
EVT-00008824,2026-09-29 14:05:36,FILTER_01_DIFF_PRESSURE,HIGH_DIFF_PRESSURE,MEDIUM,High diff pressure,1.84
EVT-00008825,2026-09-16T18:11:12-05:00,PUMP_01_MOTOR_FAULT,MOTOR_FAULT,CRITICAL,Motor fault,"1,00"
EVT-00008826,2026-09-26T20:56:13-05:00,FILLER_01_PRESSURE,LOW_PRESSURE,HIGH,null,N/A
evt-00008827,2026-09-10T08:15:58-05:00,pump_01_motor_fault,motor_fault,critical,Motor fault,1.00
EVT-00008828,2026-09-19T17:11:25Z,FILLER_01_PRESSURE,LOW_PRESSURE,HIGH,Low pressure,0.20
 EVT-00008829 , 2026-09-07T15:05:23-05:00 , TANK_OUT_01_LEVEL , LOW_LEVEL , HIGH , Low level , 6.80 
EVT-00008830,2026-09-22T06:40:30-05:00,FILTER_01_DIFF_PRESSURE,HIGH_DIFF_PRESSURE,2,High diff pressure,1.91
EVT-00008831,07/09/2026 17:04:37,FILTER_01_PRESSURE,HIGH_PRESSURE,HIGH,High pressure,8.08
EVT-00008832,2026-09-03 14:22:34,TANK_IN_01_LEVEL,HIGH_LEVEL,MEDIUM,High level,94.56
EVT-00008833,2026-09-01T17:59:51-05:00,FILLER_01_PRESSURE,LOW_PRESSURE,HIGH,Low pressure,"0,20"
EVT-00008834,2026-09-15T19:38:52-05:00,FILLER_01_CYCLE_FAULT,CYCLE_FAULT,HIGH,null,N/A
evt-00008835,2026-09-15T16:25:37-05:00,compressor_01_pressure,low_pressure,high,Low pressure,4.30
EVT-00008836,2026-09-02T19:53:59Z,PUMP_01_MOTOR_FAULT,MOTOR_FAULT,CRITICAL,Motor fault,1.00
 EVT-00008837 , 2026-09-06T15:37:48-05:00 , FILLER_01_PRESSURE , LOW_PRESSURE , HIGH , Low pressure , 0.90 
EVT-00008838,2026-09-01T13:14:34-05:00,FILTER_01_DIFF_PRESSURE,HIGH_DIFF_PRESSURE,2,High diff pressure,1.99
EVT-00008839,26/09/2026 12:38:51,TANK_IN_01_LEVEL,HIGH_LEVEL,MEDIUM,High level,96.92
EVT-00008840,2026-09-08 18:05:54,CONVEYOR_01_JAM,JAM,MEDIUM,Jam,1.00
EVT-00008841,2026-09-08T12:25:30-05:00,FILTER_01_DIFF_PRESSURE,HIGH_DIFF_PRESSURE,MEDIUM,High diff pressure,"2,10"
EVT-00008842,2026-09-16T10:22:18-05:00,CONVEYOR_01_JAM,JAM,MEDIUM,null,N/A
evt-00008843,2026-09-26T12:28:53-05:00,compressor_01_pressure,low_pressure,high,Low pressure,4.60
EVT-00008844,2026-09-14T11:49:40Z,TANK_OUT_01_LEVEL,LOW_LEVEL,HIGH,Low level,11.01
 EVT-00008845 , 2026-09-05T08:25:05-05:00 , TANK_IN_01_LEVEL , LOW_LEVEL , HIGH , Low level , 11.93 
EVT-00008846,2026-09-09T20:10:58-05:00,TANK_OUT_01_LEVEL,LOW_LEVEL,3,Low level,2.74
EVT-00008847,08/09/2026 20:34:44,COMPRESSOR_01_PRESSURE,LOW_PRESSURE,HIGH,Low pressure,2.76
EVT-00008848,2026-09-25 09:31:44,CONVEYOR_01_JAM,JAM,MEDIUM,Jam,1.00
EVT-00008849,2026-09-07T06:51:28-05:00,TANK_IN_01_LEVEL,LOW_LEVEL,HIGH,Low level,"13,36"
EVT-00008850,2026-09-28T11:38:28-05:00,FILTER_01_PRESSURE,HIGH_PRESSURE,HIGH,null,N/A
evt-00008851,2026-09-10T17:11:10-05:00,tank_out_01_level,low_level,high,Low level,5.64
EVT-00008852,2026-09-08T16:42:35Z,FILTER_01_DIFF_PRESSURE,HIGH_DIFF_PRESSURE,MEDIUM,High diff pressure,2.82
 EVT-00008853 , 2026-09-24T16:20:09-05:00 , FILLER_01_PRESSURE , LOW_PRESSURE , HIGH , Low pressure , 1.15 
EVT-00008854,2026-09-01T18:38:35-05:00,FILTER_01_DIFF_PRESSURE,HIGH_DIFF_PRESSURE,2,High diff pressure,2.28
EVT-00008855,01/09/2026 09:34:06,TANK_OUT_01_LEVEL,LOW_LEVEL,HIGH,Low level,1.22
EVT-00008856,2026-09-30 14:18:22,FILLER_01_PRESSURE,LOW_PRESSURE,HIGH,Low pressure,1.82
EVT-00008857,2026-09-26T12:37:48-05:00,FILLER_01_PRESSURE,LOW_PRESSURE,HIGH,Low pressure,"1,70"
EVT-00008858,2026-09-15T16:12:27-05:00,FILTER_01_DIFF_PRESSURE,HIGH_DIFF_PRESSURE,MEDIUM,null,N/A
evt-00008859,2026-09-01T15:21:03-05:00,filter_01_diff_pressure,high_diff_pressure,medium,High diff pressure,2.04
EVT-00008860,2026-09-11T14:18:13Z,COMPRESSOR_01_TEMP,HIGH_TEMPERATURE,HIGH,High temperature,113.00
 EVT-00008861 , 2026-09-24T14:34:19-05:00 , PUMP_01_FLOW , LOW_FLOW , HIGH , Low flow , 17.58 
EVT-00008862,2026-09-09T18:52:49-05:00,TANK_OUT_01_LEVEL,HIGH_LEVEL,2,High level,98.97
EVT-00008863,05/09/2026 15:13:19,CONVEYOR_01_JAM,JAM,MEDIUM,Jam,1.00
EVT-00008864,2026-09-29 07:53:15,FILTER_01_DIFF_PRESSURE,HIGH_DIFF_PRESSURE,MEDIUM,High diff pressure,1.82
EVT-00008865,2026-09-22T08:20:16-05:00,CONVEYOR_01_JAM,JAM,MEDIUM,Jam,"1,00"
EVT-00008866,2026-09-06T07:22:31-05:00,CONVEYOR_01_JAM,JAM,MEDIUM,null,N/A
evt-00008867,2026-09-06T11:52:00-05:00,filler_01_pressure,low_pressure,high,Low pressure,0.50
EVT-00008868,2026-09-03T12:58:11Z,CONVEYOR_01_JAM,JAM,MEDIUM,Jam,1.00
 EVT-00008869 , 2026-09-18T16:19:58-05:00 , CONVEYOR_01_JAM , JAM , MEDIUM , Jam , 1.00 
EVT-00008870,2026-09-26T17:15:46-05:00,CONVEYOR_01_JAM,JAM,2,Jam,1.00
EVT-00008871,15/09/2026 14:13:09,FILTER_01_DIFF_PRESSURE,HIGH_DIFF_PRESSURE,MEDIUM,High diff pressure,2.27
EVT-00008872,2026-09-09 12:52:22,FILLER_01_PRESSURE,LOW_PRESSURE,HIGH,Low pressure,1.05
EVT-00008873,2026-09-06T12:49:21-05:00,FILLER_01_PRESSURE,LOW_PRESSURE,HIGH,Low pressure,"1,85"
EVT-00008874,2026-09-09T11:12:50-05:00,CONVEYOR_01_JAM,JAM,MEDIUM,null,N/A
evt-00008875,2026-09-04T20:30:51-05:00,tank_in_01_level,high_level,medium,High level,98.91
EVT-00008876,2026-09-23T02:28:25Z,FILLER_01_PRESSURE,LOW_PRESSURE,HIGH,Low pressure,1.88
 EVT-00008877 , 2026-09-08T12:57:17-05:00 , FILTER_01_DIFF_PRESSURE , HIGH_DIFF_PRESSURE , MEDIUM , High diff pressure , 2.75 
EVT-00008878,2026-09-01T18:30:33-05:00,PUMP_01_FLOW,LOW_FLOW,3,Low flow,7.92
EVT-00008879,07/09/2026 16:03:36,PUMP_01_FLOW,LOW_FLOW,HIGH,Low flow,17.90
EVT-00008880,2026-09-18 07:49:31,FILLER_01_PRESSURE,LOW_PRESSURE,HIGH,Low pressure,1.86
EVT-00008881,2026-09-15T21:14:46-05:00,TANK_OUT_01_LEVEL,HIGH_LEVEL,MEDIUM,High level,"98,39"
EVT-00008882,2026-09-15T20:12:19-05:00,FILTER_01_DIFF_PRESSURE,HIGH_DIFF_PRESSURE,MEDIUM,null,N/A
evt-00008883,2026-09-29T11:05:14-05:00,tank_out_01_level,low_level,high,Low level,11.17
EVT-00008884,2026-09-09T17:57:14Z,COMPRESSOR_01_PRESSURE,LOW_PRESSURE,HIGH,Low pressure,4.43
 EVT-00008885 , 2026-09-01T07:21:22-05:00 , PUMP_01_FLOW , LOW_FLOW , HIGH , Low flow , 6.34 
EVT-00008886,2026-09-08T09:36:37-05:00,FILLER_01_PRESSURE,LOW_PRESSURE,3,Low pressure,0.72
EVT-00008887,01/09/2026 07:46:26,FILTER_01_DIFF_PRESSURE,HIGH_DIFF_PRESSURE,MEDIUM,High diff pressure,1.88
EVT-00008888,2026-09-06 15:51:41,PUMP_01_FLOW,LOW_FLOW,HIGH,Low flow,5.24
EVT-00008889,2026-09-01T09:33:38-05:00,COMPRESSOR_01_PRESSURE,LOW_PRESSURE,HIGH,Low pressure,"1,00"
EVT-00008890,2026-09-29T20:09:28-05:00,TANK_OUT_01_LEVEL,LOW_LEVEL,HIGH,null,N/A
evt-00008891,2026-09-15T14:47:27-05:00,compressor_01_pressure,low_pressure,high,Low pressure,1.23
EVT-00008892,2026-09-01T18:40:42Z,FILLER_01_CYCLE_FAULT,CYCLE_FAULT,HIGH,Cycle fault,1.00
 EVT-00008893 , 2026-09-29T10:19:07-05:00 , FILTER_01_DIFF_PRESSURE , HIGH_DIFF_PRESSURE , MEDIUM , High diff pressure , 2.79 
EVT-00008894,2026-09-29T12:47:36-05:00,FILTER_01_DIFF_PRESSURE,HIGH_DIFF_PRESSURE,2,High diff pressure,1.60
EVT-00008895,21/09/2026 14:47:19,FILTER_01_PRESSURE,HIGH_PRESSURE,HIGH,High pressure,6.43
EVT-00008896,2026-09-06 07:42:27,FILLER_01_PRESSURE,LOW_PRESSURE,HIGH,Low pressure,1.37
EVT-00008897,2026-09-10T15:55:56-05:00,PUMP_01_FLOW,LOW_FLOW,HIGH,Low flow,"11,72"
EVT-00008898,2026-09-13T16:12:40-05:00,CONVEYOR_01_JAM,JAM,MEDIUM,null,N/A
evt-00008899,2026-09-04T15:07:13-05:00,filler_01_pressure,low_pressure,high,Low pressure,1.09
EVT-00008900,2026-09-08T11:48:50Z,CONVEYOR_01_JAM,JAM,MEDIUM,Jam,1.00
 EVT-00008901 , 2026-09-22T08:56:46-05:00 , COMPRESSOR_01_PRESSURE , LOW_PRESSURE , HIGH , Low pressure , 2.98 
EVT-00008902,2026-09-21T11:58:49-05:00,CONVEYOR_01_JAM,JAM,2,Jam,1.00
EVT-00008903,14/09/2026 14:30:22,PUMP_01_MOTOR_FAULT,MOTOR_FAULT,CRITICAL,Motor fault,1.00
EVT-00008904,2026-09-20 07:31:00,TANK_IN_01_LEVEL,HIGH_LEVEL,MEDIUM,High level,95.10
EVT-00008905,2026-09-23T18:27:51-05:00,TANK_IN_01_LEVEL,LOW_LEVEL,HIGH,Low level,"5,72"
EVT-00008906,2026-09-01T13:02:36-05:00,FILLER_01_PRESSURE,LOW_PRESSURE,HIGH,null,N/A
evt-00008907,2026-09-19T06:36:15-05:00,conveyor_01_jam,jam,medium,Jam,1.00
EVT-00008908,2026-09-08T16:25:53Z,FILLER_01_PRESSURE,LOW_PRESSURE,HIGH,Low pressure,0.43
 EVT-00008909 , 2026-09-01T18:50:13-05:00 , FILTER_01_DIFF_PRESSURE , HIGH_DIFF_PRESSURE , MEDIUM , High diff pressure , 2.75 
EVT-00008910,2026-09-04T16:03:16-05:00,FILLER_01_PRESSURE,LOW_PRESSURE,3,Low pressure,0.27
EVT-00008911,12/09/2026 16:10:11,FILLER_01_CYCLE_FAULT,CYCLE_FAULT,HIGH,Cycle fault,1.00
EVT-00008912,2026-09-18 08:35:19,PUMP_01_FLOW,LOW_FLOW,HIGH,Low flow,12.86
EVT-00008913,2026-09-01T14:25:01-05:00,FILTER_01_DIFF_PRESSURE,HIGH_DIFF_PRESSURE,MEDIUM,High diff pressure,"2,30"
EVT-00008914,2026-09-11T10:29:21-05:00,PUMP_01_FLOW,LOW_FLOW,HIGH,null,N/A
evt-00008915,2026-09-21T13:14:41-05:00,tank_out_01_level,high_level,medium,High level,98.46
EVT-00008916,2026-09-28T17:12:23Z,PUMP_01_FLOW,LOW_FLOW,HIGH,Low flow,4.51
 EVT-00008917 , 2026-09-01T08:33:34-05:00 , FILTER_01_DIFF_PRESSURE , HIGH_DIFF_PRESSURE , MEDIUM , High diff pressure , 2.04 
EVT-00008918,2026-09-19T19:22:47-05:00,TANK_IN_01_LEVEL,HIGH_LEVEL,2,High level,98.74
EVT-00008919,23/09/2026 15:17:06,TANK_IN_01_LEVEL,LOW_LEVEL,HIGH,Low level,10.32
EVT-00008920,2026-09-15 15:21:51,FILTER_01_DIFF_PRESSURE,HIGH_DIFF_PRESSURE,MEDIUM,High diff pressure,1.62
EVT-00008921,2026-09-27T16:59:09-05:00,PUMP_01_FLOW,LOW_FLOW,HIGH,Low flow,"5,74"
EVT-00008922,2026-09-12T15:55:32-05:00,PUMP_01_FLOW,LOW_FLOW,HIGH,null,N/A
evt-00008923,2026-09-27T11:25:32-05:00,filler_01_cycle_fault,cycle_fault,high,Cycle fault,1.00
EVT-00008924,2026-09-20T22:37:42Z,FILLER_01_PRESSURE,LOW_PRESSURE,HIGH,Low pressure,0.31
 EVT-00008925 , 2026-09-12T14:10:01-05:00 , TANK_IN_01_LEVEL , LOW_LEVEL , HIGH , Low level , 5.90 
EVT-00008926,2026-09-11T21:29:49-05:00,COMPRESSOR_01_PRESSURE,LOW_PRESSURE,3,Low pressure,1.43
EVT-00008927,11/09/2026 10:37:07,FILTER_01_PRESSURE,HIGH_PRESSURE,HIGH,High pressure,8.03
EVT-00008928,2026-09-25 18:33:57,TANK_OUT_01_LEVEL,LOW_LEVEL,HIGH,Low level,8.06
EVT-00008929,2026-09-29T08:57:57-05:00,PUMP_01_FLOW,LOW_FLOW,HIGH,Low flow,"16,04"
EVT-00008930,2026-09-02T20:42:20-05:00,TANK_IN_01_LEVEL,LOW_LEVEL,HIGH,null,N/A
evt-00008931,2026-09-18T10:27:06-05:00,pump_01_flow,low_flow,high,Low flow,4.87
EVT-00008932,2026-09-11T17:41:33Z,TANK_IN_01_LEVEL,LOW_LEVEL,HIGH,Low level,11.51
 EVT-00008933 , 2026-09-19T18:51:43-05:00 , COMPRESSOR_01_PRESSURE , LOW_PRESSURE , HIGH , Low pressure , 3.46 
EVT-00008934,2026-09-01T10:00:53-05:00,TANK_OUT_01_LEVEL,LOW_LEVEL,3,Low level,7.94
EVT-00008935,28/09/2026 16:58:31,CONVEYOR_01_JAM,JAM,MEDIUM,Jam,1.00
EVT-00008936,2026-09-30 14:58:25,TANK_IN_01_LEVEL,HIGH_LEVEL,MEDIUM,High level,91.83
EVT-00008937,2026-09-23T06:29:18-05:00,CONVEYOR_01_MOTOR_TEMP,HIGH_TEMPERATURE,LOW,High temperature,"74,93"
EVT-00008938,2026-09-14T15:06:28-05:00,TANK_IN_01_LEVEL,LOW_LEVEL,HIGH,null,N/A
evt-00008939,2026-09-29T16:26:00-05:00,compressor_01_pressure,low_pressure,high,Low pressure,2.55
EVT-00008940,2026-09-09T23:43:06Z,TANK_IN_01_LEVEL,LOW_LEVEL,HIGH,Low level,8.82
 EVT-00008941 , 2026-09-03T13:08:20-05:00 , TANK_IN_01_LEVEL , LOW_LEVEL , HIGH , Low level , 6.18 
EVT-00008942,2026-09-08T19:50:57-05:00,TANK_OUT_01_LEVEL,LOW_LEVEL,3,Low level,13.99
EVT-00008943,19/09/2026 11:50:21,FILLER_01_PRESSURE,LOW_PRESSURE,HIGH,Low pressure,0.63
EVT-00008944,2026-09-13 16:10:09,PUMP_01_FLOW,LOW_FLOW,HIGH,Low flow,6.30
EVT-00008945,2026-09-18T14:15:23-05:00,TANK_IN_01_LEVEL,HIGH_LEVEL,MEDIUM,High level,"98,82"
EVT-00008946,2026-09-15T14:27:40-05:00,CONVEYOR_01_JAM,JAM,MEDIUM,null,N/A
evt-00008947,2026-09-01T13:03:33-05:00,conveyor_01_motor_temp,high_temperature,low,High temperature,76.73
EVT-00008948,2026-09-11T22:56:35Z,PUMP_01_FLOW,LOW_FLOW,HIGH,Low flow,18.26
 EVT-00008949 , 2026-09-19T20:32:45-05:00 , FILLER_01_PRESSURE , LOW_PRESSURE , HIGH , Low pressure , 1.26 
EVT-00008950,2026-09-22T21:19:43-05:00,FILLER_01_PRESSURE,LOW_PRESSURE,3,Low pressure,0.69
EVT-00008951,21/09/2026 19:52:55,CONVEYOR_01_JAM,JAM,MEDIUM,Jam,1.00
EVT-00008952,2026-09-02 10:08:39,FILLER_01_CYCLE_FAULT,CYCLE_FAULT,HIGH,Cycle fault,1.00
EVT-00008953,2026-09-19T20:24:15-05:00,PUMP_01_FLOW,LOW_FLOW,HIGH,Low flow,"9,60"
EVT-00008954,2026-09-24T19:12:12-05:00,FILLER_01_CYCLE_FAULT,CYCLE_FAULT,HIGH,null,N/A
evt-00008955,2026-09-22T10:48:23-05:00,filter_01_diff_pressure,high_diff_pressure,medium,High diff pressure,2.47
EVT-00008956,2026-09-01T16:30:04Z,TANK_IN_01_LEVEL,HIGH_LEVEL,MEDIUM,High level,96.55
 EVT-00008957 , 2026-09-29T21:38:01-05:00 , FILTER_01_DIFF_PRESSURE , HIGH_DIFF_PRESSURE , MEDIUM , High diff pressure , 1.71 
EVT-00008958,2026-09-23T21:53:49-05:00,TANK_OUT_01_LEVEL,HIGH_LEVEL,2,High level,95.49
EVT-00008959,07/09/2026 21:21:32,FILLER_01_PRESSURE,LOW_PRESSURE,HIGH,Low pressure,0.39
EVT-00008960,2026-09-12 13:02:43,TANK_OUT_01_LEVEL,LOW_LEVEL,HIGH,Low level,1.40
EVT-00008961,2026-09-28T11:16:13-05:00,CONVEYOR_01_MOTOR_TEMP,HIGH_TEMPERATURE,LOW,High temperature,"74,32"
EVT-00008962,2026-09-15T16:49:11-05:00,FILTER_01_PRESSURE,HIGH_PRESSURE,HIGH,null,N/A
evt-00008963,2026-09-23T11:26:28-05:00,conveyor_01_jam,jam,medium,Jam,1.00
EVT-00008964,2026-09-01T12:54:53Z,FILTER_01_DIFF_PRESSURE,HIGH_DIFF_PRESSURE,MEDIUM,High diff pressure,1.87
 EVT-00008965 , 2026-09-19T14:36:16-05:00 , TANK_IN_01_LEVEL , LOW_LEVEL , HIGH , Low level , 9.03 
EVT-00008966,2026-09-22T12:35:27-05:00,FILTER_01_DIFF_PRESSURE,HIGH_DIFF_PRESSURE,2,High diff pressure,2.34
EVT-00008967,12/09/2026 13:36:55,FILLER_01_PRESSURE,LOW_PRESSURE,HIGH,Low pressure,0.97
EVT-00008968,2026-09-17 16:17:25,FILTER_01_PRESSURE,HIGH_PRESSURE,HIGH,High pressure,8.43
EVT-00008969,2026-09-13T18:26:09-05:00,PUMP_01_FLOW,LOW_FLOW,HIGH,Low flow,"12,80"
EVT-00008970,2026-09-17T12:09:01-05:00,PUMP_01_FLOW,LOW_FLOW,HIGH,null,N/A
evt-00008971,2026-09-22T06:27:00-05:00,compressor_01_pressure,low_pressure,high,Low pressure,4.88
EVT-00008972,2026-09-01T22:05:01Z,PUMP_01_FLOW,LOW_FLOW,HIGH,Low flow,11.39
 EVT-00008973 , 2026-09-22T12:55:18-05:00 , PUMP_01_MOTOR_FAULT , MOTOR_FAULT , CRITICAL , Motor fault , 1.00 
EVT-00008974,2026-09-01T21:20:37-05:00,FILLER_01_CYCLE_FAULT,CYCLE_FAULT,3,Cycle fault,1.00
EVT-00008975,29/09/2026 19:16:10,FILTER_01_DIFF_PRESSURE,HIGH_DIFF_PRESSURE,MEDIUM,High diff pressure,2.06
EVT-00008976,2026-09-21 19:04:03,COMPRESSOR_01_PRESSURE,LOW_PRESSURE,HIGH,Low pressure,3.08
EVT-00008977,2026-09-17T08:24:24-05:00,TANK_IN_01_LEVEL,LOW_LEVEL,HIGH,Low level,"9,39"
EVT-00008978,2026-09-16T06:36:53-05:00,FILLER_01_CYCLE_FAULT,CYCLE_FAULT,HIGH,null,N/A
evt-00008979,2026-09-29T14:18:18-05:00,compressor_01_pressure,low_pressure,high,Low pressure,3.24
EVT-00008980,2026-09-15T11:44:39Z,TANK_OUT_01_LEVEL,HIGH_LEVEL,MEDIUM,High level,98.75
 EVT-00008981 , 2026-09-19T16:17:07-05:00 , FILLER_01_PRESSURE , LOW_PRESSURE , HIGH , Low pressure , 1.14 
EVT-00008982,2026-09-08T15:02:51-05:00,PUMP_01_FLOW,LOW_FLOW,3,Low flow,10.59
EVT-00008983,29/09/2026 19:34:12,TANK_OUT_01_LEVEL,HIGH_LEVEL,MEDIUM,High level,98.77
EVT-00008984,2026-09-03 18:11:54,COMPRESSOR_01_PRESSURE,LOW_PRESSURE,HIGH,Low pressure,1.43
EVT-00008985,2026-09-15T19:49:20-05:00,TANK_IN_01_LEVEL,LOW_LEVEL,HIGH,Low level,"5,88"
EVT-00008986,2026-09-04T08:22:00-05:00,COMPRESSOR_01_TEMP,HIGH_TEMPERATURE,HIGH,null,N/A
evt-00008987,2026-09-06T09:24:43-05:00,tank_out_01_level,high_level,medium,High level,97.76
EVT-00008988,2026-09-14T20:49:25Z,CONVEYOR_01_JAM,JAM,MEDIUM,Jam,1.00
 EVT-00008989 , 2026-09-08T10:13:13-05:00 , FILTER_01_DIFF_PRESSURE , HIGH_DIFF_PRESSURE , MEDIUM , High diff pressure , 2.09 
EVT-00008990,2026-09-25T10:24:10-05:00,FILLER_01_PRESSURE,LOW_PRESSURE,3,Low pressure,0.23
EVT-00008991,07/09/2026 17:13:41,FILLER_01_CYCLE_FAULT,CYCLE_FAULT,HIGH,Cycle fault,1.00
EVT-00008992,2026-09-13 06:24:38,PUMP_01_MOTOR_FAULT,MOTOR_FAULT,CRITICAL,Motor fault,1.00
EVT-00008993,2026-09-29T06:30:04-05:00,CONVEYOR_01_JAM,JAM,MEDIUM,Jam,"1,00"
EVT-00008994,2026-09-09T18:53:01-05:00,TANK_OUT_01_LEVEL,LOW_LEVEL,HIGH,null,N/A
evt-00008995,2026-09-01T13:15:37-05:00,filler_01_pressure,low_pressure,high,Low pressure,1.66
EVT-00008996,2026-09-08T14:28:19Z,FILTER_01_DIFF_PRESSURE,HIGH_DIFF_PRESSURE,MEDIUM,High diff pressure,2.47
 EVT-00008997 , 2026-09-22T11:52:55-05:00 , FILTER_01_DIFF_PRESSURE , HIGH_DIFF_PRESSURE , MEDIUM , High diff pressure , 1.95 
EVT-00008998,2026-09-03T08:29:08-05:00,TANK_OUT_01_LEVEL,HIGH_LEVEL,2,High level,96.17
EVT-00008999,22/09/2026 19:01:24,FILTER_01_DIFF_PRESSURE,HIGH_DIFF_PRESSURE,MEDIUM,High diff pressure,1.72
EVT-00009000,2026-09-13 21:40:58,TANK_IN_01_LEVEL,LOW_LEVEL,HIGH,Low level,6.42
EVT-00009001,2026-09-29T21:04:25-05:00,PUMP_01_MOTOR_FAULT,MOTOR_FAULT,CRITICAL,Motor fault,"1,00"
EVT-00009002,2026-09-22T20:11:49-05:00,FILTER_01_DIFF_PRESSURE,HIGH_DIFF_PRESSURE,MEDIUM,null,N/A
evt-00009003,2026-09-04T16:32:02-05:00,pump_01_motor_fault,motor_fault,critical,Motor fault,1.00
EVT-00009004,2026-09-12T17:22:21Z,PUMP_01_MOTOR_FAULT,MOTOR_FAULT,CRITICAL,Motor fault,1.00
 EVT-00009005 , 2026-09-17T20:36:10-05:00 , COMPRESSOR_01_PRESSURE , LOW_PRESSURE , HIGH , Low pressure , 1.03 
EVT-00009006,2026-09-22T13:28:02-05:00,FILTER_01_DIFF_PRESSURE,HIGH_DIFF_PRESSURE,2,High diff pressure,2.37
EVT-00009007,12/09/2026 12:03:44,COMPRESSOR_01_TEMP,HIGH_TEMPERATURE,HIGH,High temperature,97.22
EVT-00009008,2026-09-28 13:43:25,FILTER_01_PRESSURE,HIGH_PRESSURE,HIGH,High pressure,8.91
EVT-00009009,2026-09-15T15:54:34-05:00,TANK_OUT_01_LEVEL,LOW_LEVEL,HIGH,Low level,"9,12"
EVT-00009010,2026-09-06T06:45:55-05:00,TANK_IN_01_LEVEL,LOW_LEVEL,HIGH,null,N/A
evt-00009011,2026-09-05T09:04:21-05:00,filler_01_pressure,low_pressure,high,Low pressure,0.41
EVT-00009012,2026-09-03T19:44:52Z,PUMP_01_MOTOR_FAULT,MOTOR_FAULT,CRITICAL,Motor fault,1.00
 EVT-00009013 , 2026-09-03T17:18:46-05:00 , COMPRESSOR_01_PRESSURE , LOW_PRESSURE , HIGH , Low pressure , 4.67 
EVT-00009014,2026-09-18T13:18:18-05:00,COMPRESSOR_01_PRESSURE,LOW_PRESSURE,3,Low pressure,3.12
EVT-00009015,19/09/2026 20:07:15,COMPRESSOR_01_PRESSURE,LOW_PRESSURE,HIGH,Low pressure,3.95
EVT-00009016,2026-09-18 20:45:56,FILLER_01_PRESSURE,LOW_PRESSURE,HIGH,Low pressure,1.30
EVT-00009017,2026-09-25T14:48:41-05:00,TANK_OUT_01_LEVEL,LOW_LEVEL,HIGH,Low level,"4,26"
EVT-00009018,2026-09-17T15:02:55-05:00,COMPRESSOR_01_PRESSURE,LOW_PRESSURE,HIGH,null,N/A
evt-00009019,2026-09-23T07:23:19-05:00,conveyor_01_jam,jam,medium,Jam,1.00
EVT-00009020,2026-09-26T16:38:17Z,CONVEYOR_01_JAM,JAM,MEDIUM,Jam,1.00
 EVT-00009021 , 2026-09-06T16:29:26-05:00 , CONVEYOR_01_JAM , JAM , MEDIUM , Jam , 1.00 
EVT-00009022,2026-09-22T16:30:42-05:00,FILTER_01_PRESSURE,HIGH_PRESSURE,3,High pressure,8.10
EVT-00009023,01/09/2026 13:46:31,FILTER_01_DIFF_PRESSURE,HIGH_DIFF_PRESSURE,MEDIUM,High diff pressure,1.62
EVT-00009024,2026-09-25 09:19:36,PUMP_01_FLOW,LOW_FLOW,HIGH,Low flow,12.09
EVT-00009025,2026-09-01T14:34:27-05:00,TANK_OUT_01_LEVEL,LOW_LEVEL,HIGH,Low level,"1,09"
EVT-00009026,2026-09-03T18:46:18-05:00,TANK_IN_01_LEVEL,LOW_LEVEL,HIGH,null,N/A
evt-00009027,2026-09-16T11:41:01-05:00,pump_01_flow,low_flow,high,Low flow,7.93
EVT-00009028,2026-09-05T11:23:09Z,FILLER_01_PRESSURE,LOW_PRESSURE,HIGH,Low pressure,0.47
 EVT-00009029 , 2026-09-24T18:48:12-05:00 , FILLER_01_PRESSURE , LOW_PRESSURE , HIGH , Low pressure , 1.77 
EVT-00009030,2026-09-03T19:09:52-05:00,FILLER_01_CYCLE_FAULT,CYCLE_FAULT,3,Cycle fault,1.00
EVT-00009031,15/09/2026 10:56:38,FILTER_01_DIFF_PRESSURE,HIGH_DIFF_PRESSURE,MEDIUM,High diff pressure,1.77
EVT-00009032,2026-09-29 15:04:15,FILTER_01_DIFF_PRESSURE,HIGH_DIFF_PRESSURE,MEDIUM,High diff pressure,1.95
EVT-00009033,2026-09-23T07:14:26-05:00,FILLER_01_PRESSURE,LOW_PRESSURE,HIGH,Low pressure,"0,24"
EVT-00009034,2026-09-09T13:23:13-05:00,CONVEYOR_01_MOTOR_TEMP,HIGH_TEMPERATURE,LOW,null,N/A
evt-00009035,2026-09-15T11:49:01-05:00,pump_01_flow,low_flow,high,Low flow,14.31
EVT-00009036,2026-09-25T12:46:41Z,FILLER_01_CYCLE_FAULT,CYCLE_FAULT,HIGH,Cycle fault,1.00
 EVT-00009037 , 2026-09-22T18:23:20-05:00 , PUMP_01_FLOW , LOW_FLOW , HIGH , Low flow , 12.69 
EVT-00009038,2026-09-15T09:06:34-05:00,FILTER_01_DIFF_PRESSURE,HIGH_DIFF_PRESSURE,2,High diff pressure,1.73
EVT-00009039,24/09/2026 13:14:59,PUMP_01_FLOW,LOW_FLOW,HIGH,Low flow,2.13
EVT-00009040,2026-09-30 19:57:46,FILTER_01_PRESSURE,HIGH_PRESSURE,HIGH,High pressure,7.84
EVT-00009041,2026-09-29T20:39:17-05:00,FILTER_01_DIFF_PRESSURE,HIGH_DIFF_PRESSURE,MEDIUM,High diff pressure,"2,08"
EVT-00009042,2026-09-19T12:46:49-05:00,PUMP_01_FLOW,LOW_FLOW,HIGH,null,N/A
evt-00009043,2026-09-05T10:19:51-05:00,compressor_01_pressure,low_pressure,high,Low pressure,4.52
EVT-00009044,2026-09-13T20:44:15Z,TANK_OUT_01_LEVEL,LOW_LEVEL,HIGH,Low level,1.21
 EVT-00009045 , 2026-09-01T21:44:11-05:00 , FILTER_01_DIFF_PRESSURE , HIGH_DIFF_PRESSURE , MEDIUM , High diff pressure , 2.26 
EVT-00009046,2026-09-29T08:47:41-05:00,FILTER_01_DIFF_PRESSURE,HIGH_DIFF_PRESSURE,2,High diff pressure,2.18
EVT-00009047,16/09/2026 07:22:26,PUMP_01_FLOW,LOW_FLOW,HIGH,Low flow,6.48
EVT-00009048,2026-09-18 12:13:49,FILLER_01_CYCLE_FAULT,CYCLE_FAULT,HIGH,Cycle fault,1.00
EVT-00009049,2026-09-15T06:07:36-05:00,FILLER_01_PRESSURE,LOW_PRESSURE,HIGH,Low pressure,"0,34"
EVT-00009050,2026-09-01T16:17:40-05:00,FILTER_01_DIFF_PRESSURE,HIGH_DIFF_PRESSURE,MEDIUM,null,N/A
evt-00009051,2026-09-28T14:47:59-05:00,tank_out_01_level,low_level,high,Low level,3.70
EVT-00009052,2026-09-05T17:22:43Z,TANK_IN_01_LEVEL,LOW_LEVEL,HIGH,Low level,2.50
 EVT-00009053 , 2026-09-02T08:10:09-05:00 , TANK_OUT_01_LEVEL , LOW_LEVEL , HIGH , Low level , 12.51 
EVT-00009054,2026-09-24T19:07:22-05:00,PUMP_01_FLOW,LOW_FLOW,3,Low flow,8.22
EVT-00009055,08/09/2026 18:50:04,PUMP_01_FLOW,LOW_FLOW,HIGH,Low flow,4.05
EVT-00009056,2026-09-15 21:19:26,COMPRESSOR_01_PRESSURE,LOW_PRESSURE,HIGH,Low pressure,1.01
EVT-00009057,2026-09-19T17:47:10-05:00,CONVEYOR_01_JAM,JAM,MEDIUM,Jam,"1,00"
EVT-00009058,2026-09-19T12:11:52-05:00,FILLER_01_CYCLE_FAULT,CYCLE_FAULT,HIGH,null,N/A
evt-00009059,2026-09-04T12:15:22-05:00,tank_out_01_level,high_level,medium,High level,96.48
EVT-00009060,2026-09-21T17:46:16Z,COMPRESSOR_01_PRESSURE,LOW_PRESSURE,HIGH,Low pressure,2.65
 EVT-00009061 , 2026-09-03T13:48:58-05:00 , CONVEYOR_01_JAM , JAM , MEDIUM , Jam , 1.00 
EVT-00009062,2026-09-21T14:04:33-05:00,CONVEYOR_01_JAM,JAM,2,Jam,1.00
EVT-00009063,08/09/2026 06:21:11,FILTER_01_DIFF_PRESSURE,HIGH_DIFF_PRESSURE,MEDIUM,High diff pressure,2.79
EVT-00009064,2026-09-22 11:30:38,FILTER_01_DIFF_PRESSURE,HIGH_DIFF_PRESSURE,MEDIUM,High diff pressure,1.88
EVT-00009065,2026-09-10T09:20:27-05:00,COMPRESSOR_01_TEMP,HIGH_TEMPERATURE,HIGH,High temperature,"108,24"
EVT-00009066,2026-09-15T21:03:00-05:00,TANK_OUT_01_LEVEL,LOW_LEVEL,HIGH,null,N/A
evt-00009067,2026-09-06T13:01:02-05:00,tank_out_01_level,high_level,medium,High level,92.33
EVT-00009068,2026-09-01T20:24:50Z,FILTER_01_DIFF_PRESSURE,HIGH_DIFF_PRESSURE,MEDIUM,High diff pressure,2.99
 EVT-00009069 , 2026-09-03T09:14:13-05:00 , PUMP_01_FLOW , LOW_FLOW , HIGH , Low flow , 7.15 
EVT-00009070,2026-09-26T14:33:10-05:00,FILLER_01_PRESSURE,LOW_PRESSURE,3,Low pressure,1.25
EVT-00009071,30/09/2026 17:45:20,PUMP_01_FLOW,LOW_FLOW,HIGH,Low flow,9.89
EVT-00009072,2026-09-15 14:44:18,FILLER_01_PRESSURE,LOW_PRESSURE,HIGH,Low pressure,0.53
EVT-00009073,2026-09-09T11:24:28-05:00,COMPRESSOR_01_PRESSURE,LOW_PRESSURE,HIGH,Low pressure,"1,97"
EVT-00009074,2026-09-07T17:27:45-05:00,FILLER_01_PRESSURE,LOW_PRESSURE,HIGH,null,N/A
evt-00009075,2026-09-20T14:25:06-05:00,conveyor_01_motor_temp,high_temperature,low,High temperature,81.62
EVT-00009076,2026-09-21T02:47:00Z,TANK_OUT_01_LEVEL,LOW_LEVEL,HIGH,Low level,8.70
 EVT-00009077 , 2026-09-01T12:08:42-05:00 , FILTER_01_DIFF_PRESSURE , HIGH_DIFF_PRESSURE , MEDIUM , High diff pressure , 2.63 
EVT-00009078,2026-09-28T11:35:44-05:00,FILLER_01_CYCLE_FAULT,CYCLE_FAULT,3,Cycle fault,1.00
EVT-00009079,28/09/2026 18:18:45,COMPRESSOR_01_PRESSURE,LOW_PRESSURE,HIGH,Low pressure,4.31
EVT-00009080,2026-09-06 17:09:58,TANK_IN_01_LEVEL,LOW_LEVEL,HIGH,Low level,12.70
EVT-00009081,2026-09-26T10:07:16-05:00,TANK_IN_01_LEVEL,LOW_LEVEL,HIGH,Low level,"6,53"
EVT-00009082,2026-09-21T06:20:29-05:00,COMPRESSOR_01_PRESSURE,LOW_PRESSURE,HIGH,null,N/A
evt-00009083,2026-09-15T14:34:20-05:00,filter_01_diff_pressure,high_diff_pressure,medium,High diff pressure,2.67
EVT-00009084,2026-09-21T11:33:23Z,COMPRESSOR_01_PRESSURE,LOW_PRESSURE,HIGH,Low pressure,4.69
 EVT-00009085 , 2026-09-10T06:10:21-05:00 , TANK_IN_01_LEVEL , LOW_LEVEL , HIGH , Low level , 13.31 
EVT-00009086,2026-09-23T12:27:01-05:00,TANK_IN_01_LEVEL,LOW_LEVEL,3,Low level,10.89
EVT-00009087,14/09/2026 08:19:12,PUMP_01_FLOW,LOW_FLOW,HIGH,Low flow,6.89
EVT-00009088,2026-09-13 12:57:11,COMPRESSOR_01_PRESSURE,LOW_PRESSURE,HIGH,Low pressure,4.55
EVT-00009089,2026-09-23T21:10:10-05:00,FILLER_01_CYCLE_FAULT,CYCLE_FAULT,HIGH,Cycle fault,"1,00"
EVT-00009090,2026-09-09T16:48:41-05:00,PUMP_01_FLOW,LOW_FLOW,HIGH,null,N/A
evt-00009091,2026-09-08T13:30:39-05:00,compressor_01_pressure,low_pressure,high,Low pressure,4.06
EVT-00009092,2026-09-21T00:50:38Z,PUMP_01_FLOW,LOW_FLOW,HIGH,Low flow,2.73
 EVT-00009093 , 2026-09-09T21:06:46-05:00 , FILLER_01_PRESSURE , LOW_PRESSURE , HIGH , Low pressure , 1.71 
EVT-00009094,2026-09-30T07:49:30-05:00,COMPRESSOR_01_TEMP,HIGH_TEMPERATURE,3,High temperature,109.60
EVT-00009095,08/09/2026 07:58:45,PUMP_01_FLOW,LOW_FLOW,HIGH,Low flow,15.55
EVT-00009096,2026-09-15 09:21:21,TANK_IN_01_LEVEL,HIGH_LEVEL,MEDIUM,High level,92.86
EVT-00009097,2026-09-01T10:42:29-05:00,FILTER_01_DIFF_PRESSURE,HIGH_DIFF_PRESSURE,MEDIUM,High diff pressure,"2,85"
EVT-00009098,2026-09-11T13:39:57-05:00,COMPRESSOR_01_PRESSURE,LOW_PRESSURE,HIGH,null,N/A
evt-00009099,2026-09-01T21:59:53-05:00,compressor_01_pressure,low_pressure,high,Low pressure,1.05
EVT-00009100,2026-09-17T15:50:25Z,FILLER_01_PRESSURE,LOW_PRESSURE,HIGH,Low pressure,0.42
 EVT-00009101 , 2026-09-26T10:03:19-05:00 , COMPRESSOR_01_PRESSURE , LOW_PRESSURE , HIGH , Low pressure , 2.11 
EVT-00009102,2026-09-20T15:36:09-05:00,COMPRESSOR_01_TEMP,HIGH_TEMPERATURE,3,High temperature,107.17
EVT-00009103,15/09/2026 08:58:40,FILTER_01_DIFF_PRESSURE,HIGH_DIFF_PRESSURE,MEDIUM,High diff pressure,2.00
EVT-00009104,2026-09-21 10:24:43,TANK_OUT_01_LEVEL,LOW_LEVEL,HIGH,Low level,7.61
EVT-00009105,2026-09-22T13:33:46-05:00,FILLER_01_PRESSURE,LOW_PRESSURE,HIGH,Low pressure,"1,87"
EVT-00009106,2026-09-16T20:30:48-05:00,FILTER_01_PRESSURE,HIGH_PRESSURE,HIGH,null,N/A
evt-00009107,2026-09-08T21:42:40-05:00,compressor_01_temp,high_temperature,high,High temperature,96.81
EVT-00009108,2026-09-06T18:51:04Z,CONVEYOR_01_JAM,JAM,MEDIUM,Jam,1.00
 EVT-00009109 , 2026-09-15T19:15:49-05:00 , FILLER_01_CYCLE_FAULT , CYCLE_FAULT , HIGH , Cycle fault , 1.00 
EVT-00009110,2026-09-01T06:46:38-05:00,FILTER_01_DIFF_PRESSURE,HIGH_DIFF_PRESSURE,2,High diff pressure,2.11
EVT-00009111,19/09/2026 06:17:21,PUMP_01_FLOW,LOW_FLOW,HIGH,Low flow,12.76
EVT-00009112,2026-09-21 07:00:43,TANK_IN_01_LEVEL,LOW_LEVEL,HIGH,Low level,9.85
EVT-00009113,2026-09-22T13:24:05-05:00,FILTER_01_DIFF_PRESSURE,HIGH_DIFF_PRESSURE,MEDIUM,High diff pressure,"1,77"
EVT-00009114,2026-09-21T11:40:31-05:00,CONVEYOR_01_MOTOR_TEMP,HIGH_TEMPERATURE,LOW,null,N/A
evt-00009115,2026-09-17T14:53:59-05:00,pump_01_flow,low_flow,high,Low flow,6.10
EVT-00009116,2026-09-23T16:54:51Z,CONVEYOR_01_JAM,JAM,MEDIUM,Jam,1.00
 EVT-00009117 , 2026-09-02T19:00:18-05:00 , PUMP_01_MOTOR_FAULT , MOTOR_FAULT , CRITICAL , Motor fault , 1.00 
EVT-00009118,2026-09-08T08:16:28-05:00,PUMP_01_FLOW,LOW_FLOW,3,Low flow,9.20
EVT-00009119,20/09/2026 08:36:51,FILLER_01_PRESSURE,LOW_PRESSURE,HIGH,Low pressure,1.90
EVT-00009120,2026-09-24 13:52:48,FILLER_01_CYCLE_FAULT,CYCLE_FAULT,HIGH,Cycle fault,1.00
EVT-00009121,2026-09-26T21:42:42-05:00,COMPRESSOR_01_PRESSURE,LOW_PRESSURE,HIGH,Low pressure,"2,37"
EVT-00009122,2026-09-08T17:19:21-05:00,COMPRESSOR_01_PRESSURE,LOW_PRESSURE,HIGH,null,N/A
evt-00009123,2026-09-08T18:27:00-05:00,filter_01_diff_pressure,high_diff_pressure,medium,High diff pressure,2.62
EVT-00009124,2026-09-09T16:48:56Z,TANK_OUT_01_LEVEL,HIGH_LEVEL,MEDIUM,High level,93.17
 EVT-00009125 , 2026-09-22T16:44:23-05:00 , FILLER_01_CYCLE_FAULT , CYCLE_FAULT , HIGH , Cycle fault , 1.00 
EVT-00009126,2026-09-23T12:18:45-05:00,CONVEYOR_01_JAM,JAM,2,Jam,1.00
EVT-00009127,18/09/2026 18:37:56,TANK_OUT_01_LEVEL,LOW_LEVEL,HIGH,Low level,5.55
EVT-00009128,2026-09-08 10:31:00,FILTER_01_DIFF_PRESSURE,HIGH_DIFF_PRESSURE,MEDIUM,High diff pressure,2.90
EVT-00009129,2026-09-08T10:28:59-05:00,TANK_IN_01_LEVEL,HIGH_LEVEL,MEDIUM,High level,"91,20"
EVT-00009130,2026-09-08T11:02:48-05:00,COMPRESSOR_01_PRESSURE,LOW_PRESSURE,HIGH,null,N/A
evt-00009131,2026-09-29T21:15:36-05:00,pump_01_motor_fault,motor_fault,critical,Motor fault,1.00
EVT-00009132,2026-09-08T18:42:08Z,TANK_IN_01_LEVEL,LOW_LEVEL,HIGH,Low level,7.35
 EVT-00009133 , 2026-09-06T08:46:36-05:00 , TANK_IN_01_LEVEL , HIGH_LEVEL , MEDIUM , High level , 94.00 
EVT-00009134,2026-09-30T10:36:53-05:00,FILLER_01_CYCLE_FAULT,CYCLE_FAULT,3,Cycle fault,1.00
EVT-00009135,18/09/2026 12:48:50,FILLER_01_PRESSURE,LOW_PRESSURE,HIGH,Low pressure,0.58
EVT-00009136,2026-09-15 08:51:47,FILLER_01_PRESSURE,LOW_PRESSURE,HIGH,Low pressure,0.24
EVT-00009137,2026-09-12T06:48:57-05:00,PUMP_01_FLOW,LOW_FLOW,HIGH,Low flow,"7,63"
EVT-00009138,2026-09-13T06:52:38-05:00,COMPRESSOR_01_PRESSURE,LOW_PRESSURE,HIGH,null,N/A
evt-00009139,2026-09-05T11:56:47-05:00,pump_01_motor_fault,motor_fault,critical,Motor fault,1.00
EVT-00009140,2026-09-16T23:54:05Z,CONVEYOR_01_JAM,JAM,MEDIUM,Jam,1.00
 EVT-00009141 , 2026-09-15T11:54:11-05:00 , FILTER_01_DIFF_PRESSURE , HIGH_DIFF_PRESSURE , MEDIUM , High diff pressure , 2.96 
EVT-00009142,2026-09-02T20:38:09-05:00,CONVEYOR_01_MOTOR_TEMP,HIGH_TEMPERATURE,1,High temperature,83.03
EVT-00009143,09/09/2026 17:32:33,COMPRESSOR_01_PRESSURE,LOW_PRESSURE,HIGH,Low pressure,4.57
EVT-00009144,2026-09-05 08:46:21,TANK_IN_01_LEVEL,LOW_LEVEL,HIGH,Low level,7.12
EVT-00009145,2026-09-13T11:33:44-05:00,COMPRESSOR_01_PRESSURE,LOW_PRESSURE,HIGH,Low pressure,"1,36"
EVT-00009146,2026-09-20T08:50:41-05:00,TANK_IN_01_LEVEL,LOW_LEVEL,HIGH,null,N/A
evt-00009147,2026-09-28T07:35:41-05:00,conveyor_01_jam,jam,medium,Jam,1.00
EVT-00009148,2026-09-30T01:34:40Z,FILTER_01_DIFF_PRESSURE,HIGH_DIFF_PRESSURE,MEDIUM,High diff pressure,1.69
 EVT-00009149 , 2026-09-25T15:24:33-05:00 , COMPRESSOR_01_PRESSURE , LOW_PRESSURE , HIGH , Low pressure , 1.38 
EVT-00009150,2026-09-28T10:32:29-05:00,TANK_OUT_01_LEVEL,HIGH_LEVEL,2,High level,98.50
EVT-00009151,12/09/2026 06:23:17,COMPRESSOR_01_TEMP,HIGH_TEMPERATURE,HIGH,High temperature,110.30
EVT-00009152,2026-09-08 19:16:30,FILLER_01_PRESSURE,LOW_PRESSURE,HIGH,Low pressure,1.86
EVT-00009153,2026-09-15T19:52:24-05:00,FILTER_01_DIFF_PRESSURE,HIGH_DIFF_PRESSURE,MEDIUM,High diff pressure,"1,77"
EVT-00009154,2026-09-28T14:33:51-05:00,FILLER_01_PRESSURE,LOW_PRESSURE,HIGH,null,N/A
evt-00009155,2026-09-22T21:37:30-05:00,filter_01_diff_pressure,high_diff_pressure,medium,High diff pressure,2.40
EVT-00009156,2026-09-01T18:08:31Z,FILTER_01_DIFF_PRESSURE,HIGH_DIFF_PRESSURE,MEDIUM,High diff pressure,2.70
 EVT-00009157 , 2026-09-06T15:22:26-05:00 , CONVEYOR_01_JAM , JAM , MEDIUM , Jam , 1.00 
EVT-00009158,2026-09-14T10:28:43-05:00,COMPRESSOR_01_TEMP,HIGH_TEMPERATURE,3,High temperature,96.71
EVT-00009159,14/09/2026 08:11:25,CONVEYOR_01_JAM,JAM,MEDIUM,Jam,1.00
EVT-00009160,2026-09-28 07:21:18,PUMP_01_FLOW,LOW_FLOW,HIGH,Low flow,14.74
EVT-00009161,2026-09-18T17:57:45-05:00,FILLER_01_PRESSURE,LOW_PRESSURE,HIGH,Low pressure,"1,03"
EVT-00009162,2026-09-23T13:52:29-05:00,COMPRESSOR_01_PRESSURE,LOW_PRESSURE,HIGH,null,N/A
evt-00009163,2026-09-01T21:54:38-05:00,filter_01_diff_pressure,high_diff_pressure,medium,High diff pressure,1.60
EVT-00009164,2026-09-03T16:41:30Z,FILTER_01_PRESSURE,HIGH_PRESSURE,HIGH,High pressure,6.31
 EVT-00009165 , 2026-09-01T11:43:24-05:00 , FILTER_01_DIFF_PRESSURE , HIGH_DIFF_PRESSURE , MEDIUM , High diff pressure , 2.58 
EVT-00009166,2026-09-12T18:09:14-05:00,TANK_OUT_01_LEVEL,LOW_LEVEL,3,Low level,9.60
EVT-00009167,15/09/2026 21:58:12,TANK_OUT_01_LEVEL,HIGH_LEVEL,MEDIUM,High level,91.79
EVT-00009168,2026-09-08 18:36:38,FILTER_01_DIFF_PRESSURE,HIGH_DIFF_PRESSURE,MEDIUM,High diff pressure,2.68
EVT-00009169,2026-09-30T15:11:47-05:00,TANK_IN_01_LEVEL,LOW_LEVEL,HIGH,Low level,"1,86"
EVT-00009170,2026-09-19T06:41:26-05:00,FILLER_01_CYCLE_FAULT,CYCLE_FAULT,HIGH,null,N/A
evt-00009171,2026-09-30T11:10:46-05:00,tank_in_01_level,low_level,high,Low level,9.55
EVT-00009172,2026-09-28T11:54:40Z,FILLER_01_CYCLE_FAULT,CYCLE_FAULT,HIGH,Cycle fault,1.00
 EVT-00009173 , 2026-09-16T21:07:44-05:00 , TANK_OUT_01_LEVEL , HIGH_LEVEL , MEDIUM , High level , 96.25 
EVT-00009174,2026-09-18T07:47:13-05:00,TANK_OUT_01_LEVEL,LOW_LEVEL,3,Low level,12.01
EVT-00009175,02/09/2026 11:06:58,TANK_OUT_01_LEVEL,HIGH_LEVEL,MEDIUM,High level,95.00
EVT-00009176,2026-09-13 10:25:30,FILLER_01_PRESSURE,LOW_PRESSURE,HIGH,Low pressure,1.52
EVT-00009177,2026-09-14T15:15:09-05:00,TANK_OUT_01_LEVEL,LOW_LEVEL,HIGH,Low level,"10,68"
EVT-00009178,2026-09-24T12:24:49-05:00,FILLER_01_PRESSURE,LOW_PRESSURE,HIGH,null,N/A
evt-00009179,2026-09-22T12:25:48-05:00,tank_out_01_level,low_level,high,Low level,9.61
EVT-00009180,2026-09-02T17:22:51Z,COMPRESSOR_01_PRESSURE,LOW_PRESSURE,HIGH,Low pressure,4.21
 EVT-00009181 , 2026-09-19T12:57:02-05:00 , TANK_IN_01_LEVEL , LOW_LEVEL , HIGH , Low level , 7.84 
EVT-00009182,2026-09-25T16:08:10-05:00,COMPRESSOR_01_TEMP,HIGH_TEMPERATURE,3,High temperature,117.96
EVT-00009183,13/09/2026 14:42:47,FILLER_01_CYCLE_FAULT,CYCLE_FAULT,HIGH,Cycle fault,1.00
EVT-00009184,2026-09-01 14:43:22,TANK_OUT_01_LEVEL,LOW_LEVEL,HIGH,Low level,4.19
EVT-00009185,2026-09-06T21:00:09-05:00,FILLER_01_PRESSURE,LOW_PRESSURE,HIGH,Low pressure,"0,10"
EVT-00009186,2026-09-18T08:02:37-05:00,FILLER_01_PRESSURE,LOW_PRESSURE,HIGH,null,N/A
evt-00009187,2026-09-28T11:17:10-05:00,filler_01_pressure,low_pressure,high,Low pressure,1.24
EVT-00009188,2026-09-07T19:20:22Z,PUMP_01_FLOW,LOW_FLOW,HIGH,Low flow,5.31
 EVT-00009189 , 2026-09-15T06:19:22-05:00 , FILTER_01_DIFF_PRESSURE , HIGH_DIFF_PRESSURE , MEDIUM , High diff pressure , 2.79 
EVT-00009190,2026-09-24T19:11:16-05:00,TANK_OUT_01_LEVEL,LOW_LEVEL,3,Low level,1.58
EVT-00009191,08/09/2026 06:54:18,COMPRESSOR_01_PRESSURE,LOW_PRESSURE,HIGH,Low pressure,3.04
EVT-00009192,2026-09-29 15:28:26,TANK_OUT_01_LEVEL,HIGH_LEVEL,MEDIUM,High level,98.78
EVT-00009193,2026-09-21T16:22:15-05:00,TANK_OUT_01_LEVEL,HIGH_LEVEL,MEDIUM,High level,"94,80"
EVT-00009194,2026-09-09T12:18:39-05:00,TANK_IN_01_LEVEL,HIGH_LEVEL,MEDIUM,null,N/A
evt-00009195,2026-09-07T13:29:38-05:00,filler_01_pressure,low_pressure,high,Low pressure,1.28
EVT-00009196,2026-09-09T18:03:17Z,COMPRESSOR_01_PRESSURE,LOW_PRESSURE,HIGH,Low pressure,3.46
 EVT-00009197 , 2026-09-02T13:54:53-05:00 , PUMP_01_MOTOR_FAULT , MOTOR_FAULT , CRITICAL , Motor fault , 1.00 
EVT-00009198,2026-09-24T13:36:24-05:00,TANK_OUT_01_LEVEL,LOW_LEVEL,3,Low level,10.20
EVT-00009199,29/09/2026 12:08:46,FILTER_01_DIFF_PRESSURE,HIGH_DIFF_PRESSURE,MEDIUM,High diff pressure,2.85
EVT-00009200,2026-09-03 13:44:11,COMPRESSOR_01_PRESSURE,LOW_PRESSURE,HIGH,Low pressure,2.55
EVT-00009201,2026-09-01T12:23:29-05:00,FILTER_01_DIFF_PRESSURE,HIGH_DIFF_PRESSURE,MEDIUM,High diff pressure,"2,53"
EVT-00009202,2026-09-07T11:31:41-05:00,CONVEYOR_01_JAM,JAM,MEDIUM,null,N/A
evt-00009203,2026-09-03T15:10:15-05:00,compressor_01_pressure,low_pressure,high,Low pressure,1.24
EVT-00009204,2026-09-21T18:59:23Z,COMPRESSOR_01_PRESSURE,LOW_PRESSURE,HIGH,Low pressure,2.07
 EVT-00009205 , 2026-09-05T06:17:45-05:00 , TANK_OUT_01_LEVEL , HIGH_LEVEL , MEDIUM , High level , 98.37 
EVT-00009206,2026-09-12T15:38:05-05:00,TANK_IN_01_LEVEL,LOW_LEVEL,3,Low level,8.08
EVT-00009207,08/09/2026 10:22:23,FILTER_01_DIFF_PRESSURE,HIGH_DIFF_PRESSURE,MEDIUM,High diff pressure,2.80
EVT-00009208,2026-09-16 20:27:55,FILLER_01_PRESSURE,LOW_PRESSURE,HIGH,Low pressure,0.71
EVT-00009209,2026-09-07T07:48:35-05:00,TANK_IN_01_LEVEL,LOW_LEVEL,HIGH,Low level,"8,75"
EVT-00009210,2026-09-18T14:45:24-05:00,TANK_OUT_01_LEVEL,LOW_LEVEL,HIGH,null,N/A
evt-00009211,2026-09-06T21:17:07-05:00,tank_out_01_level,high_level,medium,High level,95.25
EVT-00009212,2026-09-10T20:58:01Z,TANK_IN_01_LEVEL,HIGH_LEVEL,MEDIUM,High level,95.92
 EVT-00009213 , 2026-09-01T21:30:44-05:00 , FILLER_01_PRESSURE , LOW_PRESSURE , HIGH , Low pressure , 0.36 
EVT-00009214,2026-09-22T07:02:53-05:00,PUMP_01_FLOW,LOW_FLOW,3,Low flow,3.83
EVT-00009215,27/09/2026 11:16:50,COMPRESSOR_01_PRESSURE,LOW_PRESSURE,HIGH,Low pressure,2.72
EVT-00009216,2026-09-01 12:13:39,FILTER_01_DIFF_PRESSURE,HIGH_DIFF_PRESSURE,MEDIUM,High diff pressure,2.35
EVT-00009217,2026-09-02T15:14:05-05:00,TANK_OUT_01_LEVEL,HIGH_LEVEL,MEDIUM,High level,"98,62"
EVT-00009218,2026-09-22T16:15:35-05:00,FILLER_01_PRESSURE,LOW_PRESSURE,HIGH,null,N/A
evt-00009219,2026-09-27T09:48:02-05:00,compressor_01_pressure,low_pressure,high,Low pressure,3.90
EVT-00009220,2026-09-13T22:29:19Z,CONVEYOR_01_JAM,JAM,MEDIUM,Jam,1.00
 EVT-00009221 , 2026-09-17T14:42:26-05:00 , PUMP_01_FLOW , LOW_FLOW , HIGH , Low flow , 3.76 
EVT-00009222,2026-09-01T13:07:52-05:00,FILTER_01_DIFF_PRESSURE,HIGH_DIFF_PRESSURE,2,High diff pressure,2.14
EVT-00009223,26/09/2026 20:26:46,TANK_IN_01_LEVEL,LOW_LEVEL,HIGH,Low level,6.77
EVT-00009224,2026-09-08 20:03:43,PUMP_01_MOTOR_FAULT,MOTOR_FAULT,CRITICAL,Motor fault,1.00
EVT-00009225,2026-09-19T07:26:48-05:00,TANK_IN_01_LEVEL,LOW_LEVEL,HIGH,Low level,"6,96"
EVT-00009226,2026-09-06T17:11:50-05:00,PUMP_01_FLOW,LOW_FLOW,HIGH,null,N/A
evt-00009227,2026-09-08T06:19:23-05:00,filler_01_pressure,low_pressure,high,Low pressure,1.35
EVT-00009228,2026-09-23T16:03:37Z,FILLER_01_PRESSURE,LOW_PRESSURE,HIGH,Low pressure,0.37
 EVT-00009229 , 2026-09-29T16:18:39-05:00 , FILTER_01_DIFF_PRESSURE , HIGH_DIFF_PRESSURE , MEDIUM , High diff pressure , 2.65 
EVT-00009230,2026-09-15T13:31:26-05:00,FILTER_01_DIFF_PRESSURE,HIGH_DIFF_PRESSURE,2,High diff pressure,2.59
EVT-00009231,20/09/2026 15:02:20,PUMP_01_FLOW,LOW_FLOW,HIGH,Low flow,15.19
EVT-00009232,2026-09-04 15:30:01,PUMP_01_FLOW,LOW_FLOW,HIGH,Low flow,13.40
EVT-00009233,2026-09-06T08:38:40-05:00,CONVEYOR_01_JAM,JAM,MEDIUM,Jam,"1,00"
EVT-00009234,2026-09-25T11:57:30-05:00,PUMP_01_FLOW,LOW_FLOW,HIGH,null,N/A
evt-00009235,2026-09-01T09:01:14-05:00,filter_01_diff_pressure,high_diff_pressure,medium,High diff pressure,1.92
EVT-00009236,2026-09-05T15:05:09Z,PUMP_01_MOTOR_FAULT,MOTOR_FAULT,CRITICAL,Motor fault,1.00
 EVT-00009237 , 2026-09-13T19:32:09-05:00 , TANK_IN_01_LEVEL , LOW_LEVEL , HIGH , Low level , 10.58 
EVT-00009238,2026-09-01T09:21:28-05:00,FILTER_01_DIFF_PRESSURE,HIGH_DIFF_PRESSURE,2,High diff pressure,2.52
EVT-00009239,12/09/2026 15:26:30,TANK_IN_01_LEVEL,LOW_LEVEL,HIGH,Low level,12.54
EVT-00009240,2026-09-27 10:46:36,FILLER_01_CYCLE_FAULT,CYCLE_FAULT,HIGH,Cycle fault,1.00
EVT-00009241,2026-09-28T17:27:04-05:00,COMPRESSOR_01_PRESSURE,LOW_PRESSURE,HIGH,Low pressure,"1,84"
EVT-00009242,2026-09-17T06:13:04-05:00,FILLER_01_CYCLE_FAULT,CYCLE_FAULT,HIGH,null,N/A
evt-00009243,2026-09-13T13:51:09-05:00,tank_in_01_level,low_level,high,Low level,1.88
EVT-00009244,2026-09-26T13:05:20Z,FILLER_01_PRESSURE,LOW_PRESSURE,HIGH,Low pressure,0.56
 EVT-00009245 , 2026-09-05T14:52:48-05:00 , PUMP_01_FLOW , LOW_FLOW , HIGH , Low flow , 11.79 
EVT-00009246,2026-09-25T11:00:49-05:00,TANK_OUT_01_LEVEL,LOW_LEVEL,3,Low level,10.95
EVT-00009247,02/09/2026 16:37:33,FILLER_01_PRESSURE,LOW_PRESSURE,HIGH,Low pressure,1.52
EVT-00009248,2026-09-08 13:34:41,FILTER_01_DIFF_PRESSURE,HIGH_DIFF_PRESSURE,MEDIUM,High diff pressure,1.81
EVT-00009249,2026-09-22T13:06:58-05:00,FILTER_01_DIFF_PRESSURE,HIGH_DIFF_PRESSURE,MEDIUM,High diff pressure,"2,42"
EVT-00009250,2026-09-26T20:46:56-05:00,CONVEYOR_01_JAM,JAM,MEDIUM,null,N/A
evt-00009251,2026-09-08T06:16:10-05:00,filter_01_diff_pressure,high_diff_pressure,medium,High diff pressure,1.97
EVT-00009252,2026-09-09T23:38:07Z,PUMP_01_FLOW,LOW_FLOW,HIGH,Low flow,12.37
 EVT-00009253 , 2026-09-18T15:54:25-05:00 , PUMP_01_FLOW , LOW_FLOW , HIGH , Low flow , 18.12 
EVT-00009254,2026-09-01T10:26:51-05:00,FILTER_01_DIFF_PRESSURE,HIGH_DIFF_PRESSURE,2,High diff pressure,2.78
EVT-00009255,03/09/2026 11:27:54,PUMP_01_FLOW,LOW_FLOW,HIGH,Low flow,8.51
EVT-00009256,2026-09-03 21:14:52,TANK_IN_01_LEVEL,LOW_LEVEL,HIGH,Low level,3.25
EVT-00009257,2026-09-02T18:39:37-05:00,COMPRESSOR_01_PRESSURE,LOW_PRESSURE,HIGH,Low pressure,"1,78"
EVT-00009258,2026-09-22T17:29:32-05:00,FILTER_01_DIFF_PRESSURE,HIGH_DIFF_PRESSURE,MEDIUM,null,N/A
evt-00009259,2026-09-26T08:12:44-05:00,compressor_01_pressure,low_pressure,high,Low pressure,4.09
EVT-00009260,2026-09-22T21:26:41Z,FILLER_01_CYCLE_FAULT,CYCLE_FAULT,HIGH,Cycle fault,1.00
 EVT-00009261 , 2026-09-03T06:26:46-05:00 , TANK_IN_01_LEVEL , LOW_LEVEL , HIGH , Low level , 6.40 
EVT-00009262,2026-09-01T21:53:56-05:00,FILTER_01_DIFF_PRESSURE,HIGH_DIFF_PRESSURE,2,High diff pressure,2.88
EVT-00009263,24/09/2026 08:15:35,TANK_OUT_01_LEVEL,LOW_LEVEL,HIGH,Low level,3.08
EVT-00009264,2026-09-26 20:33:22,CONVEYOR_01_JAM,JAM,MEDIUM,Jam,1.00
EVT-00009265,2026-09-28T12:53:16-05:00,FILLER_01_CYCLE_FAULT,CYCLE_FAULT,HIGH,Cycle fault,"1,00"
EVT-00009266,2026-09-24T14:51:03-05:00,COMPRESSOR_01_PRESSURE,LOW_PRESSURE,HIGH,null,N/A
evt-00009267,2026-09-22T20:08:45-05:00,tank_out_01_level,low_level,high,Low level,5.32
EVT-00009268,2026-09-01T15:00:47Z,FILTER_01_DIFF_PRESSURE,HIGH_DIFF_PRESSURE,MEDIUM,High diff pressure,2.27
 EVT-00009269 , 2026-09-03T09:36:16-05:00 , TANK_IN_01_LEVEL , LOW_LEVEL , HIGH , Low level , 2.42 
EVT-00009270,2026-09-04T21:37:01-05:00,TANK_OUT_01_LEVEL,LOW_LEVEL,3,Low level,12.51
EVT-00009271,10/09/2026 06:10:36,FILLER_01_PRESSURE,LOW_PRESSURE,HIGH,Low pressure,0.97
EVT-00009272,2026-09-23 18:48:48,COMPRESSOR_01_PRESSURE,LOW_PRESSURE,HIGH,Low pressure,2.18
EVT-00009273,2026-09-21T08:06:31-05:00,PUMP_01_FLOW,LOW_FLOW,HIGH,Low flow,"10,11"
EVT-00009274,2026-09-22T06:02:25-05:00,CONVEYOR_01_MOTOR_TEMP,HIGH_TEMPERATURE,LOW,null,N/A
evt-00009275,2026-09-01T15:08:40-05:00,filter_01_diff_pressure,high_diff_pressure,medium,High diff pressure,2.52
EVT-00009276,2026-09-30T00:33:33Z,FILTER_01_DIFF_PRESSURE,HIGH_DIFF_PRESSURE,MEDIUM,High diff pressure,2.30
 EVT-00009277 , 2026-09-26T13:02:02-05:00 , CONVEYOR_01_JAM , JAM , MEDIUM , Jam , 1.00 
EVT-00009278,2026-09-22T20:52:57-05:00,TANK_IN_01_LEVEL,HIGH_LEVEL,2,High level,96.15
EVT-00009279,07/09/2026 07:15:35,FILTER_01_PRESSURE,HIGH_PRESSURE,HIGH,High pressure,6.21
EVT-00009280,2026-09-09 20:43:59,PUMP_01_FLOW,LOW_FLOW,HIGH,Low flow,17.53
EVT-00009281,2026-09-22T10:56:50-05:00,FILTER_01_DIFF_PRESSURE,HIGH_DIFF_PRESSURE,MEDIUM,High diff pressure,"2,40"
EVT-00009282,2026-09-25T08:46:32-05:00,FILTER_01_PRESSURE,HIGH_PRESSURE,HIGH,null,N/A
evt-00009283,2026-09-22T16:54:58-05:00,filter_01_diff_pressure,high_diff_pressure,medium,High diff pressure,2.28
EVT-00009284,2026-09-16T00:12:35Z,CONVEYOR_01_JAM,JAM,MEDIUM,Jam,1.00
 EVT-00009285 , 2026-09-07T21:37:00-05:00 , TANK_IN_01_LEVEL , LOW_LEVEL , HIGH , Low level , 10.21 
EVT-00009286,2026-09-20T17:25:16-05:00,PUMP_01_MOTOR_FAULT,MOTOR_FAULT,4,Motor fault,1.00
EVT-00009287,08/09/2026 10:29:42,TANK_IN_01_LEVEL,LOW_LEVEL,HIGH,Low level,13.46
EVT-00009288,2026-09-08 13:09:27,TANK_IN_01_LEVEL,HIGH_LEVEL,MEDIUM,High level,98.65
EVT-00009289,2026-09-20T11:15:35-05:00,COMPRESSOR_01_PRESSURE,LOW_PRESSURE,HIGH,Low pressure,"1,45"
EVT-00009290,2026-09-21T13:21:50-05:00,PUMP_01_FLOW,LOW_FLOW,HIGH,null,N/A
evt-00009291,2026-09-27T13:00:51-05:00,tank_in_01_level,low_level,high,Low level,1.34
EVT-00009292,2026-09-15T00:49:06Z,PUMP_01_FLOW,LOW_FLOW,HIGH,Low flow,17.56
 EVT-00009293 , 2026-09-08T07:11:23-05:00 , FILTER_01_DIFF_PRESSURE , HIGH_DIFF_PRESSURE , MEDIUM , High diff pressure , 1.71 
EVT-00009294,2026-09-22T10:23:42-05:00,FILTER_01_DIFF_PRESSURE,HIGH_DIFF_PRESSURE,2,High diff pressure,1.82
EVT-00009295,02/09/2026 07:28:42,FILLER_01_PRESSURE,LOW_PRESSURE,HIGH,Low pressure,0.16
EVT-00009296,2026-09-20 13:23:30,COMPRESSOR_01_TEMP,HIGH_TEMPERATURE,HIGH,High temperature,109.61
EVT-00009297,2026-09-01T09:01:02-05:00,FILTER_01_DIFF_PRESSURE,HIGH_DIFF_PRESSURE,MEDIUM,High diff pressure,"2,42"
EVT-00009298,2026-09-02T13:04:20-05:00,PUMP_01_FLOW,LOW_FLOW,HIGH,null,N/A
evt-00009299,2026-09-09T14:01:29-05:00,tank_in_01_level,low_level,high,Low level,6.95
EVT-00009300,2026-09-13T19:26:40Z,COMPRESSOR_01_PRESSURE,LOW_PRESSURE,HIGH,Low pressure,4.06
 EVT-00009301 , 2026-09-29T12:53:30-05:00 , FILTER_01_DIFF_PRESSURE , HIGH_DIFF_PRESSURE , MEDIUM , High diff pressure , 2.92 
EVT-00009302,2026-09-17T10:35:36-05:00,TANK_OUT_01_LEVEL,HIGH_LEVEL,2,High level,96.29
EVT-00009303,01/09/2026 17:49:34,TANK_IN_01_LEVEL,LOW_LEVEL,HIGH,Low level,6.04
EVT-00009304,2026-09-01 06:27:41,FILTER_01_DIFF_PRESSURE,HIGH_DIFF_PRESSURE,MEDIUM,High diff pressure,1.73
EVT-00009305,2026-09-15T20:31:33-05:00,COMPRESSOR_01_PRESSURE,LOW_PRESSURE,HIGH,Low pressure,"3,39"
EVT-00009306,2026-09-03T14:05:31-05:00,TANK_IN_01_LEVEL,LOW_LEVEL,HIGH,null,N/A
evt-00009307,2026-09-25T21:41:07-05:00,compressor_01_pressure,low_pressure,high,Low pressure,2.13
EVT-00009308,2026-09-11T21:27:05Z,FILLER_01_PRESSURE,LOW_PRESSURE,HIGH,Low pressure,0.89
 EVT-00009309 , 2026-09-26T09:40:37-05:00 , TANK_OUT_01_LEVEL , HIGH_LEVEL , MEDIUM , High level , 91.37 
EVT-00009310,2026-09-01T08:00:51-05:00,FILTER_01_DIFF_PRESSURE,HIGH_DIFF_PRESSURE,2,High diff pressure,1.78
EVT-00009311,29/09/2026 18:48:23,FILTER_01_DIFF_PRESSURE,HIGH_DIFF_PRESSURE,MEDIUM,High diff pressure,2.68
EVT-00009312,2026-09-02 11:03:41,CONVEYOR_01_JAM,JAM,MEDIUM,Jam,1.00
EVT-00009313,2026-09-03T10:52:46-05:00,PUMP_01_FLOW,LOW_FLOW,HIGH,Low flow,"6,86"
EVT-00009314,2026-09-15T12:05:01-05:00,FILTER_01_DIFF_PRESSURE,HIGH_DIFF_PRESSURE,MEDIUM,null,N/A
evt-00009315,2026-09-08T10:13:48-05:00,filter_01_diff_pressure,high_diff_pressure,medium,High diff pressure,2.19
EVT-00009316,2026-09-17T16:30:59Z,FILLER_01_PRESSURE,LOW_PRESSURE,HIGH,Low pressure,1.79
 EVT-00009317 , 2026-09-14T18:46:02-05:00 , TANK_OUT_01_LEVEL , LOW_LEVEL , HIGH , Low level , 8.01 
EVT-00009318,2026-09-08T10:09:55-05:00,FILTER_01_DIFF_PRESSURE,HIGH_DIFF_PRESSURE,2,High diff pressure,1.87
EVT-00009319,22/09/2026 06:28:57,FILTER_01_PRESSURE,HIGH_PRESSURE,HIGH,High pressure,7.18
EVT-00009320,2026-09-12 10:26:17,FILLER_01_PRESSURE,LOW_PRESSURE,HIGH,Low pressure,0.10
EVT-00009321,2026-09-25T07:00:30-05:00,CONVEYOR_01_MOTOR_TEMP,HIGH_TEMPERATURE,LOW,High temperature,"77,37"
EVT-00009322,2026-09-26T16:39:42-05:00,FILLER_01_PRESSURE,LOW_PRESSURE,HIGH,null,N/A
evt-00009323,2026-09-21T13:21:30-05:00,pump_01_flow,low_flow,high,Low flow,8.12
EVT-00009324,2026-09-14T00:03:50Z,PUMP_01_FLOW,LOW_FLOW,HIGH,Low flow,3.28
 EVT-00009325 , 2026-09-20T14:41:41-05:00 , COMPRESSOR_01_PRESSURE , LOW_PRESSURE , HIGH , Low pressure , 4.31 
EVT-00009326,2026-09-08T07:53:20-05:00,CONVEYOR_01_JAM,JAM,2,Jam,1.00
EVT-00009327,19/09/2026 21:49:14,PUMP_01_FLOW,LOW_FLOW,HIGH,Low flow,7.21
EVT-00009328,2026-09-23 08:49:03,FILLER_01_CYCLE_FAULT,CYCLE_FAULT,HIGH,Cycle fault,1.00
EVT-00009329,2026-09-23T19:09:27-05:00,TANK_OUT_01_LEVEL,LOW_LEVEL,HIGH,Low level,"4,11"
EVT-00009330,2026-09-07T20:25:55-05:00,COMPRESSOR_01_PRESSURE,LOW_PRESSURE,HIGH,null,N/A
evt-00009331,2026-09-27T12:21:11-05:00,conveyor_01_jam,jam,medium,Jam,1.00
EVT-00009332,2026-09-22T15:26:04Z,CONVEYOR_01_MOTOR_TEMP,HIGH_TEMPERATURE,LOW,High temperature,88.11
 EVT-00009333 , 2026-09-28T14:43:22-05:00 , FILLER_01_PRESSURE , LOW_PRESSURE , HIGH , Low pressure , 1.78 
EVT-00009334,2026-09-18T14:15:03-05:00,CONVEYOR_01_JAM,JAM,2,Jam,1.00
EVT-00009335,03/09/2026 10:23:42,PUMP_01_MOTOR_FAULT,MOTOR_FAULT,CRITICAL,Motor fault,1.00
EVT-00009336,2026-09-26 08:15:50,TANK_OUT_01_LEVEL,HIGH_LEVEL,MEDIUM,High level,98.83
EVT-00009337,2026-09-20T13:06:32-05:00,FILTER_01_PRESSURE,HIGH_PRESSURE,HIGH,High pressure,"8,35"
EVT-00009338,2026-09-14T06:06:24-05:00,COMPRESSOR_01_PRESSURE,LOW_PRESSURE,HIGH,null,N/A
evt-00009339,2026-09-01T14:41:45-05:00,filter_01_diff_pressure,high_diff_pressure,medium,High diff pressure,2.18
EVT-00009340,2026-09-15T22:03:34Z,CONVEYOR_01_JAM,JAM,MEDIUM,Jam,1.00
 EVT-00009341 , 2026-09-23T08:12:38-05:00 , TANK_IN_01_LEVEL , HIGH_LEVEL , MEDIUM , High level , 94.97 
EVT-00009342,2026-09-01T13:09:28-05:00,PUMP_01_FLOW,LOW_FLOW,3,Low flow,15.28
EVT-00009343,18/09/2026 17:08:51,CONVEYOR_01_JAM,JAM,MEDIUM,Jam,1.00
EVT-00009344,2026-09-12 19:39:19,COMPRESSOR_01_PRESSURE,LOW_PRESSURE,HIGH,Low pressure,2.34
EVT-00009345,2026-09-22T09:47:52-05:00,FILTER_01_DIFF_PRESSURE,HIGH_DIFF_PRESSURE,MEDIUM,High diff pressure,"2,96"
EVT-00009346,2026-09-15T06:17:00-05:00,FILLER_01_PRESSURE,LOW_PRESSURE,HIGH,null,N/A
evt-00009347,2026-09-22T17:26:22-05:00,compressor_01_pressure,low_pressure,high,Low pressure,4.30
EVT-00009348,2026-09-22T11:05:21Z,FILTER_01_DIFF_PRESSURE,HIGH_DIFF_PRESSURE,MEDIUM,High diff pressure,2.19
 EVT-00009349 , 2026-09-08T10:33:39-05:00 , TANK_OUT_01_LEVEL , HIGH_LEVEL , MEDIUM , High level , 97.77 
EVT-00009350,2026-09-23T21:17:25-05:00,PUMP_01_FLOW,LOW_FLOW,3,Low flow,3.02
EVT-00009351,13/09/2026 13:14:12,FILLER_01_PRESSURE,LOW_PRESSURE,HIGH,Low pressure,1.59
EVT-00009352,2026-09-12 11:51:52,COMPRESSOR_01_PRESSURE,LOW_PRESSURE,HIGH,Low pressure,1.64
EVT-00009353,2026-09-28T17:48:16-05:00,TANK_OUT_01_LEVEL,HIGH_LEVEL,MEDIUM,High level,"91,56"
EVT-00009354,2026-09-29T09:09:39-05:00,FILTER_01_DIFF_PRESSURE,HIGH_DIFF_PRESSURE,MEDIUM,null,N/A
evt-00009355,2026-09-01T06:52:19-05:00,compressor_01_temp,high_temperature,high,High temperature,99.28
EVT-00009356,2026-09-27T01:54:35Z,FILLER_01_CYCLE_FAULT,CYCLE_FAULT,HIGH,Cycle fault,1.00
 EVT-00009357 , 2026-09-24T07:00:29-05:00 , FILLER_01_PRESSURE , LOW_PRESSURE , HIGH , Low pressure , 0.31 
EVT-00009358,2026-09-14T07:20:36-05:00,CONVEYOR_01_JAM,JAM,2,Jam,1.00
EVT-00009359,19/09/2026 14:22:05,TANK_IN_01_LEVEL,LOW_LEVEL,HIGH,Low level,4.94
EVT-00009360,2026-09-26 10:35:39,TANK_OUT_01_LEVEL,LOW_LEVEL,HIGH,Low level,13.76
EVT-00009361,2026-09-03T08:32:10-05:00,FILLER_01_PRESSURE,LOW_PRESSURE,HIGH,Low pressure,"0,32"
EVT-00009362,2026-09-01T06:51:12-05:00,CONVEYOR_01_MOTOR_TEMP,HIGH_TEMPERATURE,LOW,null,N/A
evt-00009363,2026-09-17T08:32:50-05:00,filler_01_cycle_fault,cycle_fault,high,Cycle fault,1.00
EVT-00009364,2026-09-10T23:07:27Z,TANK_OUT_01_LEVEL,LOW_LEVEL,HIGH,Low level,8.68
 EVT-00009365 , 2026-09-20T06:55:57-05:00 , CONVEYOR_01_JAM , JAM , MEDIUM , Jam , 1.00 
EVT-00009366,2026-09-07T18:16:01-05:00,FILTER_01_PRESSURE,HIGH_PRESSURE,3,High pressure,7.21
EVT-00009367,09/09/2026 18:06:41,TANK_IN_01_LEVEL,LOW_LEVEL,HIGH,Low level,6.37
EVT-00009368,2026-09-16 18:18:39,TANK_OUT_01_LEVEL,LOW_LEVEL,HIGH,Low level,10.54
EVT-00009369,2026-09-08T17:26:05-05:00,COMPRESSOR_01_PRESSURE,LOW_PRESSURE,HIGH,Low pressure,"3,11"
EVT-00009370,2026-09-12T11:46:15-05:00,CONVEYOR_01_MOTOR_TEMP,HIGH_TEMPERATURE,LOW,null,N/A
evt-00009371,2026-09-29T08:31:16-05:00,filter_01_diff_pressure,high_diff_pressure,medium,High diff pressure,1.92
EVT-00009372,2026-09-25T20:39:14Z,COMPRESSOR_01_TEMP,HIGH_TEMPERATURE,HIGH,High temperature,118.40
 EVT-00009373 , 2026-09-05T06:22:55-05:00 , PUMP_01_FLOW , LOW_FLOW , HIGH , Low flow , 9.41 
EVT-00009374,2026-09-03T15:34:49-05:00,PUMP_01_FLOW,LOW_FLOW,3,Low flow,15.89
EVT-00009375,27/09/2026 11:13:56,COMPRESSOR_01_TEMP,HIGH_TEMPERATURE,HIGH,High temperature,100.97
EVT-00009376,2026-09-03 17:36:56,FILTER_01_PRESSURE,HIGH_PRESSURE,HIGH,High pressure,7.24
EVT-00009377,2026-09-05T09:27:04-05:00,CONVEYOR_01_JAM,JAM,MEDIUM,Jam,"1,00"
EVT-00009378,2026-09-04T18:33:58-05:00,PUMP_01_MOTOR_FAULT,MOTOR_FAULT,CRITICAL,null,N/A
evt-00009379,2026-09-14T15:13:29-05:00,filler_01_pressure,low_pressure,high,Low pressure,0.58
EVT-00009380,2026-09-29T21:45:35Z,FILTER_01_DIFF_PRESSURE,HIGH_DIFF_PRESSURE,MEDIUM,High diff pressure,1.76
 EVT-00009381 , 2026-09-22T13:54:38-05:00 , FILTER_01_DIFF_PRESSURE , HIGH_DIFF_PRESSURE , MEDIUM , High diff pressure , 2.30 
EVT-00009382,2026-09-08T08:40:56-05:00,TANK_IN_01_LEVEL,LOW_LEVEL,3,Low level,5.61
EVT-00009383,22/09/2026 07:13:58,FILLER_01_CYCLE_FAULT,CYCLE_FAULT,HIGH,Cycle fault,1.00
EVT-00009384,2026-09-11 08:32:49,FILLER_01_PRESSURE,LOW_PRESSURE,HIGH,Low pressure,1.46
EVT-00009385,2026-09-29T17:33:39-05:00,PUMP_01_FLOW,LOW_FLOW,HIGH,Low flow,"17,48"
EVT-00009386,2026-09-22T07:51:04-05:00,FILTER_01_DIFF_PRESSURE,HIGH_DIFF_PRESSURE,MEDIUM,null,N/A
evt-00009387,2026-09-29T10:22:34-05:00,filter_01_diff_pressure,high_diff_pressure,medium,High diff pressure,2.78
EVT-00009388,2026-09-21T02:23:44Z,TANK_OUT_01_LEVEL,HIGH_LEVEL,MEDIUM,High level,97.39
 EVT-00009389 , 2026-09-28T21:39:25-05:00 , TANK_OUT_01_LEVEL , LOW_LEVEL , HIGH , Low level , 4.38 
EVT-00009390,2026-09-11T09:22:04-05:00,COMPRESSOR_01_PRESSURE,LOW_PRESSURE,3,Low pressure,4.14
EVT-00009391,15/09/2026 10:41:57,FILTER_01_DIFF_PRESSURE,HIGH_DIFF_PRESSURE,MEDIUM,High diff pressure,2.37
EVT-00009392,2026-09-09 19:50:15,FILLER_01_PRESSURE,LOW_PRESSURE,HIGH,Low pressure,0.73
EVT-00009393,2026-09-24T17:27:54-05:00,CONVEYOR_01_JAM,JAM,MEDIUM,Jam,"1,00"
EVT-00009394,2026-09-24T15:52:08-05:00,FILLER_01_CYCLE_FAULT,CYCLE_FAULT,HIGH,null,N/A
evt-00009395,2026-09-28T08:06:51-05:00,tank_out_01_level,low_level,high,Low level,2.52
EVT-00009396,2026-09-08T15:01:09Z,FILTER_01_DIFF_PRESSURE,HIGH_DIFF_PRESSURE,MEDIUM,High diff pressure,1.71
 EVT-00009397 , 2026-09-01T17:00:49-05:00 , FILTER_01_DIFF_PRESSURE , HIGH_DIFF_PRESSURE , MEDIUM , High diff pressure , 2.93 
EVT-00009398,2026-09-18T15:05:47-05:00,TANK_IN_01_LEVEL,LOW_LEVEL,3,Low level,10.80
EVT-00009399,11/09/2026 11:46:32,TANK_IN_01_LEVEL,LOW_LEVEL,HIGH,Low level,8.12
EVT-00009400,2026-09-22 20:13:51,TANK_OUT_01_LEVEL,HIGH_LEVEL,MEDIUM,High level,98.10
EVT-00009401,2026-09-21T13:04:30-05:00,TANK_IN_01_LEVEL,LOW_LEVEL,HIGH,Low level,"4,41"
EVT-00009402,2026-09-17T14:43:05-05:00,FILLER_01_CYCLE_FAULT,CYCLE_FAULT,HIGH,null,N/A
evt-00009403,2026-09-12T16:30:22-05:00,pump_01_flow,low_flow,high,Low flow,3.00
EVT-00009404,2026-09-01T23:59:02Z,FILLER_01_PRESSURE,LOW_PRESSURE,HIGH,Low pressure,0.78
 EVT-00009405 , 2026-09-08T14:31:08-05:00 , COMPRESSOR_01_PRESSURE , LOW_PRESSURE , HIGH , Low pressure , 1.86 
EVT-00009406,2026-09-06T19:11:19-05:00,TANK_IN_01_LEVEL,HIGH_LEVEL,2,High level,95.06
EVT-00009407,01/09/2026 09:56:19,FILTER_01_DIFF_PRESSURE,HIGH_DIFF_PRESSURE,MEDIUM,High diff pressure,1.97
EVT-00009408,2026-09-17 11:24:21,PUMP_01_FLOW,LOW_FLOW,HIGH,Low flow,2.48
EVT-00009409,2026-09-01T09:11:22-05:00,TANK_OUT_01_LEVEL,LOW_LEVEL,HIGH,Low level,"13,74"
EVT-00009410,2026-09-29T16:43:49-05:00,FILTER_01_DIFF_PRESSURE,HIGH_DIFF_PRESSURE,MEDIUM,null,N/A
evt-00009411,2026-09-08T19:08:03-05:00,filter_01_pressure,high_pressure,high,High pressure,8.43
EVT-00009412,2026-09-26T21:23:57Z,COMPRESSOR_01_TEMP,HIGH_TEMPERATURE,HIGH,High temperature,104.01
 EVT-00009413 , 2026-09-12T14:53:58-05:00 , TANK_OUT_01_LEVEL , HIGH_LEVEL , MEDIUM , High level , 96.92 
EVT-00009414,2026-09-15T07:13:40-05:00,FILTER_01_DIFF_PRESSURE,HIGH_DIFF_PRESSURE,2,High diff pressure,1.97
EVT-00009415,15/09/2026 10:54:17,PUMP_01_MOTOR_FAULT,MOTOR_FAULT,CRITICAL,Motor fault,1.00
EVT-00009416,2026-09-16 18:17:43,TANK_IN_01_LEVEL,LOW_LEVEL,HIGH,Low level,5.43
EVT-00009417,2026-09-30T14:18:07-05:00,COMPRESSOR_01_TEMP,HIGH_TEMPERATURE,HIGH,High temperature,"96,48"
EVT-00009418,2026-09-17T13:44:58-05:00,PUMP_01_FLOW,LOW_FLOW,HIGH,null,N/A
evt-00009419,2026-09-13T17:53:10-05:00,compressor_01_pressure,low_pressure,high,Low pressure,3.37
EVT-00009420,2026-09-04T12:52:57Z,CONVEYOR_01_MOTOR_TEMP,HIGH_TEMPERATURE,LOW,High temperature,74.28
 EVT-00009421 , 2026-09-29T11:18:34-05:00 , FILTER_01_DIFF_PRESSURE , HIGH_DIFF_PRESSURE , MEDIUM , High diff pressure , 2.01 
EVT-00009422,2026-09-01T20:29:58-05:00,PUMP_01_FLOW,LOW_FLOW,3,Low flow,1.29
EVT-00009423,12/09/2026 13:14:38,TANK_OUT_01_LEVEL,LOW_LEVEL,HIGH,Low level,6.10
EVT-00009424,2026-09-17 18:43:57,TANK_IN_01_LEVEL,LOW_LEVEL,HIGH,Low level,3.99
EVT-00009425,2026-09-06T17:26:14-05:00,TANK_OUT_01_LEVEL,HIGH_LEVEL,MEDIUM,High level,"93,58"
EVT-00009426,2026-09-18T08:32:10-05:00,COMPRESSOR_01_TEMP,HIGH_TEMPERATURE,HIGH,null,N/A
evt-00009427,2026-09-30T21:15:55-05:00,filter_01_pressure,high_pressure,high,High pressure,6.97
EVT-00009428,2026-09-02T19:35:13Z,CONVEYOR_01_JAM,JAM,MEDIUM,Jam,1.00
 EVT-00009429 , 2026-09-21T14:02:06-05:00 , TANK_IN_01_LEVEL , LOW_LEVEL , HIGH , Low level , 5.70 
EVT-00009430,2026-09-12T19:52:50-05:00,FILLER_01_PRESSURE,LOW_PRESSURE,3,Low pressure,0.84
EVT-00009431,05/09/2026 09:20:51,TANK_OUT_01_LEVEL,LOW_LEVEL,HIGH,Low level,1.05
EVT-00009432,2026-09-01 07:09:57,FILTER_01_PRESSURE,HIGH_PRESSURE,HIGH,High pressure,8.39
EVT-00009433,2026-09-18T11:22:08-05:00,CONVEYOR_01_JAM,JAM,MEDIUM,Jam,"1,00"
EVT-00009434,2026-09-09T21:06:08-05:00,TANK_OUT_01_LEVEL,LOW_LEVEL,HIGH,null,N/A
evt-00009435,2026-09-08T14:55:16-05:00,filter_01_diff_pressure,high_diff_pressure,medium,High diff pressure,2.70
EVT-00009436,2026-09-07T22:27:17Z,FILLER_01_CYCLE_FAULT,CYCLE_FAULT,HIGH,Cycle fault,1.00
 EVT-00009437 , 2026-09-08T17:22:20-05:00 , FILTER_01_DIFF_PRESSURE , HIGH_DIFF_PRESSURE , MEDIUM , High diff pressure , 2.43 
EVT-00009438,2026-09-01T18:27:34-05:00,FILTER_01_DIFF_PRESSURE,HIGH_DIFF_PRESSURE,2,High diff pressure,1.64
EVT-00009439,12/09/2026 07:28:12,TANK_IN_01_LEVEL,LOW_LEVEL,HIGH,Low level,1.66
EVT-00009440,2026-09-20 11:31:35,TANK_OUT_01_LEVEL,LOW_LEVEL,HIGH,Low level,12.01
EVT-00009441,2026-09-23T08:20:47-05:00,FILLER_01_CYCLE_FAULT,CYCLE_FAULT,HIGH,Cycle fault,"1,00"
EVT-00009442,2026-09-08T09:47:10-05:00,FILTER_01_DIFF_PRESSURE,HIGH_DIFF_PRESSURE,MEDIUM,null,N/A
evt-00009443,2026-09-14T06:11:43-05:00,tank_in_01_level,low_level,high,Low level,10.25
EVT-00009444,2026-09-08T16:51:58Z,PUMP_01_FLOW,LOW_FLOW,HIGH,Low flow,1.78
 EVT-00009445 , 2026-09-21T15:37:45-05:00 , PUMP_01_FLOW , LOW_FLOW , HIGH , Low flow , 5.72 
EVT-00009446,2026-09-29T09:27:58-05:00,TANK_IN_01_LEVEL,LOW_LEVEL,3,Low level,6.56
EVT-00009447,29/09/2026 20:54:51,FILLER_01_PRESSURE,LOW_PRESSURE,HIGH,Low pressure,1.73
EVT-00009448,2026-09-22 12:01:25,FILTER_01_DIFF_PRESSURE,HIGH_DIFF_PRESSURE,MEDIUM,High diff pressure,2.12
EVT-00009449,2026-09-14T19:58:20-05:00,TANK_OUT_01_LEVEL,LOW_LEVEL,HIGH,Low level,"12,73"
EVT-00009450,2026-09-18T06:32:54-05:00,PUMP_01_FLOW,LOW_FLOW,HIGH,null,N/A
evt-00009451,2026-09-28T13:33:53-05:00,filler_01_pressure,low_pressure,high,Low pressure,1.11
EVT-00009452,2026-09-15T02:17:45Z,PUMP_01_FLOW,LOW_FLOW,HIGH,Low flow,17.06
 EVT-00009453 , 2026-09-22T21:13:17-05:00 , FILTER_01_DIFF_PRESSURE , HIGH_DIFF_PRESSURE , MEDIUM , High diff pressure , 2.80 
EVT-00009454,2026-09-10T06:10:06-05:00,FILLER_01_PRESSURE,LOW_PRESSURE,3,Low pressure,0.73
EVT-00009455,01/09/2026 10:37:41,PUMP_01_FLOW,LOW_FLOW,HIGH,Low flow,8.65
EVT-00009456,2026-09-15 07:10:12,FILTER_01_DIFF_PRESSURE,HIGH_DIFF_PRESSURE,MEDIUM,High diff pressure,1.64
EVT-00009457,2026-09-22T13:07:02-05:00,FILTER_01_DIFF_PRESSURE,HIGH_DIFF_PRESSURE,MEDIUM,High diff pressure,"2,27"
EVT-00009458,2026-09-01T06:33:27-05:00,TANK_OUT_01_LEVEL,HIGH_LEVEL,MEDIUM,null,N/A
evt-00009459,2026-09-10T20:21:33-05:00,tank_out_01_level,low_level,high,Low level,7.78
EVT-00009460,2026-09-04T16:59:34Z,TANK_OUT_01_LEVEL,LOW_LEVEL,HIGH,Low level,2.94
 EVT-00009461 , 2026-09-10T08:35:52-05:00 , TANK_OUT_01_LEVEL , LOW_LEVEL , HIGH , Low level , 12.88 
EVT-00009462,2026-09-27T18:37:15-05:00,COMPRESSOR_01_PRESSURE,LOW_PRESSURE,3,Low pressure,1.87
EVT-00009463,19/09/2026 08:21:33,TANK_OUT_01_LEVEL,LOW_LEVEL,HIGH,Low level,7.05
EVT-00009464,2026-09-12 06:06:37,TANK_IN_01_LEVEL,HIGH_LEVEL,MEDIUM,High level,94.25
EVT-00009465,2026-09-21T17:06:06-05:00,CONVEYOR_01_JAM,JAM,MEDIUM,Jam,"1,00"
EVT-00009466,2026-09-23T13:34:03-05:00,FILLER_01_PRESSURE,LOW_PRESSURE,HIGH,null,N/A
evt-00009467,2026-09-25T09:33:08-05:00,filler_01_cycle_fault,cycle_fault,high,Cycle fault,1.00
EVT-00009468,2026-09-08T23:53:42Z,FILTER_01_DIFF_PRESSURE,HIGH_DIFF_PRESSURE,MEDIUM,High diff pressure,2.44
 EVT-00009469 , 2026-09-08T18:40:33-05:00 , FILTER_01_DIFF_PRESSURE , HIGH_DIFF_PRESSURE , MEDIUM , High diff pressure , 2.01 
EVT-00009470,2026-09-26T16:03:40-05:00,PUMP_01_FLOW,LOW_FLOW,3,Low flow,1.98
EVT-00009471,29/09/2026 09:30:55,FILTER_01_DIFF_PRESSURE,HIGH_DIFF_PRESSURE,MEDIUM,High diff pressure,2.76
EVT-00009472,2026-09-21 11:32:13,FILLER_01_PRESSURE,LOW_PRESSURE,HIGH,Low pressure,0.70
EVT-00009473,2026-09-15T19:28:27-05:00,FILTER_01_DIFF_PRESSURE,HIGH_DIFF_PRESSURE,MEDIUM,High diff pressure,"1,74"
EVT-00009474,2026-09-28T18:58:54-05:00,COMPRESSOR_01_PRESSURE,LOW_PRESSURE,HIGH,null,N/A
evt-00009475,2026-09-13T09:10:26-05:00,tank_out_01_level,low_level,high,Low level,7.96
EVT-00009476,2026-09-22T14:36:47Z,FILLER_01_CYCLE_FAULT,CYCLE_FAULT,HIGH,Cycle fault,1.00
 EVT-00009477 , 2026-09-04T07:34:57-05:00 , TANK_IN_01_LEVEL , LOW_LEVEL , HIGH , Low level , 3.37 
EVT-00009478,2026-09-25T08:53:50-05:00,COMPRESSOR_01_PRESSURE,LOW_PRESSURE,3,Low pressure,2.66
EVT-00009479,22/09/2026 21:11:51,FILTER_01_DIFF_PRESSURE,HIGH_DIFF_PRESSURE,MEDIUM,High diff pressure,2.06
EVT-00009480,2026-09-23 15:53:25,FILTER_01_PRESSURE,HIGH_PRESSURE,HIGH,High pressure,8.92
EVT-00009481,2026-09-13T06:44:06-05:00,TANK_OUT_01_LEVEL,LOW_LEVEL,HIGH,Low level,"5,52"
EVT-00009482,2026-09-15T11:01:51-05:00,TANK_IN_01_LEVEL,LOW_LEVEL,HIGH,null,N/A
evt-00009483,2026-09-08T06:21:42-05:00,tank_out_01_level,high_level,medium,High level,93.60
EVT-00009484,2026-09-13T01:36:22Z,COMPRESSOR_01_PRESSURE,LOW_PRESSURE,HIGH,Low pressure,3.73
 EVT-00009485 , 2026-09-17T06:07:38-05:00 , COMPRESSOR_01_PRESSURE , LOW_PRESSURE , HIGH , Low pressure , 4.61 
EVT-00009486,2026-09-16T08:08:35-05:00,FILLER_01_CYCLE_FAULT,CYCLE_FAULT,3,Cycle fault,1.00
EVT-00009487,29/09/2026 21:27:55,TANK_IN_01_LEVEL,LOW_LEVEL,HIGH,Low level,7.33
EVT-00009488,2026-09-05 09:14:31,CONVEYOR_01_JAM,JAM,MEDIUM,Jam,1.00
EVT-00009489,2026-09-15T18:35:59-05:00,FILTER_01_DIFF_PRESSURE,HIGH_DIFF_PRESSURE,MEDIUM,High diff pressure,"2,35"
EVT-00009490,2026-09-12T16:51:16-05:00,FILLER_01_PRESSURE,LOW_PRESSURE,HIGH,null,N/A
evt-00009491,2026-09-24T20:26:39-05:00,tank_in_01_level,low_level,high,Low level,8.22
EVT-00009492,2026-09-15T16:50:48Z,TANK_OUT_01_LEVEL,LOW_LEVEL,HIGH,Low level,10.11
 EVT-00009493 , 2026-09-20T21:31:15-05:00 , TANK_OUT_01_LEVEL , LOW_LEVEL , HIGH , Low level , 2.80 
EVT-00009494,2026-09-07T20:17:42-05:00,TANK_IN_01_LEVEL,HIGH_LEVEL,2,High level,95.59
EVT-00009495,26/09/2026 15:58:50,COMPRESSOR_01_TEMP,HIGH_TEMPERATURE,HIGH,High temperature,105.15
EVT-00009496,2026-09-10 19:48:35,TANK_IN_01_LEVEL,LOW_LEVEL,HIGH,Low level,7.78
EVT-00009497,2026-09-05T14:02:56-05:00,FILTER_01_PRESSURE,HIGH_PRESSURE,HIGH,High pressure,"7,38"
EVT-00009498,2026-09-01T07:35:51-05:00,FILTER_01_DIFF_PRESSURE,HIGH_DIFF_PRESSURE,MEDIUM,null,N/A
evt-00009499,2026-09-19T21:27:11-05:00,tank_in_01_level,low_level,high,Low level,8.30
EVT-00009500,2026-09-19T19:27:38Z,COMPRESSOR_01_PRESSURE,LOW_PRESSURE,HIGH,Low pressure,1.19
EVT-00009501,,CONVEYOR_01_JAM,JAM,MEDIUM,Jam,1.00
EVT-00009502,2026-09-06T09:18:17-05:00,N/A,LOW_PRESSURE,HIGH,Low pressure,0.39
EVT-00009503,2026-02-30T08:00:00-05:00,FILLER_01_CYCLE_FAULT,CYCLE_FAULT,HIGH,Cycle fault,1.00
EVT-00009504,2026-09-30T15:21:26-05:00,UNKNOWN_01_SIGNAL,LOW_LEVEL,HIGH,Low level,5.00
EVT-00009505,2026-09-14T18:23:34-05:00,PUMP_01_MOTOR_FAULT,MOTOR_FAULT,URGENT,Motor fault,1.00
EVT-00009506,2026-09-17T17:34:15-05:00,PUMP_01_FLOW,LOW_FLOW,HIGH,Low flow,twelve
123,2026-09-19T17:14:23-05:00,COMPRESSOR_01_PRESSURE,LOW_PRESSURE,HIGH,Low pressure,4.69
EVT-00009508,2026-09-22T15:01:35-05:00,PUMP_01_FLOW,UNKNOWN_CONDITION,HIGH,Low flow,6.75
EVT-00009509,2026-09-01T19:28:47-05:00,PUMP_01_FLOW,HIGH_TEMPERATURE,MEDIUM,High diff pressure,1.89
EVT-00009510,2026-09-24T21:14:20-05:00,FILLER_01_CYCLE_FAULT,CYCLE_FAULT,HIGH,Cycle fault,-1
EVT-00009511,2026-09-28T21:23:39-05:00,TANK_OUT_01_LEVEL,HIGH_LEVEL,MEDIUM,xxxxxxxxxxxxxxxxxxxxxxxxxxxxxxxxxxxxxxxxxxxxxxxxxxxxxxxxxxxxxxxxxxxxxxxxxxxxxxxxxxxxxxxxxxxxxxxxxxxxxxxxxxxxxxxxxxxxxxxxxxxxxxxxxxxxxxxxxxxxxxxxxxxxxxxxxxxxxxxxxxxxxxxxxxxxxxxxxxxxxxxxxxxxxxxxxxxxxxxxxxxxxxxxxxxxxxxxxxxxxxxxxxxxxxxxxxxxxxxxxxxxxxxxxxxxxxxxxxxxxxxxxxxxxxxxxxxxxxxxxxxxxxxxxxxxxxxxxxxxxxxxxxxxxxxxxxxxxxxxxxxxxxxxxxxxxxxxxxxxxxxxxxxxxxxxxxxxxxxxxxxxxxxxxxxxxxxxxxxxxxxxxxxxxxxxxxxxxxxxxxxxxxxxxxxxxxxxxxxxxxxxxxxxxxxxxxxxxxxxxxxxxxxxxxxxxxxxxxxxxxxxxxxxxxxxxxxxxxxxxxxxxxxxxxxxxxxxxxxxx,97.08
EVT-00009512,2026-09-04T17:31:50-05:00,PUMP_01_FLOW,LOW_FLOW,,Low flow,7.72
,2026-09-30T06:53:07-05:00,FILLER_01_PRESSURE,LOW_PRESSURE,HIGH,Low pressure,0.66
EVT-00009514,2026-09-22T14:50:34-05:00,PUMP_01_FLOW,,HIGH,Low flow,16.32
EVT-00009515,,,LOW_LEVEL,,Low level,8.22
EVT-00009516,2026-09-05T15:20:43-05:00,PUMP_01_MOTOR_FAULT,MOTOR_FAULT,CRITICAL,Low pressure,2
EVT-00009517,,FILLER_01_CYCLE_FAULT,CYCLE_FAULT,HIGH,Cycle fault,1.00
EVT-00009518,2026-09-04T15:56:29-05:00,N/A,LOW_LEVEL,HIGH,Low level,6.28
EVT-00009519,2026-02-30T08:00:00-05:00,FILLER_01_CYCLE_FAULT,CYCLE_FAULT,HIGH,Cycle fault,1.00
EVT-00009520,2026-09-02T18:57:26-05:00,UNKNOWN_01_SIGNAL,LOW_PRESSURE,HIGH,Low pressure,1.55
EVT-00009521,2026-09-01T14:33:39-05:00,TANK_IN_01_LEVEL,LOW_LEVEL,URGENT,Low level,5.85
EVT-00009522,2026-09-10T17:12:15-05:00,TANK_OUT_01_LEVEL,LOW_LEVEL,HIGH,Low level,twelve
123,2026-09-28T20:15:11-05:00,COMPRESSOR_01_TEMP,HIGH_TEMPERATURE,HIGH,High temperature,108.17
EVT-00009524,2026-09-11T14:25:13-05:00,FILLER_01_CYCLE_FAULT,UNKNOWN_CONDITION,HIGH,Cycle fault,1.00
EVT-00009525,2026-09-10T11:02:40-05:00,PUMP_01_FLOW,HIGH_TEMPERATURE,LOW,High temperature,73.25
EVT-00009526,2026-09-02T14:13:35-05:00,CONVEYOR_01_MOTOR_TEMP,HIGH_TEMPERATURE,LOW,High temperature,-1
EVT-00009527,2026-09-27T09:06:04-05:00,TANK_OUT_01_LEVEL,HIGH_LEVEL,MEDIUM,xxxxxxxxxxxxxxxxxxxxxxxxxxxxxxxxxxxxxxxxxxxxxxxxxxxxxxxxxxxxxxxxxxxxxxxxxxxxxxxxxxxxxxxxxxxxxxxxxxxxxxxxxxxxxxxxxxxxxxxxxxxxxxxxxxxxxxxxxxxxxxxxxxxxxxxxxxxxxxxxxxxxxxxxxxxxxxxxxxxxxxxxxxxxxxxxxxxxxxxxxxxxxxxxxxxxxxxxxxxxxxxxxxxxxxxxxxxxxxxxxxxxxxxxxxxxxxxxxxxxxxxxxxxxxxxxxxxxxxxxxxxxxxxxxxxxxxxxxxxxxxxxxxxxxxxxxxxxxxxxxxxxxxxxxxxxxxxxxxxxxxxxxxxxxxxxxxxxxxxxxxxxxxxxxxxxxxxxxxxxxxxxxxxxxxxxxxxxxxxxxxxxxxxxxxxxxxxxxxxxxxxxxxxxxxxxxxxxxxxxxxxxxxxxxxxxxxxxxxxxxxxxxxxxxxxxxxxxxxxxxxxxxxxxxxxxxxxxxxxxx,98.61
EVT-00009528,2026-09-22T17:39:19-05:00,FILTER_01_DIFF_PRESSURE,HIGH_DIFF_PRESSURE,,High diff pressure,2.47
,2026-09-08T11:25:11-05:00,FILTER_01_DIFF_PRESSURE,HIGH_DIFF_PRESSURE,MEDIUM,High diff pressure,2.75
EVT-00009530,2026-09-19T07:59:11-05:00,CONVEYOR_01_JAM,,MEDIUM,Jam,1.00
EVT-00009531,,,LOW_LEVEL,,Low level,6.30
EVT-00009532,2026-09-19T17:52:26-05:00,PUMP_01_MOTOR_FAULT,MOTOR_FAULT,CRITICAL,Motor fault,2
EVT-00009533,,COMPRESSOR_01_PRESSURE,LOW_PRESSURE,HIGH,Low pressure,4.20
EVT-00009534,2026-09-28T16:20:04-05:00,N/A,LOW_PRESSURE,HIGH,Low pressure,0.23
EVT-00009535,2026-02-30T08:00:00-05:00,FILTER_01_PRESSURE,HIGH_PRESSURE,HIGH,High pressure,8.29
EVT-00009536,2026-09-15T14:12:00-05:00,UNKNOWN_01_SIGNAL,HIGH_DIFF_PRESSURE,MEDIUM,High diff pressure,2.89
EVT-00009537,2026-09-30T18:13:55-05:00,FILLER_01_CYCLE_FAULT,CYCLE_FAULT,URGENT,Cycle fault,1.00
EVT-00009538,2026-09-29T07:18:41-05:00,FILTER_01_DIFF_PRESSURE,HIGH_DIFF_PRESSURE,MEDIUM,High diff pressure,twelve
123,2026-09-10T20:59:49-05:00,FILTER_01_PRESSURE,HIGH_PRESSURE,HIGH,High pressure,7.21
EVT-00009540,2026-09-22T06:42:32-05:00,COMPRESSOR_01_TEMP,UNKNOWN_CONDITION,HIGH,High temperature,116.02
EVT-00009541,2026-09-23T09:49:56-05:00,PUMP_01_FLOW,HIGH_TEMPERATURE,MEDIUM,Jam,1.00
EVT-00009542,2026-09-21T18:11:44-05:00,COMPRESSOR_01_TEMP,HIGH_TEMPERATURE,HIGH,High temperature,-1
EVT-00009543,2026-09-27T14:28:57-05:00,CONVEYOR_01_JAM,JAM,MEDIUM,xxxxxxxxxxxxxxxxxxxxxxxxxxxxxxxxxxxxxxxxxxxxxxxxxxxxxxxxxxxxxxxxxxxxxxxxxxxxxxxxxxxxxxxxxxxxxxxxxxxxxxxxxxxxxxxxxxxxxxxxxxxxxxxxxxxxxxxxxxxxxxxxxxxxxxxxxxxxxxxxxxxxxxxxxxxxxxxxxxxxxxxxxxxxxxxxxxxxxxxxxxxxxxxxxxxxxxxxxxxxxxxxxxxxxxxxxxxxxxxxxxxxxxxxxxxxxxxxxxxxxxxxxxxxxxxxxxxxxxxxxxxxxxxxxxxxxxxxxxxxxxxxxxxxxxxxxxxxxxxxxxxxxxxxxxxxxxxxxxxxxxxxxxxxxxxxxxxxxxxxxxxxxxxxxxxxxxxxxxxxxxxxxxxxxxxxxxxxxxxxxxxxxxxxxxxxxxxxxxxxxxxxxxxxxxxxxxxxxxxxxxxxxxxxxxxxxxxxxxxxxxxxxxxxxxxxxxxxxxxxxxxxxxxxxxxxxxxxxxxxx,1.00
EVT-00009544,2026-09-04T18:29:23-05:00,COMPRESSOR_01_PRESSURE,LOW_PRESSURE,,Low pressure,4.26
,2026-09-11T17:58:15-05:00,CONVEYOR_01_MOTOR_TEMP,HIGH_TEMPERATURE,LOW,High temperature,71.52
EVT-00009546,2026-09-01T14:57:19-05:00,FILLER_01_PRESSURE,,HIGH,Low pressure,1.40
EVT-00009547,,,LOW_LEVEL,,Low level,4.20
EVT-00009548,2026-09-07T19:01:30-05:00,PUMP_01_MOTOR_FAULT,MOTOR_FAULT,CRITICAL,Low flow,2
EVT-00009549,,TANK_OUT_01_LEVEL,LOW_LEVEL,HIGH,Low level,5.83
EVT-00009550,2026-09-14T16:35:18-05:00,N/A,LOW_PRESSURE,HIGH,Low pressure,4.00
EVT-00009551,2026-02-30T08:00:00-05:00,TANK_OUT_01_LEVEL,HIGH_LEVEL,MEDIUM,High level,94.41
EVT-00009552,2026-09-02T19:15:13-05:00,UNKNOWN_01_SIGNAL,LOW_PRESSURE,HIGH,Low pressure,0.57
EVT-00009553,2026-09-25T08:30:59-05:00,PUMP_01_FLOW,LOW_FLOW,URGENT,Low flow,17.82
EVT-00009554,2026-09-13T11:44:07-05:00,FILLER_01_PRESSURE,LOW_PRESSURE,HIGH,Low pressure,twelve
123,2026-09-08T11:42:29-05:00,PUMP_01_FLOW,LOW_FLOW,HIGH,Low flow,15.22
EVT-00009556,2026-09-11T20:43:29-05:00,FILLER_01_PRESSURE,UNKNOWN_CONDITION,HIGH,Low pressure,0.40
EVT-00009557,2026-09-22T08:50:15-05:00,PUMP_01_FLOW,HIGH_TEMPERATURE,MEDIUM,High diff pressure,2.27
EVT-00009558,2026-09-02T09:25:45-05:00,TANK_OUT_01_LEVEL,HIGH_LEVEL,MEDIUM,High level,-1
EVT-00009559,2026-09-08T10:52:33-05:00,COMPRESSOR_01_PRESSURE,LOW_PRESSURE,HIGH,xxxxxxxxxxxxxxxxxxxxxxxxxxxxxxxxxxxxxxxxxxxxxxxxxxxxxxxxxxxxxxxxxxxxxxxxxxxxxxxxxxxxxxxxxxxxxxxxxxxxxxxxxxxxxxxxxxxxxxxxxxxxxxxxxxxxxxxxxxxxxxxxxxxxxxxxxxxxxxxxxxxxxxxxxxxxxxxxxxxxxxxxxxxxxxxxxxxxxxxxxxxxxxxxxxxxxxxxxxxxxxxxxxxxxxxxxxxxxxxxxxxxxxxxxxxxxxxxxxxxxxxxxxxxxxxxxxxxxxxxxxxxxxxxxxxxxxxxxxxxxxxxxxxxxxxxxxxxxxxxxxxxxxxxxxxxxxxxxxxxxxxxxxxxxxxxxxxxxxxxxxxxxxxxxxxxxxxxxxxxxxxxxxxxxxxxxxxxxxxxxxxxxxxxxxxxxxxxxxxxxxxxxxxxxxxxxxxxxxxxxxxxxxxxxxxxxxxxxxxxxxxxxxxxxxxxxxxxxxxxxxxxxxxxxxxxxxxxxxxxx,3.46
EVT-00009560,2026-09-10T13:42:59-05:00,TANK_OUT_01_LEVEL,LOW_LEVEL,,Low level,13.54
,2026-09-01T16:39:09-05:00,FILTER_01_DIFF_PRESSURE,HIGH_DIFF_PRESSURE,MEDIUM,High diff pressure,2.22
EVT-00009562,2026-09-11T12:42:06-05:00,FILLER_01_PRESSURE,,HIGH,Low pressure,0.98
EVT-00009563,,,LOW_PRESSURE,,Low pressure,0.19
EVT-00009564,2026-09-04T14:33:39-05:00,PUMP_01_MOTOR_FAULT,MOTOR_FAULT,CRITICAL,Low level,2
EVT-00009565,,TANK_IN_01_LEVEL,LOW_LEVEL,HIGH,Low level,6.43
EVT-00009566,2026-09-26T12:33:42-05:00,N/A,LOW_PRESSURE,HIGH,Low pressure,3.88
EVT-00009567,2026-02-30T08:00:00-05:00,FILTER_01_DIFF_PRESSURE,HIGH_DIFF_PRESSURE,MEDIUM,High diff pressure,2.60
EVT-00009568,2026-09-06T07:57:43-05:00,UNKNOWN_01_SIGNAL,HIGH_LEVEL,MEDIUM,High level,96.64
EVT-00009569,2026-09-30T18:03:48-05:00,TANK_OUT_01_LEVEL,LOW_LEVEL,URGENT,Low level,13.22
EVT-00009570,2026-09-21T08:41:04-05:00,TANK_IN_01_LEVEL,HIGH_LEVEL,MEDIUM,High level,twelve
123,2026-09-25T20:18:11-05:00,FILLER_01_PRESSURE,LOW_PRESSURE,HIGH,Low pressure,0.13
EVT-00009572,2026-09-11T06:32:24-05:00,CONVEYOR_01_JAM,UNKNOWN_CONDITION,MEDIUM,Jam,1.00
EVT-00009573,2026-09-04T08:48:00-05:00,PUMP_01_FLOW,HIGH_TEMPERATURE,HIGH,Cycle fault,1.00
EVT-00009574,2026-09-30T15:50:56-05:00,CONVEYOR_01_MOTOR_TEMP,HIGH_TEMPERATURE,LOW,High temperature,-1
EVT-00009575,2026-09-23T17:30:39-05:00,PUMP_01_FLOW,LOW_FLOW,HIGH,xxxxxxxxxxxxxxxxxxxxxxxxxxxxxxxxxxxxxxxxxxxxxxxxxxxxxxxxxxxxxxxxxxxxxxxxxxxxxxxxxxxxxxxxxxxxxxxxxxxxxxxxxxxxxxxxxxxxxxxxxxxxxxxxxxxxxxxxxxxxxxxxxxxxxxxxxxxxxxxxxxxxxxxxxxxxxxxxxxxxxxxxxxxxxxxxxxxxxxxxxxxxxxxxxxxxxxxxxxxxxxxxxxxxxxxxxxxxxxxxxxxxxxxxxxxxxxxxxxxxxxxxxxxxxxxxxxxxxxxxxxxxxxxxxxxxxxxxxxxxxxxxxxxxxxxxxxxxxxxxxxxxxxxxxxxxxxxxxxxxxxxxxxxxxxxxxxxxxxxxxxxxxxxxxxxxxxxxxxxxxxxxxxxxxxxxxxxxxxxxxxxxxxxxxxxxxxxxxxxxxxxxxxxxxxxxxxxxxxxxxxxxxxxxxxxxxxxxxxxxxxxxxxxxxxxxxxxxxxxxxxxxxxxxxxxxxxxxxxxxx,1.54
EVT-00009576,2026-09-15T11:09:25-05:00,FILTER_01_DIFF_PRESSURE,HIGH_DIFF_PRESSURE,,High diff pressure,2.67
,2026-09-12T10:31:14-05:00,TANK_OUT_01_LEVEL,LOW_LEVEL,HIGH,Low level,1.08
EVT-00009578,2026-09-12T12:43:49-05:00,COMPRESSOR_01_PRESSURE,,HIGH,Low pressure,2.65
EVT-00009579,,,JAM,,Jam,1.00
EVT-00009580,2026-09-14T09:51:49-05:00,PUMP_01_MOTOR_FAULT,MOTOR_FAULT,CRITICAL,Low level,2
EVT-00009581,,FILTER_01_DIFF_PRESSURE,HIGH_DIFF_PRESSURE,MEDIUM,High diff pressure,2.84
EVT-00009582,2026-09-20T20:36:00-05:00,N/A,CYCLE_FAULT,HIGH,Cycle fault,1.00
EVT-00009583,2026-02-30T08:00:00-05:00,COMPRESSOR_01_PRESSURE,LOW_PRESSURE,HIGH,Low pressure,4.30
EVT-00009584,2026-09-14T21:36:58-05:00,UNKNOWN_01_SIGNAL,LOW_FLOW,HIGH,Low flow,4.92
EVT-00009585,2026-09-20T07:07:24-05:00,TANK_OUT_01_LEVEL,HIGH_LEVEL,URGENT,High level,93.69
EVT-00009586,2026-09-14T06:38:37-05:00,FILLER_01_PRESSURE,LOW_PRESSURE,HIGH,Low pressure,twelve
123,2026-09-23T19:30:16-05:00,TANK_OUT_01_LEVEL,LOW_LEVEL,HIGH,Low level,6.00
EVT-00009588,2026-09-22T19:07:23-05:00,FILTER_01_DIFF_PRESSURE,UNKNOWN_CONDITION,MEDIUM,High diff pressure,1.96
EVT-00009589,2026-09-14T16:14:44-05:00,PUMP_01_FLOW,HIGH_TEMPERATURE,HIGH,Low pressure,1.08
EVT-00009590,2026-09-22T09:20:42-05:00,PUMP_01_FLOW,LOW_FLOW,HIGH,Low flow,-1
EVT-00009591,2026-09-15T12:49:04-05:00,TANK_IN_01_LEVEL,LOW_LEVEL,HIGH,xxxxxxxxxxxxxxxxxxxxxxxxxxxxxxxxxxxxxxxxxxxxxxxxxxxxxxxxxxxxxxxxxxxxxxxxxxxxxxxxxxxxxxxxxxxxxxxxxxxxxxxxxxxxxxxxxxxxxxxxxxxxxxxxxxxxxxxxxxxxxxxxxxxxxxxxxxxxxxxxxxxxxxxxxxxxxxxxxxxxxxxxxxxxxxxxxxxxxxxxxxxxxxxxxxxxxxxxxxxxxxxxxxxxxxxxxxxxxxxxxxxxxxxxxxxxxxxxxxxxxxxxxxxxxxxxxxxxxxxxxxxxxxxxxxxxxxxxxxxxxxxxxxxxxxxxxxxxxxxxxxxxxxxxxxxxxxxxxxxxxxxxxxxxxxxxxxxxxxxxxxxxxxxxxxxxxxxxxxxxxxxxxxxxxxxxxxxxxxxxxxxxxxxxxxxxxxxxxxxxxxxxxxxxxxxxxxxxxxxxxxxxxxxxxxxxxxxxxxxxxxxxxxxxxxxxxxxxxxxxxxxxxxxxxxxxxxxxxxxxx,7.90
EVT-00009592,2026-09-13T07:53:47-05:00,FILLER_01_PRESSURE,LOW_PRESSURE,,Low pressure,1.27
,2026-09-02T13:51:29-05:00,FILLER_01_CYCLE_FAULT,CYCLE_FAULT,HIGH,Cycle fault,1.00
EVT-00009594,2026-09-24T07:13:19-05:00,TANK_IN_01_LEVEL,,HIGH,Low level,7.97
EVT-00009595,,,LOW_PRESSURE,,Low pressure,0.24
EVT-00009596,2026-09-28T09:48:02-05:00,PUMP_01_MOTOR_FAULT,MOTOR_FAULT,CRITICAL,Low flow,2
EVT-00009597,,FILTER_01_DIFF_PRESSURE,HIGH_DIFF_PRESSURE,MEDIUM,High diff pressure,2.71
EVT-00009598,2026-09-29T08:58:41-05:00,N/A,HIGH_LEVEL,MEDIUM,High level,92.17
EVT-00009599,2026-02-30T08:00:00-05:00,FILTER_01_DIFF_PRESSURE,HIGH_DIFF_PRESSURE,MEDIUM,High diff pressure,2.09
EVT-00009600,2026-09-25T18:29:34-05:00,UNKNOWN_01_SIGNAL,LOW_PRESSURE,HIGH,Low pressure,0.69
EVT-00009601,2026-09-21T21:34:04-05:00,TANK_OUT_01_LEVEL,HIGH_LEVEL,URGENT,High level,91.74
EVT-00009602,2026-09-06T16:31:19-05:00,FILLER_01_CYCLE_FAULT,CYCLE_FAULT,HIGH,Cycle fault,twelve
123,2026-09-20T08:40:14-05:00,FILLER_01_CYCLE_FAULT,CYCLE_FAULT,HIGH,Cycle fault,1.00
EVT-00009604,2026-09-11T10:05:01-05:00,TANK_IN_01_LEVEL,UNKNOWN_CONDITION,HIGH,Low level,1.50
EVT-00009605,2026-09-06T09:09:19-05:00,PUMP_01_FLOW,HIGH_TEMPERATURE,HIGH,High pressure,8.23
EVT-00009606,2026-09-02T16:10:49-05:00,TANK_IN_01_LEVEL,LOW_LEVEL,HIGH,Low level,-1
EVT-00009607,2026-09-17T10:14:41-05:00,COMPRESSOR_01_PRESSURE,LOW_PRESSURE,HIGH,xxxxxxxxxxxxxxxxxxxxxxxxxxxxxxxxxxxxxxxxxxxxxxxxxxxxxxxxxxxxxxxxxxxxxxxxxxxxxxxxxxxxxxxxxxxxxxxxxxxxxxxxxxxxxxxxxxxxxxxxxxxxxxxxxxxxxxxxxxxxxxxxxxxxxxxxxxxxxxxxxxxxxxxxxxxxxxxxxxxxxxxxxxxxxxxxxxxxxxxxxxxxxxxxxxxxxxxxxxxxxxxxxxxxxxxxxxxxxxxxxxxxxxxxxxxxxxxxxxxxxxxxxxxxxxxxxxxxxxxxxxxxxxxxxxxxxxxxxxxxxxxxxxxxxxxxxxxxxxxxxxxxxxxxxxxxxxxxxxxxxxxxxxxxxxxxxxxxxxxxxxxxxxxxxxxxxxxxxxxxxxxxxxxxxxxxxxxxxxxxxxxxxxxxxxxxxxxxxxxxxxxxxxxxxxxxxxxxxxxxxxxxxxxxxxxxxxxxxxxxxxxxxxxxxxxxxxxxxxxxxxxxxxxxxxxxxxxxxxxxx,4.34
EVT-00009608,2026-09-24T11:05:32-05:00,FILTER_01_PRESSURE,HIGH_PRESSURE,,High pressure,7.03
,2026-09-01T11:44:40-05:00,FILTER_01_DIFF_PRESSURE,HIGH_DIFF_PRESSURE,MEDIUM,High diff pressure,2.33
EVT-00009610,2026-09-11T14:56:17-05:00,FILLER_01_PRESSURE,,HIGH,Low pressure,1.48
EVT-00009611,,,LOW_LEVEL,,Low level,4.41
EVT-00009612,2026-09-30T08:38:41-05:00,PUMP_01_MOTOR_FAULT,MOTOR_FAULT,CRITICAL,Low pressure,2
EVT-00009613,,FILTER_01_DIFF_PRESSURE,HIGH_DIFF_PRESSURE,MEDIUM,High diff pressure,2.92
EVT-00009614,2026-09-24T19:31:00-05:00,N/A,JAM,MEDIUM,Jam,1.00
EVT-00009615,2026-02-30T08:00:00-05:00,COMPRESSOR_01_PRESSURE,LOW_PRESSURE,HIGH,Low pressure,3.95
EVT-00009616,2026-09-29T11:17:59-05:00,UNKNOWN_01_SIGNAL,LOW_LEVEL,HIGH,Low level,6.29
EVT-00009617,2026-09-22T12:39:24-05:00,FILTER_01_DIFF_PRESSURE,HIGH_DIFF_PRESSURE,URGENT,High diff pressure,2.88
EVT-00009618,2026-09-05T19:28:59-05:00,TANK_OUT_01_LEVEL,HIGH_LEVEL,MEDIUM,High level,twelve
123,2026-09-01T21:22:34-05:00,TANK_OUT_01_LEVEL,LOW_LEVEL,HIGH,Low level,12.62
EVT-00009620,2026-09-01T17:46:24-05:00,FILTER_01_DIFF_PRESSURE,UNKNOWN_CONDITION,MEDIUM,High diff pressure,2.69
EVT-00009621,2026-09-09T14:00:33-05:00,PUMP_01_FLOW,HIGH_TEMPERATURE,HIGH,Low pressure,1.79
EVT-00009622,2026-09-09T20:51:54-05:00,FILLER_01_PRESSURE,LOW_PRESSURE,HIGH,Low pressure,-1
EVT-00009623,2026-09-15T09:57:35-05:00,PUMP_01_FLOW,LOW_FLOW,HIGH,xxxxxxxxxxxxxxxxxxxxxxxxxxxxxxxxxxxxxxxxxxxxxxxxxxxxxxxxxxxxxxxxxxxxxxxxxxxxxxxxxxxxxxxxxxxxxxxxxxxxxxxxxxxxxxxxxxxxxxxxxxxxxxxxxxxxxxxxxxxxxxxxxxxxxxxxxxxxxxxxxxxxxxxxxxxxxxxxxxxxxxxxxxxxxxxxxxxxxxxxxxxxxxxxxxxxxxxxxxxxxxxxxxxxxxxxxxxxxxxxxxxxxxxxxxxxxxxxxxxxxxxxxxxxxxxxxxxxxxxxxxxxxxxxxxxxxxxxxxxxxxxxxxxxxxxxxxxxxxxxxxxxxxxxxxxxxxxxxxxxxxxxxxxxxxxxxxxxxxxxxxxxxxxxxxxxxxxxxxxxxxxxxxxxxxxxxxxxxxxxxxxxxxxxxxxxxxxxxxxxxxxxxxxxxxxxxxxxxxxxxxxxxxxxxxxxxxxxxxxxxxxxxxxxxxxxxxxxxxxxxxxxxxxxxxxxxxxxxxxxx,10.27
EVT-00009624,2026-09-23T10:33:43-05:00,TANK_OUT_01_LEVEL,LOW_LEVEL,,Low level,10.61
,2026-09-29T15:45:49-05:00,TANK_OUT_01_LEVEL,LOW_LEVEL,HIGH,Low level,6.34
EVT-00009626,2026-09-01T20:45:14-05:00,TANK_IN_01_LEVEL,,HIGH,Low level,13.41
EVT-00009627,,,MOTOR_FAULT,,Motor fault,1.00
EVT-00009628,2026-09-28T06:57:44-05:00,PUMP_01_MOTOR_FAULT,MOTOR_FAULT,CRITICAL,High pressure,2
EVT-00009629,,TANK_IN_01_LEVEL,LOW_LEVEL,HIGH,Low level,11.52
EVT-00009630,2026-09-15T08:47:17-05:00,N/A,LOW_LEVEL,HIGH,Low level,12.17
EVT-00009631,2026-02-30T08:00:00-05:00,FILTER_01_DIFF_PRESSURE,HIGH_DIFF_PRESSURE,MEDIUM,High diff pressure,1.75
EVT-00009632,2026-09-05T15:19:56-05:00,UNKNOWN_01_SIGNAL,JAM,MEDIUM,Jam,1.00
EVT-00009633,2026-09-22T19:05:56-05:00,COMPRESSOR_01_PRESSURE,LOW_PRESSURE,URGENT,Low pressure,1.36
EVT-00009634,2026-09-25T12:52:30-05:00,FILLER_01_PRESSURE,LOW_PRESSURE,HIGH,Low pressure,twelve
123,2026-09-01T06:01:25-05:00,TANK_IN_01_LEVEL,HIGH_LEVEL,MEDIUM,High level,94.49
EVT-00009636,2026-09-16T07:21:24-05:00,PUMP_01_FLOW,UNKNOWN_CONDITION,HIGH,Low flow,14.21
EVT-00009637,2026-09-14T06:36:20-05:00,PUMP_01_FLOW,HIGH_TEMPERATURE,HIGH,Low level,7.85
EVT-00009638,2026-09-22T15:52:49-05:00,FILTER_01_DIFF_PRESSURE,HIGH_DIFF_PRESSURE,MEDIUM,High diff pressure,-1
EVT-00009639,2026-09-07T07:21:07-05:00,TANK_IN_01_LEVEL,LOW_LEVEL,HIGH,xxxxxxxxxxxxxxxxxxxxxxxxxxxxxxxxxxxxxxxxxxxxxxxxxxxxxxxxxxxxxxxxxxxxxxxxxxxxxxxxxxxxxxxxxxxxxxxxxxxxxxxxxxxxxxxxxxxxxxxxxxxxxxxxxxxxxxxxxxxxxxxxxxxxxxxxxxxxxxxxxxxxxxxxxxxxxxxxxxxxxxxxxxxxxxxxxxxxxxxxxxxxxxxxxxxxxxxxxxxxxxxxxxxxxxxxxxxxxxxxxxxxxxxxxxxxxxxxxxxxxxxxxxxxxxxxxxxxxxxxxxxxxxxxxxxxxxxxxxxxxxxxxxxxxxxxxxxxxxxxxxxxxxxxxxxxxxxxxxxxxxxxxxxxxxxxxxxxxxxxxxxxxxxxxxxxxxxxxxxxxxxxxxxxxxxxxxxxxxxxxxxxxxxxxxxxxxxxxxxxxxxxxxxxxxxxxxxxxxxxxxxxxxxxxxxxxxxxxxxxxxxxxxxxxxxxxxxxxxxxxxxxxxxxxxxxxxxxxxxxx,9.22
EVT-00009640,2026-09-22T21:50:12-05:00,FILTER_01_DIFF_PRESSURE,HIGH_DIFF_PRESSURE,,High diff pressure,2.54
,2026-09-05T14:29:13-05:00,FILLER_01_PRESSURE,LOW_PRESSURE,HIGH,Low pressure,1.59
EVT-00009642,2026-09-29T08:14:34-05:00,TANK_OUT_01_LEVEL,,HIGH,Low level,4.56
EVT-00009643,,,CYCLE_FAULT,,Cycle fault,1.00
EVT-00009644,2026-09-12T18:14:16-05:00,PUMP_01_MOTOR_FAULT,MOTOR_FAULT,CRITICAL,Low flow,2
EVT-00009645,,PUMP_01_MOTOR_FAULT,MOTOR_FAULT,CRITICAL,Motor fault,1.00
EVT-00009646,2026-09-20T07:33:29-05:00,N/A,LOW_LEVEL,HIGH,Low level,13.63
EVT-00009647,2026-02-30T08:00:00-05:00,TANK_OUT_01_LEVEL,LOW_LEVEL,HIGH,Low level,1.40
EVT-00009648,2026-09-01T18:47:15-05:00,UNKNOWN_01_SIGNAL,LOW_LEVEL,HIGH,Low level,3.42
EVT-00009649,2026-09-23T15:21:54-05:00,FILTER_01_PRESSURE,HIGH_PRESSURE,URGENT,High pressure,8.14
EVT-00009650,2026-09-29T07:52:15-05:00,TANK_OUT_01_LEVEL,LOW_LEVEL,HIGH,Low level,twelve
123,2026-09-16T14:30:27-05:00,PUMP_01_FLOW,LOW_FLOW,HIGH,Low flow,14.28
EVT-00009652,2026-09-02T14:34:46-05:00,TANK_IN_01_LEVEL,UNKNOWN_CONDITION,MEDIUM,High level,93.92
EVT-00009653,2026-09-08T10:05:41-05:00,PUMP_01_FLOW,HIGH_TEMPERATURE,HIGH,Low level,9.69
EVT-00009654,2026-09-19T12:47:24-05:00,COMPRESSOR_01_TEMP,HIGH_TEMPERATURE,HIGH,High temperature,-1
EVT-00009655,2026-09-15T18:43:55-05:00,TANK_OUT_01_LEVEL,HIGH_LEVEL,MEDIUM,xxxxxxxxxxxxxxxxxxxxxxxxxxxxxxxxxxxxxxxxxxxxxxxxxxxxxxxxxxxxxxxxxxxxxxxxxxxxxxxxxxxxxxxxxxxxxxxxxxxxxxxxxxxxxxxxxxxxxxxxxxxxxxxxxxxxxxxxxxxxxxxxxxxxxxxxxxxxxxxxxxxxxxxxxxxxxxxxxxxxxxxxxxxxxxxxxxxxxxxxxxxxxxxxxxxxxxxxxxxxxxxxxxxxxxxxxxxxxxxxxxxxxxxxxxxxxxxxxxxxxxxxxxxxxxxxxxxxxxxxxxxxxxxxxxxxxxxxxxxxxxxxxxxxxxxxxxxxxxxxxxxxxxxxxxxxxxxxxxxxxxxxxxxxxxxxxxxxxxxxxxxxxxxxxxxxxxxxxxxxxxxxxxxxxxxxxxxxxxxxxxxxxxxxxxxxxxxxxxxxxxxxxxxxxxxxxxxxxxxxxxxxxxxxxxxxxxxxxxxxxxxxxxxxxxxxxxxxxxxxxxxxxxxxxxxxxxxxxxxxx,92.55
EVT-00009656,2026-09-10T13:30:19-05:00,FILLER_01_PRESSURE,LOW_PRESSURE,,Low pressure,0.31
,2026-09-11T07:13:35-05:00,FILLER_01_PRESSURE,LOW_PRESSURE,HIGH,Low pressure,0.33
EVT-00009658,2026-09-27T16:23:18-05:00,TANK_IN_01_LEVEL,,HIGH,Low level,1.01
EVT-00009659,,,LOW_LEVEL,,Low level,3.17
EVT-00009660,2026-09-24T12:35:31-05:00,PUMP_01_MOTOR_FAULT,MOTOR_FAULT,CRITICAL,Low level,2
EVT-00009661,,FILLER_01_PRESSURE,LOW_PRESSURE,HIGH,Low pressure,0.22
EVT-00009662,2026-09-22T11:15:43-05:00,N/A,LOW_FLOW,HIGH,Low flow,12.57
EVT-00009663,2026-02-30T08:00:00-05:00,FILTER_01_PRESSURE,HIGH_PRESSURE,HIGH,High pressure,7.27
EVT-00009664,2026-09-20T09:11:49-05:00,UNKNOWN_01_SIGNAL,LOW_PRESSURE,HIGH,Low pressure,0.18
EVT-00009665,2026-09-22T09:08:01-05:00,TANK_IN_01_LEVEL,LOW_LEVEL,URGENT,Low level,13.69
EVT-00009666,2026-09-16T12:38:06-05:00,COMPRESSOR_01_PRESSURE,LOW_PRESSURE,HIGH,Low pressure,twelve
123,2026-09-16T10:53:51-05:00,CONVEYOR_01_JAM,JAM,MEDIUM,Jam,1.00
EVT-00009668,2026-09-21T18:04:50-05:00,FILLER_01_PRESSURE,UNKNOWN_CONDITION,HIGH,Low pressure,0.95
EVT-00009669,2026-09-28T16:54:25-05:00,PUMP_01_FLOW,HIGH_TEMPERATURE,HIGH,Low pressure,1.18
EVT-00009670,2026-09-22T19:37:11-05:00,FILTER_01_DIFF_PRESSURE,HIGH_DIFF_PRESSURE,MEDIUM,High diff pressure,-1
EVT-00009671,2026-09-25T09:02:24-05:00,PUMP_01_MOTOR_FAULT,MOTOR_FAULT,CRITICAL,xxxxxxxxxxxxxxxxxxxxxxxxxxxxxxxxxxxxxxxxxxxxxxxxxxxxxxxxxxxxxxxxxxxxxxxxxxxxxxxxxxxxxxxxxxxxxxxxxxxxxxxxxxxxxxxxxxxxxxxxxxxxxxxxxxxxxxxxxxxxxxxxxxxxxxxxxxxxxxxxxxxxxxxxxxxxxxxxxxxxxxxxxxxxxxxxxxxxxxxxxxxxxxxxxxxxxxxxxxxxxxxxxxxxxxxxxxxxxxxxxxxxxxxxxxxxxxxxxxxxxxxxxxxxxxxxxxxxxxxxxxxxxxxxxxxxxxxxxxxxxxxxxxxxxxxxxxxxxxxxxxxxxxxxxxxxxxxxxxxxxxxxxxxxxxxxxxxxxxxxxxxxxxxxxxxxxxxxxxxxxxxxxxxxxxxxxxxxxxxxxxxxxxxxxxxxxxxxxxxxxxxxxxxxxxxxxxxxxxxxxxxxxxxxxxxxxxxxxxxxxxxxxxxxxxxxxxxxxxxxxxxxxxxxxxxxxxxxxxxxx,1.00
EVT-00009672,2026-09-22T18:20:46-05:00,PUMP_01_FLOW,LOW_FLOW,,Low flow,14.93
,2026-09-24T10:41:42-05:00,FILLER_01_PRESSURE,LOW_PRESSURE,HIGH,Low pressure,1.81
EVT-00009674,2026-09-02T11:07:14-05:00,FILLER_01_PRESSURE,,HIGH,Low pressure,0.31
EVT-00009675,,,HIGH_DIFF_PRESSURE,,High diff pressure,2.14
EVT-00009676,2026-09-01T20:26:32-05:00,PUMP_01_MOTOR_FAULT,MOTOR_FAULT,CRITICAL,High diff pressure,2
EVT-00009677,,TANK_IN_01_LEVEL,HIGH_LEVEL,MEDIUM,High level,93.44
EVT-00009678,2026-09-25T17:09:07-05:00,N/A,HIGH_PRESSURE,HIGH,High pressure,7.27
EVT-00009679,2026-02-30T08:00:00-05:00,CONVEYOR_01_MOTOR_TEMP,HIGH_TEMPERATURE,LOW,High temperature,87.30
EVT-00009680,2026-09-24T16:26:20-05:00,UNKNOWN_01_SIGNAL,CYCLE_FAULT,HIGH,Cycle fault,1.00
EVT-00009681,2026-09-01T19:32:08-05:00,FILTER_01_DIFF_PRESSURE,HIGH_DIFF_PRESSURE,URGENT,High diff pressure,2.56
EVT-00009682,2026-09-01T21:14:45-05:00,FILLER_01_CYCLE_FAULT,CYCLE_FAULT,HIGH,Cycle fault,twelve
123,2026-09-01T20:42:55-05:00,FILTER_01_DIFF_PRESSURE,HIGH_DIFF_PRESSURE,MEDIUM,High diff pressure,2.77
EVT-00009684,2026-09-01T20:33:44-05:00,FILTER_01_DIFF_PRESSURE,UNKNOWN_CONDITION,MEDIUM,High diff pressure,2.52
EVT-00009685,2026-09-20T19:10:21-05:00,PUMP_01_FLOW,HIGH_TEMPERATURE,HIGH,Low level,9.00
EVT-00009686,2026-09-03T11:00:24-05:00,TANK_OUT_01_LEVEL,LOW_LEVEL,HIGH,Low level,-1
EVT-00009687,2026-09-02T15:23:04-05:00,TANK_OUT_01_LEVEL,HIGH_LEVEL,MEDIUM,xxxxxxxxxxxxxxxxxxxxxxxxxxxxxxxxxxxxxxxxxxxxxxxxxxxxxxxxxxxxxxxxxxxxxxxxxxxxxxxxxxxxxxxxxxxxxxxxxxxxxxxxxxxxxxxxxxxxxxxxxxxxxxxxxxxxxxxxxxxxxxxxxxxxxxxxxxxxxxxxxxxxxxxxxxxxxxxxxxxxxxxxxxxxxxxxxxxxxxxxxxxxxxxxxxxxxxxxxxxxxxxxxxxxxxxxxxxxxxxxxxxxxxxxxxxxxxxxxxxxxxxxxxxxxxxxxxxxxxxxxxxxxxxxxxxxxxxxxxxxxxxxxxxxxxxxxxxxxxxxxxxxxxxxxxxxxxxxxxxxxxxxxxxxxxxxxxxxxxxxxxxxxxxxxxxxxxxxxxxxxxxxxxxxxxxxxxxxxxxxxxxxxxxxxxxxxxxxxxxxxxxxxxxxxxxxxxxxxxxxxxxxxxxxxxxxxxxxxxxxxxxxxxxxxxxxxxxxxxxxxxxxxxxxxxxxxxxxxxxxx,91.59
EVT-00009688,2026-09-27T20:30:29-05:00,PUMP_01_FLOW,LOW_FLOW,,Low flow,7.91
,2026-09-06T11:09:22-05:00,TANK_OUT_01_LEVEL,LOW_LEVEL,HIGH,Low level,1.92
EVT-00009690,2026-09-15T10:39:03-05:00,FILLER_01_PRESSURE,,HIGH,Low pressure,0.77
EVT-00009691,,,HIGH_DIFF_PRESSURE,,High diff pressure,2.71
EVT-00009692,2026-09-09T12:48:22-05:00,PUMP_01_MOTOR_FAULT,MOTOR_FAULT,CRITICAL,Low flow,2
EVT-00009693,,PUMP_01_MOTOR_FAULT,MOTOR_FAULT,CRITICAL,Motor fault,1.00
EVT-00009694,2026-09-04T07:38:52-05:00,N/A,HIGH_LEVEL,MEDIUM,High level,98.08
EVT-00009695,2026-02-30T08:00:00-05:00,COMPRESSOR_01_PRESSURE,LOW_PRESSURE,HIGH,Low pressure,3.65
EVT-00009696,2026-09-01T15:43:31-05:00,UNKNOWN_01_SIGNAL,HIGH_DIFF_PRESSURE,MEDIUM,High diff pressure,2.24
EVT-00009697,2026-09-22T15:18:53-05:00,FILTER_01_DIFF_PRESSURE,HIGH_DIFF_PRESSURE,URGENT,High diff pressure,2.42
EVT-00009698,2026-09-27T09:01:15-05:00,TANK_OUT_01_LEVEL,HIGH_LEVEL,MEDIUM,High level,twelve
123,2026-09-27T16:30:06-05:00,PUMP_01_MOTOR_FAULT,MOTOR_FAULT,CRITICAL,Motor fault,1.00
EVT-00009700,2026-09-22T09:48:59-05:00,TANK_IN_01_LEVEL,UNKNOWN_CONDITION,MEDIUM,High level,91.53
EVT-00009701,2026-09-15T19:09:56-05:00,PUMP_01_FLOW,HIGH_TEMPERATURE,MEDIUM,Jam,1.00
EVT-00009702,2026-09-23T21:29:58-05:00,FILLER_01_PRESSURE,LOW_PRESSURE,HIGH,Low pressure,-1
EVT-00009703,2026-09-25T06:43:33-05:00,TANK_IN_01_LEVEL,LOW_LEVEL,HIGH,xxxxxxxxxxxxxxxxxxxxxxxxxxxxxxxxxxxxxxxxxxxxxxxxxxxxxxxxxxxxxxxxxxxxxxxxxxxxxxxxxxxxxxxxxxxxxxxxxxxxxxxxxxxxxxxxxxxxxxxxxxxxxxxxxxxxxxxxxxxxxxxxxxxxxxxxxxxxxxxxxxxxxxxxxxxxxxxxxxxxxxxxxxxxxxxxxxxxxxxxxxxxxxxxxxxxxxxxxxxxxxxxxxxxxxxxxxxxxxxxxxxxxxxxxxxxxxxxxxxxxxxxxxxxxxxxxxxxxxxxxxxxxxxxxxxxxxxxxxxxxxxxxxxxxxxxxxxxxxxxxxxxxxxxxxxxxxxxxxxxxxxxxxxxxxxxxxxxxxxxxxxxxxxxxxxxxxxxxxxxxxxxxxxxxxxxxxxxxxxxxxxxxxxxxxxxxxxxxxxxxxxxxxxxxxxxxxxxxxxxxxxxxxxxxxxxxxxxxxxxxxxxxxxxxxxxxxxxxxxxxxxxxxxxxxxxxxxxxxxxx,4.19
EVT-00009704,2026-09-28T13:37:12-05:00,PUMP_01_FLOW,LOW_FLOW,,Low flow,6.42
,2026-09-20T15:01:02-05:00,PUMP_01_FLOW,LOW_FLOW,HIGH,Low flow,14.57
EVT-00009706,2026-09-01T12:05:51-05:00,COMPRESSOR_01_PRESSURE,,HIGH,Low pressure,2.69
EVT-00009707,,,HIGH_DIFF_PRESSURE,,High diff pressure,2.92
EVT-00009708,2026-09-30T14:48:57-05:00,PUMP_01_MOTOR_FAULT,MOTOR_FAULT,CRITICAL,High temperature,2
EVT-00009709,,CONVEYOR_01_JAM,JAM,MEDIUM,Jam,1.00
EVT-00009710,2026-09-28T19:48:41-05:00,N/A,LOW_PRESSURE,HIGH,Low pressure,2.44
EVT-00009711,2026-02-30T08:00:00-05:00,FILTER_01_PRESSURE,HIGH_PRESSURE,HIGH,High pressure,8.86
EVT-00009712,2026-09-15T13:02:15-05:00,UNKNOWN_01_SIGNAL,HIGH_DIFF_PRESSURE,MEDIUM,High diff pressure,1.61
EVT-00009713,2026-09-29T10:30:46-05:00,FILTER_01_DIFF_PRESSURE,HIGH_DIFF_PRESSURE,URGENT,High diff pressure,2.76
EVT-00009714,2026-09-16T19:07:35-05:00,COMPRESSOR_01_PRESSURE,LOW_PRESSURE,HIGH,Low pressure,twelve
123,2026-09-22T14:38:12-05:00,COMPRESSOR_01_PRESSURE,LOW_PRESSURE,HIGH,Low pressure,1.92
EVT-00009716,2026-09-14T07:25:46-05:00,TANK_IN_01_LEVEL,UNKNOWN_CONDITION,HIGH,Low level,10.38
EVT-00009717,2026-09-11T15:44:43-05:00,PUMP_01_FLOW,HIGH_TEMPERATURE,HIGH,Low flow,1.97
EVT-00009718,2026-09-12T20:34:28-05:00,CONVEYOR_01_JAM,JAM,MEDIUM,Jam,-1
EVT-00009719,2026-09-29T09:17:37-05:00,FILLER_01_PRESSURE,LOW_PRESSURE,HIGH,xxxxxxxxxxxxxxxxxxxxxxxxxxxxxxxxxxxxxxxxxxxxxxxxxxxxxxxxxxxxxxxxxxxxxxxxxxxxxxxxxxxxxxxxxxxxxxxxxxxxxxxxxxxxxxxxxxxxxxxxxxxxxxxxxxxxxxxxxxxxxxxxxxxxxxxxxxxxxxxxxxxxxxxxxxxxxxxxxxxxxxxxxxxxxxxxxxxxxxxxxxxxxxxxxxxxxxxxxxxxxxxxxxxxxxxxxxxxxxxxxxxxxxxxxxxxxxxxxxxxxxxxxxxxxxxxxxxxxxxxxxxxxxxxxxxxxxxxxxxxxxxxxxxxxxxxxxxxxxxxxxxxxxxxxxxxxxxxxxxxxxxxxxxxxxxxxxxxxxxxxxxxxxxxxxxxxxxxxxxxxxxxxxxxxxxxxxxxxxxxxxxxxxxxxxxxxxxxxxxxxxxxxxxxxxxxxxxxxxxxxxxxxxxxxxxxxxxxxxxxxxxxxxxxxxxxxxxxxxxxxxxxxxxxxxxxxxxxxxxxx,1.18
EVT-00009720,2026-09-22T17:16:50-05:00,FILTER_01_DIFF_PRESSURE,HIGH_DIFF_PRESSURE,,High diff pressure,2.88
,2026-09-20T14:16:58-05:00,TANK_OUT_01_LEVEL,LOW_LEVEL,HIGH,Low level,13.07
EVT-00009722,2026-09-17T14:23:33-05:00,COMPRESSOR_01_TEMP,,HIGH,High temperature,115.27
EVT-00009723,,,HIGH_DIFF_PRESSURE,,High diff pressure,2.91
EVT-00009724,2026-09-15T19:48:28-05:00,PUMP_01_MOTOR_FAULT,MOTOR_FAULT,CRITICAL,Motor fault,2
EVT-00009725,,COMPRESSOR_01_PRESSURE,LOW_PRESSURE,HIGH,Low pressure,1.02
EVT-00009726,2026-09-20T08:28:45-05:00,N/A,HIGH_LEVEL,MEDIUM,High level,98.39
EVT-00009727,2026-02-30T08:00:00-05:00,COMPRESSOR_01_PRESSURE,LOW_PRESSURE,HIGH,Low pressure,3.12
EVT-00009728,2026-09-30T06:03:33-05:00,UNKNOWN_01_SIGNAL,HIGH_TEMPERATURE,HIGH,High temperature,109.44
EVT-00009729,2026-09-14T09:18:47-05:00,COMPRESSOR_01_PRESSURE,LOW_PRESSURE,URGENT,Low pressure,4.56
EVT-00009730,2026-09-01T18:42:43-05:00,FILTER_01_DIFF_PRESSURE,HIGH_DIFF_PRESSURE,MEDIUM,High diff pressure,twelve
123,2026-09-29T10:32:11-05:00,PUMP_01_MOTOR_FAULT,MOTOR_FAULT,CRITICAL,Motor fault,1.00
EVT-00009732,2026-09-27T11:04:31-05:00,TANK_IN_01_LEVEL,UNKNOWN_CONDITION,MEDIUM,High level,96.40
EVT-00009733,2026-09-15T14:42:40-05:00,PUMP_01_FLOW,HIGH_TEMPERATURE,MEDIUM,High diff pressure,2.22
EVT-00009734,2026-09-15T13:24:41-05:00,FILTER_01_DIFF_PRESSURE,HIGH_DIFF_PRESSURE,MEDIUM,High diff pressure,-1
EVT-00009735,2026-09-03T12:33:22-05:00,COMPRESSOR_01_PRESSURE,LOW_PRESSURE,HIGH,xxxxxxxxxxxxxxxxxxxxxxxxxxxxxxxxxxxxxxxxxxxxxxxxxxxxxxxxxxxxxxxxxxxxxxxxxxxxxxxxxxxxxxxxxxxxxxxxxxxxxxxxxxxxxxxxxxxxxxxxxxxxxxxxxxxxxxxxxxxxxxxxxxxxxxxxxxxxxxxxxxxxxxxxxxxxxxxxxxxxxxxxxxxxxxxxxxxxxxxxxxxxxxxxxxxxxxxxxxxxxxxxxxxxxxxxxxxxxxxxxxxxxxxxxxxxxxxxxxxxxxxxxxxxxxxxxxxxxxxxxxxxxxxxxxxxxxxxxxxxxxxxxxxxxxxxxxxxxxxxxxxxxxxxxxxxxxxxxxxxxxxxxxxxxxxxxxxxxxxxxxxxxxxxxxxxxxxxxxxxxxxxxxxxxxxxxxxxxxxxxxxxxxxxxxxxxxxxxxxxxxxxxxxxxxxxxxxxxxxxxxxxxxxxxxxxxxxxxxxxxxxxxxxxxxxxxxxxxxxxxxxxxxxxxxxxxxxxxxxxx,3.09
EVT-00009736,2026-09-13T08:28:39-05:00,TANK_OUT_01_LEVEL,LOW_LEVEL,,Low level,3.70
,2026-09-08T21:47:52-05:00,FILLER_01_PRESSURE,LOW_PRESSURE,HIGH,Low pressure,0.25
EVT-00009738,2026-09-26T14:28:16-05:00,COMPRESSOR_01_PRESSURE,,HIGH,Low pressure,1.14
EVT-00009739,,,LOW_PRESSURE,,Low pressure,0.74
EVT-00009740,2026-09-28T11:45:14-05:00,PUMP_01_MOTOR_FAULT,MOTOR_FAULT,CRITICAL,Low level,2
EVT-00009741,,TANK_IN_01_LEVEL,HIGH_LEVEL,MEDIUM,High level,98.23
EVT-00009742,2026-09-21T11:27:08-05:00,N/A,LOW_FLOW,HIGH,Low flow,5.94
EVT-00009743,2026-02-30T08:00:00-05:00,PUMP_01_MOTOR_FAULT,MOTOR_FAULT,CRITICAL,Motor fault,1.00
EVT-00009744,2026-09-06T20:43:01-05:00,UNKNOWN_01_SIGNAL,LOW_PRESSURE,HIGH,Low pressure,4.33
EVT-00009745,2026-09-30T14:57:27-05:00,FILLER_01_PRESSURE,LOW_PRESSURE,URGENT,Low pressure,0.27
EVT-00009746,2026-09-21T17:48:33-05:00,TANK_OUT_01_LEVEL,LOW_LEVEL,HIGH,Low level,twelve
123,2026-09-22T21:52:40-05:00,FILTER_01_DIFF_PRESSURE,HIGH_DIFF_PRESSURE,MEDIUM,High diff pressure,2.50
EVT-00009748,2026-09-01T20:33:35-05:00,FILTER_01_DIFF_PRESSURE,UNKNOWN_CONDITION,MEDIUM,High diff pressure,1.86
EVT-00009749,2026-09-03T09:49:03-05:00,PUMP_01_FLOW,HIGH_TEMPERATURE,HIGH,Low flow,12.13
EVT-00009750,2026-09-16T15:54:46-05:00,FILLER_01_PRESSURE,LOW_PRESSURE,HIGH,Low pressure,-1
EVT-00009751,2026-09-16T15:49:22-05:00,TANK_OUT_01_LEVEL,LOW_LEVEL,HIGH,xxxxxxxxxxxxxxxxxxxxxxxxxxxxxxxxxxxxxxxxxxxxxxxxxxxxxxxxxxxxxxxxxxxxxxxxxxxxxxxxxxxxxxxxxxxxxxxxxxxxxxxxxxxxxxxxxxxxxxxxxxxxxxxxxxxxxxxxxxxxxxxxxxxxxxxxxxxxxxxxxxxxxxxxxxxxxxxxxxxxxxxxxxxxxxxxxxxxxxxxxxxxxxxxxxxxxxxxxxxxxxxxxxxxxxxxxxxxxxxxxxxxxxxxxxxxxxxxxxxxxxxxxxxxxxxxxxxxxxxxxxxxxxxxxxxxxxxxxxxxxxxxxxxxxxxxxxxxxxxxxxxxxxxxxxxxxxxxxxxxxxxxxxxxxxxxxxxxxxxxxxxxxxxxxxxxxxxxxxxxxxxxxxxxxxxxxxxxxxxxxxxxxxxxxxxxxxxxxxxxxxxxxxxxxxxxxxxxxxxxxxxxxxxxxxxxxxxxxxxxxxxxxxxxxxxxxxxxxxxxxxxxxxxxxxxxxxxxxxxxx,1.97
EVT-00009752,2026-09-14T07:24:43-05:00,COMPRESSOR_01_PRESSURE,LOW_PRESSURE,,Low pressure,2.63
,2026-09-10T12:18:42-05:00,FILLER_01_PRESSURE,LOW_PRESSURE,HIGH,Low pressure,1.69
EVT-00009754,2026-09-11T15:20:59-05:00,CONVEYOR_01_MOTOR_TEMP,,LOW,High temperature,79.21
EVT-00009755,,,HIGH_DIFF_PRESSURE,,High diff pressure,2.43
EVT-00009756,2026-09-10T07:27:16-05:00,PUMP_01_MOTOR_FAULT,MOTOR_FAULT,CRITICAL,Low pressure,2
EVT-00009757,,COMPRESSOR_01_PRESSURE,LOW_PRESSURE,HIGH,Low pressure,3.82
EVT-00009758,2026-09-06T12:09:49-05:00,N/A,LOW_PRESSURE,HIGH,Low pressure,0.45
EVT-00009759,2026-02-30T08:00:00-05:00,TANK_IN_01_LEVEL,LOW_LEVEL,HIGH,Low level,11.71
EVT-00009760,2026-09-13T13:52:43-05:00,UNKNOWN_01_SIGNAL,LOW_PRESSURE,HIGH,Low pressure,1.59
EVT-00009761,2026-09-30T11:45:15-05:00,TANK_IN_01_LEVEL,LOW_LEVEL,URGENT,Low level,13.56
EVT-00009762,2026-09-19T19:00:41-05:00,PUMP_01_MOTOR_FAULT,MOTOR_FAULT,CRITICAL,Motor fault,twelve
123,2026-09-17T08:50:44-05:00,PUMP_01_FLOW,LOW_FLOW,HIGH,Low flow,15.18
EVT-00009764,2026-09-10T14:10:26-05:00,CONVEYOR_01_JAM,UNKNOWN_CONDITION,MEDIUM,Jam,1.00
EVT-00009765,2026-09-01T10:24:55-05:00,PUMP_01_FLOW,HIGH_TEMPERATURE,MEDIUM,High diff pressure,1.80
EVT-00009766,2026-09-27T18:16:44-05:00,FILLER_01_PRESSURE,LOW_PRESSURE,HIGH,Low pressure,-1
EVT-00009767,2026-09-18T16:06:44-05:00,CONVEYOR_01_JAM,JAM,MEDIUM,xxxxxxxxxxxxxxxxxxxxxxxxxxxxxxxxxxxxxxxxxxxxxxxxxxxxxxxxxxxxxxxxxxxxxxxxxxxxxxxxxxxxxxxxxxxxxxxxxxxxxxxxxxxxxxxxxxxxxxxxxxxxxxxxxxxxxxxxxxxxxxxxxxxxxxxxxxxxxxxxxxxxxxxxxxxxxxxxxxxxxxxxxxxxxxxxxxxxxxxxxxxxxxxxxxxxxxxxxxxxxxxxxxxxxxxxxxxxxxxxxxxxxxxxxxxxxxxxxxxxxxxxxxxxxxxxxxxxxxxxxxxxxxxxxxxxxxxxxxxxxxxxxxxxxxxxxxxxxxxxxxxxxxxxxxxxxxxxxxxxxxxxxxxxxxxxxxxxxxxxxxxxxxxxxxxxxxxxxxxxxxxxxxxxxxxxxxxxxxxxxxxxxxxxxxxxxxxxxxxxxxxxxxxxxxxxxxxxxxxxxxxxxxxxxxxxxxxxxxxxxxxxxxxxxxxxxxxxxxxxxxxxxxxxxxxxxxxxxxxxx,1.00
EVT-00009768,2026-09-24T19:44:15-05:00,TANK_IN_01_LEVEL,HIGH_LEVEL,,High level,92.71
,2026-09-06T06:18:19-05:00,PUMP_01_FLOW,LOW_FLOW,HIGH,Low flow,5.25
EVT-00009770,2026-09-13T15:31:12-05:00,CONVEYOR_01_MOTOR_TEMP,,LOW,High temperature,79.93
EVT-00009771,,,HIGH_TEMPERATURE,,High temperature,114.12
EVT-00009772,2026-09-24T14:44:52-05:00,PUMP_01_MOTOR_FAULT,MOTOR_FAULT,CRITICAL,Low pressure,2
EVT-00009773,,FILTER_01_DIFF_PRESSURE,HIGH_DIFF_PRESSURE,MEDIUM,High diff pressure,2.46
EVT-00009774,2026-09-05T15:38:00-05:00,N/A,LOW_FLOW,HIGH,Low flow,10.47
EVT-00009775,2026-02-30T08:00:00-05:00,FILLER_01_CYCLE_FAULT,CYCLE_FAULT,HIGH,Cycle fault,1.00
EVT-00009776,2026-09-17T14:47:41-05:00,UNKNOWN_01_SIGNAL,LOW_FLOW,HIGH,Low flow,10.19
EVT-00009777,2026-09-27T10:53:25-05:00,TANK_OUT_01_LEVEL,LOW_LEVEL,URGENT,Low level,9.96
EVT-00009778,2026-09-24T06:07:55-05:00,COMPRESSOR_01_TEMP,HIGH_TEMPERATURE,HIGH,High temperature,twelve
123,2026-09-18T10:08:33-05:00,PUMP_01_FLOW,LOW_FLOW,HIGH,Low flow,17.87
EVT-00009780,2026-09-21T17:31:43-05:00,PUMP_01_FLOW,UNKNOWN_CONDITION,HIGH,Low flow,8.10
EVT-00009781,2026-09-25T19:46:34-05:00,PUMP_01_FLOW,HIGH_TEMPERATURE,MEDIUM,Jam,1.00
EVT-00009782,2026-09-11T13:44:31-05:00,FILTER_01_PRESSURE,HIGH_PRESSURE,HIGH,High pressure,-1
EVT-00009783,2026-09-21T08:20:58-05:00,PUMP_01_FLOW,LOW_FLOW,HIGH,xxxxxxxxxxxxxxxxxxxxxxxxxxxxxxxxxxxxxxxxxxxxxxxxxxxxxxxxxxxxxxxxxxxxxxxxxxxxxxxxxxxxxxxxxxxxxxxxxxxxxxxxxxxxxxxxxxxxxxxxxxxxxxxxxxxxxxxxxxxxxxxxxxxxxxxxxxxxxxxxxxxxxxxxxxxxxxxxxxxxxxxxxxxxxxxxxxxxxxxxxxxxxxxxxxxxxxxxxxxxxxxxxxxxxxxxxxxxxxxxxxxxxxxxxxxxxxxxxxxxxxxxxxxxxxxxxxxxxxxxxxxxxxxxxxxxxxxxxxxxxxxxxxxxxxxxxxxxxxxxxxxxxxxxxxxxxxxxxxxxxxxxxxxxxxxxxxxxxxxxxxxxxxxxxxxxxxxxxxxxxxxxxxxxxxxxxxxxxxxxxxxxxxxxxxxxxxxxxxxxxxxxxxxxxxxxxxxxxxxxxxxxxxxxxxxxxxxxxxxxxxxxxxxxxxxxxxxxxxxxxxxxxxxxxxxxxxxxxxxxx,18.58
EVT-00009784,2026-09-27T14:14:42-05:00,CONVEYOR_01_JAM,JAM,,Jam,1.00
,2026-09-25T06:39:55-05:00,FILLER_01_PRESSURE,LOW_PRESSURE,HIGH,Low pressure,0.24
EVT-00009786,2026-09-07T12:10:59-05:00,PUMP_01_MOTOR_FAULT,,CRITICAL,Motor fault,1.00
EVT-00009787,,,LOW_PRESSURE,,Low pressure,0.25
EVT-00009788,2026-09-25T14:24:56-05:00,PUMP_01_MOTOR_FAULT,MOTOR_FAULT,CRITICAL,Low pressure,2
EVT-00009789,,FILLER_01_CYCLE_FAULT,CYCLE_FAULT,HIGH,Cycle fault,1.00
EVT-00009790,2026-09-12T20:51:05-05:00,N/A,LOW_FLOW,HIGH,Low flow,17.59
EVT-00009791,2026-02-30T08:00:00-05:00,FILTER_01_DIFF_PRESSURE,HIGH_DIFF_PRESSURE,MEDIUM,High diff pressure,2.01
EVT-00009792,2026-09-02T19:53:43-05:00,UNKNOWN_01_SIGNAL,JAM,MEDIUM,Jam,1.00
EVT-00009793,2026-09-15T11:17:08-05:00,FILTER_01_DIFF_PRESSURE,HIGH_DIFF_PRESSURE,URGENT,High diff pressure,2.65
EVT-00009794,2026-09-24T20:22:36-05:00,TANK_OUT_01_LEVEL,LOW_LEVEL,HIGH,Low level,twelve
123,2026-09-26T14:11:22-05:00,COMPRESSOR_01_TEMP,HIGH_TEMPERATURE,HIGH,High temperature,114.76
EVT-00009796,2026-09-10T07:53:52-05:00,FILLER_01_PRESSURE,UNKNOWN_CONDITION,HIGH,Low pressure,0.36
EVT-00009797,2026-09-29T15:47:01-05:00,PUMP_01_FLOW,HIGH_TEMPERATURE,MEDIUM,High diff pressure,1.77
EVT-00009798,2026-09-29T13:40:12-05:00,FILTER_01_DIFF_PRESSURE,HIGH_DIFF_PRESSURE,MEDIUM,High diff pressure,-1
EVT-00009799,2026-09-22T10:14:19-05:00,FILTER_01_DIFF_PRESSURE,HIGH_DIFF_PRESSURE,MEDIUM,xxxxxxxxxxxxxxxxxxxxxxxxxxxxxxxxxxxxxxxxxxxxxxxxxxxxxxxxxxxxxxxxxxxxxxxxxxxxxxxxxxxxxxxxxxxxxxxxxxxxxxxxxxxxxxxxxxxxxxxxxxxxxxxxxxxxxxxxxxxxxxxxxxxxxxxxxxxxxxxxxxxxxxxxxxxxxxxxxxxxxxxxxxxxxxxxxxxxxxxxxxxxxxxxxxxxxxxxxxxxxxxxxxxxxxxxxxxxxxxxxxxxxxxxxxxxxxxxxxxxxxxxxxxxxxxxxxxxxxxxxxxxxxxxxxxxxxxxxxxxxxxxxxxxxxxxxxxxxxxxxxxxxxxxxxxxxxxxxxxxxxxxxxxxxxxxxxxxxxxxxxxxxxxxxxxxxxxxxxxxxxxxxxxxxxxxxxxxxxxxxxxxxxxxxxxxxxxxxxxxxxxxxxxxxxxxxxxxxxxxxxxxxxxxxxxxxxxxxxxxxxxxxxxxxxxxxxxxxxxxxxxxxxxxxxxxxxxxxxxxx,2.95
EVT-00009800,2026-09-15T12:55:11-05:00,FILTER_01_DIFF_PRESSURE,HIGH_DIFF_PRESSURE,,High diff pressure,1.62
EVT-00004867,2026-09-06T08:39:15-05:00,COMPRESSOR_01_TEMP,HIGH_TEMPERATURE,HIGH,High temperature,110.01
EVT-00004564,2026-09-23T14:37:17-05:00,TANK_IN_01_LEVEL,LOW_LEVEL,HIGH,Low level,8.85
EVT-00008437,2026-09-11T17:50:54-05:00,COMPRESSOR_01_PRESSURE,LOW_PRESSURE,HIGH,Low pressure,4.89
EVT-00004335,2026-09-01T11:42:12-05:00,FILTER_01_DIFF_PRESSURE,HIGH_DIFF_PRESSURE,MEDIUM,High diff pressure,2.51
EVT-00007066,2026-09-20T06:17:38-05:00,FILLER_01_CYCLE_FAULT,CYCLE_FAULT,HIGH,Cycle fault,1.00
EVT-00008184,2026-09-01T13:18:32-05:00,FILLER_01_CYCLE_FAULT,CYCLE_FAULT,HIGH,Cycle fault,1.00
EVT-00003740,2026-09-27T21:23:50-05:00,TANK_IN_01_LEVEL,LOW_LEVEL,HIGH,Low level,3.44
EVT-00003396,2026-09-10T17:26:12-05:00,CONVEYOR_01_MOTOR_TEMP,HIGH_TEMPERATURE,LOW,High temperature,77.36
EVT-00003071,2026-09-08T09:18:39-05:00,FILTER_01_DIFF_PRESSURE,HIGH_DIFF_PRESSURE,MEDIUM,High diff pressure,2.58
EVT-00002922,2026-09-30T19:12:21-05:00,PUMP_01_MOTOR_FAULT,MOTOR_FAULT,CRITICAL,Motor fault,1.00
EVT-00001156,2026-09-20T11:08:45-05:00,FILLER_01_PRESSURE,LOW_PRESSURE,HIGH,Low pressure,0.86
EVT-00002672,2026-09-20T20:42:04-05:00,CONVEYOR_01_JAM,JAM,MEDIUM,Jam,1.00
EVT-00004644,2026-09-26T17:31:53-05:00,PUMP_01_FLOW,LOW_FLOW,HIGH,Low flow,18.00
EVT-00005412,2026-09-09T11:29:58-05:00,PUMP_01_FLOW,LOW_FLOW,HIGH,Low flow,5.83
EVT-00005772,2026-09-05T08:17:59-05:00,CONVEYOR_01_JAM,JAM,MEDIUM,Jam,1.00
EVT-00007623,2026-09-06T17:38:21-05:00,TANK_OUT_01_LEVEL,HIGH_LEVEL,MEDIUM,High level,92.87
EVT-00007172,2026-09-13T16:07:16-05:00,FILTER_01_PRESSURE,HIGH_PRESSURE,HIGH,High pressure,8.73
EVT-00000476,2026-09-21T20:50:14-05:00,COMPRESSOR_01_PRESSURE,LOW_PRESSURE,HIGH,Low pressure,1.75
EVT-00000174,2026-09-26T10:31:03-05:00,CONVEYOR_01_MOTOR_TEMP,HIGH_TEMPERATURE,LOW,High temperature,76.46
EVT-00006935,2026-09-25T21:46:57-05:00,PUMP_01_FLOW,LOW_FLOW,HIGH,Low flow,6.49
EVT-00002649,2026-09-01T15:05:54-05:00,FILTER_01_DIFF_PRESSURE,HIGH_DIFF_PRESSURE,MEDIUM,High diff pressure,2.50
EVT-00003919,2026-09-19T11:00:41-05:00,FILLER_01_PRESSURE,LOW_PRESSURE,HIGH,Low pressure,1.62
EVT-00004289,2026-09-02T13:07:25-05:00,COMPRESSOR_01_PRESSURE,LOW_PRESSURE,HIGH,Low pressure,2.94
EVT-00005125,2026-09-07T07:49:10-05:00,COMPRESSOR_01_PRESSURE,LOW_PRESSURE,HIGH,Low pressure,1.89
EVT-00004572,2026-09-16T06:37:30-05:00,TANK_OUT_01_LEVEL,HIGH_LEVEL,MEDIUM,High level,94.30
EVT-00002616,2026-09-20T07:10:51-05:00,CONVEYOR_01_JAM,JAM,MEDIUM,Jam,1.00
EVT-00006910,2026-09-08T17:16:52-05:00,COMPRESSOR_01_PRESSURE,LOW_PRESSURE,HIGH,Low pressure,1.16
EVT-00004499,2026-09-16T16:12:34-05:00,COMPRESSOR_01_PRESSURE,LOW_PRESSURE,HIGH,Low pressure,4.05
EVT-00000521,2026-09-27T09:38:07-05:00,COMPRESSOR_01_PRESSURE,LOW_PRESSURE,HIGH,Low pressure,4.09
EVT-00007999,2026-09-25T09:52:07-05:00,PUMP_01_FLOW,LOW_FLOW,HIGH,Low flow,9.66
EVT-00006760,2026-09-28T17:34:49-05:00,FILLER_01_PRESSURE,LOW_PRESSURE,HIGH,Low pressure,1.29
EVT-00000394,2026-09-02T06:40:38-05:00,TANK_IN_01_LEVEL,HIGH_LEVEL,MEDIUM,High level,94.11
EVT-00005293,2026-09-07T15:56:34-05:00,CONVEYOR_01_MOTOR_TEMP,HIGH_TEMPERATURE,LOW,High temperature,89.46
EVT-00003381,2026-09-22T13:28:06-05:00,FILTER_01_DIFF_PRESSURE,HIGH_DIFF_PRESSURE,MEDIUM,High diff pressure,2.78
EVT-00000970,2026-09-27T19:07:16-05:00,TANK_OUT_01_LEVEL,LOW_LEVEL,HIGH,Low level,6.30
EVT-00001395,2026-09-15T14:51:46-05:00,FILTER_01_DIFF_PRESSURE,HIGH_DIFF_PRESSURE,MEDIUM,High diff pressure,2.83
EVT-00002110,2026-09-06T19:55:14-05:00,FILLER_01_CYCLE_FAULT,CYCLE_FAULT,HIGH,Cycle fault,1.00
EVT-00000774,2026-09-29T15:52:09-05:00,PUMP_01_FLOW,LOW_FLOW,HIGH,Low flow,14.14
EVT-00003693,2026-09-27T14:37:35-05:00,TANK_OUT_01_LEVEL,LOW_LEVEL,HIGH,Low level,1.20
EVT-00004014,2026-09-24T07:22:31-05:00,FILLER_01_PRESSURE,LOW_PRESSURE,HIGH,Low pressure,1.54
EVT-00008383,2026-09-27T16:29:44-05:00,FILLER_01_PRESSURE,LOW_PRESSURE,HIGH,Low pressure,1.32
EVT-00000475,2026-09-12T12:23:29-05:00,COMPRESSOR_01_PRESSURE,LOW_PRESSURE,HIGH,Low pressure,4.72
EVT-00001923,2026-09-03T14:57:05-05:00,PUMP_01_FLOW,LOW_FLOW,HIGH,Low flow,5.10
EVT-00003954,2026-09-03T14:39:57-05:00,TANK_IN_01_LEVEL,HIGH_LEVEL,MEDIUM,High level,93.02
EVT-00008267,2026-09-27T08:16:34-05:00,PUMP_01_FLOW,LOW_FLOW,HIGH,Low flow,14.86
EVT-00008173,2026-09-01T21:19:09-05:00,FILTER_01_DIFF_PRESSURE,HIGH_DIFF_PRESSURE,MEDIUM,High diff pressure,2.38
EVT-00001493,2026-09-09T10:19:01-05:00,PUMP_01_FLOW,LOW_FLOW,HIGH,Low flow,6.51
EVT-00006160,2026-09-04T09:42:51-05:00,PUMP_01_FLOW,LOW_FLOW,HIGH,Low flow,16.02
EVT-00002356,2026-09-22T07:56:08-05:00,PUMP_01_MOTOR_FAULT,MOTOR_FAULT,CRITICAL,Motor fault,1.00
EVT-00003668,2026-09-01T07:44:11-05:00,FILTER_01_DIFF_PRESSURE,HIGH_DIFF_PRESSURE,MEDIUM,High diff pressure,2.03
EVT-00004060,2026-09-30T21:19:03-05:00,FILLER_01_PRESSURE,LOW_PRESSURE,HIGH,Low pressure,0.77
EVT-00005831,2026-09-15T18:49:07-05:00,FILTER_01_DIFF_PRESSURE,HIGH_DIFF_PRESSURE,MEDIUM,High diff pressure,2.73
EVT-00006952,2026-09-04T11:27:08-05:00,TANK_OUT_01_LEVEL,HIGH_LEVEL,MEDIUM,High level,93.43
EVT-00000874,2026-09-12T12:24:27-05:00,TANK_OUT_01_LEVEL,HIGH_LEVEL,MEDIUM,High level,95.68
EVT-00005251,2026-09-12T06:16:12-05:00,CONVEYOR_01_MOTOR_TEMP,HIGH_TEMPERATURE,MEDIUM,High temperature,86.91
EVT-00001241,2026-09-23T18:45:13-05:00,TANK_OUT_01_LEVEL,LOW_LEVEL,HIGH,Low level,13.66
EVT-00000626,2026-09-16T06:25:18-05:00,COMPRESSOR_01_PRESSURE,LOW_PRESSURE,HIGH,Low pressure,1.46
EVT-00000278,2026-09-15T09:15:59-05:00,FILTER_01_DIFF_PRESSURE,HIGH_DIFF_PRESSURE,MEDIUM,High diff pressure,2.37
EVT-00001917,2026-09-15T18:01:25-05:00,PUMP_01_MOTOR_FAULT,MOTOR_FAULT,CRITICAL,Motor fault,1.00
EVT-00005997,2026-09-09T08:29:19-05:00,CONVEYOR_01_MOTOR_TEMP,HIGH_TEMPERATURE,LOW,High temperature,75.90
EVT-00003580,2026-09-22T12:54:22-05:00,FILTER_01_DIFF_PRESSURE,HIGH_DIFF_PRESSURE,MEDIUM,High diff pressure,2.42
EVT-00003387,2026-09-15T20:41:59-05:00,FILLER_01_PRESSURE,LOW_PRESSURE,HIGH,Low pressure,1.42
EVT-00007489,2026-09-25T11:05:46-05:00,FILLER_01_PRESSURE,LOW_PRESSURE,HIGH,Low pressure,0.52
EVT-00004591,2026-09-17T18:37:49-05:00,TANK_IN_01_LEVEL,LOW_LEVEL,HIGH,Low level,8.54
EVT-00003240,2026-09-01T15:45:24-05:00,PUMP_01_FLOW,LOW_FLOW,HIGH,Low flow,1.47
EVT-00005343,2026-09-21T21:59:27-05:00,PUMP_01_FLOW,LOW_FLOW,HIGH,Low flow,5.75
EVT-00006615,2026-09-01T18:19:36-05:00,FILLER_01_PRESSURE,LOW_PRESSURE,HIGH,Low pressure,0.44
EVT-00007511,2026-09-11T09:41:12-05:00,TANK_OUT_01_LEVEL,LOW_LEVEL,HIGH,Low level,13.15
EVT-00000347,2026-09-15T06:16:45-05:00,TANK_OUT_01_LEVEL,LOW_LEVEL,HIGH,Low level,3.95
EVT-00002119,2026-09-01T08:07:19-05:00,FILTER_01_DIFF_PRESSURE,HIGH_DIFF_PRESSURE,MEDIUM,High diff pressure,1.93
EVT-00007371,2026-09-27T13:09:38-05:00,TANK_IN_01_LEVEL,LOW_LEVEL,HIGH,Low level,6.82
EVT-00008045,2026-09-18T20:49:31-05:00,FILLER_01_PRESSURE,LOW_PRESSURE,HIGH,Low pressure,0.78
EVT-00002715,2026-09-09T17:49:54-05:00,FILLER_01_PRESSURE,LOW_PRESSURE,HIGH,Low pressure,1.69
EVT-00008381,2026-09-16T12:05:32-05:00,CONVEYOR_01_JAM,JAM,MEDIUM,Jam,1.00
EVT-00007550,2026-09-10T12:41:33-05:00,PUMP_01_MOTOR_FAULT,MOTOR_FAULT,CRITICAL,Motor fault,1.00
EVT-00001162,2026-09-15T18:23:34-05:00,FILTER_01_DIFF_PRESSURE,HIGH_DIFF_PRESSURE,MEDIUM,High diff pressure,1.95
EVT-00005223,2026-09-08T21:43:51-05:00,FILTER_01_DIFF_PRESSURE,HIGH_DIFF_PRESSURE,MEDIUM,High diff pressure,2.61
EVT-00006242,2026-09-19T17:45:39-05:00,CONVEYOR_01_JAM,JAM,MEDIUM,Jam,1.00
EVT-00005994,2026-09-12T16:28:50-05:00,FILLER_01_CYCLE_FAULT,CYCLE_FAULT,HIGH,Cycle fault,1.00
EVT-00007070,2026-09-07T16:25:28-05:00,FILTER_01_PRESSURE,HIGH_PRESSURE,HIGH,High pressure,8.22
EVT-00006031,2026-09-04T20:00:12-05:00,FILLER_01_PRESSURE,LOW_PRESSURE,HIGH,Low pressure,0.65
EVT-00007581,2026-09-13T09:12:59-05:00,FILLER_01_PRESSURE,LOW_PRESSURE,HIGH,Low pressure,0.41
EVT-00004847,2026-09-07T15:43:22-05:00,COMPRESSOR_01_TEMP,HIGH_TEMPERATURE,HIGH,High temperature,118.62
EVT-00005791,2026-09-03T19:36:30-05:00,PUMP_01_FLOW,LOW_FLOW,HIGH,Low flow,1.89
EVT-00008105,2026-09-13T15:48:25-05:00,PUMP_01_FLOW,LOW_FLOW,HIGH,Low flow,7.82
EVT-00005581,2026-09-20T17:39:09-05:00,FILLER_01_PRESSURE,LOW_PRESSURE,HIGH,Low pressure,0.51
EVT-00005624,2026-09-22T06:54:36-05:00,FILTER_01_DIFF_PRESSURE,HIGH_DIFF_PRESSURE,MEDIUM,High diff pressure,2.43
EVT-00006077,2026-09-13T09:10:37-05:00,PUMP_01_FLOW,LOW_FLOW,HIGH,Low flow,9.21
EVT-00006027,2026-09-05T14:48:29-05:00,TANK_IN_01_LEVEL,LOW_LEVEL,HIGH,Low level,4.64
EVT-00000417,2026-09-08T17:11:51-05:00,FILTER_01_DIFF_PRESSURE,HIGH_DIFF_PRESSURE,MEDIUM,High diff pressure,1.71
EVT-00005614,2026-09-20T15:47:26-05:00,PUMP_01_FLOW,LOW_FLOW,HIGH,Low flow,16.41
EVT-00005312,2026-09-09T20:26:39-05:00,TANK_OUT_01_LEVEL,HIGH_LEVEL,MEDIUM,High level,91.38
EVT-00003933,2026-09-29T12:54:55-05:00,PUMP_01_FLOW,LOW_FLOW,HIGH,Low flow,1.29
EVT-00006337,2026-09-17T18:38:53-05:00,FILTER_01_PRESSURE,HIGH_PRESSURE,HIGH,High pressure,6.66
EVT-00002196,2026-09-13T16:22:58-05:00,COMPRESSOR_01_TEMP,HIGH_TEMPERATURE,HIGH,High temperature,111.98
EVT-00001360,2026-09-29T09:31:21-05:00,FILLER_01_PRESSURE,LOW_PRESSURE,HIGH,Low pressure,0.91
EVT-00007260,2026-09-20T07:41:12-05:00,TANK_OUT_01_LEVEL,HIGH_LEVEL,MEDIUM,High level,96.53
EVT-00001880,2026-09-19T09:04:40-05:00,FILLER_01_PRESSURE,LOW_PRESSURE,HIGH,Low pressure,1.56
EVT-00004922,2026-09-27T17:39:56-05:00,TANK_OUT_01_LEVEL,HIGH_LEVEL,MEDIUM,High level,96.94
EVT-00008421,2026-09-28T13:39:48-05:00,CONVEYOR_01_JAM,JAM,MEDIUM,Jam,1.00
EVT-00005973,2026-09-06T12:39:22-05:00,COMPRESSOR_01_PRESSURE,LOW_PRESSURE,HIGH,Low pressure,4.41
EVT-00004690,2026-09-03T13:57:42-05:00,COMPRESSOR_01_PRESSURE,LOW_PRESSURE,HIGH,Low pressure,2.30
EVT-00001218,2026-09-24T07:50:38-05:00,TANK_IN_01_LEVEL,LOW_LEVEL,HIGH,Low level,6.24
EVT-00003675,2026-09-01T10:52:53-05:00,FILTER_01_DIFF_PRESSURE,HIGH_DIFF_PRESSURE,MEDIUM,High diff pressure,2.13
EVT-00005653,2026-09-22T20:25:39-05:00,FILTER_01_DIFF_PRESSURE,HIGH_DIFF_PRESSURE,MEDIUM,High diff pressure,2.27
EVT-00002629,2026-09-22T13:26:41-05:00,FILTER_01_DIFF_PRESSURE,HIGH_DIFF_PRESSURE,MEDIUM,High diff pressure,2.54
EVT-00005128,2026-09-19T07:58:48-05:00,PUMP_01_FLOW,LOW_FLOW,HIGH,Low flow,10.94
EVT-00002147,2026-09-12T18:49:45-05:00,TANK_OUT_01_LEVEL,LOW_LEVEL,HIGH,Low level,6.90
EVT-00006013,2026-09-08T13:52:53-05:00,FILTER_01_DIFF_PRESSURE,HIGH_DIFF_PRESSURE,MEDIUM,High diff pressure,2.89
EVT-00002350,2026-09-01T08:04:26-05:00,FILLER_01_CYCLE_FAULT,CYCLE_FAULT,HIGH,Cycle fault,1.00
EVT-00001011,2026-09-28T08:10:58-05:00,FILTER_01_PRESSURE,HIGH_PRESSURE,HIGH,High pressure,6.56
EVT-00007425,2026-09-22T19:36:34-05:00,FILTER_01_DIFF_PRESSURE,HIGH_DIFF_PRESSURE,MEDIUM,High diff pressure,2.97
EVT-00008203,2026-09-14T12:26:35-05:00,FILLER_01_PRESSURE,LOW_PRESSURE,HIGH,Low pressure,1.41
EVT-00002688,2026-09-22T21:34:43-05:00,FILTER_01_DIFF_PRESSURE,HIGH_DIFF_PRESSURE,MEDIUM,High diff pressure,2.09
EVT-00001218,2026-09-24T07:50:38-05:00,TANK_IN_01_LEVEL,LOW_LEVEL,HIGH,Low level,6.24
EVT-00006462,2026-09-15T09:05:54-05:00,FILTER_01_DIFF_PRESSURE,HIGH_DIFF_PRESSURE,MEDIUM,High diff pressure,2.35
EVT-00005134,2026-09-25T09:31:58-05:00,COMPRESSOR_01_TEMP,HIGH_TEMPERATURE,HIGH,High temperature,110.03
EVT-00001578,2026-09-05T12:45:39-05:00,FILLER_01_PRESSURE,LOW_PRESSURE,HIGH,Low pressure,0.32
EVT-00001100,2026-09-29T10:08:30-05:00,FILTER_01_DIFF_PRESSURE,HIGH_DIFF_PRESSURE,MEDIUM,High diff pressure,1.75
EVT-00003031,2026-09-28T19:42:21-05:00,FILLER_01_PRESSURE,LOW_PRESSURE,HIGH,Low pressure,1.11
EVT-00001517,2026-09-30T12:08:31-05:00,FILLER_01_PRESSURE,LOW_PRESSURE,HIGH,Low pressure,1.17
EVT-00004905,2026-09-02T14:32:31-05:00,COMPRESSOR_01_PRESSURE,LOW_PRESSURE,HIGH,Low pressure,2.84
EVT-00006132,2026-09-30T15:32:54-05:00,FILLER_01_PRESSURE,LOW_PRESSURE,HIGH,Low pressure,1.68
EVT-00008052,2026-09-03T17:36:50-05:00,PUMP_01_MOTOR_FAULT,MOTOR_FAULT,CRITICAL,Motor fault,1.00
EVT-00004840,2026-09-22T16:33:02-05:00,CONVEYOR_01_JAM,JAM,MEDIUM,Jam,1.00
EVT-00004848,2026-09-01T21:34:08-05:00,FILTER_01_DIFF_PRESSURE,HIGH_DIFF_PRESSURE,MEDIUM,High diff pressure,2.20
EVT-00005238,2026-09-28T15:22:50-05:00,CONVEYOR_01_MOTOR_TEMP,HIGH_TEMPERATURE,LOW,High temperature,74.62
EVT-00002441,2026-09-29T19:24:50-05:00,FILTER_01_DIFF_PRESSURE,HIGH_DIFF_PRESSURE,MEDIUM,High diff pressure,1.61
EVT-00000984,2026-09-01T16:24:16-05:00,FILTER_01_DIFF_PRESSURE,HIGH_DIFF_PRESSURE,MEDIUM,High diff pressure,2.55
EVT-00003351,2026-09-09T21:58:04-05:00,FILLER_01_PRESSURE,LOW_PRESSURE,CRITICAL,Low pressure,1.70
EVT-00000662,2026-09-07T10:29:15-05:00,FILLER_01_PRESSURE,LOW_PRESSURE,HIGH,Low pressure,0.81
EVT-00002221,2026-09-14T10:51:33-05:00,PUMP_01_FLOW,LOW_FLOW,HIGH,Low flow,17.86
EVT-00007760,2026-09-02T19:37:00-05:00,COMPRESSOR_01_PRESSURE,LOW_PRESSURE,HIGH,Low pressure,1.37
EVT-00006320,2026-09-18T20:46:11-05:00,COMPRESSOR_01_PRESSURE,LOW_PRESSURE,HIGH,Low pressure,4.84
EVT-00004294,2026-09-08T08:36:35-05:00,FILTER_01_DIFF_PRESSURE,HIGH_DIFF_PRESSURE,MEDIUM,High diff pressure,3.00
EVT-00007590,2026-09-15T18:09:14-05:00,FILTER_01_DIFF_PRESSURE,HIGH_DIFF_PRESSURE,MEDIUM,High diff pressure,2.82
EVT-00003318,2026-09-15T07:46:50-05:00,FILTER_01_DIFF_PRESSURE,HIGH_DIFF_PRESSURE,MEDIUM,High diff pressure,1.72
EVT-00000422,2026-09-03T11:51:49-05:00,TANK_IN_01_LEVEL,LOW_LEVEL,HIGH,Low level,13.45
EVT-00008404,2026-09-22T18:39:47-05:00,PUMP_01_FLOW,LOW_FLOW,HIGH,Low flow,4.51
EVT-00002319,2026-09-22T18:23:26-05:00,TANK_IN_01_LEVEL,LOW_LEVEL,HIGH,Low level,3.49
EVT-00004919,2026-09-09T17:48:09-05:00,FILLER_01_PRESSURE,LOW_PRESSURE,HIGH,Low pressure,1.64
EVT-00000929,2026-09-16T07:25:07-05:00,TANK_IN_01_LEVEL,LOW_LEVEL,HIGH,Low level,3.71
EVT-00003090,2026-09-01T16:21:41-05:00,PUMP_01_MOTOR_FAULT,MOTOR_FAULT,CRITICAL,Motor fault,1.00
EVT-00005938,2026-09-21T08:56:50-05:00,FILLER_01_PRESSURE,LOW_PRESSURE,HIGH,Low pressure,1.63
EVT-00003965,2026-09-11T15:16:33-05:00,TANK_OUT_01_LEVEL,LOW_LEVEL,HIGH,Low level,10.63
EVT-00002824,2026-09-22T08:14:27-05:00,COMPRESSOR_01_PRESSURE,LOW_PRESSURE,HIGH,Low pressure,4.40
EVT-00001501,2026-09-24T08:43:20-05:00,CONVEYOR_01_JAM,JAM,MEDIUM,Jam,0
EVT-00002762,2026-09-06T09:32:08-05:00,COMPRESSOR_01_PRESSURE,LOW_PRESSURE,HIGH,Low pressure,4.90
EVT-00004662,2026-09-19T19:41:05-05:00,FILLER_01_PRESSURE,LOW_PRESSURE,HIGH,Low pressure,0.78
EVT-00004682,2026-09-13T09:46:14-05:00,PUMP_01_FLOW,LOW_FLOW,HIGH,Low flow,5.46
EVT-00000158,2026-09-21T21:31:36-05:00,PUMP_01_FLOW,LOW_FLOW,HIGH,Low flow,6.40
EVT-00002833,2026-09-05T21:32:03-05:00,TANK_OUT_01_LEVEL,LOW_LEVEL,HIGH,Low level,7.41
EVT-00003282,2026-09-04T21:20:51-05:00,COMPRESSOR_01_PRESSURE,LOW_PRESSURE,HIGH,Low pressure,2.91
EVT-00007152,2026-09-28T13:17:01-05:00,COMPRESSOR_01_TEMP,HIGH_TEMPERATURE,HIGH,High temperature,107.14
EVT-00003827,2026-09-20T19:14:45-05:00,TANK_OUT_01_LEVEL,LOW_LEVEL,HIGH,Low level,10.31
EVT-00004745,2026-09-29T14:22:45-05:00,FILTER_01_DIFF_PRESSURE,HIGH_DIFF_PRESSURE,MEDIUM,High diff pressure,2.48
EVT-00000362,2026-09-21T10:37:24-05:00,PUMP_01_FLOW,LOW_FLOW,HIGH,Low flow,10.41
EVT-00004105,2026-09-06T07:49:22-05:00,PUMP_01_FLOW,LOW_FLOW,HIGH,Low flow,14.93
EVT-00001479,2026-09-27T17:15:40-05:00,CONVEYOR_01_JAM,JAM,MEDIUM,Jam,1.00
EVT-00002885,2026-09-03T16:14:23-05:00,FILLER_01_PRESSURE,LOW_PRESSURE,HIGH,Low pressure,0.75
EVT-00001451,2026-09-01T09:40:19-05:00,TANK_OUT_01_LEVEL,LOW_LEVEL,CRITICAL,Low level,11.61
EVT-00000636,2026-09-04T13:10:14-05:00,PUMP_01_FLOW,LOW_FLOW,HIGH,Low flow,8.64
EVT-00005927,2026-09-09T19:00:18-05:00,COMPRESSOR_01_TEMP,HIGH_TEMPERATURE,HIGH,High temperature,102.11
EVT-00002700,2026-09-26T15:31:07-05:00,CONVEYOR_01_JAM,JAM,MEDIUM,Jam,1.00
EVT-00005794,2026-09-15T07:17:25-05:00,TANK_IN_01_LEVEL,LOW_LEVEL,HIGH,Low level,9.81
EVT-00007835,2026-09-15T15:32:33-05:00,TANK_OUT_01_LEVEL,HIGH_LEVEL,MEDIUM,High level,93.46
EVT-00005194,2026-09-14T20:05:02-05:00,TANK_IN_01_LEVEL,LOW_LEVEL,HIGH,Low level,4.62
EVT-00001002,2026-09-03T16:46:30-05:00,CONVEYOR_01_JAM,JAM,MEDIUM,Jam,1.00
EVT-00000441,2026-09-09T16:27:04-05:00,TANK_IN_01_LEVEL,HIGH_LEVEL,MEDIUM,High level,93.31
EVT-00004626,2026-09-28T14:33:16-05:00,COMPRESSOR_01_PRESSURE,LOW_PRESSURE,HIGH,Low pressure,3.61
EVT-00007839,2026-09-03T17:09:50-05:00,PUMP_01_MOTOR_FAULT,MOTOR_FAULT,CRITICAL,Motor fault,1.00
EVT-00004144,2026-09-04T19:54:31-05:00,TANK_OUT_01_LEVEL,LOW_LEVEL,HIGH,Low level,5.88
EVT-00001451,2026-09-01T09:40:19-05:00,TANK_OUT_01_LEVEL,LOW_LEVEL,CRITICAL,Low level,11.61
EVT-00002234,2026-09-17T08:11:46-05:00,TANK_OUT_01_LEVEL,LOW_LEVEL,HIGH,Low level,11.68
EVT-00003878,2026-09-08T13:36:45-05:00,FILTER_01_DIFF_PRESSURE,HIGH_DIFF_PRESSURE,MEDIUM,High diff pressure,2.31
EVT-00002521,2026-09-01T06:10:27-05:00,FILLER_01_PRESSURE,LOW_PRESSURE,HIGH,Low pressure,1.82
EVT-00005324,2026-09-29T08:13:16-05:00,FILTER_01_DIFF_PRESSURE,HIGH_DIFF_PRESSURE,MEDIUM,High diff pressure,2.94
EVT-00004956,2026-09-14T16:20:21-05:00,FILLER_01_CYCLE_FAULT,CYCLE_FAULT,HIGH,Cycle fault,1.00
EVT-00006663,2026-09-17T08:34:34-05:00,PUMP_01_MOTOR_FAULT,MOTOR_FAULT,CRITICAL,Motor fault,1.00
EVT-00000134,2026-09-29T07:04:02-05:00,CONVEYOR_01_MOTOR_TEMP,HIGH_TEMPERATURE,LOW,High temperature,74.37
EVT-00001415,2026-09-08T12:53:06-05:00,TANK_OUT_01_LEVEL,HIGH_LEVEL,MEDIUM,High level,94.94
EVT-00001425,2026-09-14T10:10:39-05:00,FILLER_01_PRESSURE,LOW_PRESSURE,HIGH,Low pressure,1.33
EVT-00001866,2026-09-09T13:28:44-05:00,FILLER_01_PRESSURE,LOW_PRESSURE,HIGH,Low pressure,1.49
EVT-00003342,2026-09-15T14:14:22-05:00,FILTER_01_DIFF_PRESSURE,HIGH_DIFF_PRESSURE,MEDIUM,High diff pressure,2.85
EVT-00004958,2026-09-24T19:54:40-05:00,FILLER_01_CYCLE_FAULT,CYCLE_FAULT,HIGH,Cycle fault,1.00
EVT-00003822,2026-09-25T14:37:14-05:00,TANK_OUT_01_LEVEL,LOW_LEVEL,HIGH,Low level,7.86
EVT-00004293,2026-09-08T16:57:10-05:00,TANK_IN_01_LEVEL,LOW_LEVEL,HIGH,Low level,11.82
EVT-00008231,2026-09-01T17:58:38-05:00,COMPRESSOR_01_TEMP,HIGH_TEMPERATURE,HIGH,High temperature,103.57
EVT-00006012,2026-09-12T20:50:54-05:00,PUMP_01_FLOW,LOW_FLOW,HIGH,Low flow,14.47
EVT-00007750,2026-09-29T15:55:49-05:00,FILTER_01_DIFF_PRESSURE,HIGH_DIFF_PRESSURE,MEDIUM,High diff pressure,2.27
EVT-00001125,2026-09-27T20:26:52-05:00,TANK_IN_01_LEVEL,LOW_LEVEL,HIGH,Low level,7.20
EVT-00003312,2026-09-29T07:57:03-05:00,PUMP_01_FLOW,LOW_FLOW,HIGH,Low flow,16.25
EVT-00003512,2026-09-13T14:30:27-05:00,PUMP_01_MOTOR_FAULT,MOTOR_FAULT,CRITICAL,Motor fault,1.00
EVT-00007085,2026-09-22T16:18:55-05:00,FILLER_01_PRESSURE,LOW_PRESSURE,HIGH,Low pressure,1.47
EVT-00002882,2026-09-20T18:39:21-05:00,PUMP_01_FLOW,LOW_FLOW,HIGH,Low flow,4.68
EVT-00007565,2026-09-07T08:27:08-05:00,TANK_IN_01_LEVEL,LOW_LEVEL,HIGH,Low level,13.55
EVT-00007005,2026-09-09T13:42:44-05:00,PUMP_01_FLOW,LOW_FLOW,HIGH,Low flow,2.84
EVT-00006816,2026-09-19T12:46:26-05:00,PUMP_01_FLOW,LOW_FLOW,HIGH,Low flow,16.66
EVT-00001429,2026-09-14T10:41:35-05:00,CONVEYOR_01_MOTOR_TEMP,HIGH_TEMPERATURE,LOW,High temperature,74.87
EVT-00003042,2026-09-01T08:00:11-05:00,FILTER_01_DIFF_PRESSURE,HIGH_DIFF_PRESSURE,MEDIUM,High diff pressure,1.63
